client_id,days_since_last_booking,days_since_first_booking,months_as_client,total_bookings,bookings_last_30_days,bookings_last_90_days,bookings_last_180_days,avg_days_between_bookings,max_gap_between_bookings,booking_frequency_trend,total_revenue,avg_booking_value,max_booking_value,total_participants,avg_participants_per_booking,revenue_last_90_days,revenue_trend,avg_overall_rating,avg_nps_score,avg_trainer_rating,latest_rating,min_rating_ever,has_given_feedback,rating_trend,num_course_categories,num_unique_courses,category_diversity_score,total_communications,communications_last_90_days,avg_communications_per_booking,churned,industry_encoded,company_size_encoded,region_encoded,account_manager_encoded
C0001,678.0,1341.0,44.7,14.0,0.0,0.0,0.0,51.0,61.0,0.0,500629.0,35759.21428571428,67770.0,68.0,4.857142857142857,0.0,0.21176683690600312,4.08,7.3,4.119999999999999,4.0,3.4,1.0,-0.028985507246376625,10.0,13.0,3.2359263506290326,43.0,6.0,3.0714285714285716,1,12,3,1,3
C0002,97.0,97.0,3.2333333333333334,1.0,0.0,0.0,1.0,0.0,0.0,0.0,96387.0,96387.0,96387.0,19.0,19.0,0.0,0.0,4.233333333333333,8.080128205128204,4.333333333333333,4.2,3.6,0.0,0.0,1.0,1.0,0.0,7.0,7.0,7.0,1,5,0,1,2
C0003,778.0,1238.0,41.266666666666666,6.0,0.0,0.0,0.0,92.0,96.0,0.0,700195.0,116699.16666666667,224204.0,113.0,18.833333333333332,0.0,-0.5264729588390157,4.416666666666667,7.666666666666667,4.483333333333333,4.8,3.9,1.0,-0.051470588235294316,5.0,5.0,2.2516291673878226,18.0,0.0,3.0,1,5,1,0,1
C0004,334.0,810.0,27.0,13.0,0.0,0.0,0.0,39.666666666666664,54.0,0.16666666666666666,468180.0,36013.846153846156,107490.0,68.0,5.230769230769231,0.0,-0.505764721616335,4.050000000000001,7.875,4.0875,3.4,3.4,1.0,0.012422360248447159,8.0,12.0,2.873140679513133,18.0,4.0,1.3846153846153846,1,2,3,0,0
C0005,744.0,1162.0,38.733333333333334,11.0,0.0,0.0,0.0,41.8,55.0,0.2,708162.0,64378.36363636364,146835.0,91.0,8.272727272727273,0.0,0.17124897670800598,4.400000000000001,9.0,4.4222222222222225,4.2,3.8,1.0,0.052631578947368335,6.0,10.0,2.481714572986073,24.0,0.0,2.1818181818181817,1,7,2,0,4
C0006,1330.0,1783.0,59.43333333333333,14.0,0.0,0.0,0.0,34.84615384615385,51.0,0.0,1239895.0,88563.92857142857,125700.0,233.0,16.642857142857142,0.0,0.12099414624466705,4.35,8.4,4.609999999999999,4.6,3.8,1.0,0.013888888888888798,8.0,13.0,2.8962915290459277,30.0,1.0,2.142857142857143,1,10,1,3,2
C0007,22.0,578.0,19.266666666666666,14.0,1.0,2.0,4.0,42.76923076923077,60.0,-0.25,2429075.0,173505.35714285713,364945.0,346.0,24.714285714285715,322104.0,0.13883131314376468,4.0625,8.0,4.1625,4.3,3.5,1.0,0.08333333333333315,7.0,12.0,2.610577243331642,45.0,5.0,3.2142857142857144,0,2,0,3,4
C0008,1393.0,1441.0,48.03333333333333,2.0,0.0,0.0,0.0,48.0,48.0,0.0,187913.0,93956.5,94300.0,36.0,18.0,0.0,0.0,4.0,8.0,4.5,4.0,4.0,1.0,0.0,2.0,2.0,1.0,7.0,1.0,3.5,1,11,1,2,1
C0009,911.0,1193.0,39.766666666666666,6.0,0.0,0.0,0.0,56.4,64.0,0.0,452064.0,75344.0,118014.0,78.0,13.0,0.0,-0.27178787287970363,4.333333333333333,9.0,4.333333333333333,4.7,3.6,1.0,0.3055555555555556,5.0,6.0,2.2516291673878226,18.0,1.0,3.0,1,5,1,1,3
C0010,567.0,1227.0,40.9,8.0,0.0,0.0,0.0,94.28571428571429,108.0,0.0,356532.0,44566.5,99684.0,40.0,5.0,0.0,0.5955838993600804,4.085714285714285,7.714285714285714,4.271428571428571,3.7,3.7,1.0,0.022727272727272756,6.0,8.0,2.4056390622295662,28.0,2.0,3.5,1,6,3,3,2
C0011,56.0,359.0,11.966666666666667,7.0,0.0,1.0,3.0,50.5,62.0,0.3333333333333333,554744.0,79249.14285714286,124828.0,95.0,13.571428571428571,96396.0,-0.41613020088613034,4.4750000000000005,8.25,4.550000000000001,4.9,3.9,1.0,-0.03296703296703304,6.0,6.0,2.521640636343318,25.0,6.0,3.5714285714285716,0,9,1,0,3
C0012,1067.0,1425.0,47.5,4.0,0.0,0.0,0.0,119.33333333333333,128.0,0.0,466270.0,116567.5,151830.0,103.0,25.75,0.0,0.6253054513924079,3.9,7.666666666666667,3.8666666666666667,4.0,3.5,1.0,0.17142857142857132,4.0,4.0,2.0,15.0,1.0,3.75,1,4,0,3,1
C0013,1544.0,1825.0,60.833333333333336,4.0,0.0,0.0,0.0,93.66666666666667,101.0,0.0,444262.0,111065.5,150038.0,56.0,14.0,0.0,0.8454985652797704,4.233333333333333,7.666666666666667,4.366666666666667,3.8,3.8,1.0,0.12820512820512833,4.0,4.0,2.0,4.0,0.0,1.0,1,9,2,5,2
C0014,835.0,1593.0,53.1,16.0,0.0,0.0,0.0,50.53333333333333,66.0,0.2857142857142857,1693427.0,105839.1875,185100.0,250.0,15.625,0.0,0.32622226373780344,4.291666666666667,8.333333333333334,4.358333333333333,5.0,3.7,1.0,0.09349593495934946,10.0,13.0,3.202819531114783,37.0,1.0,2.3125,1,8,1,2,4
C0015,53.0,150.0,5.0,3.0,0.0,1.0,3.0,48.5,53.0,-0.5,163950.0,54650.0,115318.0,25.0,8.333333333333334,23060.0,-0.7891395965937668,4.5,9.333333333333334,4.466666666666666,4.7,4.1,1.0,-0.0638297872340425,3.0,3.0,1.584962500721156,13.0,9.0,4.333333333333333,0,0,2,3,2
C0016,644.0,1005.0,33.5,9.0,0.0,0.0,0.0,45.125,60.0,0.25,458906.0,50989.555555555555,88404.0,76.0,8.444444444444445,0.0,0.21893302390549985,4.3,8.0,4.4,4.3,3.8,1.0,0.011695906432748496,7.0,9.0,2.725480556997868,14.0,1.0,1.5555555555555556,1,0,2,1,4
C0017,594.0,1407.0,46.9,15.0,0.0,0.0,0.0,58.07142857142857,71.0,-0.125,1679550.0,111970.0,235560.0,274.0,18.266666666666666,0.0,0.1697463765595368,4.158333333333334,7.833333333333333,4.291666666666667,4.5,3.5,1.0,0.053497942386831074,9.0,14.0,2.9735572622751856,33.0,2.0,2.2,1,8,1,4,1
C0018,663.0,1166.0,38.86666666666667,7.0,0.0,0.0,0.0,83.83333333333333,91.0,-0.25,334431.0,47775.857142857145,74991.0,47.0,6.714285714285714,0.0,0.24924477319283597,4.366666666666667,8.333333333333334,4.483333333333333,4.8,3.6,1.0,0.031007751937984593,6.0,7.0,2.521640636343318,25.0,2.0,3.5714285714285716,1,8,3,0,4
C0019,707.0,1084.0,36.13333333333333,7.0,0.0,0.0,0.0,62.833333333333336,75.0,-0.25,552303.0,78900.42857142857,111450.0,81.0,11.571428571428571,0.0,0.260577651147439,4.414285714285714,8.285714285714286,4.628571428571428,4.9,4.0,1.0,0.03269230769230768,6.0,7.0,2.521640636343318,18.0,6.0,2.5714285714285716,1,2,2,1,0
C0020,62.0,421.0,14.033333333333333,7.0,0.0,1.0,2.0,59.833333333333336,70.0,-0.25,288689.0,41241.28571428572,85456.0,39.0,5.571428571428571,35640.0,-0.49451747392103534,4.085714285714286,7.571428571428571,4.185714285714286,4.8,3.6,1.0,0.13157894736842093,7.0,7.0,2.8073549220576037,18.0,4.0,2.5714285714285716,0,1,3,1,1
C0021,399.0,1523.0,50.766666666666666,15.0,0.0,0.0,0.0,80.28571428571429,91.0,-0.125,2483868.0,165591.2,323102.0,364.0,24.266666666666666,0.0,-0.03756946211614599,4.354545454545455,8.636363636363637,4.372727272727272,4.2,3.7,1.0,0.02325581395348808,8.0,11.0,2.682588730501833,45.0,4.0,3.0,1,4,0,5,2
C0022,423.0,979.0,32.63333333333333,17.0,0.0,0.0,0.0,34.75,47.0,-0.1111111111111111,1069522.0,62913.05882352941,122904.0,118.0,6.9411764705882355,0.0,-0.11532975685369289,4.484615384615384,8.692307692307692,4.484615384615384,3.5,3.5,1.0,-0.04658385093167723,8.0,13.0,2.8163075192246447,55.0,5.0,3.235294117647059,1,9,3,2,1
C0023,119.0,372.0,12.4,9.0,0.0,0.0,2.0,31.625,46.0,0.25,1520331.0,168925.66666666666,227262.0,222.0,24.666666666666668,0.0,0.6600128637134062,4.387499999999999,7.75,4.5874999999999995,4.6,3.4,1.0,-0.016949152542372923,8.0,9.0,2.94770277922009,9.0,3.0,1.0,1,1,0,1,4
C0024,286.0,616.0,20.533333333333335,8.0,0.0,0.0,0.0,47.142857142857146,61.0,0.0,418980.0,52372.5,98260.0,52.0,6.5,0.0,-0.4491699516961857,4.071428571428571,8.0,4.228571428571428,3.9,3.5,1.0,0.03125,6.0,8.0,2.5,13.0,1.0,1.625,1,5,3,3,3
C0025,180.0,1142.0,38.06666666666667,12.0,0.0,0.0,0.0,87.45454545454545,100.0,0.0,829137.0,69094.75,148575.0,131.0,10.916666666666666,0.0,0.09258076809505678,4.29,8.7,4.35,4.5,3.5,1.0,0.08252427184465994,7.0,12.0,2.688721875540867,29.0,1.0,2.4166666666666665,1,6,2,4,1
C0026,126.0,196.0,6.533333333333333,2.0,0.0,0.0,1.0,70.0,70.0,0.0,128529.0,64264.5,77787.0,15.0,7.5,0.0,0.0,4.5,8.5,4.800000000000001,4.3,4.3,1.0,0.0,2.0,2.0,1.0,2.0,2.0,1.0,1,5,3,0,3
C0027,448.0,890.0,29.666666666666668,14.0,0.0,0.0,0.0,34.0,49.0,0.0,1475902.0,105421.57142857143,196848.0,235.0,16.785714285714285,0.0,-0.1764354111323901,4.159999999999999,8.1,4.249999999999999,3.8,3.6,1.0,-0.0651162790697673,10.0,12.0,3.0930692077718898,30.0,7.0,2.142857142857143,1,12,1,5,2
C0028,377.0,842.0,28.066666666666666,9.0,0.0,0.0,0.0,58.125,72.0,0.25,367961.0,40884.555555555555,76090.0,55.0,6.111111111111111,0.0,-0.2356480472756453,4.2,8.142857142857142,4.271428571428571,4.2,3.9,1.0,-0.027343749999999903,6.0,7.0,2.4193819456463714,23.0,3.0,2.5555555555555554,1,2,3,4,1
C0029,198.0,468.0,15.6,5.0,0.0,0.0,0.0,67.5,77.0,-0.3333333333333333,1044777.0,208955.4,328260.0,122.0,24.4,0.0,0.7333981144558386,4.5249999999999995,9.0,4.625,4.2,4.2,1.0,-0.13402061855670094,3.0,5.0,1.5219280948873621,6.0,3.0,1.2,1,4,0,3,3
C0030,77.0,651.0,21.7,11.0,0.0,1.0,2.0,57.4,71.0,-0.16666666666666666,371182.0,33743.818181818184,75008.0,49.0,4.454545454545454,30852.0,0.15708089881856327,4.245454545454545,7.909090909090909,4.281818181818181,4.8,3.4,1.0,0.08374384236453221,9.0,10.0,3.0271691184406184,13.0,2.0,1.1818181818181819,0,3,3,3,1
C0031,551.0,1165.0,38.833333333333336,12.0,0.0,0.0,0.0,55.81818181818182,70.0,0.0,1386400.0,115533.33333333333,166614.0,195.0,16.25,0.0,-0.022685490898562796,4.218181818181819,8.181818181818182,4.309090909090909,4.2,3.4,1.0,-0.01799687010954627,7.0,11.0,2.688721875540867,29.0,1.0,2.4166666666666665,1,7,1,1,3
C0032,43.0,546.0,18.2,12.0,0.0,1.0,4.0,45.72727272727273,59.0,0.0,1367944.0,113995.33333333333,250600.0,229.0,19.083333333333332,136819.0,-0.3927869838614168,4.245454545454546,8.363636363636363,4.3181818181818175,4.4,3.5,1.0,0.04669887278582909,6.0,11.0,2.5220552088742005,16.0,1.0,1.3333333333333333,0,7,1,3,2
C0033,79.0,936.0,31.2,16.0,0.0,1.0,2.0,57.13333333333333,70.0,0.0,646924.0,40432.75,83408.0,93.0,5.8125,12138.0,-0.4837126450251963,4.406666666666666,8.533333333333333,4.493333333333333,4.7,3.5,1.0,0.0028409090909091318,7.0,14.0,2.6022170014624826,16.0,1.0,1.0,0,4,3,4,4
C0034,1062.0,1163.0,38.766666666666666,4.0,0.0,0.0,0.0,33.666666666666664,39.0,0.0,248288.0,62072.0,97695.0,35.0,8.75,0.0,-0.4426128736843426,4.05,8.25,4.075,3.5,3.5,1.0,-0.21978021978021978,4.0,4.0,2.0,8.0,0.0,2.0,1,5,2,5,1
C0035,1246.0,1629.0,54.3,5.0,0.0,0.0,0.0,95.75,104.0,-0.3333333333333333,340567.0,68113.4,126360.0,34.0,6.8,0.0,0.5385711186870893,4.433333333333334,9.0,4.366666666666666,4.5,4.3,1.0,-0.022222222222222143,4.0,5.0,1.9219280948873623,13.0,0.0,2.6,1,11,3,3,2
C0036,589.0,712.0,23.733333333333334,3.0,0.0,0.0,0.0,61.5,63.0,-0.5,167239.0,55746.333333333336,66110.0,27.0,9.0,0.0,-0.1253575538385665,3.8,8.0,4.3,3.8,3.8,1.0,0.0,2.0,3.0,0.9182958340544896,6.0,0.0,2.0,1,6,3,2,0
C0037,51.0,440.0,14.666666666666666,8.0,0.0,1.0,3.0,55.57142857142857,73.0,0.0,849588.0,106198.5,162639.0,131.0,16.375,114747.0,0.34852413518578923,4.225,8.75,4.375,3.9,3.6,1.0,-0.20212765957446813,8.0,8.0,3.0,18.0,4.0,2.25,0,10,1,5,1
C0038,74.0,751.0,25.033333333333335,14.0,0.0,1.0,3.0,52.07692307692308,63.0,0.0,973618.0,69544.14285714286,117975.0,125.0,8.928571428571429,55174.0,-0.2094315749207353,4.258333333333333,8.333333333333334,4.341666666666667,4.8,3.7,1.0,-0.011673151750972516,7.0,12.0,2.6995138503199656,33.0,6.0,2.357142857142857,0,3,2,5,3
C0039,33.0,110.0,3.6666666666666665,2.0,0.0,1.0,2.0,77.0,77.0,0.0,345575.0,172787.5,183000.0,49.0,24.5,183000.0,0.0,4.35,8.5,4.6,4.5,4.2,1.0,0.0,1.0,2.0,0.0,2.0,1.0,1.0,0,8,0,2,3
C0040,211.0,553.0,18.433333333333334,5.0,0.0,0.0,0.0,85.5,94.0,0.5,349347.0,69869.4,103200.0,37.0,7.4,0.0,0.13120427766755963,4.225,8.5,4.324999999999999,3.9,3.9,1.0,0.011904761904761862,4.0,5.0,1.9219280948873623,14.0,3.0,2.8,1,12,2,1,4
C0041,36.0,175.0,5.833333333333333,5.0,0.0,2.0,5.0,34.75,42.0,0.5,766110.0,153222.0,269576.0,118.0,23.6,219217.0,-0.47418754567465404,4.460000000000001,8.4,4.6,4.1,3.9,1.0,0.12449799196787147,3.0,5.0,1.5219280948873621,17.0,10.0,3.4,0,3,0,1,4
C0042,896.0,1459.0,48.63333333333333,10.0,0.0,0.0,0.0,62.55555555555556,75.0,0.0,839486.0,83948.6,153482.0,100.0,10.0,0.0,-0.07087886204083511,4.3999999999999995,8.444444444444445,4.433333333333334,4.0,3.8,1.0,0.13170731707317096,7.0,9.0,2.6464393446710157,11.0,0.0,1.1,1,12,2,4,3
C0043,75.0,648.0,21.6,12.0,0.0,1.0,3.0,52.09090909090909,66.0,0.0,1240501.0,103375.08333333333,168360.0,222.0,18.5,57099.0,-0.16008371204480465,4.3,7.818181818181818,4.427272727272728,4.4,3.5,1.0,0.034755134281200376,9.0,12.0,3.084962500721156,27.0,5.0,2.25,0,13,1,1,0
C0044,830.0,937.0,31.233333333333334,3.0,0.0,0.0,0.0,53.5,67.0,1.0,358600.0,119533.33333333333,154520.0,49.0,16.333333333333332,0.0,0.11986845909222318,4.633333333333334,8.666666666666666,4.833333333333333,5.0,4.4,1.0,0.04444444444444448,3.0,3.0,1.584962500721156,5.0,0.0,1.6666666666666667,1,9,1,2,1
C0045,894.0,1409.0,46.96666666666667,12.0,0.0,0.0,0.0,46.81818181818182,62.0,0.0,548622.0,45718.5,116055.0,73.0,6.083333333333333,0.0,-0.019708274226558523,4.5375,9.0,4.625,4.9,3.8,1.0,0.03932584269662917,9.0,12.0,3.084962500721156,13.0,2.0,1.0833333333333333,1,13,3,1,0
C0046,1053.0,1321.0,44.03333333333333,4.0,0.0,0.0,0.0,89.33333333333333,97.0,0.0,188312.0,47078.0,100800.0,20.0,5.0,0.0,1.069520285579227,4.1,8.0,4.3,4.1,4.1,1.0,0.0,3.0,4.0,1.5,6.0,1.0,1.5,1,12,3,1,1
C0047,256.0,480.0,16.0,8.0,0.0,0.0,0.0,32.0,46.0,0.0,557678.0,69709.75,94845.0,86.0,10.75,0.0,0.30591241570083566,4.457142857142857,8.428571428571429,4.557142857142857,4.6,3.8,1.0,0.09251968503937007,7.0,8.0,2.75,25.0,4.0,3.125,1,2,2,3,0
C0048,527.0,1119.0,37.3,9.0,0.0,0.0,0.0,74.0,87.0,-0.2,1693984.0,188220.44444444444,363210.0,232.0,25.77777777777778,0.0,0.057390226954067806,4.2875,8.125,4.15,5.0,3.9,1.0,0.09146341463414635,6.0,8.0,2.4193819456463714,12.0,1.0,1.3333333333333333,1,6,0,3,2
C0049,1178.0,1796.0,59.86666666666667,9.0,0.0,0.0,0.0,77.25,88.0,-0.2,782664.0,86962.66666666667,140580.0,104.0,11.555555555555555,0.0,-0.14724977695186917,4.285714285714286,7.428571428571429,4.542857142857144,3.4,3.4,1.0,-0.05827067669172941,7.0,8.0,2.725480556997868,19.0,2.0,2.111111111111111,1,7,2,1,4
C0050,84.0,190.0,6.333333333333333,3.0,0.0,1.0,2.0,53.0,55.0,-0.5,226236.0,75412.0,108072.0,27.0,9.0,108072.0,0.9276332732423384,3.8,8.0,3.9,3.8,3.8,1.0,0.0,3.0,3.0,1.584962500721156,3.0,1.0,1.0,0,4,2,3,0
C0051,259.0,344.0,11.466666666666667,2.0,0.0,0.0,0.0,85.0,85.0,0.0,102130.0,51065.0,65130.0,20.0,10.0,0.0,0.0,3.5999999999999996,4.0,3.6,3.8,3.4,1.0,0.0,2.0,2.0,1.0,6.0,1.0,3.0,1,1,2,1,0
C0052,854.0,1608.0,53.6,9.0,0.0,0.0,0.0,94.25,107.0,-0.2,1243307.0,138145.22222222222,236640.0,244.0,27.11111111111111,0.0,-0.2435510321603385,4.24,8.4,4.380000000000001,3.6,3.6,1.0,-0.04214559386973166,6.0,9.0,2.5032583347756456,11.0,0.0,1.2222222222222223,1,3,0,4,0
C0053,1526.0,1562.0,52.06666666666667,2.0,0.0,0.0,0.0,36.0,36.0,0.0,75590.0,37795.0,53600.0,13.0,6.5,0.0,0.0,3.4,5.0,3.5,3.4,3.4,1.0,0.0,2.0,2.0,1.0,4.0,0.0,2.0,1,2,3,5,0
C0054,1248.0,1401.0,46.7,4.0,0.0,0.0,0.0,51.0,62.0,0.0,790320.0,197580.0,265140.0,111.0,27.75,0.0,-0.3371521268470652,4.033333333333334,7.0,4.2,4.2,3.9,1.0,0.012499999999999956,3.0,4.0,1.5,9.0,0.0,2.25,1,1,0,4,3
C0055,780.0,1389.0,46.3,11.0,0.0,0.0,0.0,60.9,75.0,0.2,1098440.0,99858.18181818182,181324.0,196.0,17.818181818181817,0.0,0.8319861633608592,4.300000000000001,8.555555555555555,4.377777777777777,5.0,3.7,1.0,0.05389221556886241,5.0,7.0,2.186704345910025,15.0,5.0,1.3636363636363635,1,11,1,1,2
C0056,651.0,701.0,23.366666666666667,3.0,0.0,0.0,0.0,25.0,26.0,-0.5,100676.0,33558.666666666664,41334.0,14.0,4.666666666666667,0.0,0.4995233366434955,4.05,8.0,4.550000000000001,4.3,3.8,1.0,0.0,3.0,3.0,1.584962500721156,12.0,3.0,4.0,1,1,3,2,4
C0057,675.0,1363.0,45.43333333333333,17.0,0.0,0.0,0.0,43.0,57.0,0.125,1179665.0,69392.05882352941,143145.0,186.0,10.941176470588236,0.0,-0.24608360806783788,4.371428571428571,8.5,4.6000000000000005,4.4,3.4,1.0,-0.04472843450479256,8.0,11.0,2.8221819586428722,54.0,3.0,3.176470588235294,1,4,2,1,2
C0058,783.0,1403.0,46.766666666666666,15.0,0.0,0.0,0.0,44.285714285714285,60.0,-0.125,637136.0,42475.73333333333,88605.0,78.0,5.2,0.0,0.09270459053656267,4.272727272727273,8.181818181818182,4.245454545454545,5.0,3.6,1.0,0.04066985645933034,10.0,15.0,3.1898980954642875,50.0,3.0,3.3333333333333335,1,13,3,5,2
C0059,22.0,253.0,8.433333333333334,5.0,1.0,2.0,3.0,57.75,65.0,-0.3333333333333333,310095.0,62019.0,84458.0,49.0,9.8,134592.0,0.6039687334102185,4.05,8.0,4.1,3.8,3.8,1.0,-0.11627906976744186,3.0,4.0,1.5219280948873621,14.0,6.0,2.8,0,13,2,3,1
C0060,1174.0,1614.0,53.8,8.0,0.0,0.0,0.0,62.857142857142854,73.0,0.0,1411066.0,176383.25,324684.0,210.0,26.25,0.0,-0.3993951788997746,4.2,8.0,4.566666666666667,4.2,3.5,1.0,-0.16058394160583933,6.0,8.0,2.5,9.0,2.0,1.125,1,9,0,0,4
C0061,359.0,1068.0,35.6,15.0,0.0,0.0,0.0,50.642857142857146,62.0,0.14285714285714285,2568139.0,171209.26666666666,342510.0,378.0,25.2,0.0,0.26794656369890524,4.142857142857142,7.785714285714286,4.235714285714286,4.0,3.5,1.0,-0.040540540540540605,8.0,13.0,2.732914563979398,46.0,4.0,3.066666666666667,1,7,0,1,2
C0062,58.0,392.0,13.066666666666666,8.0,0.0,1.0,3.0,47.714285714285715,60.0,-0.4,1042810.0,130351.25,189474.0,157.0,19.625,101962.0,-0.1521600453627246,4.433333333333334,8.666666666666666,4.416666666666667,3.8,3.6,1.0,0.046153846153846406,8.0,8.0,3.0,20.0,4.0,2.5,0,11,1,2,4
C0063,908.0,1733.0,57.766666666666666,9.0,0.0,0.0,0.0,103.125,111.0,0.25,943222.0,104802.44444444444,206550.0,167.0,18.555555555555557,0.0,-0.046126884144711666,4.328571428571428,8.142857142857142,4.514285714285714,4.7,3.8,1.0,0.06799999999999996,6.0,8.0,2.4193819456463714,23.0,2.0,2.5555555555555554,1,11,1,1,1
C0064,1431.0,1774.0,59.13333333333333,9.0,0.0,0.0,0.0,42.875,54.0,0.25,753205.0,83689.44444444444,113355.0,146.0,16.22222222222222,0.0,0.28620928428982945,4.2333333333333325,8.11111111111111,4.2555555555555555,4.5,3.5,1.0,-0.027906976744186074,4.0,6.0,1.8365916681089791,9.0,0.0,1.0,1,3,1,0,3
C0065,506.0,1090.0,36.333333333333336,15.0,0.0,0.0,0.0,41.714285714285715,56.0,0.14285714285714285,2355002.0,157000.13333333333,307613.0,378.0,25.2,0.0,-0.08895452343124988,4.35,8.1,4.38,5.0,3.6,1.0,0.13235294117647037,9.0,14.0,3.0062389286533895,48.0,4.0,3.2,1,2,0,0,0
C0066,156.0,222.0,7.4,2.0,0.0,0.0,1.0,66.0,66.0,0.0,305546.0,152773.0,268994.0,34.0,17.0,0.0,0.0,3.6,8.0,3.7,3.6,3.6,1.0,0.0,2.0,2.0,1.0,9.0,5.0,4.5,1,2,1,3,0
C0067,574.0,1159.0,38.63333333333333,12.0,0.0,0.0,0.0,53.18181818181818,64.0,0.0,670959.0,55913.25,118580.0,121.0,10.083333333333334,0.0,-0.05944365390622289,4.311111111111111,8.444444444444445,4.444444444444445,3.9,3.8,1.0,0.09268292682926804,6.0,11.0,2.4591479170272446,12.0,0.0,1.0,1,12,2,0,4
C0068,1271.0,1553.0,51.766666666666666,5.0,0.0,0.0,0.0,70.5,81.0,0.5,701327.0,140265.4,222525.0,88.0,17.6,0.0,0.20697117118561204,3.6333333333333333,7.666666666666667,3.6999999999999997,3.6,3.6,1.0,-0.02702702702702705,4.0,5.0,1.9219280948873623,9.0,0.0,1.8,1,12,1,2,1
C0069,436.0,638.0,21.266666666666666,8.0,0.0,0.0,0.0,28.857142857142858,44.0,0.0,270778.0,33847.25,63918.0,42.0,5.25,0.0,-0.08361170875325558,4.25,8.0,4.316666666666666,4.7,3.7,1.0,0.09016393442622964,6.0,8.0,2.5,24.0,7.0,3.0,1,3,3,4,1
C0070,432.0,630.0,21.0,3.0,0.0,0.0,0.0,99.0,103.0,1.0,414455.0,138151.66666666666,174675.0,61.0,20.333333333333332,0.0,0.40543510243113023,4.2,8.0,4.4,4.2,4.2,1.0,0.0,2.0,3.0,0.9182958340544896,7.0,2.0,2.3333333333333335,1,2,0,2,4
C0071,137.0,137.0,4.566666666666666,1.0,0.0,0.0,1.0,0.0,0.0,0.0,57845.0,57845.0,57845.0,5.0,5.0,0.0,0.0,3.5,8.0,3.6,3.5,3.5,1.0,0.0,1.0,1.0,0.0,4.0,3.0,4.0,1,13,3,2,2
C0072,1429.0,1693.0,56.43333333333333,9.0,0.0,0.0,0.0,33.0,52.0,-0.2,650236.0,72248.44444444444,104784.0,94.0,10.444444444444445,0.0,0.2519135037907176,4.371428571428571,7.571428571428571,4.3428571428571425,4.4,3.4,1.0,-0.07481751824817522,5.0,9.0,2.197159723424149,20.0,0.0,2.2222222222222223,1,13,2,1,3
C0073,483.0,954.0,31.8,16.0,0.0,0.0,0.0,31.4,45.0,0.0,696319.0,43519.9375,96352.0,99.0,6.1875,0.0,0.08890895509403283,4.569230769230769,8.846153846153847,4.607692307692307,5.0,4.0,1.0,-0.03225806451612892,9.0,14.0,3.077819531114783,33.0,1.0,2.0625,1,13,3,3,2
C0074,90.0,464.0,15.466666666666667,5.0,0.0,0.0,1.0,93.5,101.0,0.5,163463.0,32692.6,50780.0,28.0,5.6,0.0,-0.5083404195011337,4.666666666666667,8.666666666666666,4.833333333333333,4.4,4.4,1.0,-0.07142857142857136,3.0,5.0,1.5219280948873621,6.0,2.0,1.2,0,4,3,1,0
C0075,1242.0,1443.0,48.1,4.0,0.0,0.0,0.0,67.0,82.0,0.0,464042.0,116010.5,145650.0,92.0,23.0,0.0,-0.1254160876450247,4.2,7.333333333333333,4.3,4.5,3.3,1.0,0.4090909090909093,3.0,3.0,1.5,7.0,1.0,1.75,1,6,0,3,1
C0076,162.0,510.0,17.0,4.0,0.0,0.0,1.0,116.0,123.0,0.0,244917.0,61229.25,90450.0,38.0,9.5,0.0,1.2598227120268328,3.9499999999999997,7.5,4.025,4.0,3.8,1.0,0.051948051948052,3.0,4.0,1.5,15.0,4.0,3.75,1,5,2,2,4
C0077,178.0,178.0,5.933333333333334,1.0,0.0,0.0,1.0,0.0,0.0,0.0,51510.0,51510.0,51510.0,17.0,17.0,0.0,0.0,4.233333333333333,8.080128205128204,4.333333333333333,4.2,3.6,0.0,0.0,1.0,1.0,0.0,7.0,3.0,7.0,1,2,1,5,0
C0078,240.0,1056.0,35.2,14.0,0.0,0.0,0.0,62.76923076923077,74.0,0.0,1889585.0,134970.35714285713,217932.0,255.0,18.214285714285715,0.0,0.13842979883028225,4.318181818181819,8.363636363636363,4.372727272727272,4.6,3.7,1.0,-0.04223227752639514,9.0,13.0,2.950212064914747,44.0,8.0,3.142857142857143,1,10,1,0,1
C0079,56.0,500.0,16.666666666666668,10.0,0.0,1.0,3.0,49.333333333333336,63.0,0.0,743951.0,74395.1,106488.0,97.0,9.7,103950.0,-0.2166761352059467,4.4,8.75,4.4125,4.8,3.5,1.0,-0.1075268817204301,6.0,9.0,2.4464393446710155,30.0,10.0,3.0,0,1,2,4,0
C0080,856.0,1366.0,45.53333333333333,11.0,0.0,0.0,0.0,51.0,67.0,0.2,1229001.0,111727.36363636363,161942.0,199.0,18.09090909090909,0.0,0.049452108350307424,4.042857142857143,7.857142857142857,4.114285714285714,4.4,3.7,1.0,0.03361344537815126,5.0,11.0,2.2312702546075758,25.0,3.0,2.272727272727273,1,2,1,5,0
C0081,668.0,689.0,22.966666666666665,2.0,0.0,0.0,0.0,21.0,21.0,0.0,227793.0,113896.5,131841.0,43.0,21.5,0.0,0.0,4.2,8.0,4.3,4.2,4.2,1.0,0.0,2.0,2.0,1.0,6.0,2.0,3.0,1,7,0,0,3
C0082,668.0,963.0,32.1,6.0,0.0,0.0,0.0,59.0,70.0,0.0,259523.0,43253.833333333336,69588.0,32.0,5.333333333333333,0.0,0.1255129034635829,4.233333333333333,8.166666666666666,4.333333333333333,5.0,3.7,1.0,0.1896551724137931,5.0,6.0,2.2516291673878226,11.0,2.0,1.8333333333333333,1,6,3,1,3
C0083,354.0,878.0,29.266666666666666,10.0,0.0,0.0,0.0,58.22222222222222,70.0,0.0,427957.0,42795.7,73920.0,73.0,7.3,0.0,-0.020998941035565582,4.3999999999999995,8.166666666666666,4.533333333333333,3.9,3.9,1.0,-0.05882352941176488,7.0,10.0,2.721928094887362,10.0,2.0,1.0,1,2,3,5,2
C0084,550.0,1156.0,38.53333333333333,14.0,0.0,0.0,0.0,46.61538461538461,62.0,0.0,969055.0,69218.21428571429,114996.0,118.0,8.428571428571429,0.0,-0.15460978591641555,4.291666666666667,7.583333333333333,4.3500000000000005,4.2,3.4,1.0,-0.019230769230769162,7.0,12.0,2.6995138503199656,44.0,2.0,3.142857142857143,1,12,2,4,4
C0085,17.0,60.0,2.0,2.0,1.0,2.0,2.0,43.0,43.0,0.0,281878.0,140939.0,164880.0,29.0,14.5,281878.0,0.0,5.0,10.0,4.7,5.0,5.0,1.0,0.0,2.0,2.0,1.0,4.0,4.0,2.0,0,6,2,3,0
C0086,179.0,629.0,20.966666666666665,9.0,0.0,0.0,1.0,56.25,72.0,0.25,631321.0,70146.77777777778,101794.0,94.0,10.444444444444445,0.0,-0.11095980201993182,4.228571428571429,7.714285714285714,4.228571428571429,4.0,4.0,1.0,-0.08082706766917314,7.0,9.0,2.725480556997868,18.0,3.0,2.0,1,9,2,2,0
C0087,840.0,1259.0,41.96666666666667,5.0,0.0,0.0,0.0,104.75,119.0,0.5,577027.0,115405.4,202512.0,89.0,17.8,0.0,0.3717865835779717,4.15,8.0,4.325,3.7,3.7,1.0,0.10126582278480999,4.0,5.0,1.9219280948873623,18.0,1.0,3.6,1,0,1,5,1
C0088,1149.0,1518.0,50.6,6.0,0.0,0.0,0.0,73.8,91.0,0.0,1117707.0,186284.5,273672.0,170.0,28.333333333333332,0.0,0.11425053059278847,4.3,8.5,4.35,4.0,3.9,1.0,0.0235294117647058,5.0,6.0,2.2516291673878226,17.0,1.0,2.8333333333333335,1,9,0,5,4
C0089,1162.0,1162.0,38.733333333333334,1.0,0.0,0.0,0.0,0.0,0.0,0.0,61584.0,61584.0,61584.0,12.0,12.0,0.0,0.0,4.5,10.0,4.4,4.5,4.5,1.0,0.0,1.0,1.0,0.0,7.0,1.0,7.0,1,11,2,0,0
C0090,229.0,683.0,22.766666666666666,6.0,0.0,0.0,0.0,90.8,102.0,0.0,698119.0,116353.16666666667,167775.0,118.0,19.666666666666668,0.0,0.3071297324450086,4.416666666666667,8.333333333333334,4.433333333333334,4.8,4.0,1.0,0.10317460317460322,5.0,5.0,2.2516291673878226,19.0,4.0,3.1666666666666665,1,9,1,1,1
C0091,25.0,236.0,7.866666666666666,5.0,1.0,2.0,3.0,52.75,67.0,-0.3333333333333333,369066.0,73813.2,103806.0,75.0,15.0,93928.0,-0.4364343643436434,4.180000000000001,7.6,4.28,4.3,4.0,1.0,0.012048192771084293,5.0,5.0,2.321928094887362,15.0,8.0,3.0,0,2,1,4,4
C0092,704.0,1450.0,48.333333333333336,10.0,0.0,0.0,0.0,82.88888888888889,97.0,0.0,1605467.0,160546.7,274820.0,245.0,24.5,0.0,0.3393692388843071,4.171428571428572,7.571428571428571,4.385714285714285,4.2,3.4,1.0,-0.05232558139534876,6.0,10.0,2.4464393446710155,33.0,5.0,3.3,1,12,0,0,3
C0093,671.0,1296.0,43.2,6.0,0.0,0.0,0.0,125.0,129.0,0.0,256620.0,42770.0,114678.0,33.0,5.5,0.0,-0.3101095774944684,4.2,7.666666666666667,4.333333333333333,4.4,3.9,1.0,0.11538461538461532,6.0,6.0,2.584962500721156,17.0,1.0,2.8333333333333335,1,12,3,2,0
C0094,854.0,1453.0,48.43333333333333,10.0,0.0,0.0,0.0,66.55555555555556,76.0,0.0,496382.0,49638.2,89560.0,86.0,8.6,0.0,0.3763410489025062,4.300000000000001,8.375,4.4625,4.7,3.5,1.0,0.08484848484848498,7.0,9.0,2.6464393446710157,20.0,1.0,2.0,1,11,2,4,2
C0095,752.0,875.0,29.166666666666668,3.0,0.0,0.0,0.0,61.5,66.0,-0.5,300112.0,100037.33333333333,130102.0,39.0,13.0,0.0,0.8957594916499027,4.366666666666666,8.666666666666666,4.433333333333334,4.6,4.0,1.0,-0.04444444444444448,3.0,3.0,1.584962500721156,8.0,0.0,2.6666666666666665,1,13,2,4,0
C0096,162.0,325.0,10.833333333333334,4.0,0.0,0.0,1.0,54.333333333333336,61.0,0.0,178785.0,44696.25,94107.0,38.0,9.5,0.0,-0.5131606303796415,3.6999999999999997,4.666666666666667,3.766666666666667,3.4,3.4,1.0,0.0,4.0,4.0,2.0,5.0,1.0,1.25,1,3,2,1,1
C0097,134.0,739.0,24.633333333333333,8.0,0.0,0.0,1.0,86.42857142857143,94.0,0.0,1231059.0,153882.375,262570.0,202.0,25.25,0.0,-0.1933015941037826,4.333333333333333,8.333333333333334,4.366666666666667,3.8,3.8,1.0,-0.0303030303030302,6.0,7.0,2.4056390622295662,21.0,2.0,2.625,1,11,0,2,1
C0098,460.0,813.0,27.1,6.0,0.0,0.0,0.0,70.6,80.0,0.0,218856.0,36476.0,53664.0,32.0,5.333333333333333,0.0,-0.4082273877752887,3.9,7.2,3.9200000000000004,4.0,3.6,1.0,-0.04166666666666663,4.0,5.0,1.792481250360578,12.0,1.0,2.0,1,1,3,3,3
C0099,400.0,1049.0,34.96666666666667,14.0,0.0,0.0,0.0,49.92307692307692,65.0,0.0,1208226.0,86301.85714285714,125580.0,152.0,10.857142857142858,0.0,0.04024681017771146,4.1375,6.75,4.2125,3.4,3.4,1.0,0.10828025477707003,7.0,11.0,2.6455933144511468,17.0,3.0,1.2142857142857142,1,3,2,3,1
C0100,272.0,1355.0,45.166666666666664,19.0,0.0,0.0,0.0,60.166666666666664,74.0,0.1111111111111111,2100983.0,110578.05263157895,219288.0,322.0,16.94736842105263,0.0,-0.13067997121755534,4.057894736842104,7.7368421052631575,4.18421052631579,3.5,3.4,1.0,-0.03967828418230562,10.0,17.0,3.1813663288914587,41.0,4.0,2.1578947368421053,1,3,1,2,0
C0101,65.0,443.0,14.766666666666667,8.0,0.0,1.0,3.0,54.0,66.0,0.0,1198929.0,149866.125,221433.0,193.0,24.125,145206.0,-0.34954200175655475,4.216666666666667,8.333333333333334,4.383333333333333,4.7,3.6,1.0,-0.03875968992248069,5.0,8.0,2.25,28.0,7.0,3.5,0,3,0,3,4
C0102,1288.0,1814.0,60.46666666666667,10.0,0.0,0.0,0.0,58.44444444444444,75.0,0.0,1891054.0,189105.4,340305.0,271.0,27.1,0.0,-0.017684142554944538,4.05,7.25,4.1875,3.9,3.9,1.0,-0.03636363636363634,8.0,9.0,2.9219280948873623,21.0,0.0,2.1,1,12,0,5,3
C0103,70.0,216.0,7.2,5.0,0.0,1.0,3.0,36.5,53.0,-0.3333333333333333,646306.0,129261.2,232967.0,103.0,20.6,87305.0,-0.23557825908371774,4.35,8.5,4.275,4.1,3.9,1.0,-0.022727272727272846,5.0,5.0,2.321928094887362,20.0,9.0,4.0,0,12,1,1,3
C0104,653.0,1716.0,57.2,14.0,0.0,0.0,0.0,81.76923076923077,96.0,0.0,1857623.0,132687.35714285713,256608.0,268.0,19.142857142857142,0.0,-0.10468100041729958,4.083333333333334,7.666666666666667,4.308333333333333,4.2,3.4,1.0,-0.04780876494023919,8.0,13.0,2.8962915290459277,16.0,0.0,1.1428571428571428,1,9,1,2,3
C0105,1209.0,1358.0,45.266666666666666,4.0,0.0,0.0,0.0,49.666666666666664,56.0,0.0,544260.0,136065.0,213600.0,71.0,17.75,0.0,0.549895991454433,4.275,8.25,4.25,4.7,3.9,1.0,0.0117647058823529,3.0,4.0,1.5,6.0,0.0,1.5,1,1,1,0,0
C0106,51.0,231.0,7.7,4.0,0.0,1.0,2.0,60.0,71.0,0.0,362932.0,90733.0,155506.0,32.0,8.0,81000.0,0.8707069748311265,4.475,8.25,4.475,4.9,4.1,1.0,0.011235955056179735,2.0,3.0,0.8112781244591328,8.0,2.0,2.0,0,13,2,3,0
C0107,150.0,234.0,7.8,3.0,0.0,0.0,1.0,42.0,45.0,1.0,451620.0,150540.0,218225.0,76.0,25.333333333333332,0.0,1.15084992486852,3.6666666666666665,5.333333333333333,3.8333333333333335,3.9,3.4,1.0,0.11764705882352938,3.0,3.0,1.584962500721156,14.0,5.0,4.666666666666667,1,2,0,5,2
C0108,132.0,235.0,7.833333333333333,2.0,0.0,0.0,1.0,103.0,103.0,0.0,45418.0,22709.0,39020.0,7.0,3.5,0.0,0.0,4.199999999999999,7.5,4.2,4.1,4.1,1.0,0.0,2.0,2.0,1.0,2.0,0.0,1.0,1,5,3,0,0
C0109,754.0,1389.0,46.3,13.0,0.0,0.0,0.0,52.916666666666664,70.0,-0.14285714285714285,898982.0,69152.46153846153,160017.0,135.0,10.384615384615385,0.0,0.1389145360220822,4.1,7.916666666666667,4.175,4.1,3.4,1.0,0.06722689075630263,8.0,12.0,2.8150724101159437,44.0,2.0,3.3846153846153846,1,4,2,4,1
C0110,82.0,456.0,15.2,7.0,0.0,1.0,2.0,62.333333333333336,67.0,-0.25,333520.0,47645.71428571428,98244.0,58.0,8.285714285714286,25590.0,-0.0475566596338392,4.542857142857143,8.857142857142858,4.5857142857142845,4.6,3.9,1.0,0.003676470588235281,5.0,6.0,2.128085278891394,22.0,5.0,3.142857142857143,0,3,2,4,2
C0111,36.0,545.0,18.166666666666668,15.0,0.0,2.0,4.0,36.357142857142854,48.0,0.14285714285714285,669518.0,44634.53333333333,79930.0,98.0,6.533333333333333,72490.0,-0.03600549662699847,4.08,8.0,4.066666666666666,3.6,3.3,1.0,-0.009146341463414549,7.0,12.0,2.6565647621309543,17.0,3.0,1.1333333333333333,0,10,3,5,2
C0112,53.0,139.0,4.633333333333334,3.0,0.0,1.0,3.0,43.0,43.0,1.0,485898.0,161966.0,246800.0,62.0,20.666666666666668,246800.0,2.843338815789474,4.050000000000001,8.0,4.25,4.4,3.7,1.0,0.0,3.0,3.0,1.584962500721156,9.0,4.0,3.0,0,2,1,4,3
C0113,174.0,255.0,8.5,4.0,0.0,0.0,1.0,27.0,38.0,0.0,276388.0,69097.0,118590.0,32.0,8.0,0.0,0.9214637549415471,4.625,9.0,4.3999999999999995,4.7,4.1,1.0,0.05555555555555555,4.0,4.0,2.0,8.0,3.0,2.0,1,2,3,1,1
C0114,1090.0,1767.0,58.9,10.0,0.0,0.0,0.0,75.22222222222223,85.0,0.0,572602.0,57260.2,74052.0,105.0,10.5,0.0,-0.11175122425761345,4.414285714285714,8.428571428571429,4.6,4.4,4.1,1.0,0.03269230769230768,7.0,10.0,2.721928094887362,14.0,1.0,1.4,1,13,2,2,1
C0115,136.0,595.0,19.833333333333332,7.0,0.0,0.0,1.0,76.5,84.0,0.3333333333333333,845716.0,120816.57142857143,158956.0,184.0,26.285714285714285,0.0,-0.2508827554259324,4.3500000000000005,9.333333333333334,4.366666666666666,3.8,3.7,1.0,0.0076923076923078705,5.0,7.0,2.2359263506290326,7.0,1.0,1.0,1,3,0,4,3
C0116,818.0,913.0,30.433333333333334,3.0,0.0,0.0,0.0,47.5,54.0,1.0,283164.0,94388.0,161790.0,37.0,12.333333333333334,0.0,1.0665186259403607,4.266666666666667,8.333333333333334,4.233333333333333,4.1,3.7,1.0,0.22972972972972963,3.0,3.0,1.584962500721156,8.0,1.0,2.6666666666666665,1,2,2,5,0
C0117,1408.0,1726.0,57.53333333333333,5.0,0.0,0.0,0.0,79.5,91.0,0.5,624516.0,124903.2,220915.0,107.0,21.4,0.0,0.35498009967159205,4.075,7.5,4.325,3.9,3.6,1.0,-0.08235294117647061,5.0,5.0,2.321928094887362,10.0,1.0,2.0,1,3,1,3,2
C0118,578.0,1003.0,33.43333333333333,11.0,0.0,0.0,0.0,42.5,60.0,0.2,492460.0,44769.09090909091,78560.0,66.0,6.0,0.0,0.15996055993238842,4.109999999999999,7.2,4.18,3.8,3.3,1.0,0.07575757575757572,9.0,11.0,3.095795255000934,38.0,2.0,3.4545454545454546,1,9,3,4,3
C0119,1045.0,1182.0,39.4,4.0,0.0,0.0,0.0,45.666666666666664,54.0,0.0,381635.0,95408.75,136680.0,63.0,15.75,0.0,0.08504977217347597,4.266666666666667,7.666666666666667,4.333333333333333,3.4,3.4,1.0,-0.10869565217391305,4.0,4.0,2.0,8.0,0.0,2.0,1,1,1,5,3
C0120,334.0,752.0,25.066666666666666,6.0,0.0,0.0,0.0,83.6,93.0,0.0,194756.0,32459.333333333332,49952.0,37.0,6.166666666666667,0.0,0.13815515007794824,4.16,7.4,4.320000000000001,4.3,3.9,1.0,0.045267489711934214,5.0,6.0,2.2516291673878226,8.0,1.0,1.3333333333333333,1,6,3,4,4
C0121,165.0,784.0,26.133333333333333,8.0,0.0,0.0,1.0,88.42857142857143,100.0,0.0,518177.0,64772.125,130743.0,50.0,6.25,0.0,-0.15512649800266312,4.242857142857143,8.142857142857142,4.214285714285714,4.3,3.6,1.0,0.03199999999999988,5.0,8.0,2.1556390622295662,26.0,4.0,3.25,1,0,3,3,3
C0122,1694.0,1730.0,57.666666666666664,2.0,0.0,0.0,0.0,36.0,36.0,0.0,195975.0,97987.5,158625.0,21.0,10.5,0.0,0.0,4.6,9.0,4.8,4.6,4.6,1.0,0.0,2.0,2.0,1.0,7.0,0.0,3.5,1,4,2,3,3
C0123,377.0,852.0,28.4,9.0,0.0,0.0,0.0,59.375,69.0,0.25,913972.0,101552.44444444444,188920.0,148.0,16.444444444444443,0.0,0.325423600715085,4.0625,7.625,4.2375,4.1,3.5,1.0,0.04402515723270459,6.0,7.0,2.5032583347756456,10.0,0.0,1.1111111111111112,1,2,1,5,2
C0124,103.0,670.0,22.333333333333332,13.0,0.0,0.0,2.0,47.25,64.0,-0.14285714285714285,556575.0,42813.46153846154,86810.0,80.0,6.153846153846154,0.0,0.19035213517164085,4.35,8.166666666666666,4.425,3.7,3.7,1.0,-0.022727272727272648,9.0,11.0,3.0269868333592873,28.0,9.0,2.1538461538461537,1,0,3,5,1
C0125,611.0,939.0,31.3,9.0,0.0,0.0,0.0,41.0,48.0,0.25,298266.0,33140.666666666664,50264.0,42.0,4.666666666666667,0.0,-0.17636395802996696,4.4,8.375,4.512499999999999,4.6,4.1,1.0,-2.0185873175002846e-16,9.0,9.0,3.169925001442312,18.0,2.0,2.0,1,0,3,1,4
C0126,182.0,259.0,8.633333333333333,2.0,0.0,0.0,0.0,77.0,77.0,0.0,296742.0,148371.0,159456.0,42.0,21.0,0.0,0.0,4.6,9.0,4.3,4.6,4.6,1.0,0.0,2.0,2.0,1.0,8.0,3.0,4.0,1,5,0,0,3
C0127,47.0,47.0,1.5666666666666667,1.0,0.0,1.0,1.0,0.0,0.0,0.0,103819.0,103819.0,103819.0,17.0,17.0,103819.0,0.0,5.0,10.0,5.0,5.0,5.0,1.0,0.0,1.0,1.0,0.0,6.0,6.0,6.0,0,1,0,2,0
C0128,185.0,296.0,9.866666666666667,4.0,0.0,0.0,0.0,37.0,42.0,0.0,266909.0,66727.25,119286.0,25.0,6.25,0.0,-0.13547233341017528,4.25,7.25,4.375,4.9,3.4,1.0,0.1518987341772153,3.0,4.0,1.5,8.0,2.0,2.0,1,11,3,0,0
C0129,101.0,973.0,32.43333333333333,18.0,0.0,0.0,2.0,51.294117647058826,66.0,0.0,3564501.0,198027.83333333334,361862.0,467.0,25.944444444444443,0.0,-0.09951662849172734,4.153846153846154,8.153846153846153,4.223076923076923,4.0,3.6,1.0,-0.013090495162208263,7.0,14.0,2.6416041678685938,56.0,6.0,3.111111111111111,1,7,0,0,4
C0130,138.0,861.0,28.7,13.0,0.0,0.0,1.0,60.25,75.0,-0.14285714285714285,502867.0,38682.07692307692,96320.0,70.0,5.384615384615385,0.0,0.1939787940320909,4.4363636363636365,9.090909090909092,4.463636363636363,4.6,3.7,1.0,-0.110169491525424,10.0,13.0,3.238901256602631,26.0,3.0,2.0,1,11,3,1,2
C0131,893.0,1238.0,41.266666666666666,7.0,0.0,0.0,0.0,57.5,64.0,-0.25,593353.0,84764.71428571429,142875.0,83.0,11.857142857142858,0.0,0.6506060655100984,4.0,6.6,4.08,4.1,3.4,1.0,-0.020576131687242837,6.0,7.0,2.521640636343318,15.0,1.0,2.142857142857143,1,10,2,4,1
C0132,718.0,1328.0,44.266666666666666,18.0,0.0,0.0,0.0,35.88235294117647,48.0,0.0,1163080.0,64615.555555555555,100786.0,179.0,9.944444444444445,0.0,-0.25410549701281937,4.117647058823529,7.764705882352941,4.276470588235294,4.5,3.2,1.0,0.0023640661938535814,11.0,13.0,3.2390979179887864,59.0,4.0,3.2777777777777777,1,8,2,2,4
C0133,44.0,387.0,12.9,10.0,0.0,2.0,4.0,38.111111111111114,47.0,0.0,1051783.0,105178.3,189200.0,179.0,17.9,198301.0,-0.22417044727382626,4.2875000000000005,8.625,4.4375,4.8,3.6,1.0,0.1304347826086955,9.0,10.0,3.1219280948873624,33.0,10.0,3.3,0,2,1,2,4
C0134,516.0,932.0,31.066666666666666,15.0,0.0,0.0,0.0,29.714285714285715,43.0,-0.125,1809996.0,120666.4,198418.0,266.0,17.733333333333334,0.0,0.12051001379692691,4.261538461538461,8.153846153846153,4.23076923076923,3.8,3.3,1.0,-0.04471101417666307,9.0,13.0,2.955913095175825,30.0,3.0,2.0,1,1,1,0,3
C0135,623.0,667.0,22.233333333333334,2.0,0.0,0.0,0.0,44.0,44.0,0.0,60470.0,30235.0,34496.0,11.0,5.5,0.0,0.0,4.85,10.0,4.65,5.0,4.7,1.0,0.0,2.0,2.0,1.0,8.0,2.0,4.0,1,7,3,4,3
C0136,129.0,1070.0,35.666666666666664,19.0,0.0,0.0,2.0,52.27777777777778,67.0,0.1111111111111111,1972218.0,103800.94736842105,185978.0,343.0,18.05263157894737,0.0,0.12133417451382537,4.3687499999999995,8.1875,4.45,4.0,3.4,1.0,0.06804733727810663,10.0,16.0,3.2210972500579573,24.0,0.0,1.263157894736842,1,5,1,1,3
C0137,638.0,1058.0,35.266666666666666,9.0,0.0,0.0,0.0,52.5,67.0,-0.2,670071.0,74452.33333333333,143403.0,93.0,10.333333333333334,0.0,0.12895573947463113,4.085714285714285,7.142857142857143,4.171428571428572,4.7,3.4,1.0,-0.020161290322580575,7.0,9.0,2.725480556997868,11.0,0.0,1.2222222222222223,1,7,2,2,1
C0138,752.0,1481.0,49.36666666666667,9.0,0.0,0.0,0.0,91.125,103.0,0.25,1597223.0,177469.22222222222,282720.0,250.0,27.77777777777778,0.0,0.17047840964992494,4.357142857142858,8.714285714285714,4.6000000000000005,4.2,3.7,1.0,0.07999999999999992,6.0,9.0,2.4193819456463714,28.0,2.0,3.111111111111111,1,3,0,5,0
C0139,1043.0,1422.0,47.4,8.0,0.0,0.0,0.0,54.142857142857146,65.0,0.0,633363.0,79170.375,111917.0,123.0,15.375,0.0,-0.14493165369644107,4.2,8.0,4.08,4.8,3.8,1.0,0.040650406504065116,8.0,8.0,3.0,10.0,0.0,1.25,1,11,1,3,4
C0140,1082.0,1776.0,59.2,8.0,0.0,0.0,0.0,99.14285714285714,111.0,0.0,1211242.0,151405.25,274914.0,173.0,21.625,0.0,0.4670085706836994,3.9428571428571426,7.0,4.2,4.2,3.4,1.0,-0.02499999999999991,6.0,6.0,2.5,8.0,0.0,1.0,1,3,0,4,2
C0141,1416.0,1483.0,49.43333333333333,2.0,0.0,0.0,0.0,67.0,67.0,0.0,106905.0,53452.5,87507.0,12.0,6.0,0.0,0.0,4.25,8.5,4.15,4.0,4.0,1.0,0.0,2.0,2.0,1.0,7.0,1.0,3.5,1,12,3,4,0
C0142,332.0,773.0,25.766666666666666,10.0,0.0,0.0,0.0,49.0,64.0,0.0,569392.0,56939.2,104760.0,79.0,7.9,0.0,1.176506686155168,4.333333333333332,8.11111111111111,4.344444444444445,4.9,3.6,1.0,-0.03728813559322035,7.0,9.0,2.721928094887362,23.0,3.0,2.3,1,5,2,0,2
C0143,193.0,637.0,21.233333333333334,7.0,0.0,0.0,0.0,74.0,87.0,0.3333333333333333,825917.0,117988.14285714286,192114.0,156.0,22.285714285714285,0.0,0.3336144841737024,3.971428571428571,7.571428571428571,4.0,3.7,3.3,1.0,0.032051282051282166,6.0,6.0,2.521640636343318,11.0,2.0,1.5714285714285714,1,4,0,2,2
C0144,22.0,402.0,13.4,12.0,1.0,2.0,5.0,34.54545454545455,47.0,0.0,782576.0,65214.666666666664,127665.0,124.0,10.333333333333334,183305.0,-0.015207235357075756,4.233333333333333,8.25,4.291666666666666,4.0,3.6,1.0,-0.03861003861003868,8.0,12.0,2.918295834054489,15.0,5.0,1.25,0,12,2,4,0
C0145,58.0,615.0,20.5,13.0,0.0,1.0,3.0,46.416666666666664,56.0,-0.14285714285714285,2151223.0,165478.6923076923,311392.0,301.0,23.153846153846153,142692.0,-0.07468585138782756,4.1,6.555555555555555,4.0888888888888895,3.4,3.4,1.0,-0.04285714285714279,6.0,11.0,2.4116022179746714,18.0,4.0,1.3846153846153846,0,10,0,5,0
C0146,719.0,1625.0,54.166666666666664,17.0,0.0,0.0,0.0,56.625,71.0,-0.1111111111111111,2187913.0,128700.76470588235,195778.0,276.0,16.235294117647058,0.0,-0.022873562519916003,4.033333333333333,7.333333333333333,4.226666666666667,3.8,3.4,1.0,-0.03689236111111093,8.0,15.0,2.6986604604011153,18.0,2.0,1.0588235294117647,1,4,1,3,1
C0147,399.0,1016.0,33.86666666666667,9.0,0.0,0.0,0.0,77.125,90.0,-0.2,1222315.0,135812.77777777778,250290.0,206.0,22.88888888888889,0.0,0.20067926998936084,4.233333333333333,8.333333333333334,4.333333333333333,4.9,3.5,1.0,-0.04615384615384599,5.0,9.0,2.197159723424149,28.0,5.0,3.111111111111111,1,3,0,2,3
C0148,1449.0,1733.0,57.766666666666666,6.0,0.0,0.0,0.0,56.8,71.0,0.0,536877.0,89479.5,116140.0,92.0,15.333333333333334,0.0,-0.12020489909104905,4.06,7.4,4.12,3.9,3.6,1.0,-0.07450980392156868,5.0,6.0,2.2516291673878226,8.0,0.0,1.3333333333333333,1,11,1,1,2
C0149,71.0,199.0,6.633333333333334,3.0,0.0,1.0,2.0,64.0,65.0,-0.5,89962.0,29987.333333333332,39865.0,12.0,4.0,39865.0,0.9531522687609075,4.233333333333333,8.333333333333334,4.266666666666667,3.9,3.8,1.0,0.17105263157894746,3.0,3.0,1.584962500721156,12.0,6.0,4.0,0,4,3,1,4
C0150,1195.0,1457.0,48.56666666666667,10.0,0.0,0.0,0.0,29.11111111111111,41.0,-0.3333333333333333,508341.0,50834.1,99702.0,100.0,10.0,0.0,0.223120689579771,3.983333333333333,7.666666666666667,4.05,3.5,3.5,1.0,-0.07258064516129038,7.0,10.0,2.721928094887362,11.0,2.0,1.1,1,3,2,4,2
C0151,1441.0,1521.0,50.7,4.0,0.0,0.0,0.0,26.666666666666668,36.0,0.0,218469.0,54617.25,91680.0,38.0,9.5,0.0,-0.19825325350091544,4.333333333333333,7.666666666666667,4.3,4.2,4.0,1.0,-0.14583333333333337,4.0,4.0,2.0,10.0,0.0,2.5,1,1,2,3,0
C0152,1300.0,1657.0,55.233333333333334,13.0,0.0,0.0,0.0,29.75,40.0,0.16666666666666666,885309.0,68100.69230769231,101706.0,116.0,8.923076923076923,0.0,-0.0742969110807996,4.058333333333333,7.25,4.216666666666667,3.5,3.3,1.0,0.08119658119658126,8.0,12.0,2.931208948910323,28.0,2.0,2.1538461538461537,1,7,2,5,2
C0153,186.0,911.0,30.366666666666667,13.0,0.0,0.0,0.0,60.416666666666664,72.0,0.16666666666666666,495532.0,38117.846153846156,76140.0,83.0,6.384615384615385,0.0,0.19906055622485253,4.333333333333333,8.5,4.3500000000000005,4.1,3.6,1.0,-0.1625441696113073,8.0,13.0,2.7773627950641693,39.0,4.0,3.0,1,7,3,5,3
C0154,170.0,170.0,5.666666666666667,1.0,0.0,0.0,1.0,0.0,0.0,0.0,199880.0,199880.0,199880.0,20.0,20.0,0.0,0.0,4.6,9.0,5.0,4.6,4.6,1.0,0.0,1.0,1.0,0.0,1.0,1.0,1.0,1,1,0,5,4
C0155,1353.0,1562.0,52.06666666666667,4.0,0.0,0.0,0.0,69.66666666666667,75.0,0.0,409831.0,102457.75,148932.0,63.0,15.75,0.0,0.3721327321452344,4.366666666666666,8.666666666666666,4.433333333333334,4.7,3.8,1.0,-0.07608695652173907,4.0,4.0,2.0,8.0,0.0,2.0,1,12,1,0,2
C0156,46.0,753.0,25.1,14.0,0.0,1.0,3.0,54.38461538461539,67.0,0.0,1093651.0,78117.92857142857,126530.0,146.0,10.428571428571429,47750.0,0.2582937214267721,4.285714285714286,8.142857142857142,4.378571428571429,5.0,3.4,1.0,0.08333333333333302,8.0,14.0,2.8423709931771084,31.0,5.0,2.2142857142857144,0,4,2,3,1
C0157,1016.0,1621.0,54.03333333333333,9.0,0.0,0.0,0.0,75.625,84.0,0.25,892415.0,99157.22222222222,179877.0,143.0,15.88888888888889,0.0,-0.0032937718318082235,4.1,8.0,4.2125,3.5,3.5,1.0,0.11612903225806456,6.0,8.0,2.4193819456463714,18.0,0.0,2.0,1,10,1,1,3
C0158,1116.0,1701.0,56.7,7.0,0.0,0.0,0.0,97.5,116.0,0.3333333333333333,669013.0,95573.28571428571,211650.0,117.0,16.714285714285715,0.0,0.7813658767915972,4.314285714285715,8.428571428571429,4.328571428571429,4.8,3.8,1.0,0.04761904761904766,6.0,7.0,2.521640636343318,23.0,2.0,3.2857142857142856,1,6,1,0,4
C0159,699.0,1669.0,55.63333333333333,18.0,0.0,0.0,0.0,57.05882352941177,72.0,0.0,3092736.0,171818.66666666666,370853.0,418.0,23.22222222222222,0.0,-0.22015761553273794,4.3,8.142857142857142,4.407142857142857,3.4,3.4,1.0,0.033783783783783876,10.0,14.0,3.080500530640267,56.0,5.0,3.111111111111111,1,12,0,4,4
C0160,123.0,578.0,19.266666666666666,5.0,0.0,0.0,1.0,113.75,128.0,0.5,734864.0,146972.8,186480.0,85.0,17.0,0.0,-0.28612315787792797,4.125,7.75,4.15,5.0,3.6,1.0,0.14285714285714304,4.0,5.0,1.9219280948873623,5.0,1.0,1.0,1,3,1,0,1
C0161,265.0,703.0,23.433333333333334,10.0,0.0,0.0,0.0,48.666666666666664,61.0,0.0,1587445.0,158744.5,241753.0,231.0,23.1,0.0,-0.3882203508572426,4.180000000000001,7.8,4.48,3.8,3.8,1.0,-0.046511627906976584,8.0,10.0,2.9219280948873623,15.0,3.0,1.5,1,12,0,1,4
C0162,118.0,118.0,3.933333333333333,1.0,0.0,0.0,1.0,0.0,0.0,0.0,149370.0,149370.0,149370.0,15.0,15.0,0.0,0.0,4.8,9.0,4.5,4.8,4.8,1.0,0.0,1.0,1.0,0.0,6.0,4.0,6.0,1,9,2,2,1
C0163,1064.0,1770.0,59.0,13.0,0.0,0.0,0.0,58.833333333333336,73.0,0.16666666666666666,1491797.0,114753.61538461539,179260.0,224.0,17.23076923076923,0.0,-0.25473483627864213,4.222222222222222,7.666666666666667,4.322222222222223,4.5,3.4,1.0,-0.0117647058823529,9.0,12.0,2.931208948910323,26.0,3.0,2.0,1,10,1,4,0
C0164,98.0,98.0,3.2666666666666666,1.0,0.0,0.0,1.0,0.0,0.0,0.0,183216.0,183216.0,183216.0,24.0,24.0,0.0,0.0,4.6,10.0,4.6,4.6,4.6,1.0,0.0,1.0,1.0,0.0,5.0,4.0,5.0,1,4,1,5,0
C0165,616.0,1362.0,45.4,13.0,0.0,0.0,0.0,62.166666666666664,72.0,0.16666666666666666,651294.0,50099.53846153846,68890.0,92.0,7.076923076923077,0.0,0.09223802240626396,4.2250000000000005,8.083333333333334,4.316666666666666,4.6,3.6,1.0,-0.03488372093023264,8.0,12.0,2.873140679513133,43.0,1.0,3.3076923076923075,1,9,3,5,4
C0166,481.0,1473.0,49.1,10.0,0.0,0.0,0.0,110.22222222222223,124.0,0.0,467517.0,46751.7,96904.0,59.0,5.9,0.0,0.5993239223622687,4.3100000000000005,8.0,4.43,4.7,3.4,1.0,0.014018691588785165,7.0,10.0,2.6464393446710157,20.0,0.0,2.0,1,6,3,2,0
C0167,837.0,1492.0,49.733333333333334,18.0,0.0,0.0,0.0,38.529411764705884,48.0,0.0,1840853.0,102269.61111111111,202470.0,302.0,16.77777777777778,0.0,-0.27089393750111546,4.1875,8.0625,4.28125,3.8,3.2,1.0,-0.005952380952381037,8.0,17.0,2.8638263900908156,20.0,1.0,1.1111111111111112,1,9,1,2,4
C0168,968.0,1489.0,49.63333333333333,16.0,0.0,0.0,0.0,34.733333333333334,45.0,0.0,2665993.0,166624.5625,322741.0,408.0,25.5,0.0,-0.0318296649672143,4.207142857142857,7.357142857142857,4.228571428571429,3.6,3.4,1.0,0.02405498281786955,9.0,13.0,2.899397470347699,34.0,1.0,2.125,1,5,0,5,1
C0169,643.0,1166.0,38.86666666666667,18.0,0.0,0.0,0.0,30.764705882352942,49.0,0.25,2437141.0,135396.72222222222,300382.0,454.0,25.22222222222222,0.0,-0.06400488697286512,4.161538461538462,7.538461538461538,4.300000000000001,4.5,3.3,1.0,0.11610942249240137,11.0,17.0,3.3082708345352603,22.0,3.0,1.2222222222222223,1,3,0,4,0
C0170,163.0,873.0,29.1,11.0,0.0,0.0,1.0,71.0,84.0,0.2,1482615.0,134783.18181818182,258325.0,188.0,17.09090909090909,0.0,-0.025921336803295208,4.155555555555556,8.222222222222221,4.2333333333333325,3.7,3.7,1.0,-0.008383233532934166,8.0,10.0,2.913977073182752,11.0,2.0,1.0,1,2,1,4,2
C0171,704.0,1342.0,44.733333333333334,10.0,0.0,0.0,0.0,70.88888888888889,81.0,0.0,749750.0,74975.0,126098.0,93.0,9.3,0.0,0.195133376860264,3.7800000000000002,7.6,3.9599999999999995,3.6,3.5,1.0,0.08333333333333329,6.0,8.0,2.4464393446710155,24.0,0.0,2.4,1,9,2,2,4
C0172,68.0,363.0,12.1,8.0,0.0,1.0,3.0,42.142857142857146,52.0,0.0,948305.0,118538.125,202050.0,137.0,17.125,66260.0,-0.3407375394123061,4.5200000000000005,8.8,4.56,4.6,3.9,1.0,0.06513409961685843,5.0,8.0,2.25,13.0,2.0,1.625,0,5,1,3,2
C0173,146.0,652.0,21.733333333333334,8.0,0.0,0.0,1.0,72.28571428571429,85.0,0.0,938029.0,117253.625,217980.0,150.0,18.75,0.0,0.3082047004225016,4.285714285714286,8.285714285714286,4.428571428571429,4.1,4.0,1.0,-0.07089552238805946,6.0,7.0,2.4056390622295662,29.0,8.0,3.625,1,4,1,0,3
C0174,1090.0,1722.0,57.4,18.0,0.0,0.0,0.0,37.1764705882353,47.0,0.0,734791.0,40821.72222222222,99837.0,116.0,6.444444444444445,0.0,0.06663197862466608,4.286666666666666,8.133333333333333,4.406666666666666,3.7,3.7,1.0,-0.060080645161290455,10.0,16.0,3.0588138903312014,57.0,3.0,3.1666666666666665,1,11,3,3,0
C0175,898.0,1149.0,38.3,7.0,0.0,0.0,0.0,41.833333333333336,49.0,0.3333333333333333,390719.0,55817.0,83430.0,52.0,7.428571428571429,0.0,-0.0019521230269986952,4.4399999999999995,8.6,4.4799999999999995,5.0,3.7,1.0,0.07450980392156857,5.0,6.0,2.2359263506290326,7.0,0.0,1.0,1,2,3,2,1
C0176,168.0,932.0,31.066666666666666,15.0,0.0,0.0,1.0,54.57142857142857,72.0,-0.125,1637010.0,109134.0,188672.0,247.0,16.466666666666665,0.0,0.27129840239505887,4.218181818181818,7.7272727272727275,4.209090909090909,3.9,3.4,1.0,-0.043209876543209846,9.0,13.0,3.0062389286533895,48.0,2.0,3.2,1,6,1,1,4
C0177,134.0,299.0,9.966666666666667,3.0,0.0,0.0,1.0,82.5,83.0,-0.5,541607.0,180535.66666666666,316960.0,63.0,21.0,0.0,-0.645622476022211,4.1000000000000005,8.0,4.2,4.7,3.7,1.0,0.076923076923077,2.0,2.0,0.9182958340544896,3.0,2.0,1.0,1,3,0,2,2
C0178,22.0,230.0,7.666666666666667,6.0,1.0,2.0,4.0,41.6,52.0,0.0,661785.0,110297.5,175230.0,102.0,17.0,147205.0,-0.16030812340503614,4.033333333333334,8.166666666666666,4.150000000000001,4.5,3.5,1.0,-0.016393442622950977,6.0,6.0,2.584962500721156,20.0,9.0,3.3333333333333335,0,13,1,2,2
C0179,970.0,1052.0,35.06666666666667,3.0,0.0,0.0,0.0,41.0,42.0,1.0,438293.0,146097.66666666666,168256.0,67.0,22.333333333333332,0.0,-0.05862601946856091,4.2,7.333333333333333,4.266666666666667,4.3,3.9,1.0,-0.06818181818181834,3.0,3.0,1.584962500721156,10.0,0.0,3.3333333333333335,1,9,0,2,2
C0180,886.0,1226.0,40.86666666666667,9.0,0.0,0.0,0.0,42.5,56.0,-0.2,347138.0,38570.88888888889,57882.0,53.0,5.888888888888889,0.0,0.11859174974265435,4.3999999999999995,8.857142857142858,4.5285714285714285,3.6,3.6,1.0,-0.07608695652173907,8.0,8.0,2.94770277922009,18.0,4.0,2.0,1,9,3,1,1
C0181,58.0,306.0,10.2,5.0,0.0,1.0,3.0,62.0,68.0,0.5,290769.0,58153.8,70742.0,62.0,12.4,70742.0,-0.06373278646953105,4.359999999999999,8.2,4.4,3.9,3.9,1.0,0.023255813953488285,4.0,5.0,1.9219280948873623,18.0,6.0,3.6,0,13,2,4,4
C0182,65.0,623.0,20.766666666666666,13.0,0.0,1.0,3.0,46.5,61.0,0.16666666666666666,555992.0,42768.61538461538,76248.0,80.0,6.153846153846154,19812.0,0.30768212436241876,4.029999999999999,7.1,4.159999999999999,4.0,3.4,1.0,-0.05314009661835732,9.0,12.0,3.0269868333592873,31.0,5.0,2.3846153846153846,0,13,3,0,2
C0183,838.0,838.0,27.933333333333334,1.0,0.0,0.0,0.0,0.0,0.0,0.0,181772.0,181772.0,181772.0,29.0,29.0,0.0,0.0,4.0,7.0,3.7,4.0,4.0,1.0,0.0,1.0,1.0,0.0,4.0,2.0,4.0,1,13,0,0,3
C0184,124.0,124.0,4.133333333333334,1.0,0.0,0.0,1.0,0.0,0.0,0.0,49490.0,49490.0,49490.0,5.0,5.0,0.0,0.0,4.233333333333333,8.080128205128204,4.333333333333333,4.2,3.6,0.0,0.0,1.0,1.0,0.0,3.0,2.0,3.0,1,9,2,4,4
C0185,404.0,684.0,22.8,12.0,0.0,0.0,0.0,25.454545454545453,37.0,0.4,2096720.0,174726.66666666666,312165.0,298.0,24.833333333333332,0.0,-0.13846948795303737,4.369999999999999,8.6,4.389999999999999,3.9,3.6,1.0,-0.013636363636363748,8.0,11.0,2.918295834054489,38.0,12.0,3.1666666666666665,1,9,0,5,3
C0186,126.0,1004.0,33.46666666666667,9.0,0.0,0.0,1.0,109.75,123.0,-0.2,471263.0,52362.555555555555,106350.0,59.0,6.555555555555555,0.0,-0.41384571829857014,4.425000000000001,7.75,4.525,4.5,3.4,1.0,-0.09677419354838712,5.0,9.0,2.197159723424149,18.0,1.0,2.0,1,0,3,1,3
C0187,212.0,575.0,19.166666666666668,4.0,0.0,0.0,0.0,121.0,123.0,0.0,382746.0,95686.5,111734.0,48.0,12.0,0.0,-0.1400052483744618,4.5,9.0,4.566666666666666,4.9,3.8,1.0,0.2763157894736842,3.0,3.0,1.5,12.0,2.0,3.0,1,2,2,3,3
C0188,749.0,1508.0,50.266666666666666,15.0,0.0,0.0,0.0,54.214285714285715,69.0,-0.125,914914.0,60994.26666666667,137452.0,131.0,8.733333333333333,0.0,0.1977709710995231,4.138461538461538,7.538461538461538,4.2,4.3,3.4,1.0,0.08860759493670864,7.0,12.0,2.739572261986723,20.0,2.0,1.3333333333333333,1,8,2,1,1
C0189,195.0,674.0,22.466666666666665,7.0,0.0,0.0,0.0,79.83333333333333,84.0,0.3333333333333333,381239.0,54462.71428571428,96060.0,49.0,7.0,0.0,-0.4572086430470403,3.675,6.25,3.875,3.6,3.3,1.0,-0.03999999999999997,7.0,7.0,2.8073549220576037,25.0,5.0,3.5714285714285716,1,6,3,4,2
C0190,33.0,456.0,15.2,13.0,0.0,2.0,4.0,35.25,53.0,-0.14285714285714285,1539831.0,118448.53846153847,218280.0,219.0,16.846153846153847,354105.0,0.2449557179829925,4.380000000000001,8.3,4.489999999999999,3.7,3.7,1.0,-0.018099547511312233,8.0,12.0,2.7773627950641693,26.0,7.0,2.0,0,9,1,5,3
C0191,429.0,1416.0,47.2,19.0,0.0,0.0,0.0,54.833333333333336,66.0,0.1111111111111111,2342522.0,123290.63157894737,245800.0,362.0,19.05263157894737,0.0,-0.07570221717268297,4.5,8.625,4.59375,4.8,3.7,1.0,0.06896551724137948,10.0,17.0,3.11583409216322,58.0,2.0,3.0526315789473686,1,9,1,5,2
C0192,1462.0,1611.0,53.7,4.0,0.0,0.0,0.0,49.666666666666664,57.0,0.0,446755.0,111688.75,148466.0,84.0,21.0,0.0,-0.34913660903336424,4.324999999999999,7.75,4.525,3.4,3.4,1.0,-0.09890109890109894,4.0,4.0,2.0,14.0,2.0,3.5,1,0,1,0,4
C0193,1097.0,1206.0,40.2,4.0,0.0,0.0,0.0,36.333333333333336,44.0,0.0,573314.0,143328.5,201072.0,72.0,18.0,0.0,-0.34956761051552804,4.6,9.25,4.675,4.9,3.9,1.0,0.1149425287356322,4.0,4.0,2.0,13.0,3.0,3.25,1,1,1,5,1
C0194,404.0,937.0,31.233333333333334,8.0,0.0,0.0,0.0,76.14285714285714,93.0,0.0,822918.0,102864.75,131500.0,130.0,16.25,0.0,-0.16580705844592938,4.285714285714286,8.142857142857142,4.457142857142857,3.6,3.5,1.0,-0.045454545454545296,5.0,7.0,2.25,18.0,1.0,2.25,1,9,1,0,2
C0195,485.0,1292.0,43.06666666666667,20.0,0.0,0.0,0.0,42.473684210526315,56.0,0.0,3716101.0,185805.05,406527.0,553.0,27.65,0.0,-0.25400402940109645,4.075,7.6875,4.30625,3.5,3.4,1.0,-0.07100591715976327,10.0,18.0,3.208694969562842,20.0,1.0,1.0,1,8,0,3,4
C0196,600.0,999.0,33.3,10.0,0.0,0.0,0.0,44.333333333333336,53.0,0.0,2150382.0,215038.2,372248.0,269.0,26.9,0.0,0.27417200473366776,4.16,8.0,4.3100000000000005,3.6,3.6,1.0,0.029268292682927074,6.0,10.0,2.4464393446710155,25.0,1.0,2.5,1,2,0,5,2
C0197,402.0,689.0,22.966666666666665,5.0,0.0,0.0,0.0,71.75,85.0,0.5,287719.0,57543.8,93420.0,41.0,8.2,0.0,-0.15288596359695156,4.220000000000001,7.6,4.539999999999999,4.0,4.0,1.0,-0.031007751937984586,5.0,5.0,2.321928094887362,17.0,6.0,3.4,1,12,3,1,2
C0198,1656.0,1747.0,58.233333333333334,3.0,0.0,0.0,0.0,45.5,46.0,1.0,371758.0,123919.33333333333,166540.0,54.0,18.0,0.0,-0.06734030090023431,4.1000000000000005,7.666666666666667,4.133333333333333,4.2,4.0,1.0,0.03750000000000009,3.0,3.0,1.584962500721156,11.0,0.0,3.6666666666666665,1,1,1,4,3
C0199,187.0,251.0,8.366666666666667,2.0,0.0,0.0,0.0,64.0,64.0,0.0,208328.0,104164.0,128003.0,34.0,17.0,0.0,0.0,3.7,7.0,3.4,3.7,3.7,1.0,0.0,2.0,2.0,1.0,4.0,3.0,2.0,1,6,0,2,4
C0200,1548.0,1688.0,56.266666666666666,3.0,0.0,0.0,0.0,70.0,70.0,1.0,171659.0,57219.666666666664,67230.0,41.0,13.666666666666666,0.0,-0.13758373281691483,4.266666666666667,7.0,4.533333333333334,4.2,4.2,1.0,-0.011627906976744146,3.0,3.0,1.584962500721156,4.0,0.0,1.3333333333333333,1,12,1,4,4
C0201,689.0,1413.0,47.1,14.0,0.0,0.0,0.0,55.69230769230769,68.0,0.0,638853.0,45632.357142857145,73632.0,77.0,5.5,0.0,-0.05274644216789244,4.136363636363637,7.454545454545454,4.309090909090909,3.8,3.4,1.0,0.11111111111111106,7.0,11.0,2.6455933144511468,46.0,6.0,3.2857142857142856,1,10,3,3,0
C0202,57.0,227.0,7.566666666666666,5.0,0.0,1.0,3.0,42.5,53.0,-0.3333333333333333,929685.0,185937.0,441105.0,119.0,23.8,88506.0,-0.645065671092357,4.6,9.5,4.65,4.7,4.5,1.0,0.0,4.0,5.0,1.9219280948873623,16.0,11.0,3.2,0,5,0,5,4
C0203,45.0,650.0,21.666666666666668,15.0,0.0,1.0,3.0,43.214285714285715,54.0,0.14285714285714285,644799.0,42986.6,87858.0,97.0,6.466666666666667,67590.0,-0.004089927842845939,4.141666666666667,8.25,4.166666666666666,4.3,3.6,1.0,0.09704641350211005,10.0,13.0,3.1898980954642875,46.0,11.0,3.066666666666667,0,5,3,1,1
C0204,660.0,660.0,22.0,1.0,0.0,0.0,0.0,0.0,0.0,0.0,108540.0,108540.0,108540.0,15.0,15.0,0.0,0.0,4.1,8.0,4.2,4.1,4.1,1.0,0.0,1.0,1.0,0.0,3.0,0.0,3.0,1,13,2,2,2
C0205,150.0,1011.0,33.7,11.0,0.0,0.0,1.0,86.1,98.0,0.2,674018.0,61274.36363636364,100240.0,108.0,9.818181818181818,0.0,0.1579725148044022,4.25,7.833333333333333,4.266666666666667,5.0,3.6,1.0,0.125,9.0,11.0,3.095795255000934,23.0,2.0,2.090909090909091,1,0,2,3,2
C0206,920.0,1577.0,52.56666666666667,20.0,0.0,0.0,0.0,34.578947368421055,45.0,-0.18181818181818182,1053831.0,52691.55,113840.0,142.0,7.1,0.0,0.08729004912058308,4.24375,8.4375,4.36875,4.6,3.3,1.0,0.008875739644970331,9.0,15.0,2.9037016960573485,22.0,1.0,1.1,1,13,3,4,1
C0207,87.0,1067.0,35.56666666666667,18.0,0.0,1.0,2.0,57.64705882352941,72.0,0.0,1133500.0,62972.22222222222,127536.0,159.0,8.833333333333334,43472.0,-0.0362875353199717,3.991666666666667,7.833333333333333,4.233333333333333,3.7,3.6,1.0,0.08260869565217396,11.0,17.0,3.3921472236645345,21.0,3.0,1.1666666666666667,0,8,2,1,3
C0208,104.0,218.0,7.266666666666667,2.0,0.0,0.0,1.0,114.0,114.0,0.0,94964.0,47482.0,72416.0,12.0,6.0,0.0,0.0,5.0,9.0,4.9,5.0,5.0,1.0,0.0,2.0,2.0,1.0,5.0,2.0,2.5,1,13,3,1,3
C0209,813.0,1409.0,46.96666666666667,12.0,0.0,0.0,0.0,54.18181818181818,64.0,0.0,524582.0,43715.166666666664,83496.0,80.0,6.666666666666667,0.0,0.2628264301674532,4.222222222222222,8.11111111111111,4.4222222222222225,4.7,3.8,1.0,-0.06285714285714294,6.0,12.0,2.4591479170272446,13.0,1.0,1.0833333333333333,1,5,3,1,1
C0210,311.0,737.0,24.566666666666666,13.0,0.0,0.0,0.0,35.5,49.0,-0.14285714285714285,883881.0,67990.84615384616,113340.0,147.0,11.307692307692308,0.0,-0.16882144456870854,4.072727272727273,7.909090909090909,4.163636363636363,4.4,3.5,1.0,0.033333333333333215,9.0,12.0,3.0269868333592873,16.0,1.0,1.2307692307692308,1,4,2,5,0
C0211,482.0,815.0,27.166666666666668,6.0,0.0,0.0,0.0,66.6,72.0,0.0,659964.0,109994.0,159610.0,117.0,19.5,0.0,-0.06468413042394519,4.220000000000001,8.6,4.38,3.8,3.6,1.0,-0.08614232209737818,5.0,6.0,2.2516291673878226,9.0,2.0,1.5,1,7,1,2,1
C0212,485.0,1132.0,37.733333333333334,6.0,0.0,0.0,0.0,129.4,132.0,0.0,1207427.0,201237.83333333334,402526.0,154.0,25.666666666666668,0.0,-0.6640240589790203,4.28,8.4,4.4,3.8,3.8,1.0,0.05220883534136549,6.0,6.0,2.584962500721156,14.0,2.0,2.3333333333333335,1,2,0,1,3
C0213,1051.0,1718.0,57.266666666666666,7.0,0.0,0.0,0.0,111.16666666666667,120.0,-0.25,296515.0,42359.28571428572,92780.0,34.0,4.857142857142857,0.0,-0.4121291149292521,4.220000000000001,8.4,4.5200000000000005,5.0,3.6,1.0,0.2088888888888891,5.0,7.0,2.2359263506290326,18.0,1.0,2.5714285714285716,1,0,3,3,1
C0214,440.0,890.0,29.666666666666668,14.0,0.0,0.0,0.0,34.61538461538461,46.0,0.0,2218144.0,158438.85714285713,278460.0,348.0,24.857142857142858,0.0,-0.16623209133522382,3.95,7.2,4.1,3.8,3.3,1.0,-0.15420560747663536,9.0,13.0,3.0391486719030705,16.0,1.0,1.1428571428571428,1,1,0,3,3
C0215,1068.0,1472.0,49.06666666666667,5.0,0.0,0.0,0.0,101.0,108.0,-0.3333333333333333,386398.0,77279.6,103784.0,36.0,7.2,0.0,0.0793861670688393,4.225,7.5,4.3500000000000005,4.1,3.2,1.0,0.08641975308641965,3.0,5.0,1.3709505944546687,20.0,2.0,4.0,1,0,3,4,2
C0216,85.0,624.0,20.8,11.0,0.0,1.0,2.0,53.9,67.0,-0.16666666666666666,635323.0,57756.63636363636,79404.0,117.0,10.636363636363637,44730.0,-0.1554184678574598,4.33,8.6,4.43,3.5,3.5,1.0,0.03286384976525835,6.0,9.0,2.4130884364257574,36.0,7.0,3.272727272727273,0,3,2,2,3
C0217,89.0,878.0,29.266666666666666,19.0,0.0,1.0,3.0,43.833333333333336,58.0,-0.1,3015462.0,158708.52631578947,277771.0,477.0,25.105263157894736,86700.0,-0.19416036647147994,4.405555555555555,8.333333333333334,4.427777777777778,4.3,3.3,1.0,-0.05637254901960784,10.0,16.0,3.2210972500579573,41.0,4.0,2.1578947368421053,0,7,0,1,3
C0218,67.0,128.0,4.266666666666667,2.0,0.0,1.0,2.0,61.0,61.0,0.0,152323.0,76161.5,102595.0,29.0,14.5,102595.0,0.0,4.35,9.0,4.05,4.6,4.1,1.0,0.0,2.0,2.0,1.0,4.0,3.0,2.0,0,4,1,2,0
C0219,1008.0,1577.0,52.56666666666667,11.0,0.0,0.0,0.0,56.9,68.0,0.2,1830876.0,166443.27272727274,272844.0,251.0,22.818181818181817,0.0,0.17337177349067126,4.11,7.0,4.2700000000000005,4.0,3.4,1.0,-0.024038461538461453,8.0,10.0,2.8453509366224368,22.0,2.0,2.0,1,1,0,4,0
C0220,405.0,1117.0,37.233333333333334,8.0,0.0,0.0,0.0,101.71428571428571,113.0,0.0,800455.0,100056.875,149568.0,123.0,15.375,0.0,-0.05524578653391546,4.225,8.0,4.2250000000000005,3.6,3.6,1.0,-0.10112359550561784,5.0,7.0,2.1556390622295662,16.0,1.0,2.0,1,6,1,4,1
C0221,1174.0,1515.0,50.5,4.0,0.0,0.0,0.0,113.66666666666667,121.0,0.0,323289.0,80822.25,138918.0,33.0,8.25,0.0,-0.31802526429701156,3.95,8.0,4.05,4.9,3.6,1.0,0.1643835616438355,3.0,4.0,1.5,10.0,0.0,2.5,1,5,2,2,0
C0222,1189.0,1812.0,60.4,13.0,0.0,0.0,0.0,51.916666666666664,65.0,-0.14285714285714285,2520072.0,193851.6923076923,391680.0,362.0,27.846153846153847,0.0,-0.17094491855015648,4.26,8.1,4.36,4.1,3.6,1.0,-0.05479452054794505,8.0,12.0,2.931208948910323,44.0,3.0,3.3846153846153846,1,0,0,3,2
C0223,577.0,1269.0,42.3,15.0,0.0,0.0,0.0,49.42857142857143,65.0,0.14285714285714285,1779787.0,118652.46666666666,224400.0,266.0,17.733333333333334,0.0,0.18477518318651953,4.316666666666666,8.0,4.433333333333334,5.0,3.4,1.0,0.11428571428571432,9.0,14.0,3.0062389286533895,49.0,4.0,3.2666666666666666,1,2,1,5,4
C0224,27.0,768.0,25.6,19.0,1.0,2.0,4.0,41.166666666666664,56.0,-0.1,2340863.0,123203.31578947368,219900.0,344.0,18.105263157894736,203930.0,-0.18914854395738248,4.143750000000001,7.6875,4.29375,4.4,3.4,1.0,0.12500000000000008,11.0,16.0,3.2608281712244556,60.0,8.0,3.1578947368421053,0,10,1,0,0
C0225,196.0,1184.0,39.46666666666667,19.0,0.0,0.0,0.0,54.888888888888886,72.0,-0.1,3485999.0,183473.63157894736,300000.0,473.0,24.894736842105264,0.0,0.2033754982897583,4.272222222222222,8.166666666666666,4.322222222222222,4.7,3.4,1.0,-0.03826530612244904,8.0,15.0,2.80004461847901,43.0,5.0,2.263157894736842,1,12,0,2,4
C0226,32.0,433.0,14.433333333333334,8.0,0.0,1.0,3.0,57.285714285714285,65.0,0.0,736123.0,92015.375,199801.0,129.0,16.125,50115.0,0.5892381665910426,4.066666666666667,8.0,4.3,3.8,3.6,1.0,0.06779661016949151,5.0,6.0,2.1556390622295662,21.0,5.0,2.625,0,7,1,1,4
C0227,1045.0,1513.0,50.43333333333333,5.0,0.0,0.0,0.0,117.0,127.0,0.5,1000411.0,200082.2,261087.0,121.0,24.2,0.0,-0.09565715811210825,4.175,7.75,4.225,5.0,3.6,1.0,0.08749999999999991,5.0,5.0,2.321928094887362,16.0,2.0,3.2,1,4,0,4,2
C0228,875.0,1346.0,44.86666666666667,9.0,0.0,0.0,0.0,58.875,68.0,0.25,667638.0,74182.0,116625.0,83.0,9.222222222222221,0.0,0.24220604429218148,4.333333333333333,8.5,4.566666666666666,3.9,3.6,1.0,-0.12949640287769795,6.0,9.0,2.5032583347756456,13.0,2.0,1.4444444444444444,1,4,2,3,1
C0229,341.0,341.0,11.366666666666667,1.0,0.0,0.0,0.0,0.0,0.0,0.0,221141.0,221141.0,221141.0,19.0,19.0,0.0,0.0,4.9,10.0,4.9,4.9,4.9,1.0,0.0,1.0,1.0,0.0,5.0,1.0,5.0,1,7,0,0,0
C0230,45.0,45.0,1.5,1.0,0.0,1.0,1.0,0.0,0.0,0.0,45132.0,45132.0,45132.0,6.0,6.0,45132.0,0.0,3.4,5.0,4.0,3.4,3.4,1.0,0.0,1.0,1.0,0.0,5.0,5.0,5.0,0,3,3,3,3
C0231,511.0,1412.0,47.06666666666667,9.0,0.0,0.0,0.0,112.625,127.0,-0.2,858732.0,95414.66666666667,157500.0,135.0,15.0,0.0,-0.22373758696011306,4.114285714285715,7.428571428571429,4.271428571428571,4.1,3.5,1.0,0.006097560975609625,7.0,9.0,2.725480556997868,31.0,1.0,3.4444444444444446,1,5,1,5,4
C0232,1133.0,1660.0,55.333333333333336,12.0,0.0,0.0,0.0,47.90909090909091,59.0,0.0,1520905.0,126742.08333333333,194688.0,211.0,17.583333333333332,0.0,0.09428737455522866,4.1,7.875,4.225,4.0,3.6,1.0,-0.012121212121212078,9.0,10.0,3.084962500721156,14.0,2.0,1.1666666666666667,1,5,1,3,1
C0233,585.0,1789.0,59.63333333333333,15.0,0.0,0.0,0.0,86.0,100.0,0.14285714285714285,824611.0,54974.066666666666,117620.0,102.0,6.8,0.0,1.109693065006515,4.3999999999999995,8.727272727272727,4.50909090909091,3.5,3.5,1.0,0.025345622119815742,9.0,14.0,3.056564762130954,16.0,2.0,1.0666666666666667,1,2,3,3,1
C0234,129.0,382.0,12.733333333333333,4.0,0.0,0.0,1.0,84.33333333333333,90.0,0.0,172458.0,43114.5,52290.0,38.0,9.5,0.0,0.2681993344994936,4.199999999999999,8.0,4.625,4.1,3.7,1.0,-0.13333333333333336,3.0,4.0,1.5,9.0,3.0,2.25,1,1,2,3,2
C0235,270.0,1192.0,39.733333333333334,20.0,0.0,0.0,0.0,48.526315789473685,62.0,-0.18181818181818182,1467445.0,73372.25,164490.0,208.0,10.4,0.0,0.1903177609710302,4.21875,8.375,4.3375,4.0,3.6,1.0,-0.08781869688385253,9.0,17.0,2.9037016960573485,42.0,3.0,2.1,1,1,2,0,4
C0236,75.0,456.0,15.2,4.0,0.0,1.0,1.0,127.0,133.0,0.0,863531.0,215882.75,351645.0,96.0,24.0,202198.0,-0.4606330163200913,3.825,6.75,4.025,3.8,3.4,1.0,0.21739130434782583,3.0,4.0,1.5,14.0,5.0,3.5,0,13,0,5,3
C0237,47.0,818.0,27.266666666666666,14.0,0.0,1.0,3.0,59.30769230769231,72.0,0.0,698567.0,49897.642857142855,91752.0,99.0,7.071428571428571,57680.0,-0.04295559602185182,3.981818181818181,6.909090909090909,4.136363636363636,3.3,3.3,1.0,-0.02640264026402635,9.0,13.0,2.9852281360342516,31.0,7.0,2.2142857142857144,0,5,3,4,4
C0238,1010.0,1606.0,53.53333333333333,17.0,0.0,0.0,0.0,37.25,50.0,0.125,1286851.0,75697.11764705883,125818.0,192.0,11.294117647058824,0.0,0.13162515752747264,4.2625,8.0625,4.3062499999999995,3.8,3.4,1.0,-0.01744186046511632,10.0,17.0,3.1751231351134606,17.0,1.0,1.0,1,2,2,4,4
C0239,394.0,800.0,26.666666666666668,9.0,0.0,0.0,0.0,50.75,59.0,0.25,645262.0,71695.77777777778,130575.0,80.0,8.88888888888889,0.0,0.08138801721718657,4.514285714285714,7.857142857142857,4.485714285714286,4.7,3.4,1.0,0.005555555555555635,7.0,8.0,2.725480556997868,29.0,4.0,3.2222222222222223,1,0,2,0,1
C0240,153.0,580.0,19.333333333333332,12.0,0.0,0.0,1.0,38.81818181818182,49.0,0.0,1481445.0,123453.75,200838.0,212.0,17.666666666666668,0.0,0.08365155383024958,4.422222222222222,8.88888888888889,4.511111111111111,4.5,3.7,1.0,0.009090909090908896,8.0,11.0,2.8553885422075336,13.0,2.0,1.0833333333333333,1,1,1,5,0
C0241,1591.0,1591.0,53.03333333333333,1.0,0.0,0.0,0.0,0.0,0.0,0.0,273093.0,273093.0,273093.0,29.0,29.0,0.0,0.0,4.233333333333333,8.080128205128204,4.333333333333333,4.2,3.6,0.0,0.0,1.0,1.0,0.0,5.0,0.0,5.0,1,9,0,0,1
C0242,215.0,215.0,7.166666666666667,1.0,0.0,0.0,0.0,0.0,0.0,0.0,44744.0,44744.0,44744.0,14.0,14.0,0.0,0.0,4.6,9.0,4.9,4.6,4.6,1.0,0.0,1.0,1.0,0.0,6.0,3.0,6.0,1,1,1,1,0
C0243,1627.0,1627.0,54.233333333333334,1.0,0.0,0.0,0.0,0.0,0.0,0.0,44610.0,44610.0,44610.0,5.0,5.0,0.0,0.0,4.0,8.0,3.8,4.0,4.0,1.0,0.0,1.0,1.0,0.0,5.0,0.0,5.0,1,11,2,5,2
C0244,37.0,648.0,21.6,15.0,0.0,1.0,3.0,43.642857142857146,56.0,-0.125,2605610.0,173707.33333333334,291492.0,382.0,25.466666666666665,181230.0,0.1726867398893665,4.357142857142857,8.142857142857142,4.435714285714285,4.3,3.6,1.0,0.11072664359861618,10.0,13.0,3.106890595608519,15.0,2.0,1.0,0,3,0,5,1
C0245,69.0,547.0,18.233333333333334,13.0,0.0,1.0,4.0,39.833333333333336,57.0,0.16666666666666666,1425213.0,109631.76923076923,242655.0,235.0,18.076923076923077,153538.0,0.5087891613899972,4.2,7.142857142857143,4.228571428571429,3.4,3.4,1.0,-0.16366906474820125,9.0,13.0,3.0269868333592873,28.0,6.0,2.1538461538461537,0,4,1,1,1
C0246,712.0,712.0,23.733333333333334,1.0,0.0,0.0,0.0,0.0,0.0,0.0,72199.0,72199.0,72199.0,17.0,17.0,0.0,0.0,3.4,3.0,3.7,3.4,3.4,1.0,0.0,1.0,1.0,0.0,2.0,0.0,2.0,1,3,1,3,3
C0247,170.0,443.0,14.766666666666667,5.0,0.0,0.0,1.0,68.25,81.0,0.5,424708.0,84941.6,119964.0,57.0,11.4,0.0,-0.023425514833193134,4.475,8.25,4.3,5.0,4.0,1.0,0.011235955056179735,4.0,5.0,1.9219280948873623,15.0,4.0,3.0,1,0,2,1,4
C0248,303.0,606.0,20.2,5.0,0.0,0.0,0.0,75.75,87.0,0.5,168844.0,33768.8,50016.0,25.0,5.0,0.0,1.5066155465343558,4.066666666666666,7.666666666666667,4.166666666666667,4.3,3.6,1.0,0.19444444444444436,4.0,5.0,1.9219280948873623,15.0,3.0,3.0,1,7,3,3,0
C0249,352.0,461.0,15.366666666666667,2.0,0.0,0.0,0.0,109.0,109.0,0.0,142958.0,71479.0,88638.0,31.0,15.5,0.0,0.0,4.7,10.0,4.8,4.7,4.7,1.0,0.0,2.0,2.0,1.0,4.0,2.0,2.0,1,7,1,5,2
C0250,1352.0,1380.0,46.0,2.0,0.0,0.0,0.0,28.0,28.0,0.0,463782.0,231891.0,265692.0,59.0,29.5,0.0,0.0,4.3,7.5,4.4,4.3,4.3,1.0,0.0,2.0,2.0,1.0,5.0,1.0,2.5,1,13,0,4,3
C0251,1486.0,1813.0,60.43333333333333,11.0,0.0,0.0,0.0,32.7,48.0,0.2,789817.0,71801.54545454546,119182.0,114.0,10.363636363636363,0.0,-0.13739310953760092,4.31,8.0,4.32,4.7,3.8,1.0,-0.03196347031963463,6.0,10.0,2.3685225277282065,36.0,2.0,3.272727272727273,1,0,2,2,4
C0252,538.0,1357.0,45.233333333333334,20.0,0.0,0.0,0.0,43.10526315789474,58.0,0.0,833564.0,41678.2,94170.0,113.0,5.65,0.0,-0.30954370310281887,4.23125,8.0625,4.3999999999999995,4.2,3.6,1.0,-0.05459770114942505,12.0,18.0,3.3464393446710154,61.0,3.0,3.05,1,8,3,5,1
C0253,385.0,486.0,16.2,3.0,0.0,0.0,0.0,50.5,57.0,-0.5,210110.0,70036.66666666667,93780.0,41.0,13.666666666666666,0.0,0.015945165945165946,3.9000000000000004,7.0,4.05,4.2,3.6,1.0,0.0,3.0,3.0,1.584962500721156,9.0,1.0,3.0,1,2,1,1,0
C0254,1129.0,1613.0,53.766666666666666,10.0,0.0,0.0,0.0,53.77777777777778,69.0,0.0,1667816.0,166781.6,305486.0,281.0,28.1,0.0,0.1605065573685546,4.328571428571428,8.428571428571429,4.357142857142857,4.8,4.0,1.0,0.025390625000000014,7.0,9.0,2.6464393446710157,34.0,3.0,3.4,1,3,0,0,1
C0255,1119.0,1734.0,57.8,19.0,0.0,0.0,0.0,34.166666666666664,48.0,-0.1,2255637.0,118717.73684210527,207069.0,347.0,18.263157894736842,0.0,0.040332903225806425,4.17857142857143,8.071428571428571,4.142857142857144,4.6,3.6,1.0,0.024221453287197145,10.0,18.0,3.2210972500579573,21.0,3.0,1.105263157894737,1,2,1,0,0
C0256,197.0,929.0,30.966666666666665,10.0,0.0,0.0,0.0,81.33333333333333,92.0,0.0,1119500.0,111950.0,291825.0,157.0,15.7,0.0,0.09038218796447739,4.1,8.142857142857142,4.142857142857143,4.5,3.7,1.0,0.10560344827586216,7.0,10.0,2.721928094887362,14.0,1.0,1.4,1,6,1,3,1
C0257,1604.0,1670.0,55.666666666666664,4.0,0.0,0.0,0.0,22.0,39.0,-0.6666666666666666,505785.0,126446.25,163200.0,93.0,23.25,0.0,-0.26815613764766305,4.033333333333333,6.0,4.1000000000000005,5.0,3.4,1.0,0.2794117647058823,3.0,3.0,1.5,11.0,0.0,2.75,1,9,0,2,0
C0258,1244.0,1665.0,55.5,8.0,0.0,0.0,0.0,60.142857142857146,71.0,0.0,703188.0,87898.5,140826.0,95.0,11.875,0.0,0.4693017571952299,4.316666666666666,7.333333333333333,4.283333333333333,4.2,3.3,1.0,0.15833333333333321,5.0,7.0,2.1556390622295662,8.0,0.0,1.0,1,13,2,4,0
C0259,310.0,911.0,30.366666666666667,10.0,0.0,0.0,0.0,66.77777777777777,77.0,0.0,526490.0,52649.0,115765.0,107.0,10.7,0.0,0.3659388214569785,4.414285714285714,7.571428571428571,4.371428571428572,3.9,3.2,1.0,-0.1517241379310345,8.0,10.0,2.9219280948873623,24.0,4.0,2.4,1,8,2,5,4
C0260,46.0,435.0,14.5,8.0,0.0,1.0,3.0,55.57142857142857,68.0,0.0,981468.0,122683.5,240856.0,163.0,20.375,129183.0,-0.12180083359167786,4.214285714285714,8.571428571428571,4.242857142857143,4.5,3.5,1.0,0.005952380952380825,6.0,7.0,2.5,8.0,2.0,1.0,0,11,0,0,3
C0261,427.0,744.0,24.8,6.0,0.0,0.0,0.0,63.4,74.0,0.0,285566.0,47594.333333333336,76992.0,36.0,6.0,0.0,-0.4378056652698607,4.425000000000001,8.25,4.525,4.6,3.7,1.0,-0.11702127659574464,5.0,5.0,2.2516291673878226,8.0,1.0,1.3333333333333333,1,13,3,5,2
C0262,273.0,273.0,9.1,1.0,0.0,0.0,0.0,0.0,0.0,0.0,135828.0,135828.0,135828.0,18.0,18.0,0.0,0.0,4.1,8.0,4.4,4.1,4.1,1.0,0.0,1.0,1.0,0.0,4.0,3.0,4.0,1,11,0,2,3
C0263,856.0,1209.0,40.3,11.0,0.0,0.0,0.0,35.3,46.0,-0.16666666666666666,1679448.0,152677.0909090909,250380.0,267.0,24.272727272727273,0.0,-0.06372372372372373,4.427272727272728,8.181818181818182,4.4363636363636365,4.4,3.9,1.0,0.028287461773700243,7.0,11.0,2.7321588913645702,37.0,3.0,3.3636363636363638,1,4,0,2,4
C0264,207.0,415.0,13.833333333333334,4.0,0.0,0.0,0.0,69.33333333333333,77.0,0.0,339479.0,84869.75,106931.0,43.0,10.75,0.0,0.08704660027050289,4.225,8.25,4.325,4.1,3.8,1.0,0.08641975308641989,3.0,3.0,1.5,5.0,1.0,1.25,1,2,2,1,2
C0265,1130.0,1182.0,39.4,2.0,0.0,0.0,0.0,52.0,52.0,0.0,85864.0,42932.0,67320.0,12.0,6.0,0.0,0.0,4.8,9.0,4.7,4.8,4.8,1.0,0.0,2.0,2.0,1.0,5.0,0.0,2.5,1,4,3,0,3
C0266,1398.0,1661.0,55.36666666666667,5.0,0.0,0.0,0.0,65.75,73.0,-0.3333333333333333,782766.0,156553.2,230146.0,137.0,27.4,0.0,0.06043576589993939,4.425,8.5,4.699999999999999,5.0,3.8,1.0,0.24050632911392422,4.0,4.0,1.9219280948873623,20.0,1.0,4.0,1,0,0,3,3
C0267,1448.0,1614.0,53.8,3.0,0.0,0.0,0.0,83.0,97.0,-0.5,450775.0,150258.33333333334,197425.0,75.0,25.0,0.0,-0.3041517442631649,4.366666666666666,9.0,4.466666666666666,4.6,3.8,1.0,-0.10638297872340444,3.0,3.0,1.584962500721156,12.0,0.0,4.0,1,6,1,0,3
C0268,1262.0,1588.0,52.93333333333333,5.0,0.0,0.0,0.0,81.5,87.0,-0.3333333333333333,163511.0,32702.2,55764.0,24.0,4.8,0.0,-0.15525791587519466,4.25,8.5,4.15,4.8,3.6,1.0,0.2972972972972972,5.0,5.0,2.321928094887362,17.0,3.0,3.4,1,6,3,5,0
C0269,55.0,745.0,24.833333333333332,13.0,0.0,1.0,3.0,57.5,66.0,0.16666666666666666,2224934.0,171148.76923076922,306025.0,333.0,25.615384615384617,158236.0,-0.18604851449701704,4.036363636363637,7.818181818181818,4.263636363636364,4.6,3.5,1.0,0.04483925549915411,9.0,10.0,3.0269868333592873,30.0,6.0,2.3076923076923075,0,10,0,4,2
C0270,33.0,317.0,10.566666666666666,6.0,0.0,1.0,3.0,56.8,70.0,0.0,439731.0,73288.5,97845.0,60.0,10.0,73557.0,0.572338633252606,4.033333333333333,8.0,4.066666666666666,4.1,3.6,1.0,-0.12500000000000014,5.0,6.0,2.2516291673878226,22.0,9.0,3.6666666666666665,0,13,2,3,4
C0271,265.0,631.0,21.033333333333335,7.0,0.0,0.0,0.0,61.0,70.0,0.3333333333333333,369635.0,52805.0,97104.0,64.0,9.142857142857142,0.0,0.5074876020944112,4.671428571428571,9.142857142857142,4.8428571428571425,4.8,3.9,1.0,-0.022887323943661983,6.0,6.0,2.521640636343318,19.0,2.0,2.7142857142857144,1,3,2,2,2
C0272,106.0,331.0,11.033333333333333,3.0,0.0,0.0,1.0,112.5,115.0,-0.5,234082.0,78027.33333333333,110377.0,49.0,16.333333333333332,0.0,-0.43962510305589025,4.2,7.666666666666667,4.333333333333333,4.1,3.8,1.0,0.15789473684210542,3.0,3.0,1.584962500721156,11.0,7.0,3.6666666666666665,1,7,1,1,0
C0273,856.0,957.0,31.9,3.0,0.0,0.0,0.0,50.5,59.0,1.0,378057.0,126019.0,142709.0,52.0,17.333333333333332,0.0,0.2461249261010937,4.2,9.0,4.5,4.5,3.9,1.0,0.0,2.0,3.0,0.9182958340544896,6.0,0.0,2.0,1,10,0,5,0
C0274,1179.0,1223.0,40.766666666666666,2.0,0.0,0.0,0.0,44.0,44.0,0.0,69430.0,34715.0,41520.0,20.0,10.0,0.0,0.0,4.0,8.0,4.0,4.0,4.0,1.0,0.0,2.0,2.0,1.0,5.0,0.0,2.5,1,11,2,2,0
C0275,213.0,1045.0,34.833333333333336,12.0,0.0,0.0,0.0,75.63636363636364,85.0,0.0,2223435.0,185286.25,344120.0,305.0,25.416666666666668,0.0,-0.11989795486946722,4.257142857142857,8.571428571428571,4.0285714285714285,4.6,3.5,1.0,0.052419354838709485,7.0,9.0,2.4508257945180882,27.0,5.0,2.25,1,6,0,3,4
C0276,884.0,1593.0,53.1,11.0,0.0,0.0,0.0,70.9,86.0,-0.16666666666666666,1537706.0,139791.45454545456,260192.0,265.0,24.09090909090909,0.0,-0.27751700899146425,4.25,8.1,4.24,4.5,3.4,1.0,0.125,8.0,10.0,2.913977073182752,23.0,2.0,2.090909090909091,1,2,0,1,1
C0277,85.0,446.0,14.866666666666667,5.0,0.0,1.0,2.0,90.25,94.0,0.5,419573.0,83914.6,110064.0,77.0,15.4,63915.0,-0.11591471054586582,4.32,8.0,4.359999999999999,5.0,3.8,1.0,-0.030303030303030394,5.0,5.0,2.321928094887362,19.0,7.0,3.8,0,8,1,0,2
C0278,205.0,843.0,28.1,9.0,0.0,0.0,0.0,79.75,93.0,0.25,1368840.0,152093.33333333334,215096.0,204.0,22.666666666666668,0.0,0.30936380377079364,4.128571428571429,8.0,4.257142857142857,3.5,3.5,1.0,-0.09541984732824434,5.0,9.0,2.0588138903312014,19.0,2.0,2.111111111111111,1,5,0,2,1
C0279,599.0,1247.0,41.56666666666667,10.0,0.0,0.0,0.0,72.0,84.0,0.0,1248236.0,124823.6,199920.0,249.0,24.9,0.0,-0.17888489460538293,4.016666666666667,7.833333333333333,4.033333333333333,4.0,3.7,1.0,0.008333333333333304,7.0,8.0,2.721928094887362,11.0,0.0,1.1,1,6,0,1,2
C0280,177.0,177.0,5.9,1.0,0.0,0.0,1.0,0.0,0.0,0.0,159904.0,159904.0,159904.0,32.0,32.0,0.0,0.0,3.7,7.0,3.7,3.7,3.7,1.0,0.0,1.0,1.0,0.0,6.0,3.0,6.0,1,4,0,3,2
C0281,1399.0,1418.0,47.266666666666666,2.0,0.0,0.0,0.0,19.0,19.0,0.0,235976.0,117988.0,119084.0,26.0,13.0,0.0,0.0,4.550000000000001,8.0,4.6,4.9,4.2,1.0,0.0,2.0,2.0,1.0,6.0,0.0,3.0,1,10,2,1,2
C0282,688.0,1293.0,43.1,13.0,0.0,0.0,0.0,50.416666666666664,59.0,0.16666666666666666,2109085.0,162237.3076923077,345120.0,325.0,25.0,0.0,-0.06225200505794436,4.436363636363636,8.545454545454545,4.5,3.9,3.9,1.0,-0.0015015015015015364,8.0,11.0,2.931208948910323,39.0,3.0,3.0,1,12,0,1,4
C0283,53.0,676.0,22.533333333333335,17.0,0.0,1.0,4.0,38.9375,51.0,-0.1111111111111111,1850289.0,108840.5294117647,204375.0,300.0,17.647058823529413,63323.0,-0.023759050766952658,4.146153846153846,7.6923076923076925,4.207692307692308,4.4,3.6,1.0,-0.059477487493052095,10.0,15.0,3.1751231351134606,35.0,6.0,2.0588235294117645,0,13,1,3,1
C0284,1061.0,1825.0,60.833333333333336,18.0,0.0,0.0,0.0,44.94117647058823,60.0,0.0,809760.0,44986.666666666664,99999.0,121.0,6.722222222222222,0.0,-0.3932121866331192,4.15625,7.6875,4.1875,3.7,3.4,1.0,-0.13202247191011232,10.0,16.0,3.239097917988786,21.0,1.0,1.1666666666666667,1,7,3,1,2
C0285,484.0,822.0,27.4,8.0,0.0,0.0,0.0,48.285714285714285,63.0,0.0,843006.0,105375.75,161766.0,143.0,17.875,0.0,-0.029075027880323855,4.0,6.857142857142857,4.085714285714286,4.4,3.3,1.0,-0.07000000000000006,6.0,8.0,2.4056390622295662,11.0,2.0,1.375,1,10,1,1,2
C0286,1291.0,1794.0,59.8,16.0,0.0,0.0,0.0,33.53333333333333,48.0,0.0,709995.0,44374.6875,83529.0,102.0,6.375,0.0,-0.38883568731392054,4.116666666666667,8.083333333333334,4.241666666666666,4.5,3.5,1.0,0.041322314049586625,8.0,14.0,2.85845859334435,52.0,2.0,3.25,1,1,3,5,1
C0287,181.0,473.0,15.766666666666667,6.0,0.0,0.0,0.0,58.4,69.0,0.0,1014681.0,169113.5,235076.0,153.0,25.5,0.0,-0.029362983103515358,4.05,7.5,4.05,4.0,3.7,1.0,-0.02439024390243915,4.0,6.0,1.9182958340544896,9.0,2.0,1.5,1,11,0,3,1
C0288,508.0,1130.0,37.666666666666664,11.0,0.0,0.0,0.0,62.2,74.0,0.2,666004.0,60545.818181818184,81466.0,118.0,10.727272727272727,0.0,0.11947353112274577,3.9375,7.0,4.075,4.1,3.4,1.0,0.006369426751592221,7.0,10.0,2.7321588913645702,27.0,3.0,2.4545454545454546,1,5,2,5,3
C0289,20.0,832.0,27.733333333333334,17.0,1.0,2.0,4.0,50.75,59.0,0.125,846838.0,49814.0,104229.0,109.0,6.411764705882353,101746.0,0.8433577895219105,4.171428571428572,7.785714285714286,4.342857142857143,4.0,3.3,1.0,-0.07260726072607235,10.0,17.0,3.2195282822995472,18.0,3.0,1.0588235294117647,0,5,3,0,0
C0290,441.0,960.0,32.0,7.0,0.0,0.0,0.0,86.5,100.0,-0.25,297799.0,42542.71428571428,89215.0,38.0,5.428571428571429,0.0,1.21541663347407,4.1571428571428575,8.428571428571429,4.457142857142857,4.4,3.6,1.0,-0.003999999999999985,5.0,6.0,2.2359263506290326,9.0,0.0,1.2857142857142858,1,4,3,1,2
C0291,292.0,742.0,24.733333333333334,17.0,0.0,0.0,0.0,28.125,42.0,0.125,706705.0,41570.882352941175,100413.0,112.0,6.588235294117647,0.0,0.26884896781506545,4.22,8.133333333333333,4.3533333333333335,4.9,3.3,1.0,0.23902671755725172,7.0,13.0,2.7333716642706998,37.0,2.0,2.176470588235294,1,8,3,1,4
C0292,60.0,589.0,19.633333333333333,11.0,0.0,1.0,3.0,52.9,63.0,-0.16666666666666666,447009.0,40637.181818181816,77260.0,68.0,6.181818181818182,33504.0,-0.02100635234170635,4.22,8.1,4.35,4.5,3.6,1.0,-0.07305936073059346,8.0,10.0,2.913977073182752,13.0,4.0,1.1818181818181819,0,10,3,4,0
C0293,115.0,373.0,12.433333333333334,5.0,0.0,0.0,2.0,64.5,82.0,-0.3333333333333333,178701.0,35740.2,69320.0,21.0,4.2,0.0,-0.5508036416769697,4.3999999999999995,8.0,4.433333333333333,4.5,4.3,1.0,0.03488372093023264,5.0,5.0,2.321928094887362,11.0,1.0,2.2,1,12,3,0,1
C0294,63.0,532.0,17.733333333333334,12.0,0.0,1.0,3.0,42.63636363636363,58.0,0.0,2179055.0,181587.91666666666,338592.0,284.0,23.666666666666668,338592.0,-0.09594732749054119,4.5,8.545454545454545,4.627272727272728,4.0,4.0,1.0,0.0081845238095239,7.0,12.0,2.6258145836939115,27.0,7.0,2.25,0,0,0,5,2
C0295,62.0,540.0,18.0,11.0,0.0,1.0,3.0,47.8,55.0,0.2,405881.0,36898.27272727273,73392.0,62.0,5.636363636363637,68715.0,0.38338914994898965,4.430000000000001,8.6,4.59,3.6,3.6,1.0,-0.09051724137931032,7.0,10.0,2.6635327548042547,12.0,4.0,1.0909090909090908,0,9,3,2,2
C0296,920.0,1679.0,55.96666666666667,13.0,0.0,0.0,0.0,63.25,78.0,-0.14285714285714285,570968.0,43920.61538461538,100270.0,91.0,7.0,0.0,-0.07594135743896077,4.136363636363636,7.545454545454546,4.281818181818182,4.9,3.4,1.0,0.05306799336650072,6.0,10.0,2.353533948577482,42.0,3.0,3.230769230769231,1,10,3,1,3
C0297,48.0,48.0,1.6,1.0,0.0,1.0,1.0,0.0,0.0,0.0,105480.0,105480.0,105480.0,20.0,20.0,105480.0,0.0,4.6,10.0,4.5,4.6,4.6,1.0,0.0,1.0,1.0,0.0,4.0,4.0,4.0,0,2,1,1,3
C0298,750.0,1614.0,53.8,19.0,0.0,0.0,0.0,48.0,68.0,0.1111111111111111,2411986.0,126946.63157894737,198840.0,368.0,19.36842105263158,0.0,0.058275358135171255,3.9529411764705875,7.352941176470588,4.205882352941177,4.5,3.4,1.0,-0.010482180293501122,9.0,17.0,3.11583409216322,38.0,2.0,2.0,1,5,1,5,1
C0299,34.0,34.0,1.1333333333333333,1.0,0.0,1.0,1.0,0.0,0.0,0.0,41650.0,41650.0,41650.0,5.0,5.0,41650.0,0.0,3.9,7.0,4.3,3.9,3.9,1.0,0.0,1.0,1.0,0.0,5.0,5.0,5.0,0,2,3,3,2
C0300,44.0,605.0,20.166666666666668,10.0,0.0,1.0,3.0,62.333333333333336,74.0,0.0,359582.0,35958.2,79200.0,57.0,5.7,30402.0,-0.30931334750145767,4.42,8.4,4.470000000000001,4.0,3.9,1.0,0.08490566037735858,8.0,10.0,2.9219280948873623,22.0,4.0,2.2,0,12,3,0,3
C0301,885.0,1067.0,35.56666666666667,8.0,0.0,0.0,0.0,26.0,41.0,-0.4,445910.0,55738.75,115740.0,61.0,7.625,0.0,0.9403114985427354,4.214285714285714,7.857142857142857,4.257142857142857,3.4,3.4,1.0,-0.07386363636363621,6.0,7.0,2.5,24.0,4.0,3.0,1,7,2,5,2
C0302,158.0,566.0,18.866666666666667,9.0,0.0,0.0,1.0,51.0,59.0,0.25,609504.0,67722.66666666667,97440.0,84.0,9.333333333333334,0.0,0.14632551641552743,4.574999999999999,8.625,4.6000000000000005,4.4,4.1,1.0,0.0,6.0,8.0,2.5032583347756456,32.0,5.0,3.5555555555555554,1,8,2,4,2
C0303,159.0,255.0,8.5,2.0,0.0,0.0,1.0,96.0,96.0,0.0,247424.0,123712.0,178976.0,40.0,20.0,0.0,0.0,3.7,7.0,3.8,3.7,3.7,1.0,0.0,2.0,2.0,1.0,10.0,4.0,5.0,1,9,1,1,2
C0304,174.0,663.0,22.1,9.0,0.0,0.0,1.0,61.125,67.0,0.25,500079.0,55564.333333333336,97173.0,60.0,6.666666666666667,0.0,-0.4939398589024952,4.2,7.5,4.316666666666666,4.2,3.7,1.0,0.06557377049180327,6.0,8.0,2.4193819456463714,18.0,3.0,2.0,1,12,3,5,2
C0305,116.0,335.0,11.166666666666666,3.0,0.0,0.0,1.0,109.5,114.0,1.0,201824.0,67274.66666666667,102300.0,46.0,15.333333333333334,0.0,-0.5135679374389052,3.55,5.5,3.7,3.4,3.4,1.0,0.0,3.0,3.0,1.584962500721156,9.0,3.0,3.0,1,3,1,0,2
C0306,523.0,860.0,28.666666666666668,4.0,0.0,0.0,0.0,112.33333333333333,115.0,0.0,183587.0,45896.75,52590.0,30.0,7.5,0.0,-0.03353720583982262,4.375,9.25,4.5,4.6,3.6,1.0,0.1604938271604937,3.0,4.0,1.5,13.0,1.0,3.25,1,8,3,2,1
C0307,153.0,299.0,9.966666666666667,4.0,0.0,0.0,1.0,48.666666666666664,56.0,0.0,199321.0,49830.25,93762.0,25.0,6.25,0.0,-0.2699631982779572,4.0,8.0,4.125,3.5,3.5,1.0,-0.09523809523809532,4.0,4.0,2.0,8.0,3.0,2.0,1,6,3,0,1
C0308,26.0,436.0,14.533333333333333,13.0,1.0,3.0,6.0,34.166666666666664,53.0,0.16666666666666666,994020.0,76463.07692307692,134100.0,147.0,11.307692307692308,118985.0,-0.1619641848128236,4.475,8.666666666666666,4.558333333333333,4.8,3.8,1.0,-0.0037174721189590946,8.0,12.0,2.7773627950641693,31.0,4.0,2.3846153846153846,0,1,2,1,3
C0309,1510.0,1714.0,57.13333333333333,4.0,0.0,0.0,0.0,68.0,76.0,0.0,348205.0,87051.25,108953.0,56.0,14.0,0.0,-0.34086967294350845,4.125,8.0,4.3,3.9,3.7,1.0,-0.14606741573033716,4.0,4.0,2.0,5.0,0.0,1.25,1,4,1,1,4
C0310,50.0,336.0,11.2,10.0,0.0,1.0,4.0,31.77777777777778,47.0,-0.3333333333333333,1979244.0,197924.4,386756.0,260.0,26.0,238409.0,0.0384109152253305,4.389999999999999,8.5,4.540000000000001,4.8,3.8,1.0,0.06103286384976542,8.0,10.0,2.9219280948873623,12.0,2.0,1.2,0,11,0,0,1
C0311,123.0,604.0,20.133333333333333,11.0,0.0,0.0,2.0,48.1,66.0,-0.16666666666666666,1333238.0,121203.45454545454,174041.0,206.0,18.727272727272727,0.0,0.019859399333581218,4.081818181818182,7.545454545454546,4.218181818181818,3.4,3.4,1.0,-0.147897897897898,8.0,10.0,2.8453509366224368,38.0,9.0,3.4545454545454546,1,11,1,4,0
C0312,1093.0,1632.0,54.4,12.0,0.0,0.0,0.0,49.0,67.0,-0.2857142857142857,1705919.0,142159.91666666666,264814.0,198.0,16.5,0.0,0.018480743063361463,4.2700000000000005,7.3,4.430000000000001,4.2,3.3,1.0,-0.013953488372092933,6.0,9.0,2.3553885422075336,15.0,1.0,1.25,1,1,1,2,3
C0313,92.0,92.0,3.066666666666667,1.0,0.0,0.0,1.0,0.0,0.0,0.0,38355.0,38355.0,38355.0,5.0,5.0,0.0,0.0,4.3,7.0,4.6,4.3,4.3,1.0,0.0,1.0,1.0,0.0,2.0,2.0,2.0,1,4,3,3,2
C0314,366.0,525.0,17.5,3.0,0.0,0.0,0.0,79.5,85.0,1.0,255590.0,85196.66666666667,155220.0,29.0,9.666666666666666,0.0,2.001424735601951,4.2,5.666666666666667,4.366666666666667,4.2,3.4,1.0,-0.24000000000000005,3.0,3.0,1.584962500721156,9.0,2.0,3.0,1,6,2,2,2
C0315,717.0,1245.0,41.5,9.0,0.0,0.0,0.0,66.0,73.0,-0.2,528758.0,58750.88888888889,113120.0,106.0,11.777777777777779,0.0,-0.05083983228164769,4.199999999999999,7.5,4.3375,4.3,3.8,1.0,0.024096385542168808,6.0,9.0,2.5032583347756456,11.0,1.0,1.2222222222222223,1,13,2,2,3
C0316,1354.0,1745.0,58.166666666666664,5.0,0.0,0.0,0.0,97.75,107.0,0.5,286865.0,57373.0,82120.0,35.0,7.0,0.0,0.15914992744214465,4.475,8.5,4.4,4.5,4.0,1.0,-0.09574468085106387,5.0,5.0,2.321928094887362,6.0,0.0,1.2,1,5,2,4,1
C0317,546.0,1010.0,33.666666666666664,7.0,0.0,0.0,0.0,77.33333333333333,83.0,0.3333333333333333,245130.0,35018.57142857143,79983.0,37.0,5.285714285714286,0.0,-0.08718479794508152,4.366666666666667,8.5,4.383333333333333,3.8,3.8,1.0,0.0,6.0,7.0,2.521640636343318,12.0,3.0,1.7142857142857142,1,1,3,4,2
C0318,905.0,1475.0,49.166666666666664,14.0,0.0,0.0,0.0,43.84615384615385,57.0,0.0,2440780.0,174341.42857142858,238204.0,349.0,24.928571428571427,0.0,0.27662402469907343,4.083333333333333,8.333333333333334,4.083333333333333,4.8,3.4,1.0,0.18749999999999994,6.0,10.0,2.3787834934861753,15.0,0.0,1.0714285714285714,1,7,0,0,3
C0319,68.0,721.0,24.033333333333335,11.0,0.0,1.0,2.0,65.3,74.0,0.2,600210.0,54564.545454545456,93208.0,96.0,8.727272727272727,49448.0,0.23636203134353487,4.3,7.571428571428571,4.371428571428571,3.3,3.3,1.0,0.027559055118110347,7.0,11.0,2.6635327548042547,11.0,3.0,1.0,0,10,2,3,3
C0320,802.0,1288.0,42.93333333333333,15.0,0.0,0.0,0.0,34.714285714285715,52.0,0.14285714285714285,724598.0,48306.53333333333,100070.0,97.0,6.466666666666667,0.0,0.014690388266466379,4.183333333333334,7.5,4.2,4.6,3.4,1.0,-0.06923076923076898,10.0,12.0,3.1898980954642875,20.0,1.0,1.3333333333333333,1,4,3,1,3
C0321,735.0,1774.0,59.13333333333333,14.0,0.0,0.0,0.0,79.92307692307692,95.0,0.0,475906.0,33993.28571428572,71104.0,72.0,5.142857142857143,0.0,-0.11202354882731927,4.3999999999999995,8.307692307692308,4.438461538461538,4.3,3.7,1.0,0.014176663031625018,8.0,11.0,2.753434386188785,42.0,3.0,3.0,1,7,3,2,0
C0322,256.0,710.0,23.666666666666668,6.0,0.0,0.0,0.0,90.8,99.0,0.0,632771.0,105461.83333333333,203566.0,92.0,15.333333333333334,0.0,-0.44949351394000586,4.380000000000001,8.2,4.5600000000000005,4.0,4.0,1.0,-0.00757575757575775,4.0,6.0,1.9182958340544896,22.0,2.0,3.6666666666666665,1,7,1,0,0
C0323,216.0,575.0,19.166666666666668,5.0,0.0,0.0,0.0,89.75,104.0,0.5,324606.0,64921.2,101750.0,32.0,6.4,0.0,-0.3041355789915525,3.8200000000000003,7.6,3.8800000000000003,3.5,3.5,1.0,0.07762557077625566,2.0,4.0,0.7219280948873623,5.0,0.0,1.0,1,1,3,1,0
C0324,969.0,1532.0,51.06666666666667,14.0,0.0,0.0,0.0,43.30769230769231,55.0,0.3333333333333333,2359727.0,168551.92857142858,380765.0,362.0,25.857142857142858,0.0,0.013080565809330733,4.3100000000000005,8.1,4.36,4.1,3.7,1.0,0.004651162790697782,7.0,12.0,2.521640636343318,31.0,1.0,2.2142857142857144,1,8,0,3,3
C0325,1301.0,1584.0,52.8,4.0,0.0,0.0,0.0,94.33333333333333,105.0,0.0,357068.0,89267.0,188100.0,47.0,11.75,0.0,-0.5536368902229082,4.5,9.0,4.3,4.7,3.9,1.0,0.23076923076923098,2.0,4.0,0.8112781244591328,9.0,0.0,2.25,1,1,1,0,4
C0326,130.0,183.0,6.1,2.0,0.0,0.0,1.0,53.0,53.0,0.0,242088.0,121044.0,170127.0,44.0,22.0,0.0,0.0,4.0,7.0,4.0,4.0,4.0,1.0,0.0,2.0,2.0,1.0,5.0,4.0,2.5,1,13,0,1,1
C0327,773.0,1370.0,45.666666666666664,14.0,0.0,0.0,0.0,45.92307692307692,59.0,0.0,2645125.0,188937.5,335488.0,380.0,27.142857142857142,0.0,-0.12683589733421322,4.23,8.2,4.279999999999999,4.2,3.5,1.0,-0.15283842794759828,10.0,12.0,3.1820058147602133,43.0,4.0,3.0714285714285716,1,5,0,3,3
C0328,654.0,1526.0,50.86666666666667,12.0,0.0,0.0,0.0,79.27272727272727,91.0,0.0,1654747.0,137895.58333333334,288365.0,279.0,23.25,0.0,0.4865652353582027,4.190909090909091,8.454545454545455,4.281818181818182,4.9,3.5,1.0,0.004784688995215422,8.0,11.0,2.8553885422075336,26.0,3.0,2.1666666666666665,1,13,0,0,2
C0329,361.0,770.0,25.666666666666668,6.0,0.0,0.0,0.0,81.8,92.0,0.0,414934.0,69155.66666666667,123071.0,53.0,8.833333333333334,0.0,-0.49297396243821123,4.375,8.5,4.5249999999999995,4.4,4.2,1.0,-0.03370786516853921,5.0,5.0,2.2516291673878226,9.0,1.0,1.5,1,1,2,3,2
C0330,376.0,629.0,20.966666666666665,8.0,0.0,0.0,0.0,36.142857142857146,53.0,0.0,335637.0,41954.625,86149.0,44.0,5.5,0.0,-0.24223205635130535,4.316666666666667,8.666666666666666,4.3999999999999995,4.4,3.6,1.0,-0.03787878787878794,8.0,8.0,3.0,17.0,4.0,2.125,1,3,3,1,3
C0331,35.0,410.0,13.666666666666666,10.0,0.0,1.0,4.0,41.666666666666664,57.0,0.0,1355334.0,135533.4,246840.0,173.0,17.3,156883.0,0.02819316809503073,4.1875,8.25,4.3375,4.2,3.5,1.0,-0.005952380952381037,6.0,9.0,2.4464393446710155,20.0,6.0,2.0,0,2,1,5,2
C0332,544.0,1187.0,39.56666666666667,9.0,0.0,0.0,0.0,80.375,96.0,0.25,666348.0,74038.66666666667,100730.0,93.0,10.333333333333334,0.0,0.21295350874543098,4.449999999999999,8.25,4.2875,4.3,4.0,1.0,0.06976744186046528,7.0,9.0,2.725480556997868,10.0,0.0,1.1111111111111112,1,0,2,0,3
C0333,1479.0,1753.0,58.43333333333333,9.0,0.0,0.0,0.0,34.25,46.0,0.25,1297342.0,144149.11111111112,267520.0,231.0,25.666666666666668,0.0,-0.31899484867078587,4.328571428571428,8.428571428571429,4.285714285714286,5.0,3.8,1.0,-0.015267175572519031,7.0,8.0,2.725480556997868,9.0,1.0,1.0,1,5,0,0,4
C0334,97.0,840.0,28.0,18.0,0.0,0.0,2.0,43.705882352941174,59.0,0.0,2702458.0,150136.55555555556,334830.0,442.0,24.555555555555557,0.0,-0.10030009047000117,4.22,7.6,4.453333333333334,4.4,3.4,1.0,-0.010101010101010274,11.0,17.0,3.350209029099897,21.0,3.0,1.1666666666666667,1,8,0,2,2
C0335,65.0,465.0,15.5,8.0,0.0,1.0,3.0,57.142857142857146,62.0,0.0,571110.0,71388.75,105365.0,90.0,11.25,104118.0,0.002187608460155026,4.4125,8.125,4.425,3.9,3.8,1.0,-0.02793296089385475,7.0,8.0,2.75,26.0,7.0,3.25,0,6,2,5,3
C0336,58.0,686.0,22.866666666666667,12.0,0.0,1.0,3.0,57.09090909090909,69.0,0.0,1644089.0,137007.41666666666,295744.0,313.0,26.083333333333332,185823.0,-0.3628541356108743,4.279999999999999,8.5,4.45,4.0,3.6,1.0,0.14000000000000012,7.0,9.0,2.6258145836939115,26.0,6.0,2.1666666666666665,0,9,0,3,1
C0337,1268.0,1308.0,43.6,2.0,0.0,0.0,0.0,40.0,40.0,0.0,122282.0,61141.0,86120.0,17.0,8.5,0.0,0.0,4.4,8.5,4.5,4.8,4.0,1.0,0.0,2.0,2.0,1.0,8.0,0.0,4.0,1,13,3,4,1
C0338,1293.0,1628.0,54.266666666666666,4.0,0.0,0.0,0.0,111.66666666666667,121.0,0.0,682573.0,170643.25,259710.0,103.0,25.75,0.0,0.635844422647688,4.1,8.5,4.175,4.7,3.7,1.0,0.1866666666666667,4.0,4.0,2.0,5.0,0.0,1.25,1,7,0,4,3
C0339,168.0,1000.0,33.333333333333336,12.0,0.0,0.0,1.0,75.63636363636364,87.0,0.0,2075235.0,172936.25,281554.0,305.0,25.416666666666668,0.0,0.15588448260995572,4.333333333333333,8.5,4.416666666666666,4.1,3.6,1.0,-0.07407407407407401,5.0,9.0,1.896240625180289,25.0,4.0,2.0833333333333335,1,12,0,1,1
C0340,358.0,710.0,23.666666666666668,8.0,0.0,0.0,0.0,50.285714285714285,66.0,0.0,1054700.0,131837.5,266464.0,147.0,18.375,0.0,0.12626125172618868,4.233333333333333,8.0,4.166666666666667,4.5,3.7,1.0,-0.11851851851851866,6.0,8.0,2.5,25.0,6.0,3.125,1,3,1,3,0
C0341,1130.0,1434.0,47.8,6.0,0.0,0.0,0.0,60.8,71.0,0.0,758176.0,126362.66666666667,174667.0,125.0,20.833333333333332,0.0,0.057672005058852546,4.466666666666666,8.666666666666666,4.633333333333333,3.8,3.8,1.0,-0.10416666666666667,5.0,5.0,2.2516291673878226,9.0,0.0,1.5,1,3,0,3,3
C0342,154.0,214.0,7.133333333333334,3.0,0.0,0.0,1.0,30.0,32.0,-0.5,201119.0,67039.66666666667,108549.0,21.0,7.0,0.0,2.4419639357114855,4.066666666666666,8.333333333333334,4.3,3.8,3.8,1.0,-0.14444444444444451,3.0,3.0,1.584962500721156,9.0,7.0,3.0,1,6,3,2,3
C0343,52.0,166.0,5.533333333333333,4.0,0.0,1.0,4.0,38.0,49.0,0.0,276795.0,69198.75,82187.0,28.0,7.0,44925.0,-0.27208315125788124,4.074999999999999,8.25,4.275,3.9,3.7,1.0,-0.12643678160919536,3.0,3.0,1.5,7.0,3.0,1.75,0,1,2,2,2
C0344,1154.0,1746.0,58.2,12.0,0.0,0.0,0.0,53.81818181818182,68.0,0.0,2185045.0,182087.08333333334,349866.0,296.0,24.666666666666668,0.0,0.18338780865323226,4.2,7.6,4.319999999999999,4.0,3.4,1.0,0.038834951456310496,8.0,11.0,2.918295834054489,38.0,3.0,3.1666666666666665,1,10,0,1,3
C0345,424.0,1333.0,44.43333333333333,17.0,0.0,0.0,0.0,56.8125,69.0,0.125,2951568.0,173621.64705882352,305052.0,412.0,24.235294117647058,0.0,0.6224645879877707,4.3,8.266666666666667,4.426666666666667,3.6,3.5,1.0,-0.03664495114006512,10.0,15.0,3.2195282822995472,56.0,6.0,3.2941176470588234,1,4,0,4,3
C0346,285.0,748.0,24.933333333333334,11.0,0.0,0.0,0.0,46.3,53.0,0.2,675814.0,61437.63636363636,113256.0,119.0,10.818181818181818,0.0,0.23032420554800295,4.385714285714285,8.428571428571429,4.257142857142857,3.9,3.8,1.0,-0.11702127659574482,7.0,9.0,2.6635327548042547,23.0,1.0,2.090909090909091,1,4,2,3,2
C0347,159.0,493.0,16.433333333333334,5.0,0.0,0.0,1.0,83.5,87.0,0.5,947707.0,189541.4,259825.0,137.0,27.4,0.0,0.28393773425295304,4.2,8.666666666666666,4.433333333333334,4.9,3.8,1.0,0.15789473684210542,5.0,5.0,2.321928094887362,5.0,1.0,1.0,1,1,0,3,2
C0348,57.0,386.0,12.866666666666667,8.0,0.0,1.0,3.0,47.0,56.0,0.0,861543.0,107692.875,192104.0,149.0,18.625,192104.0,0.5082697441779894,4.1,7.0,4.1875,4.0,3.4,1.0,0.06289308176100618,6.0,8.0,2.5,10.0,4.0,1.25,0,12,1,1,0
C0349,1288.0,1776.0,59.2,14.0,0.0,0.0,0.0,37.53846153846154,51.0,0.0,602286.0,43020.42857142857,76965.0,85.0,6.071428571428571,0.0,-0.11048122201969567,4.377777777777777,8.444444444444445,4.477777777777778,4.3,3.9,1.0,-0.009090909090908898,9.0,14.0,3.0930692077718898,32.0,4.0,2.2857142857142856,1,11,3,4,1
C0350,877.0,1388.0,46.266666666666666,9.0,0.0,0.0,0.0,63.875,72.0,-0.2,1136343.0,126260.33333333333,191520.0,158.0,17.555555555555557,0.0,0.23842966311484232,4.142857142857143,8.0,4.2142857142857135,4.4,3.6,1.0,0.018292682926829312,5.0,6.0,2.113283334294875,9.0,1.0,1.0,1,8,1,3,4
C0351,156.0,697.0,23.233333333333334,9.0,0.0,0.0,1.0,67.625,82.0,-0.2,1695960.0,188440.0,433545.0,225.0,25.0,0.0,-0.3005172276597437,4.4,8.4,4.48,3.9,3.9,1.0,0.07936507936507929,7.0,8.0,2.725480556997868,32.0,1.0,3.5555555555555554,1,0,0,3,4
C0352,158.0,318.0,10.6,4.0,0.0,0.0,1.0,53.333333333333336,61.0,0.0,231933.0,57983.25,79101.0,30.0,7.5,0.0,-0.18164498906319826,4.566666666666666,8.666666666666666,4.7,4.7,4.0,1.0,-0.13000000000000006,4.0,4.0,2.0,11.0,4.0,2.75,1,12,3,3,3
C0353,425.0,1203.0,40.1,8.0,0.0,0.0,0.0,111.14285714285714,121.0,0.0,1053411.0,131676.375,210482.0,132.0,16.5,0.0,-0.04753228748090924,4.3,8.2,4.26,4.6,4.0,1.0,0.03968253968253954,5.0,6.0,2.0,19.0,3.0,2.375,1,10,1,3,2
C0354,1373.0,1827.0,60.9,13.0,0.0,0.0,0.0,37.833333333333336,48.0,-0.14285714285714285,824421.0,63417.0,126900.0,123.0,9.461538461538462,0.0,0.40382229771175904,4.366666666666667,8.333333333333334,4.425,4.0,3.7,1.0,-0.10830324909747294,8.0,12.0,2.7773627950641693,18.0,0.0,1.3846153846153846,1,0,2,3,4
C0355,42.0,214.0,7.133333333333334,5.0,0.0,2.0,4.0,43.0,57.0,-0.3333333333333333,456567.0,91313.4,150297.0,79.0,15.8,183605.0,-0.31196090474537347,4.3,8.0,4.3999999999999995,5.0,3.8,1.0,0.07317073170731725,5.0,5.0,2.321928094887362,10.0,3.0,2.0,0,3,1,0,0
C0356,361.0,995.0,33.166666666666664,8.0,0.0,0.0,0.0,90.57142857142857,103.0,0.0,218035.0,27254.375,51600.0,44.0,5.5,0.0,-0.043019728220869906,4.1,8.4,4.28,3.7,3.5,1.0,-0.16483516483516492,5.0,7.0,2.1556390622295662,9.0,1.0,1.125,1,9,3,4,0
C0357,33.0,643.0,21.433333333333334,16.0,0.0,2.0,4.0,40.666666666666664,51.0,0.0,1253898.0,78368.625,135954.0,172.0,10.75,79512.0,-0.15734389052497927,4.330769230769231,8.615384615384615,4.446153846153846,4.7,3.7,1.0,-0.042964554242749774,9.0,14.0,3.0306390622295662,36.0,8.0,2.25,0,2,2,3,4
C0358,135.0,401.0,13.366666666666667,5.0,0.0,0.0,1.0,66.5,75.0,0.5,518820.0,103764.0,185856.0,87.0,17.4,0.0,-0.287510317355886,4.375,8.5,4.475,4.8,3.7,1.0,0.034883720930232225,5.0,5.0,2.321928094887362,15.0,5.0,3.0,1,2,1,2,2
C0359,1176.0,1212.0,40.4,4.0,0.0,0.0,0.0,12.0,14.0,0.0,655625.0,163906.25,225607.0,106.0,26.5,0.0,-0.13691027615642992,4.4,8.0,4.3,4.0,4.0,1.0,0.0,4.0,4.0,2.0,9.0,1.0,2.25,1,11,0,0,0
C0360,109.0,109.0,3.6333333333333333,1.0,0.0,0.0,1.0,0.0,0.0,0.0,39220.0,39220.0,39220.0,10.0,10.0,0.0,0.0,3.9,8.0,4.0,3.9,3.9,1.0,0.0,1.0,1.0,0.0,7.0,6.0,7.0,1,1,3,2,2
C0361,426.0,1452.0,48.4,20.0,0.0,0.0,0.0,54.0,70.0,0.0,671888.0,33594.4,69815.0,108.0,5.4,0.0,-0.21095122964351518,4.121428571428572,8.285714285714286,4.200000000000001,4.3,3.6,1.0,0.03169014084507053,9.0,17.0,2.970950594454669,60.0,4.0,3.0,1,4,3,5,1
C0362,329.0,627.0,20.9,9.0,0.0,0.0,0.0,37.25,45.0,0.25,957678.0,106408.66666666667,152475.0,163.0,18.11111111111111,0.0,-0.009525144952430335,4.387499999999999,8.5,4.425,3.9,3.7,1.0,0.028901734104046454,6.0,8.0,2.5032583347756456,30.0,6.0,3.3333333333333335,1,4,1,5,0
C0363,1305.0,1568.0,52.266666666666666,6.0,0.0,0.0,0.0,52.6,59.0,0.0,246132.0,41022.0,67711.0,34.0,5.666666666666667,0.0,0.014305355506088899,4.08,7.0,4.32,4.2,3.5,1.0,0.09956709956709955,4.0,5.0,1.792481250360578,9.0,0.0,1.5,1,12,3,4,3
C0364,186.0,378.0,12.6,6.0,0.0,0.0,0.0,38.4,53.0,0.0,247170.0,41195.0,78984.0,36.0,6.0,0.0,-0.4826887661141805,4.279999999999999,8.0,4.4799999999999995,4.2,3.7,1.0,0.0117647058823529,5.0,6.0,2.2516291673878226,20.0,7.0,3.3333333333333335,1,1,3,3,1
C0365,1610.0,1744.0,58.13333333333333,3.0,0.0,0.0,0.0,67.0,68.0,1.0,745113.0,248371.0,394450.0,84.0,28.0,0.0,0.1515859470242713,4.05,7.0,4.0,3.9,3.9,1.0,0.0,2.0,3.0,0.9182958340544896,8.0,0.0,2.6666666666666665,1,3,0,2,2
C0366,1185.0,1455.0,48.5,8.0,0.0,0.0,0.0,38.57142857142857,48.0,0.0,779686.0,97460.75,194184.0,142.0,17.75,0.0,-0.2581403297908703,4.171428571428572,8.142857142857142,4.328571428571428,3.7,3.6,1.0,-0.12777777777777782,5.0,7.0,2.25,13.0,3.0,1.625,1,9,1,4,3
C0367,1084.0,1467.0,48.9,6.0,0.0,0.0,0.0,76.6,89.0,0.0,191850.0,31975.0,74934.0,23.0,3.8333333333333335,0.0,-0.5705344569372108,4.583333333333333,9.166666666666666,4.583333333333333,4.5,3.5,1.0,0.052238805970149266,4.0,5.0,1.9182958340544896,23.0,3.0,3.8333333333333335,1,0,3,2,0
C0368,1279.0,1279.0,42.63333333333333,1.0,0.0,0.0,0.0,0.0,0.0,0.0,42205.0,42205.0,42205.0,5.0,5.0,0.0,0.0,4.1,7.0,4.5,4.1,4.1,1.0,0.0,1.0,1.0,0.0,3.0,0.0,3.0,1,4,3,1,3
C0369,33.0,457.0,15.233333333333333,13.0,0.0,2.0,5.0,35.333333333333336,52.0,-0.14285714285714285,1805145.0,138857.3076923077,229488.0,295.0,22.692307692307693,409295.0,0.17432720696428772,4.359999999999999,8.6,4.45,4.8,3.6,1.0,0.018518518518518535,7.0,12.0,2.7192945256669794,31.0,6.0,2.3846153846153846,0,6,0,0,2
C0370,1214.0,1628.0,54.266666666666666,14.0,0.0,0.0,0.0,31.846153846153847,48.0,0.3333333333333333,582397.0,41599.78571428572,77740.0,99.0,7.071428571428571,0.0,-0.017203166226912807,3.9454545454545458,7.454545454545454,3.9999999999999996,3.7,3.4,1.0,-0.015912897822445485,7.0,14.0,2.610577243331642,33.0,3.0,2.357142857142857,1,2,3,2,1
C0371,1200.0,1822.0,60.733333333333334,15.0,0.0,0.0,0.0,44.42857142857143,60.0,-0.125,849739.0,56649.26666666667,131499.0,92.0,6.133333333333334,0.0,0.09922201717934766,4.2153846153846155,8.0,4.3769230769230765,4.1,3.5,1.0,0.014228799089357022,7.0,12.0,2.6062389286533896,19.0,1.0,1.2666666666666666,1,6,3,2,1
C0372,844.0,1390.0,46.333333333333336,10.0,0.0,0.0,0.0,60.666666666666664,69.0,0.0,1442316.0,144231.6,287375.0,193.0,19.3,0.0,0.44589266545585887,4.275,8.75,4.362500000000001,3.9,3.8,1.0,0.0117647058823529,6.0,10.0,2.321928094887362,10.0,0.0,1.0,1,8,1,2,4
C0373,88.0,265.0,8.833333333333334,4.0,0.0,1.0,2.0,59.0,66.0,0.0,304200.0,76050.0,124572.0,45.0,11.25,34408.0,0.0947527888720562,4.35,8.75,4.425000000000001,3.8,3.8,1.0,0.023255813953488497,4.0,4.0,2.0,8.0,2.0,2.0,0,7,2,2,1
C0374,1072.0,1457.0,48.56666666666667,6.0,0.0,0.0,0.0,77.0,84.0,0.0,1101570.0,183595.0,276896.0,174.0,29.0,0.0,0.16409113947923665,4.425,9.0,4.675,3.8,3.8,1.0,-0.07608695652173907,5.0,6.0,2.2516291673878226,21.0,1.0,3.5,1,7,0,4,2
C0375,320.0,809.0,26.966666666666665,16.0,0.0,0.0,0.0,32.6,51.0,0.2857142857142857,2951939.0,184496.1875,307335.0,454.0,28.375,0.0,-0.298089058135412,4.357142857142857,8.5,4.407142857142857,3.7,3.7,1.0,0.0,10.0,15.0,3.202819531114783,36.0,7.0,2.25,1,11,0,0,1
C0376,167.0,567.0,18.9,8.0,0.0,0.0,1.0,57.142857142857146,68.0,0.0,564946.0,70618.25,123886.0,78.0,9.75,0.0,0.6252747508074072,4.26,8.2,4.4399999999999995,4.7,3.8,1.0,0.15384615384615388,7.0,8.0,2.75,19.0,2.0,2.375,1,13,2,4,4
C0377,886.0,1103.0,36.766666666666666,3.0,0.0,0.0,0.0,108.5,109.0,1.0,394704.0,131568.0,152160.0,64.0,21.333333333333332,0.0,0.5509431021044428,4.0,7.0,4.1,4.0,4.0,1.0,0.0,3.0,3.0,1.584962500721156,10.0,2.0,3.3333333333333335,1,7,0,4,2
C0378,664.0,1287.0,42.9,14.0,0.0,0.0,0.0,47.92307692307692,61.0,0.0,2352641.0,168045.7857142857,253950.0,376.0,26.857142857142858,0.0,-0.04542728012894004,4.207692307692308,8.384615384615385,4.207692307692307,4.7,3.3,1.0,-0.03279599777654261,10.0,13.0,3.2359263506290326,45.0,3.0,3.2142857142857144,1,8,0,2,4
C0379,110.0,709.0,23.633333333333333,7.0,0.0,0.0,1.0,99.83333333333333,108.0,-0.25,470911.0,67273.0,116701.0,65.0,9.285714285714286,0.0,1.033161938534279,4.257142857142857,8.285714285714286,4.314285714285714,5.0,3.7,1.0,0.22787610619469015,5.0,7.0,2.2359263506290326,14.0,3.0,2.0,1,6,2,1,1
C0380,338.0,941.0,31.366666666666667,15.0,0.0,0.0,0.0,43.07142857142857,57.0,-0.125,723671.0,48244.73333333333,91161.0,93.0,6.2,0.0,-0.048359819878034005,4.225,7.916666666666667,4.233333333333333,3.7,3.4,1.0,-0.13602941176470573,7.0,13.0,2.6062389286533896,46.0,4.0,3.066666666666667,1,12,3,1,1
C0381,503.0,876.0,29.2,10.0,0.0,0.0,0.0,41.44444444444444,53.0,0.0,1166130.0,116613.0,195228.0,182.0,18.2,0.0,-0.08529503036751346,4.512499999999999,8.5,4.625,4.1,4.0,1.0,-0.08994708994708991,7.0,9.0,2.721928094887362,24.0,4.0,2.4,1,7,1,4,3
C0382,126.0,455.0,15.166666666666666,4.0,0.0,0.0,1.0,109.66666666666667,120.0,0.0,587109.0,146777.25,175008.0,108.0,27.0,0.0,-0.05932984936981248,3.8000000000000003,7.0,3.8000000000000003,3.4,3.4,1.0,0.0405405405405404,4.0,4.0,2.0,9.0,1.0,2.25,1,6,0,4,4
C0383,1153.0,1603.0,53.43333333333333,10.0,0.0,0.0,0.0,50.0,61.0,0.0,589139.0,58913.9,116285.0,108.0,10.8,0.0,0.7011962238025153,4.15,8.125,4.2875,4.6,3.6,1.0,0.07499999999999996,7.0,8.0,2.6464393446710157,12.0,0.0,1.2,1,8,2,5,1
C0384,726.0,759.0,25.3,2.0,0.0,0.0,0.0,33.0,33.0,0.0,418647.0,209323.5,261312.0,49.0,24.5,0.0,0.0,4.9,9.0,4.7,4.8,4.8,1.0,0.0,2.0,2.0,1.0,5.0,0.0,2.5,1,4,0,3,2
C0385,1354.0,1552.0,51.733333333333334,3.0,0.0,0.0,0.0,99.0,111.0,-0.5,545265.0,181755.0,293896.0,85.0,28.333333333333332,0.0,-0.572350423278983,4.15,8.0,4.25,4.6,3.7,1.0,0.0,3.0,3.0,1.584962500721156,6.0,0.0,2.0,1,5,0,3,2
C0386,127.0,724.0,24.133333333333333,7.0,0.0,0.0,1.0,99.5,109.0,-0.25,486595.0,69513.57142857143,99708.0,77.0,11.0,0.0,0.0373751101968851,4.242857142857143,7.714285714285714,4.257142857142857,5.0,3.4,1.0,0.06097560975609734,6.0,7.0,2.521640636343318,21.0,5.0,3.0,1,7,2,0,0
C0387,694.0,1118.0,37.266666666666666,12.0,0.0,0.0,0.0,38.54545454545455,51.0,0.0,907787.0,75648.91666666667,129714.0,136.0,11.333333333333334,0.0,-0.21222588745015014,4.2,8.375,4.225,4.8,3.5,1.0,0.10000000000000009,8.0,12.0,2.918295834054489,36.0,3.0,3.0,1,13,2,0,2
C0388,81.0,825.0,27.5,16.0,0.0,1.0,3.0,49.6,64.0,0.0,1097791.0,68611.9375,137592.0,147.0,9.1875,42135.0,-0.3093142486643658,4.2,8.076923076923077,4.284615384615385,4.8,3.6,1.0,0.060889929742388764,10.0,14.0,3.125,34.0,3.0,2.125,0,12,2,1,4
C0389,108.0,734.0,24.466666666666665,7.0,0.0,0.0,1.0,104.33333333333333,116.0,-0.25,987838.0,141119.7142857143,196825.0,137.0,19.571428571428573,0.0,-0.1962874650829202,4.6,8.6,4.6,4.6,4.2,1.0,0.0,5.0,6.0,2.2359263506290326,8.0,3.0,1.1428571428571428,1,6,1,3,3
C0390,103.0,477.0,15.9,7.0,0.0,0.0,2.0,62.333333333333336,74.0,-0.25,501711.0,71673.0,130290.0,68.0,9.714285714285714,0.0,0.09354973837380211,4.1000000000000005,8.0,4.15,3.8,3.4,1.0,-0.04761904761904766,4.0,7.0,1.8423709931771084,7.0,2.0,1.0,1,7,2,4,3
C0391,812.0,1453.0,48.43333333333333,8.0,0.0,0.0,0.0,91.57142857142857,97.0,0.0,2007319.0,250914.875,331205.0,223.0,27.875,0.0,0.028500603299654998,3.9999999999999996,6.857142857142857,4.114285714285715,3.9,3.4,1.0,-0.05645161290322592,5.0,7.0,2.25,27.0,2.0,3.375,1,7,0,5,3
C0392,1330.0,1767.0,58.9,8.0,0.0,0.0,0.0,62.42857142857143,76.0,0.0,423460.0,52932.5,107874.0,56.0,7.0,0.0,0.44350836699365265,4.166666666666667,7.666666666666667,4.366666666666666,5.0,3.3,1.0,0.08333333333333326,6.0,7.0,2.5,19.0,0.0,2.375,1,1,3,5,2
C0393,1023.0,1568.0,52.266666666666666,12.0,0.0,0.0,0.0,49.54545454545455,62.0,0.0,502873.0,41906.083333333336,73948.0,64.0,5.333333333333333,0.0,-0.27510899056386967,4.2727272727272725,8.181818181818182,4.309090909090909,5.0,3.6,1.0,0.04967948717948748,8.0,12.0,2.7516291673878226,14.0,1.0,1.1666666666666667,1,0,3,1,4
C0394,160.0,241.0,8.033333333333333,2.0,0.0,0.0,1.0,81.0,81.0,0.0,165211.0,82605.5,90436.0,38.0,19.0,0.0,0.0,3.8499999999999996,7.5,4.1,4.1,3.6,1.0,0.0,2.0,2.0,1.0,4.0,3.0,2.0,1,0,1,1,1
C0395,158.0,825.0,27.5,12.0,0.0,0.0,1.0,60.63636363636363,71.0,0.0,1986466.0,165538.83333333334,271216.0,274.0,22.833333333333332,0.0,-0.21335746144014933,4.08,7.5,4.130000000000001,3.8,3.4,1.0,0.0,9.0,12.0,3.084962500721156,15.0,3.0,1.25,1,13,0,3,2
C0396,1416.0,1475.0,49.166666666666664,2.0,0.0,0.0,0.0,59.0,59.0,0.0,134261.0,67130.5,77316.0,19.0,9.5,0.0,0.0,4.85,9.0,5.0,4.9,4.8,1.0,0.0,2.0,2.0,1.0,11.0,0.0,5.5,1,2,2,2,1
C0397,332.0,387.0,12.9,3.0,0.0,0.0,0.0,27.5,35.0,1.0,268755.0,89585.0,103920.0,40.0,13.333333333333334,0.0,0.15898148148148147,4.050000000000001,7.5,4.15,4.4,3.7,1.0,0.0,2.0,3.0,0.9182958340544896,13.0,4.0,4.333333333333333,1,4,2,5,3
C0398,43.0,43.0,1.4333333333333333,1.0,0.0,1.0,1.0,0.0,0.0,0.0,144877.0,144877.0,144877.0,23.0,23.0,144877.0,0.0,4.233333333333333,8.080128205128204,4.333333333333333,4.2,3.6,0.0,0.0,1.0,1.0,0.0,6.0,6.0,6.0,0,0,1,4,0
C0399,695.0,1158.0,38.6,7.0,0.0,0.0,0.0,77.16666666666667,88.0,-0.25,451966.0,64566.57142857143,96192.0,73.0,10.428571428571429,0.0,0.09171221489345514,4.266666666666667,7.166666666666667,4.333333333333333,4.1,3.3,1.0,0.0,4.0,7.0,1.9502120649147467,26.0,3.0,3.7142857142857144,1,0,2,4,0
C0400,482.0,1131.0,37.7,8.0,0.0,0.0,0.0,92.71428571428571,101.0,0.0,1192899.0,149112.375,241247.0,147.0,18.375,0.0,-0.33485623832695416,4.4750000000000005,8.25,4.6625,4.4,3.9,1.0,0.09356725146198838,6.0,8.0,2.5,28.0,3.0,3.5,1,10,1,4,2
C0401,818.0,1118.0,37.266666666666666,8.0,0.0,0.0,0.0,42.857142857142854,58.0,0.0,432154.0,54019.25,100290.0,71.0,8.875,0.0,0.2747820777361351,4.3,8.0,4.242857142857143,4.1,3.7,1.0,2.0655312086049424e-16,6.0,8.0,2.5,17.0,4.0,2.125,1,13,2,3,1
C0402,689.0,689.0,22.966666666666665,1.0,0.0,0.0,0.0,0.0,0.0,0.0,100738.0,100738.0,100738.0,22.0,22.0,0.0,0.0,4.5,10.0,4.7,4.5,4.5,1.0,0.0,1.0,1.0,0.0,5.0,0.0,5.0,1,9,1,4,3
C0403,674.0,944.0,31.466666666666665,6.0,0.0,0.0,0.0,54.0,64.0,0.0,357427.0,59571.166666666664,104460.0,65.0,10.833333333333334,0.0,-0.2035774956525235,3.9250000000000003,7.5,4.05,3.5,3.5,1.0,-0.06172839506172861,5.0,6.0,2.2516291673878226,20.0,4.0,3.3333333333333335,1,8,2,4,3
C0404,47.0,47.0,1.5666666666666667,1.0,0.0,1.0,1.0,0.0,0.0,0.0,45184.0,45184.0,45184.0,16.0,16.0,45184.0,0.0,3.7,7.0,4.1,3.7,3.7,1.0,0.0,1.0,1.0,0.0,2.0,2.0,2.0,0,5,0,3,1
C0405,1055.0,1437.0,47.9,9.0,0.0,0.0,0.0,47.75,55.0,-0.2,1113062.0,123673.55555555556,262608.0,154.0,17.11111111111111,0.0,0.15970676461720287,4.122222222222224,8.0,4.255555555555556,4.7,3.5,1.0,0.04347826086956517,7.0,8.0,2.725480556997868,30.0,2.0,3.3333333333333335,1,4,1,0,3
C0406,1167.0,1209.0,40.3,2.0,0.0,0.0,0.0,42.0,42.0,0.0,102212.0,51106.0,52724.0,15.0,7.5,0.0,0.0,4.0,7.0,4.15,4.1,3.9,1.0,0.0,2.0,2.0,1.0,5.0,0.0,2.5,1,10,3,3,0
C0407,39.0,274.0,9.133333333333333,6.0,0.0,1.0,3.0,47.0,57.0,0.0,165042.0,27507.0,66785.0,20.0,3.3333333333333335,15276.0,-0.5378468407810341,4.4,9.0,4.7,4.6,4.2,1.0,0.0,5.0,6.0,2.2516291673878226,21.0,9.0,3.5,0,9,3,3,4
C0408,39.0,649.0,21.633333333333333,13.0,0.0,2.0,3.0,50.833333333333336,63.0,0.16666666666666666,1035054.0,79619.53846153847,138330.0,140.0,10.76923076923077,180795.0,0.027370136973581465,4.190909090909091,8.272727272727273,4.318181818181818,3.4,3.4,1.0,-0.05478395061728389,8.0,13.0,2.7192945256669794,42.0,8.0,3.230769230769231,0,4,2,3,2
C0409,803.0,832.0,27.733333333333334,2.0,0.0,0.0,0.0,29.0,29.0,0.0,47908.0,23954.0,24372.0,5.0,2.5,0.0,0.0,3.8,8.0,4.05,4.1,3.5,1.0,0.0,2.0,2.0,1.0,6.0,0.0,3.0,1,4,3,0,1
C0410,681.0,1204.0,40.13333333333333,18.0,0.0,0.0,0.0,30.764705882352942,46.0,0.25,2240039.0,124446.61111111111,200073.0,286.0,15.88888888888889,0.0,-0.02085925020144472,4.2,8.083333333333334,4.333333333333333,3.7,3.7,1.0,-0.06896551724137928,9.0,16.0,2.974937501201927,59.0,7.0,3.2777777777777777,1,12,1,1,2
C0411,721.0,1354.0,45.13333333333333,20.0,0.0,0.0,0.0,33.31578947368421,46.0,-0.18181818181818182,1461701.0,73085.05,141063.0,173.0,8.65,0.0,-0.06379523426644297,4.3500000000000005,7.6875,4.41875,4.5,3.4,1.0,-0.07734806629834245,9.0,17.0,3.0037016960573486,23.0,1.0,1.15,1,8,2,0,3
C0412,1691.0,1775.0,59.166666666666664,2.0,0.0,0.0,0.0,84.0,84.0,0.0,243060.0,121530.0,123204.0,20.0,10.0,0.0,0.0,4.3,8.5,4.35,3.9,3.9,1.0,0.0,1.0,2.0,0.0,4.0,0.0,2.0,1,8,2,1,3
C0413,233.0,709.0,23.633333333333333,5.0,0.0,0.0,0.0,119.0,132.0,0.5,619000.0,123800.0,215992.0,115.0,23.0,0.0,0.8736646844695056,4.220000000000001,6.8,4.24,4.2,3.3,1.0,-0.20138888888888898,5.0,5.0,2.321928094887362,12.0,1.0,2.4,1,10,0,5,0
C0414,491.0,1294.0,43.13333333333333,13.0,0.0,0.0,0.0,66.91666666666667,82.0,0.16666666666666666,930748.0,71596.0,168210.0,127.0,9.76923076923077,0.0,-0.16506194614114125,4.233333333333333,8.25,4.416666666666667,4.7,3.5,1.0,-0.015624999999999944,8.0,11.0,2.873140679513133,27.0,3.0,2.076923076923077,1,11,2,5,1
C0415,241.0,536.0,17.866666666666667,8.0,0.0,0.0,0.0,42.142857142857146,55.0,0.0,1348944.0,168618.0,285180.0,210.0,26.25,0.0,0.04961520637549476,4.18,8.4,4.42,4.5,3.6,1.0,0.05349794238683131,6.0,7.0,2.5,20.0,3.0,2.5,1,2,0,5,4
C0416,694.0,1029.0,34.3,7.0,0.0,0.0,0.0,55.833333333333336,68.0,0.3333333333333333,703750.0,100535.71428571429,155745.0,82.0,11.714285714285714,0.0,0.031374981015541946,4.25,8.333333333333334,4.3500000000000005,4.0,3.5,1.0,0.17948717948717965,4.0,6.0,1.9502120649147467,19.0,1.0,2.7142857142857144,1,9,2,3,4
C0417,553.0,1315.0,43.833333333333336,18.0,0.0,0.0,0.0,44.8235294117647,57.0,-0.2,2444318.0,135795.44444444444,222300.0,426.0,23.666666666666668,0.0,-0.012999987806414546,4.30625,8.1875,4.38125,4.9,3.6,1.0,0.11349693251533728,9.0,14.0,2.614369445886757,39.0,1.0,2.1666666666666665,1,13,0,2,3
C0418,44.0,107.0,3.566666666666667,3.0,0.0,2.0,3.0,31.5,39.0,1.0,219172.0,73057.33333333333,99580.0,25.0,8.333333333333334,119592.0,-0.3995179754970878,4.5,8.0,4.5,4.2,4.2,1.0,-0.15,3.0,3.0,1.584962500721156,11.0,11.0,3.6666666666666665,0,11,2,3,3
C0419,1627.0,1787.0,59.56666666666667,3.0,0.0,0.0,0.0,80.0,82.0,1.0,147468.0,49156.0,64274.0,17.0,5.666666666666667,0.0,-0.35281762454491705,4.2,7.0,4.4,4.2,4.2,1.0,0.0,3.0,3.0,1.584962500721156,14.0,0.0,4.666666666666667,1,9,3,4,2
C0420,1031.0,1433.0,47.766666666666666,6.0,0.0,0.0,0.0,80.4,90.0,0.0,477412.0,79568.66666666667,129267.0,57.0,9.5,0.0,-0.18155778760488922,3.84,5.8,3.8400000000000007,3.9,3.4,1.0,-0.06666666666666676,5.0,6.0,2.2516291673878226,16.0,0.0,2.6666666666666665,1,13,2,5,0
C0421,114.0,114.0,3.8,1.0,0.0,0.0,1.0,0.0,0.0,0.0,74004.0,74004.0,74004.0,12.0,12.0,0.0,0.0,5.0,9.0,5.0,5.0,5.0,1.0,0.0,1.0,1.0,0.0,4.0,3.0,4.0,1,1,2,5,3
C0422,319.0,826.0,27.533333333333335,8.0,0.0,0.0,0.0,72.42857142857143,83.0,0.0,717942.0,89742.75,191176.0,158.0,19.75,0.0,0.28038267785563187,4.014285714285714,7.571428571428571,4.1,3.8,3.7,1.0,-0.02254098360655719,5.0,7.0,2.0,11.0,2.0,1.375,1,6,1,4,4
C0423,890.0,1146.0,38.2,8.0,0.0,0.0,0.0,36.57142857142857,47.0,0.0,323374.0,40421.75,65728.0,48.0,6.0,0.0,0.18876021198973894,4.128571428571429,7.857142857142857,4.271428571428571,3.6,3.5,1.0,-0.17934782608695662,7.0,8.0,2.75,25.0,0.0,3.125,1,6,3,5,3
C0424,191.0,802.0,26.733333333333334,10.0,0.0,0.0,0.0,67.88888888888889,87.0,0.0,705584.0,70558.4,136612.0,117.0,11.7,0.0,0.11164182677919439,4.4375,8.25,4.5375,4.8,3.4,1.0,0.07602339181286553,6.0,8.0,2.4464393446710155,15.0,1.0,1.5,1,1,2,2,0
C0425,170.0,503.0,16.766666666666666,8.0,0.0,0.0,1.0,47.57142857142857,52.0,0.0,428747.0,53593.375,67888.0,58.0,7.25,0.0,-0.01792318502903214,4.383333333333333,8.5,4.55,4.9,3.7,1.0,-0.12142857142857137,4.0,7.0,1.75,27.0,3.0,3.375,1,13,3,1,2
C0426,1363.0,1693.0,56.43333333333333,6.0,0.0,0.0,0.0,66.0,76.0,0.0,955270.0,159211.66666666666,239904.0,149.0,24.833333333333332,0.0,0.21738121213527997,3.966666666666667,7.666666666666667,4.3,3.5,3.5,1.0,-0.08333333333333336,5.0,5.0,2.2516291673878226,14.0,0.0,2.3333333333333335,1,4,0,2,1
C0427,120.0,120.0,4.0,1.0,0.0,0.0,1.0,0.0,0.0,0.0,100320.0,100320.0,100320.0,15.0,15.0,0.0,0.0,4.2,7.0,4.4,4.2,4.2,1.0,0.0,1.0,1.0,0.0,3.0,2.0,3.0,1,13,2,2,1
C0428,494.0,560.0,18.666666666666668,3.0,0.0,0.0,0.0,33.0,35.0,-0.5,306742.0,102247.33333333333,136689.0,50.0,16.666666666666668,0.0,0.3577363792727537,4.233333333333333,8.080128205128204,4.333333333333333,4.2,3.6,0.0,0.0,3.0,3.0,1.584962500721156,11.0,3.0,3.6666666666666665,1,12,1,2,1
C0429,480.0,951.0,31.7,11.0,0.0,0.0,0.0,47.1,54.0,-0.16666666666666666,532056.0,48368.72727272727,68232.0,95.0,8.636363636363637,0.0,-0.026009141652128177,4.51,7.8,4.64,4.4,3.4,1.0,0.013392857142857454,6.0,9.0,2.3685225277282065,22.0,4.0,2.0,1,4,2,3,3
C0430,677.0,1078.0,35.93333333333333,14.0,0.0,0.0,0.0,30.846153846153847,46.0,0.0,1961851.0,140132.2142857143,216600.0,322.0,23.0,0.0,0.03336653438070373,4.246153846153846,8.153846153846153,4.3538461538461535,4.8,3.5,1.0,0.00562429696287962,8.0,13.0,2.8423709931771084,42.0,1.0,3.0,1,11,0,0,2
C0431,65.0,65.0,2.1666666666666665,1.0,0.0,1.0,1.0,0.0,0.0,0.0,48125.0,48125.0,48125.0,11.0,11.0,48125.0,0.0,3.5,7.0,3.6,3.5,3.5,1.0,0.0,1.0,1.0,0.0,7.0,7.0,7.0,0,8,2,4,0
C0432,609.0,1260.0,42.0,10.0,0.0,0.0,0.0,72.33333333333333,86.0,0.0,415683.0,41568.3,98530.0,66.0,6.6,0.0,-0.3879383226426948,4.425,8.25,4.3999999999999995,5.0,3.6,1.0,0.14545454545454536,7.0,9.0,2.6464393446710157,14.0,0.0,1.4,1,4,3,4,0
C0433,624.0,893.0,29.766666666666666,7.0,0.0,0.0,0.0,44.833333333333336,60.0,-0.25,360452.0,51493.142857142855,91683.0,42.0,6.0,0.0,0.00406985420546199,4.1,8.0,4.34,3.6,3.6,1.0,-0.058823529411764705,5.0,7.0,2.2359263506290326,12.0,2.0,1.7142857142857142,1,10,3,2,0
C0434,207.0,553.0,18.433333333333334,9.0,0.0,0.0,0.0,43.25,56.0,0.25,646719.0,71857.66666666667,163030.0,95.0,10.555555555555555,0.0,0.8412055991750305,4.142857142857143,7.285714285714286,4.185714285714286,3.4,3.4,1.0,0.018292682926829094,7.0,9.0,2.725480556997868,10.0,4.0,1.1111111111111112,1,3,2,3,1
C0435,908.0,1554.0,51.8,19.0,0.0,0.0,0.0,35.888888888888886,49.0,-0.1,2905406.0,152916.1052631579,302575.0,352.0,18.526315789473685,0.0,0.19536391894090135,4.328571428571428,7.785714285714286,4.385714285714285,5.0,3.4,1.0,-0.019607843137254836,9.0,15.0,2.925853014561283,23.0,3.0,1.2105263157894737,1,5,1,5,0
C0436,77.0,250.0,8.333333333333334,3.0,0.0,1.0,2.0,86.5,88.0,-0.5,230347.0,76782.33333333333,92380.0,45.0,15.0,88561.0,-0.25326369344013855,4.15,7.5,4.3,4.3,4.0,1.0,0.0,3.0,3.0,1.584962500721156,7.0,3.0,2.3333333333333335,0,13,1,5,3
C0437,743.0,1425.0,47.5,17.0,0.0,0.0,0.0,42.625,57.0,-0.1111111111111111,2090710.0,122982.94117647059,197940.0,313.0,18.41176470588235,0.0,-0.20054517405182282,4.314285714285715,8.285714285714286,4.4642857142857135,4.1,3.6,1.0,0.07560137457044647,8.0,15.0,2.727497224852472,18.0,2.0,1.0588235294117647,1,4,1,4,3
C0438,804.0,1022.0,34.06666666666667,3.0,0.0,0.0,0.0,109.0,110.0,-0.5,248201.0,82733.66666666667,111345.0,34.0,11.333333333333334,0.0,0.9701532643312102,4.233333333333333,8.080128205128204,4.333333333333333,4.2,3.6,0.0,0.0,3.0,3.0,1.584962500721156,13.0,0.0,4.333333333333333,1,8,2,3,0
C0439,119.0,363.0,12.1,4.0,0.0,0.0,1.0,81.33333333333333,87.0,0.0,188644.0,47161.0,110440.0,21.0,5.25,0.0,4.28478144989339,4.5,8.75,4.625,4.3,4.2,1.0,0.02247191011235947,4.0,4.0,2.0,11.0,4.0,2.75,1,12,3,1,2
C0440,782.0,1334.0,44.46666666666667,14.0,0.0,0.0,0.0,42.46153846153846,56.0,0.0,1643275.0,117376.78571428571,276100.0,231.0,16.5,0.0,0.07397277908755422,4.316666666666666,8.5,4.491666666666666,4.1,3.5,1.0,-0.03787878787878775,5.0,12.0,2.074164743022575,31.0,3.0,2.2142857142857144,1,8,1,5,2
C0441,16.0,195.0,6.5,5.0,1.0,2.0,4.0,44.75,54.0,-0.3333333333333333,105978.0,21195.6,32480.0,19.0,3.8,54698.0,0.5299506694855532,4.0200000000000005,7.8,4.279999999999999,4.4,3.6,1.0,0.0735930735930738,5.0,5.0,2.321928094887362,11.0,5.0,2.2,0,12,3,3,2
C0442,459.0,1044.0,34.8,7.0,0.0,0.0,0.0,97.5,111.0,0.3333333333333333,646799.0,92399.85714285714,150990.0,79.0,11.285714285714286,0.0,0.40816442293147775,4.22,8.6,4.4399999999999995,4.5,3.8,1.0,0.007936507936508122,5.0,6.0,2.2359263506290326,14.0,0.0,2.0,1,0,2,2,3
C0443,692.0,1412.0,47.06666666666667,14.0,0.0,0.0,0.0,55.38461538461539,69.0,0.0,2276463.0,162604.5,284970.0,351.0,25.071428571428573,0.0,0.045767892110387835,4.1,8.090909090909092,4.28181818181818,3.9,3.5,1.0,0.10395189003436403,9.0,12.0,2.950212064914747,29.0,2.0,2.0714285714285716,1,0,0,3,4
C0444,574.0,841.0,28.033333333333335,10.0,0.0,0.0,0.0,29.666666666666668,47.0,0.0,1332315.0,133231.5,226650.0,183.0,18.3,0.0,0.22967782748181295,4.077777777777778,7.777777777777778,4.133333333333334,4.1,3.6,1.0,-0.03132530120481925,7.0,9.0,2.721928094887362,14.0,1.0,1.4,1,9,1,4,3
C0445,129.0,744.0,24.8,9.0,0.0,0.0,1.0,76.875,89.0,0.25,380553.0,42283.666666666664,88522.0,54.0,6.0,0.0,-0.41616461893008605,4.2875,7.75,4.3125,4.0,3.3,1.0,-0.1459459459459459,7.0,9.0,2.725480556997868,18.0,2.0,2.0,1,13,3,2,4
C0446,779.0,865.0,28.833333333333332,4.0,0.0,0.0,0.0,28.666666666666668,36.0,0.0,454664.0,113666.0,178224.0,84.0,21.0,0.0,-0.6443803072225933,3.9000000000000004,7.75,3.9499999999999997,3.8,3.7,1.0,0.07999999999999995,4.0,4.0,2.0,6.0,0.0,1.5,1,0,1,4,3
C0447,284.0,544.0,18.133333333333333,5.0,0.0,0.0,0.0,65.0,70.0,-0.3333333333333333,1094520.0,218904.0,342545.0,134.0,26.8,0.0,-0.2505547253543449,4.4,8.0,4.25,4.4,3.8,1.0,0.14634146341463428,3.0,4.0,1.5219280948873621,20.0,6.0,4.0,1,7,0,0,3
C0448,559.0,1019.0,33.96666666666667,5.0,0.0,0.0,0.0,115.0,129.0,0.5,538468.0,107693.6,130091.0,77.0,15.4,0.0,0.22351049751296168,4.175,8.0,4.074999999999999,5.0,3.6,1.0,0.19736842105263158,5.0,5.0,2.321928094887362,6.0,0.0,1.2,1,11,1,4,3
C0449,51.0,51.0,1.7,1.0,0.0,1.0,1.0,0.0,0.0,0.0,48450.0,48450.0,48450.0,5.0,5.0,48450.0,0.0,4.233333333333333,8.080128205128204,4.333333333333333,4.2,3.6,0.0,0.0,1.0,1.0,0.0,6.0,6.0,6.0,0,9,2,5,0
C0450,148.0,756.0,25.2,12.0,0.0,0.0,1.0,55.27272727272727,68.0,0.0,844270.0,70355.83333333333,119854.0,118.0,9.833333333333334,0.0,0.04248164410736541,4.355555555555556,8.88888888888889,4.4,3.5,3.5,1.0,0.023255813953488497,8.0,12.0,2.918295834054489,41.0,4.0,3.4166666666666665,1,12,2,2,4
C0451,44.0,501.0,16.7,5.0,0.0,1.0,2.0,114.25,125.0,-0.3333333333333333,918695.0,183739.0,328474.0,134.0,26.8,86760.0,1.3937372475536125,4.175,7.5,4.4,5.0,3.3,1.0,-0.011904761904761862,3.0,5.0,1.5219280948873621,11.0,3.0,2.2,0,8,0,0,3
C0452,1103.0,1597.0,53.233333333333334,7.0,0.0,0.0,0.0,82.33333333333333,100.0,-0.25,603337.0,86191.0,156587.0,100.0,14.285714285714286,0.0,0.9022950271968488,4.4399999999999995,8.6,4.42,3.7,3.7,1.0,-0.12500000000000028,5.0,7.0,2.2359263506290326,11.0,0.0,1.5714285714285714,1,6,1,2,0
C0453,441.0,1597.0,53.233333333333334,14.0,0.0,0.0,0.0,88.92307692307692,99.0,0.0,2129534.0,152109.57142857142,349885.0,348.0,24.857142857142858,0.0,-0.2237067757477079,4.183333333333333,8.0,4.2250000000000005,4.0,3.9,1.0,-0.015810276679841844,9.0,13.0,2.950212064914747,17.0,0.0,1.2142857142857142,1,0,0,4,0
C0454,57.0,98.0,3.2666666666666666,2.0,0.0,1.0,2.0,41.0,41.0,0.0,435490.0,217745.0,233700.0,64.0,32.0,233700.0,0.0,4.7,9.0,4.75,4.5,4.5,1.0,0.0,2.0,2.0,1.0,8.0,5.0,4.0,0,9,0,3,4
C0455,49.0,49.0,1.6333333333333333,1.0,0.0,1.0,1.0,0.0,0.0,0.0,68120.0,68120.0,68120.0,13.0,13.0,68120.0,0.0,4.0,7.0,3.6,4.0,4.0,1.0,0.0,1.0,1.0,0.0,3.0,3.0,3.0,0,13,1,4,2
C0456,200.0,570.0,19.0,5.0,0.0,0.0,0.0,92.5,99.0,-0.3333333333333333,588416.0,117683.2,186915.0,62.0,12.4,0.0,-0.48642376467992493,3.8499999999999996,6.25,4.15,4.0,3.3,1.0,0.1388888888888889,4.0,5.0,1.9219280948873623,13.0,4.0,2.6,1,11,2,3,0
C0457,987.0,1572.0,52.4,13.0,0.0,0.0,0.0,48.75,60.0,0.16666666666666666,894488.0,68806.76923076923,154448.0,139.0,10.692307692307692,0.0,0.9049084064340653,4.08,7.0,4.130000000000001,4.7,3.4,1.0,0.0,9.0,11.0,3.0850551027564768,15.0,0.0,1.1538461538461537,1,13,2,3,1
C0458,113.0,584.0,19.466666666666665,9.0,0.0,0.0,2.0,58.875,68.0,0.25,442125.0,49125.0,81126.0,67.0,7.444444444444445,0.0,-0.37237420990175746,4.383333333333333,8.166666666666666,4.45,3.9,3.9,1.0,-0.06617647058823543,6.0,9.0,2.4193819456463714,19.0,2.0,2.111111111111111,1,0,3,1,2
C0459,700.0,1055.0,35.166666666666664,13.0,0.0,0.0,0.0,29.583333333333332,45.0,0.16666666666666666,570833.0,43910.230769230766,71379.0,80.0,6.153846153846154,0.0,0.31179090073180177,4.125000000000001,8.166666666666666,4.191666666666666,4.1,3.7,1.0,-0.02000000000000014,8.0,10.0,2.7192945256669794,42.0,4.0,3.230769230769231,1,3,3,0,0
C0460,1045.0,1446.0,48.2,9.0,0.0,0.0,0.0,50.125,63.0,-0.2,809560.0,89951.11111111111,166300.0,140.0,15.555555555555555,0.0,-0.36673187745093705,4.128571428571428,7.142857142857143,4.228571428571429,3.9,3.8,1.0,-0.04330708661417328,6.0,9.0,2.4193819456463714,14.0,1.0,1.5555555555555556,1,12,1,5,4
C0461,130.0,769.0,25.633333333333333,12.0,0.0,0.0,1.0,58.09090909090909,74.0,0.0,735504.0,61292.0,108981.0,117.0,9.75,0.0,-0.006353612126074826,4.17,7.7,4.25,4.0,3.7,1.0,0.0643564356435643,9.0,12.0,3.0220552088742005,13.0,3.0,1.0833333333333333,1,6,2,4,3
C0462,703.0,1362.0,45.4,12.0,0.0,0.0,0.0,59.90909090909091,72.0,0.0,1821048.0,151754.0,262100.0,299.0,24.916666666666668,0.0,0.30959120932639334,3.988888888888889,7.444444444444445,4.1,3.8,3.3,1.0,-0.027160493827160466,7.0,11.0,2.584962500721156,39.0,2.0,3.25,1,0,0,1,1
C0463,900.0,1288.0,42.93333333333333,5.0,0.0,0.0,0.0,97.0,102.0,-0.3333333333333333,136669.0,27333.8,51989.0,22.0,4.4,0.0,-0.23254422967953156,4.44,8.4,4.62,4.1,4.1,1.0,-0.07526881720430119,3.0,5.0,1.3709505944546687,14.0,1.0,2.8,1,11,3,2,1
C0464,164.0,735.0,24.5,11.0,0.0,0.0,1.0,57.1,68.0,0.2,1824432.0,165857.45454545456,281892.0,282.0,25.636363636363637,0.0,-0.25994544120492974,4.375,8.375,4.375,4.8,3.9,1.0,0.058823529411764705,7.0,10.0,2.6635327548042547,37.0,11.0,3.3636363636363638,1,7,0,1,4
C0465,820.0,1631.0,54.36666666666667,8.0,0.0,0.0,0.0,115.85714285714286,128.0,0.0,263234.0,32904.25,61614.0,46.0,5.75,0.0,-0.07847173557580005,4.3,8.285714285714286,4.385714285714285,4.0,3.5,1.0,0.02755905511811014,4.0,8.0,1.9056390622295665,24.0,2.0,3.0,1,6,3,3,2
C0466,43.0,512.0,17.066666666666666,9.0,0.0,1.0,3.0,58.625,71.0,-0.2,1933204.0,214800.44444444444,363297.0,239.0,26.555555555555557,137720.0,-0.21156567108993063,4.1375,7.25,4.2875,4.0,3.4,1.0,0.06875000000000009,6.0,7.0,2.4193819456463714,28.0,4.0,3.111111111111111,0,8,0,0,3
C0467,85.0,85.0,2.8333333333333335,1.0,0.0,1.0,1.0,0.0,0.0,0.0,88600.0,88600.0,88600.0,25.0,25.0,88600.0,0.0,4.1,8.0,3.8,4.1,4.1,1.0,0.0,1.0,1.0,0.0,5.0,5.0,5.0,0,7,0,2,4
C0468,538.0,538.0,17.933333333333334,1.0,0.0,0.0,0.0,0.0,0.0,0.0,67450.0,67450.0,67450.0,19.0,19.0,0.0,0.0,4.233333333333333,8.080128205128204,4.333333333333333,4.2,3.6,0.0,0.0,1.0,1.0,0.0,8.0,1.0,8.0,1,1,1,1,4
C0469,232.0,988.0,32.93333333333333,18.0,0.0,0.0,0.0,44.470588235294116,54.0,0.0,2689030.0,149390.55555555556,212350.0,435.0,24.166666666666668,0.0,0.17094486313673402,4.42857142857143,8.785714285714286,4.521428571428571,4.7,3.5,1.0,-0.012820512820512974,9.0,16.0,3.0021722231837638,36.0,4.0,2.0,1,13,0,1,3
C0470,638.0,1104.0,36.8,6.0,0.0,0.0,0.0,93.2,106.0,0.0,208110.0,34685.0,48267.0,37.0,6.166666666666667,0.0,0.2708276501718588,4.499999999999999,8.666666666666666,4.5,4.6,4.3,1.0,-0.032608695652173995,4.0,6.0,1.9182958340544896,14.0,1.0,2.3333333333333335,1,0,3,5,0
C0471,77.0,781.0,26.033333333333335,18.0,0.0,1.0,3.0,41.411764705882355,55.0,0.25,2241750.0,124541.66666666667,215100.0,311.0,17.27777777777778,167622.0,-0.025053431698167754,4.2250000000000005,8.333333333333334,4.275,4.1,3.5,1.0,-0.06488549618320609,8.0,14.0,2.816340113853408,22.0,2.0,1.2222222222222223,0,10,1,4,0
C0472,49.0,49.0,1.6333333333333333,1.0,0.0,1.0,1.0,0.0,0.0,0.0,64141.0,64141.0,64141.0,11.0,11.0,64141.0,0.0,5.0,9.0,5.0,5.0,5.0,1.0,0.0,1.0,1.0,0.0,7.0,7.0,7.0,0,13,2,4,1
C0473,342.0,797.0,26.566666666666666,11.0,0.0,0.0,0.0,45.5,61.0,0.2,2152121.0,195647.36363636365,396100.0,307.0,27.90909090909091,0.0,0.42451834506259106,4.12,8.0,4.3100000000000005,4.8,3.5,1.0,0.1458333333333332,8.0,11.0,2.913977073182752,26.0,7.0,2.3636363636363638,1,12,0,2,0
C0474,496.0,570.0,19.0,3.0,0.0,0.0,0.0,37.0,42.0,-0.5,391620.0,130540.0,207250.0,50.0,16.666666666666668,0.0,0.6938512559661192,3.95,5.0,4.2,4.5,3.4,1.0,0.0,2.0,3.0,0.9182958340544896,3.0,1.0,1.0,1,7,1,2,0
C0475,1225.0,1779.0,59.3,9.0,0.0,0.0,0.0,69.25,81.0,0.25,972617.0,108068.55555555556,176346.0,152.0,16.88888888888889,0.0,0.20754829920739767,4.3,8.2,4.34,3.9,3.6,1.0,-0.12544802867383506,7.0,9.0,2.6416041678685938,30.0,2.0,3.3333333333333335,1,2,1,1,3
C0476,416.0,416.0,13.866666666666667,1.0,0.0,0.0,0.0,0.0,0.0,0.0,155280.0,155280.0,155280.0,24.0,24.0,0.0,0.0,4.0,8.0,4.6,4.0,4.0,1.0,0.0,1.0,1.0,0.0,6.0,1.0,6.0,1,3,1,3,2
C0477,558.0,929.0,30.966666666666665,9.0,0.0,0.0,0.0,46.375,59.0,-0.2,1110136.0,123348.44444444444,216350.0,159.0,17.666666666666668,0.0,0.36702283147361453,4.316666666666666,8.833333333333334,4.616666666666666,4.5,3.8,1.0,-0.022900763358778546,4.0,8.0,1.7527152789797047,22.0,1.0,2.4444444444444446,1,11,1,5,0
C0478,398.0,981.0,32.7,15.0,0.0,0.0,0.0,41.642857142857146,55.0,0.14285714285714285,2984165.0,198944.33333333334,324555.0,399.0,26.6,0.0,0.8634005887602788,4.2,8.0,4.2444444444444445,4.5,3.5,1.0,0.10188679245283036,6.0,11.0,2.4225797618424916,15.0,1.0,1.0,1,9,0,2,2
C0479,1630.0,1755.0,58.5,3.0,0.0,0.0,0.0,62.5,67.0,1.0,477981.0,159327.0,186165.0,83.0,27.666666666666668,0.0,-0.07966944801026958,4.1,8.0,4.300000000000001,4.0,4.0,1.0,0.0,3.0,3.0,1.584962500721156,4.0,0.0,1.3333333333333333,1,0,0,3,2
C0480,100.0,100.0,3.3333333333333335,1.0,0.0,0.0,1.0,0.0,0.0,0.0,63481.0,63481.0,63481.0,11.0,11.0,0.0,0.0,4.233333333333333,8.080128205128204,4.333333333333333,4.2,3.6,0.0,0.0,1.0,1.0,0.0,3.0,3.0,3.0,1,3,1,3,2
C0481,1006.0,1523.0,50.766666666666666,10.0,0.0,0.0,0.0,57.44444444444444,71.0,0.0,624456.0,62445.6,95128.0,102.0,10.2,0.0,-0.07628846924001113,4.2444444444444445,8.444444444444445,4.355555555555555,5.0,3.5,1.0,0.10999999999999988,7.0,8.0,2.6464393446710157,23.0,2.0,2.3,1,3,2,0,4
C0482,1168.0,1800.0,60.0,10.0,0.0,0.0,0.0,70.22222222222223,82.0,0.0,1089120.0,108912.0,208296.0,166.0,16.6,0.0,-0.25026066476342557,4.166666666666667,7.333333333333333,4.344444444444444,4.0,3.7,1.0,-0.024852071005917468,8.0,10.0,2.9219280948873623,25.0,0.0,2.5,1,0,1,0,3
C0483,340.0,842.0,28.066666666666666,10.0,0.0,0.0,0.0,55.77777777777778,72.0,0.0,491613.0,49161.3,107433.0,60.0,6.0,0.0,0.2193916246817271,4.185714285714286,7.285714285714286,4.328571428571429,3.8,3.4,1.0,-0.05961538461538451,7.0,10.0,2.721928094887362,35.0,9.0,3.5,1,10,3,2,2
C0484,275.0,1055.0,35.166666666666664,14.0,0.0,0.0,0.0,60.0,77.0,0.0,698257.0,49875.5,108750.0,85.0,6.071428571428571,0.0,-0.10957454008907182,4.359999999999999,7.9,4.380000000000001,4.3,3.7,1.0,0.027906976744186074,8.0,13.0,2.8962915290459277,18.0,1.0,1.2857142857142858,1,4,3,1,2
C0485,129.0,508.0,16.933333333333334,8.0,0.0,0.0,1.0,54.142857142857146,69.0,0.0,563686.0,70460.75,118440.0,80.0,10.0,0.0,-0.1673873323233177,3.8714285714285723,7.285714285714286,4.042857142857143,3.6,3.3,1.0,-0.16210937500000006,5.0,8.0,2.1556390622295662,11.0,2.0,1.375,1,12,2,0,4
C0486,1025.0,1025.0,34.166666666666664,1.0,0.0,0.0,0.0,0.0,0.0,0.0,159632.0,159632.0,159632.0,22.0,22.0,0.0,0.0,4.6,10.0,5.0,4.6,4.6,1.0,0.0,1.0,1.0,0.0,6.0,3.0,6.0,1,9,1,3,4
C0487,120.0,991.0,33.03333333333333,19.0,0.0,0.0,2.0,48.388888888888886,61.0,-0.1,2097379.0,110388.36842105263,217844.0,328.0,17.263157894736842,0.0,-0.309345272253387,4.3500000000000005,8.214285714285714,4.3999999999999995,4.2,3.5,1.0,-0.054313099041533364,9.0,15.0,2.965583935727781,60.0,11.0,3.1578947368421053,1,2,1,4,4
C0488,136.0,783.0,26.1,19.0,0.0,0.0,1.0,35.94444444444444,51.0,-0.2727272727272727,1392020.0,73264.21052631579,145710.0,183.0,9.631578947368421,0.0,-0.2075516048849022,4.23888888888889,7.944444444444445,4.361111111111111,4.3,3.3,1.0,0.01319261213720312,9.0,17.0,2.815333779292342,39.0,3.0,2.0526315789473686,1,0,2,3,4
C0489,161.0,161.0,5.366666666666666,1.0,0.0,0.0,1.0,0.0,0.0,0.0,177648.0,177648.0,177648.0,24.0,24.0,0.0,0.0,4.9,9.0,5.0,4.9,4.9,1.0,0.0,1.0,1.0,0.0,3.0,1.0,3.0,1,4,1,1,4
C0490,1344.0,1344.0,44.8,1.0,0.0,0.0,0.0,0.0,0.0,0.0,68496.0,68496.0,68496.0,8.0,8.0,0.0,0.0,4.7,10.0,5.0,4.7,4.7,1.0,0.0,1.0,1.0,0.0,7.0,2.0,7.0,1,6,3,0,2
C0491,703.0,1026.0,34.2,7.0,0.0,0.0,0.0,53.833333333333336,63.0,-0.25,554300.0,79185.71428571429,151940.0,114.0,16.285714285714285,0.0,-0.03395759892346182,4.12,7.6,4.279999999999999,4.8,3.4,1.0,0.21461187214611882,5.0,7.0,2.2359263506290326,12.0,1.0,1.7142857142857142,1,13,1,5,1
C0492,186.0,484.0,16.133333333333333,5.0,0.0,0.0,0.0,74.5,81.0,0.5,140828.0,28165.6,37160.0,21.0,4.2,0.0,-0.38485063622958876,4.24,7.8,4.46,3.8,3.8,1.0,-0.1304347826086956,4.0,5.0,1.9219280948873623,10.0,2.0,2.0,1,2,3,4,4
C0493,806.0,1554.0,51.8,15.0,0.0,0.0,0.0,53.42857142857143,65.0,-0.125,756871.0,50458.066666666666,96147.0,92.0,6.133333333333334,0.0,-0.17796242626445885,4.3090909090909095,8.181818181818182,4.318181818181819,3.6,3.4,1.0,-0.17366946778711476,9.0,14.0,3.056564762130954,49.0,4.0,3.2666666666666666,1,12,3,0,4
C0494,66.0,474.0,15.8,9.0,0.0,1.0,3.0,51.0,63.0,0.25,714996.0,79444.0,118258.0,100.0,11.11111111111111,96481.0,0.18047490114882045,4.177777777777777,7.444444444444445,4.2333333333333325,4.8,3.3,1.0,0.001197604790419349,8.0,9.0,2.94770277922009,12.0,2.0,1.3333333333333333,0,9,2,3,3
C0495,126.0,398.0,13.266666666666667,6.0,0.0,0.0,2.0,54.4,73.0,0.0,1189773.0,198295.5,361095.0,145.0,24.166666666666668,0.0,1.0450471432520145,3.9200000000000004,7.4,4.0200000000000005,4.6,3.4,1.0,0.030303030303030196,4.0,6.0,1.9182958340544896,16.0,2.0,2.6666666666666665,1,7,0,0,0
C0496,191.0,373.0,12.433333333333334,8.0,0.0,0.0,0.0,26.0,38.0,0.0,1380972.0,172621.5,325413.0,197.0,24.625,0.0,0.1582138816130827,4.228571428571429,8.0,4.414285714285715,4.0,3.7,1.0,-0.04230769230769236,5.0,7.0,2.1556390622295662,8.0,2.0,1.0,1,13,0,5,4
C0497,171.0,1158.0,38.6,12.0,0.0,0.0,1.0,89.72727272727273,100.0,0.0,733186.0,61098.833333333336,136227.0,106.0,8.833333333333334,0.0,0.011992052863823007,4.291666666666667,8.416666666666666,4.3999999999999995,4.8,3.7,1.0,-0.03435114503816782,7.0,10.0,2.584962500721156,28.0,4.0,2.3333333333333335,1,5,2,4,0
C0498,1009.0,1556.0,51.86666666666667,16.0,0.0,0.0,0.0,36.46666666666667,49.0,0.0,775783.0,48486.4375,85463.0,98.0,6.125,0.0,0.3431111084263843,4.499999999999999,8.416666666666666,4.566666666666666,4.8,4.0,1.0,0.045454545454545706,9.0,15.0,2.8522170014624826,53.0,2.0,3.3125,1,13,3,2,3
C0499,286.0,650.0,21.666666666666668,4.0,0.0,0.0,0.0,121.33333333333333,122.0,0.0,334822.0,83705.5,147644.0,39.0,9.75,0.0,-0.4032143453275151,4.225,7.25,4.4,4.1,4.0,1.0,0.011904761904761862,4.0,4.0,2.0,8.0,2.0,2.0,1,9,2,0,1
C0500,454.0,974.0,32.46666666666667,7.0,0.0,0.0,0.0,86.66666666666667,98.0,0.3333333333333333,579402.0,82771.71428571429,127197.0,105.0,15.0,0.0,0.057821593939419214,4.12,7.8,4.0200000000000005,3.8,3.4,1.0,-0.03174603174603184,6.0,6.0,2.521640636343318,19.0,3.0,2.7142857142857144,1,3,1,4,1
