booking_id,client_id,booking_date,course_name,course_category,number_of_participants,revenue,payment_date,payment_status
B00001,C0001,2022-05-13,Internal Control Systems,Compliance & Quality,3,35628,2022-06-02,Paid
B00002,C0001,2022-07-08,Budgeting & Forecasting,Finance & Accounting,2,19250,2022-07-10,Paid
B00003,C0001,2022-08-12,Innovation Workshop,Team Building,2,15550,2022-09-05,Overdue
B00004,C0001,2022-10-07,Presentation Skills,Communication Skills,8,41648,2022-11-05,Pending
B00005,C0001,2022-11-19,Innovation Workshop,Team Building,5,35310,2022-12-09,Paid
B00006,C0001,2023-01-16,Time Management,Personal Development,2,11192,2023-02-09,Overdue
B00007,C0001,2023-03-05,Executive Leadership,Leadership & Management,6,67770,2023-03-06,Paid
B00008,C0001,2023-04-12,Internal Audit,Finance & Accounting,10,65660,2023-04-22,Paid
B00009,C0001,2023-05-30,Key Account Management,Sales & Marketing,5,28135,2023-05-31,Paid
B00010,C0001,2023-07-28,Office Management,Administration,8,42600,2023-08-21,Pending
B00011,C0001,2023-09-27,Employee Relations,Human Resources,8,57488,2023-10-22,Overdue
B00012,C0001,2023-11-21,Risk Management,Project Management,4,43012,2023-11-23,Paid
B00013,C0001,2024-01-15,Digital Marketing,Sales & Marketing,2,14490,2024-01-27,Paid
B00014,C0001,2024-03-06,HR Analytics,Human Resources,3,22896,2024-03-22,Paid
B00015,C0002,2025-10-08,Leadership Team Offsite,Team Building,19,96387,2025-10-25,Paid
B00016,C0003,2022-08-24,Virtual Team Building,Team Building,17,72131,2022-08-26,Paid
B00017,C0003,2022-11-28,Finance for Non-Finance,Finance & Accounting,23,178848,2022-12-19,Pending
B00018,C0003,2023-03-02,Agile & Scrum Fundamentals,Project Management,23,224204,2023-03-13,Paid
B00019,C0003,2023-05-23,Presentation Skills,Communication Skills,16,65456,2023-06-03,Paid
B00020,C0003,2023-08-24,Time Management,Personal Development,10,36100,2023-08-29,Paid
B00021,C0003,2023-11-27,Presentation Skills,Communication Skills,24,123456,2023-12-01,Paid
B00022,C0004,2023-10-26,Emotional Intelligence,Personal Development,4,16712,2023-10-26,Paid
B00023,C0004,2023-11-28,Business Communication,Communication Skills,3,14247,2023-12-12,Paid
B00024,C0004,2024-01-15,Digital Marketing,Sales & Marketing,2,12718,2024-01-21,Paid
B00025,C0004,2024-02-22,Virtual Team Building,Team Building,10,41360,2024-02-28,Paid
B00026,C0004,2024-03-24,Generative AI Essentials,AI & Technology,10,107490,2024-04-01,Paid
B00027,C0004,2024-05-14,Data Literacy for Leaders,AI & Technology,9,104427,2024-06-06,Pending
B00028,C0004,2024-07-03,Business Writing,Administration,2,10084,2024-07-21,Paid
B00029,C0004,2024-08-26,Executive Assistant Excellence,Administration,10,31260,2024-09-03,Paid
B00030,C0004,2024-09-24,Prince2 Foundation,Project Management,2,20652,2024-09-30,Paid
B00031,C0004,2024-10-24,ISO 9001 Quality Management,Compliance & Quality,6,44604,2024-11-07,Paid
B00032,C0004,2024-12-13,Problem Solving,Personal Development,2,6544,2024-12-25,Paid
B00033,C0004,2025-01-10,Executive Assistant Excellence,Administration,6,37290,2025-02-06,Overdue
B00034,C0004,2025-02-13,PMP Certification Prep,Project Management,2,20792,2025-03-12,Overdue
B00035,C0005,2022-11-08,Talent Acquisition,Human Resources,13,110045,2022-11-22,Paid
B00036,C0005,2022-12-27,Data Literacy for Leaders,AI & Technology,5,34125,2023-01-03,Paid
B00037,C0005,2023-01-26,AI for Business Leaders,AI & Technology,9,83088,2023-02-10,Paid
B00038,C0005,2023-03-22,Email Writing Mastery,Communication Skills,7,25025,2023-04-02,Paid
B00039,C0005,2023-04-28,Office Management,Administration,10,42110,2023-05-18,Paid
B00040,C0005,2023-06-09,Budgeting & Forecasting,Finance & Accounting,8,84848,2023-06-17,Paid
B00041,C0005,2023-08-02,Risk & Compliance,Compliance & Quality,5,45550,2023-08-30,Overdue
B00042,C0005,2023-09-17,Internal Control Systems,Compliance & Quality,5,57730,2023-10-17,Overdue
B00043,C0005,2023-10-31,Employee Relations,Human Resources,7,51793,2023-11-28,Overdue
B00044,C0005,2023-11-29,Executive Assistant Excellence,Administration,7,27013,2023-12-22,Overdue
B00045,C0005,2023-12-31,AI for Business Leaders,AI & Technology,15,146835,2024-01-27,Pending
B00046,C0006,2021-02-25,Generative AI Essentials,AI & Technology,16,103776,2021-03-06,Paid
B00047,C0006,2021-03-23,Business Writing,Administration,14,62594,2021-04-21,Pending
B00048,C0006,2021-04-27,Problem Solving,Personal Development,15,54825,2021-04-29,Paid
B00049,C0006,2021-05-28,Data Literacy for Leaders,AI & Technology,13,88478,2021-06-07,Paid
B00050,C0006,2021-07-18,Risk Management,Project Management,10,121290,2021-07-28,Paid
B00051,C0006,2021-08-28,Customer Service Excellence,Customer Service,23,82915,2021-09-11,Paid
B00052,C0006,2021-09-29,Virtual Team Building,Team Building,18,70704,2021-10-23,Pending
B00053,C0006,2021-11-04,PMP Certification Prep,Project Management,14,113204,2021-11-04,Paid
B00054,C0006,2021-12-13,Leadership Team Offsite,Team Building,18,99144,2021-12-31,Paid
B00055,C0006,2022-01-08,Emotional Intelligence,Personal Development,17,78625,2022-01-15,Paid
B00056,C0006,2022-02-05,Employee Relations,Human Resources,10,63500,2022-02-07,Paid
B00057,C0006,2022-03-19,Business Writing,Administration,25,86025,2022-04-04,Paid
B00058,C0006,2022-04-14,Time Management,Personal Development,25,125700,2022-05-04,Paid
B00059,C0006,2022-05-24,Negotiation Skills,Communication Skills,15,89115,2022-06-05,Paid
B00060,C0007,2024-06-14,Talent Acquisition,Human Resources,21,111909,2024-06-19,Paid
B00061,C0007,2024-07-19,Service Quality Management,Customer Service,34,144670,2024-08-10,Overdue
B00062,C0007,2024-08-24,Sales Fundamentals,Sales & Marketing,22,126236,2024-09-05,Paid
B00063,C0007,2024-09-30,Innovation Workshop,Team Building,16,88256,2024-10-23,Overdue
B00064,C0007,2024-10-31,Team Building Workshop,Team Building,25,119275,2024-11-19,Paid
B00065,C0007,2024-12-13,Virtual Team Building,Team Building,33,180411,2024-12-30,Paid
B00066,C0007,2025-02-05,AI for Business Leaders,AI & Technology,35,364945,2025-03-02,Pending
B00067,C0007,2025-03-07,AI for Business Leaders,AI & Technology,18,156042,2025-03-21,Paid
B00068,C0007,2025-05-05,Internal Control Systems,Compliance & Quality,16,122560,2025-05-21,Paid
B00069,C0007,2025-06-12,Generative AI Essentials,AI & Technology,27,287361,2025-06-13,Paid
B00070,C0007,2025-08-11,Data Literacy for Leaders,AI & Technology,27,246186,2025-09-04,Pending
B00071,C0007,2025-09-23,Talent Acquisition,Human Resources,24,159120,2025-10-05,Paid
B00072,C0007,2025-10-30,Budgeting & Forecasting,Finance & Accounting,24,209688,2025-11-04,Paid
B00073,C0007,2025-12-22,Complaint Handling,Customer Service,24,112416,2026-01-20,Pending
B00074,C0008,2022-02-02,Performance Management,Leadership & Management,13,93613,2022-02-26,Pending
B00075,C0008,2022-03-22,Email Writing Mastery,Communication Skills,23,94300,2022-04-05,Paid
B00076,C0009,2022-10-08,Sales Fundamentals,Sales & Marketing,12,61440,2022-10-18,Paid
B00077,C0009,2022-12-01,Business Writing,Administration,15,82125,2022-12-24,Pending
B00078,C0009,2023-02-03,Performance Management,Leadership & Management,13,118014,2023-02-23,Paid
B00079,C0009,2023-04-02,Negotiation Skills,Communication Skills,12,57576,2023-04-24,Overdue
B00080,C0009,2023-06-05,Team Building Workshop,Team Building,15,70770,2023-06-22,Paid
B00081,C0009,2023-07-17,Conflict Resolution,Communication Skills,11,62139,2023-07-22,Paid
B00082,C0010,2022-09-04,Innovation Workshop,Team Building,2,11436,2022-09-13,Paid
B00083,C0010,2022-12-15,Budgeting & Forecasting,Finance & Accounting,9,79785,2023-01-04,Paid
B00084,C0010,2023-04-02,HR Management Essentials,Human Resources,3,29040,2023-04-06,Paid
B00085,C0010,2023-06-26,Talent Acquisition,Human Resources,2,17100,2023-07-20,Overdue
B00086,C0010,2023-09-20,Leadership Excellence Program,Leadership & Management,9,99684,2023-10-17,Overdue
B00087,C0010,2024-01-06,Generative AI Essentials,AI & Technology,2,22960,2024-02-03,Overdue
B00088,C0010,2024-03-31,Compensation & Benefits,Human Resources,5,42055,2024-04-21,Overdue
B00089,C0010,2024-06-25,Sales Fundamentals,Sales & Marketing,8,54472,2024-06-27,Paid
B00090,C0011,2025-01-19,Internal Control Systems,Compliance & Quality,16,100640,2025-01-24,Paid
B00091,C0011,2025-03-01,Risk Management,Project Management,11,124828,2025-03-12,Paid
B00092,C0011,2025-05-02,Team Management Essentials,Leadership & Management,14,86450,2025-05-23,Overdue
B00093,C0011,2025-06-22,Business Communication,Communication Skills,12,37740,2025-06-25,Paid
B00094,C0011,2025-08-03,Customer Service Excellence,Customer Service,15,46665,2025-08-24,Overdue
B00095,C0011,2025-09-25,Emotional Intelligence,Personal Development,15,62025,2025-10-18,Overdue
B00096,C0011,2025-11-18,Team Management Essentials,Leadership & Management,12,96396,2025-11-28,Paid
B00097,C0012,2022-02-18,Complaint Handling,Customer Service,32,88800,2022-02-27,Paid
B00098,C0012,2022-06-26,Digital Marketing,Sales & Marketing,19,88806,2022-07-18,Overdue
B00099,C0012,2022-10-08,Business Communication,Communication Skills,31,136834,2022-10-24,Paid
B00100,C0012,2023-02-11,Performance Appraisal,Human Resources,21,151830,2023-02-12,Paid
B00101,C0013,2021-01-14,Digital Marketing,Sales & Marketing,14,105014,2021-02-08,Overdue
B00102,C0013,2021-04-25,Complaint Handling,Customer Service,14,51114,2021-05-03,Paid
B00103,C0013,2021-07-31,AI for Business Leaders,AI & Technology,14,138096,2021-08-11,Paid
B00104,C0013,2021-10-22,Project Planning & Execution,Project Management,14,150038,2021-11-06,Paid
B00105,C0014,2021-09-03,ISO 9001 Quality Management,Compliance & Quality,13,96109,2021-09-28,Overdue
B00106,C0014,2021-10-26,Customer Service Excellence,Customer Service,11,40821,2021-11-06,Paid
B00107,C0014,2021-12-18,Data Literacy for Leaders,AI & Technology,16,89648,2022-01-07,Paid
B00108,C0014,2022-02-19,Talent Acquisition,Human Resources,19,113715,2022-03-16,Pending
B00109,C0014,2022-04-03,Budgeting & Forecasting,Finance & Accounting,19,171988,2022-04-20,Paid
B00110,C0014,2022-06-08,Internal Audit,Finance & Accounting,10,63170,2022-06-29,Overdue
B00111,C0014,2022-08-04,Business Communication,Communication Skills,22,120912,2022-08-22,Paid
B00112,C0014,2022-09-18,Emotional Intelligence,Personal Development,10,31610,2022-09-24,Paid
B00113,C0014,2022-11-17,Business Communication,Communication Skills,20,106300,2022-12-02,Paid
B00114,C0014,2023-01-03,Digital Marketing,Sales & Marketing,11,71467,2023-01-07,Paid
B00115,C0014,2023-02-16,Digital Marketing,Sales & Marketing,14,90062,2023-03-02,Paid
B00116,C0014,2023-03-26,Generative AI Essentials,AI & Technology,20,174880,2023-04-20,Overdue
B00117,C0014,2023-05-06,Virtual Team Building,Team Building,11,69377,2023-05-22,Paid
B00118,C0014,2023-06-13,Budgeting & Forecasting,Finance & Accounting,20,185100,2023-06-13,Paid
B00119,C0014,2023-08-04,Performance Appraisal,Human Resources,20,157640,2023-09-02,Overdue
B00120,C0014,2023-10-01,Change Management,Leadership & Management,14,110628,2023-10-27,Pending
B00121,C0015,2025-08-16,Digital Transformation,AI & Technology,14,115318,2025-08-21,Paid
B00122,C0015,2025-09-29,Time Management,Personal Development,6,25572,2025-10-21,Overdue
B00123,C0015,2025-11-21,Advanced Excel,Administration,5,23060,2025-12-04,Paid
B00124,C0016,2023-04-14,HR Management Essentials,Human Resources,6,45192,2023-05-09,Pending
B00125,C0016,2023-05-25,Innovation Workshop,Team Building,8,61928,2023-05-27,Paid
B00126,C0016,2023-07-08,Service Quality Management,Customer Service,13,34268,2023-08-02,Overdue
B00127,C0016,2023-09-02,Key Account Management,Sales & Marketing,7,40453,2023-09-12,Paid
B00128,C0016,2023-11-01,Digital Marketing,Sales & Marketing,13,69290,2023-11-25,Overdue
B00129,C0016,2023-12-10,Risk Management,Project Management,6,88404,2024-01-09,Pending
B00130,C0016,2024-01-15,Performance Appraisal,Human Resources,5,39405,2024-01-27,Paid
B00131,C0016,2024-03-01,Advanced Excel,Administration,13,43901,2024-03-01,Paid
B00132,C0016,2024-04-09,Budgeting & Forecasting,Finance & Accounting,5,36065,2024-04-19,Paid
B00133,C0017,2022-03-08,Talent Acquisition,Human Resources,16,97552,2022-03-16,Paid
B00134,C0017,2022-04-23,Generative AI Essentials,AI & Technology,20,218100,2022-05-07,Paid
B00135,C0017,2022-06-21,Executive Assistant Excellence,Administration,13,50999,2022-06-25,Paid
B00136,C0017,2022-08-27,Prince2 Foundation,Project Management,18,136728,2022-08-27,Paid
B00137,C0017,2022-10-30,Emotional Intelligence,Personal Development,13,42497,2022-11-16,Paid
B00138,C0017,2023-01-04,Presentation Skills,Communication Skills,20,78360,2023-01-08,Paid
B00139,C0017,2023-02-25,Advanced Excel,Administration,19,94487,2023-03-04,Paid
B00140,C0017,2023-04-09,Prince2 Foundation,Project Management,12,107604,2023-04-28,Paid
B00141,C0017,2023-06-09,Business Communication,Communication Skills,24,75600,2023-06-13,Paid
B00142,C0017,2023-08-15,Strategic Leadership,Leadership & Management,25,157525,2023-08-18,Paid
B00143,C0017,2023-10-06,Conflict Resolution,Communication Skills,11,36014,2023-10-19,Paid
B00144,C0017,2023-12-08,Email Writing Mastery,Communication Skills,15,81420,2023-12-27,Paid
B00145,C0017,2024-02-17,Prompt Engineering for Professionals,AI & Technology,24,235560,2024-02-28,Paid
B00146,C0017,2024-04-06,Budgeting & Forecasting,Finance & Accounting,20,138080,2024-04-28,Pending
B00147,C0017,2024-05-29,Leadership Team Offsite,Team Building,24,129024,2024-06-02,Paid
B00148,C0018,2022-11-04,Innovation Workshop,Team Building,9,53343,2022-11-11,Paid
B00149,C0018,2023-01-15,Employee Relations,Human Resources,4,38108,2023-02-12,Overdue
B00150,C0018,2023-04-08,Negotiation Skills,Communication Skills,8,34008,2023-04-30,Overdue
B00151,C0018,2023-06-25,ISO 9001 Quality Management,Compliance & Quality,7,74991,2023-07-10,Paid
B00152,C0018,2023-09-23,Strategic Leadership,Leadership & Management,3,32679,2023-09-26,Paid
B00153,C0018,2023-12-21,Presentation Skills,Communication Skills,9,48501,2024-01-17,Pending
B00154,C0018,2024-03-21,Financial Analysis,Finance & Accounting,7,52801,2024-04-06,Paid
B00155,C0019,2023-01-25,ISO 9001 Quality Management,Compliance & Quality,9,102276,2023-02-08,Paid
B00156,C0019,2023-04-10,Email Writing Mastery,Communication Skills,14,61796,2023-04-17,Paid
B00157,C0019,2023-06-02,Emotional Intelligence,Personal Development,8,41952,2023-06-07,Paid
B00158,C0019,2023-08-01,Digital Marketing,Sales & Marketing,11,49269,2023-08-11,Paid
B00159,C0019,2023-10-07,Performance Appraisal,Human Resources,14,92400,2023-11-01,Overdue
B00160,C0019,2023-12-16,Digital Transformation,AI & Technology,10,93160,2024-01-07,Pending
B00161,C0019,2024-02-06,HR Management Essentials,Human Resources,15,111450,2024-02-08,Paid
B00162,C0020,2024-11-18,Data Literacy for Leaders,AI & Technology,3,30441,2024-11-23,Paid
B00163,C0020,2025-01-27,Budgeting & Forecasting,Finance & Accounting,8,56560,2025-02-15,Paid
B00164,C0020,2025-03-27,PMP Certification Prep,Project Management,8,85456,2025-04-11,Paid
B00165,C0020,2025-05-13,Problem Solving,Personal Development,2,6740,2025-05-19,Paid
B00166,C0020,2025-07-14,Internal Control Systems,Compliance & Quality,4,47028,2025-08-11,Pending
B00167,C0020,2025-09-15,Leadership Team Offsite,Team Building,4,26824,2025-09-19,Paid
B00168,C0020,2025-11-12,Service Quality Management,Customer Service,10,35640,2025-11-24,Paid
B00169,C0021,2021-11-12,Complaint Handling,Customer Service,26,74360,2021-11-30,Paid
B00170,C0021,2022-01-18,Leadership Excellence Program,Leadership & Management,34,323102,2022-01-30,Paid
B00171,C0021,2022-03-26,Project Planning & Execution,Project Management,24,173616,2022-04-06,Paid
B00172,C0021,2022-06-16,Data Literacy for Leaders,AI & Technology,16,88480,2022-07-08,Overdue
B00173,C0021,2022-09-13,Agile & Scrum Fundamentals,Project Management,24,168384,2022-09-20,Paid
B00174,C0021,2022-11-23,Complaint Handling,Customer Service,33,129393,2022-12-13,Paid
B00175,C0021,2023-02-01,Internal Audit,Finance & Accounting,27,225504,2023-02-13,Paid
B00176,C0021,2023-04-21,Complaint Handling,Customer Service,32,105120,2023-05-12,Pending
B00177,C0021,2023-07-16,Digital Marketing,Sales & Marketing,19,93176,2023-08-02,Paid
B00178,C0021,2023-10-14,Conflict Resolution,Communication Skills,26,153374,2023-10-27,Paid
B00179,C0021,2024-01-04,Risk Management,Project Management,24,275160,2024-01-08,Paid
B00180,C0021,2024-03-14,Project Planning & Execution,Project Management,15,109470,2024-04-03,Paid
B00181,C0021,2024-06-12,Strategic Leadership,Leadership & Management,19,177422,2024-07-03,Overdue
B00182,C0021,2024-09-11,Project Planning & Execution,Project Management,17,131835,2024-10-01,Paid
B00183,C0021,2024-12-10,Risk & Compliance,Compliance & Quality,28,255472,2025-01-07,Overdue
B00184,C0022,2023-05-10,Compensation & Benefits,Human Resources,10,60360,2023-05-23,Paid
B00185,C0022,2023-06-15,Generative AI Essentials,AI & Technology,7,47418,2023-06-16,Paid
B00186,C0022,2023-07-18,Digital Transformation,AI & Technology,9,110466,2023-07-29,Paid
B00187,C0022,2023-08-24,Agile & Scrum Fundamentals,Project Management,9,122904,2023-08-26,Paid
B00188,C0022,2023-10-09,Risk Management,Project Management,10,120250,2023-11-02,Overdue
B00189,C0022,2023-11-12,Sales Fundamentals,Sales & Marketing,10,45220,2023-11-28,Paid
B00190,C0022,2023-12-14,Emotional Intelligence,Personal Development,3,12012,2023-12-29,Paid
B00191,C0022,2024-01-14,Critical Thinking,Personal Development,3,17403,2024-02-03,Paid
B00192,C0022,2024-02-10,Generative AI Essentials,AI & Technology,6,69132,2024-02-11,Paid
B00193,C0022,2024-03-06,Business Communication,Communication Skills,10,56840,2024-03-06,Paid
B00194,C0022,2024-04-08,Digital Marketing,Sales & Marketing,9,63891,2024-05-06,Overdue
B00195,C0022,2024-05-17,Digital Transformation,AI & Technology,7,69636,2024-05-28,Paid
B00196,C0022,2024-06-06,Risk & Compliance,Compliance & Quality,6,56214,2024-06-11,Paid
B00197,C0022,2024-07-14,Team Management Essentials,Leadership & Management,6,69702,2024-07-22,Paid
B00198,C0022,2024-08-18,Executive Leadership,Leadership & Management,9,105624,2024-08-23,Paid
B00199,C0022,2024-10-04,Digital Transformation,AI & Technology,2,23752,2024-10-13,Paid
B00200,C0022,2024-11-16,Risk & Compliance,Compliance & Quality,2,18698,2024-12-01,Paid
B00201,C0023,2025-01-06,Finance for Non-Finance,Finance & Accounting,23,129329,2025-01-29,Pending
B00202,C0023,2025-01-27,Time Management,Personal Development,20,92180,2025-02-19,Pending
B00203,C0023,2025-03-14,Executive Assistant Excellence,Administration,29,123569,2025-04-08,Pending
B00204,C0023,2025-04-27,HR Analytics,Human Resources,22,149336,2025-05-02,Paid
B00205,C0023,2025-05-24,Risk & Compliance,Compliance & Quality,31,191580,2025-06-03,Paid
B00206,C0023,2025-06-20,Performance Management,Leadership & Management,19,191824,2025-07-19,Pending
B00207,C0023,2025-07-13,Strategic Marketing,Sales & Marketing,28,194068,2025-07-25,Paid
B00208,C0023,2025-08-20,Compensation & Benefits,Human Resources,29,221183,2025-09-09,Paid
B00209,C0023,2025-09-16,Prince2 Foundation,Project Management,21,227262,2025-10-09,Overdue
B00210,C0024,2024-05-07,Digital Marketing,Sales & Marketing,6,41700,2024-05-30,Pending
B00211,C0024,2024-07-05,Conflict Resolution,Communication Skills,8,43544,2024-07-13,Paid
B00212,C0024,2024-09-04,Risk Management,Project Management,10,98260,2024-09-04,Paid
B00213,C0024,2024-10-12,Financial Analysis,Finance & Accounting,9,86661,2024-11-02,Overdue
B00214,C0024,2024-11-17,AI for Business Leaders,AI & Technology,2,14594,2024-12-16,Overdue
B00215,C0024,2024-12-27,Complaint Handling,Customer Service,6,26232,2025-01-04,Paid
B00216,C0024,2025-02-14,Finance for Non-Finance,Finance & Accounting,3,25773,2025-03-06,Paid
B00217,C0024,2025-04-02,Prompt Engineering for Professionals,AI & Technology,8,82216,2025-04-26,Pending
B00218,C0025,2022-11-28,Leadership Excellence Program,Leadership & Management,11,72930,2022-12-14,Paid
B00219,C0025,2023-02-26,PMP Certification Prep,Project Management,15,148575,2023-03-09,Paid
B00220,C0025,2023-05-21,Employee Relations,Human Resources,9,63279,2023-05-27,Paid
B00221,C0025,2023-08-24,Team Management Essentials,Leadership & Management,5,38765,2023-08-25,Paid
B00222,C0025,2023-11-28,Time Management,Personal Development,15,49560,2023-12-28,Pending
B00223,C0025,2024-02-15,Advanced Excel,Administration,6,23118,2024-03-13,Pending
B00224,C0025,2024-05-09,Conflict Resolution,Communication Skills,15,84495,2024-06-06,Pending
B00225,C0025,2024-08-08,Agile & Scrum Fundamentals,Project Management,7,70525,2024-08-17,Paid
B00226,C0025,2024-10-21,Sales Fundamentals,Sales & Marketing,15,112620,2024-10-23,Paid
B00227,C0025,2025-01-24,Critical Thinking,Personal Development,12,42144,2025-02-17,Overdue
B00228,C0025,2025-04-08,Business Writing,Administration,15,61500,2025-04-16,Paid
B00229,C0025,2025-07-17,Prince2 Foundation,Project Management,6,61626,2025-08-10,Pending
B00230,C0026,2025-07-01,Internal Control Systems,Compliance & Quality,6,50742,2025-07-15,Paid
B00231,C0026,2025-09-09,Change Management,Leadership & Management,9,77787,2025-09-28,Paid
B00232,C0027,2023-08-07,PMP Certification Prep,Project Management,11,80377,2023-08-09,Paid
B00233,C0027,2023-08-30,Digital Transformation,AI & Technology,18,196848,2023-09-13,Paid
B00234,C0027,2023-09-23,Strategic Leadership,Leadership & Management,25,174650,2023-10-13,Paid
B00235,C0027,2023-10-30,Critical Thinking,Personal Development,10,26800,2023-11-20,Overdue
B00236,C0027,2023-12-13,Finance for Non-Finance,Finance & Accounting,14,109480,2024-01-10,Overdue
B00237,C0027,2024-01-15,Digital Transformation,AI & Technology,10,91130,2024-02-06,Overdue
B00238,C0027,2024-02-10,Digital Marketing,Sales & Marketing,23,130065,2024-03-08,Pending
B00239,C0027,2024-03-20,Generative AI Essentials,AI & Technology,17,94299,2024-04-01,Paid
B00240,C0027,2024-04-29,Business Writing,Administration,25,84900,2024-05-17,Paid
B00241,C0027,2024-05-22,Generative AI Essentials,AI & Technology,21,164766,2024-06-12,Overdue
B00242,C0027,2024-07-10,Email Writing Mastery,Communication Skills,11,56925,2024-08-09,Pending
B00243,C0027,2024-08-13,Negotiation Skills,Communication Skills,20,65080,2024-09-08,Overdue
B00244,C0027,2024-09-24,Leadership Team Offsite,Team Building,19,107445,2024-09-30,Paid
B00245,C0027,2024-10-22,HR Management Essentials,Human Resources,11,93137,2024-11-03,Paid
B00246,C0028,2023-09-24,Critical Thinking,Personal Development,9,33984,2023-09-28,Paid
B00247,C0028,2023-11-19,Team Management Essentials,Leadership & Management,5,36035,2023-12-12,Pending
B00248,C0028,2024-01-30,Strategic Marketing,Sales & Marketing,8,42064,2024-02-24,Overdue
B00249,C0028,2024-03-17,Strategic Marketing,Sales & Marketing,10,76090,2024-04-12,Overdue
B00250,C0028,2024-05-20,Strategic Leadership,Leadership & Management,2,19558,2024-05-21,Paid
B00251,C0028,2024-07-25,Business Communication,Communication Skills,2,10320,2024-07-28,Paid
B00252,C0028,2024-09-18,Performance Appraisal,Human Resources,10,66950,2024-10-18,Pending
B00253,C0028,2024-11-16,Virtual Team Building,Team Building,5,38940,2024-11-18,Paid
B00254,C0028,2025-01-01,Team Management Essentials,Leadership & Management,4,44020,2025-01-21,Paid
B00255,C0029,2024-10-02,Leadership Excellence Program,Leadership & Management,20,125940,2024-10-30,Overdue
B00256,C0029,2024-11-27,Internal Control Systems,Compliance & Quality,18,164268,2024-12-16,Paid
B00257,C0029,2025-01-28,Prince2 Foundation,Project Management,33,239052,2025-02-23,Pending
B00258,C0029,2025-04-15,Agile & Scrum Fundamentals,Project Management,30,328260,2025-05-10,Pending
B00259,C0029,2025-06-29,Change Management,Leadership & Management,21,187257,2025-07-09,Paid
B00260,C0030,2024-04-02,Leadership Team Offsite,Team Building,2,12858,2024-04-07,Paid
B00261,C0030,2024-05-23,Business Communication,Communication Skills,3,11982,2024-05-31,Paid
B00262,C0030,2024-07-06,Risk Management,Project Management,8,75008,2024-07-28,Overdue
B00263,C0030,2024-09-06,Data Literacy for Leaders,AI & Technology,4,40372,2024-09-13,Paid
B00264,C0030,2024-11-04,Prompt Engineering for Professionals,AI & Technology,2,15184,2024-11-07,Paid
B00265,C0030,2025-01-01,ISO 9001 Quality Management,Compliance & Quality,8,66336,2025-01-01,Paid
B00266,C0030,2025-02-15,Strategic Marketing,Sales & Marketing,3,15078,2025-02-15,Paid
B00267,C0030,2025-04-07,HR Management Essentials,Human Resources,3,26682,2025-04-27,Paid
B00268,C0030,2025-06-13,Prompt Engineering for Professionals,AI & Technology,6,59454,2025-07-05,Overdue
B00269,C0030,2025-08-23,Business Writing,Administration,4,17376,2025-08-27,Paid
B00270,C0030,2025-10-28,Critical Thinking,Personal Development,6,30852,2025-11-11,Paid
B00271,C0031,2022-11-05,Internal Control Systems,Compliance & Quality,19,159049,2022-11-18,Paid
B00272,C0031,2023-01-03,Leadership Excellence Program,Leadership & Management,17,123862,2023-01-06,Paid
B00273,C0031,2023-03-06,AI for Business Leaders,AI & Technology,13,127842,2023-03-17,Paid
B00274,C0031,2023-04-16,Leadership Team Offsite,Team Building,17,85255,2023-05-10,Pending
B00275,C0031,2023-06-14,Finance for Non-Finance,Finance & Accounting,11,75603,2023-06-17,Paid
B00276,C0031,2023-07-29,ISO 9001 Quality Management,Compliance & Quality,14,129542,2023-08-13,Paid
B00277,C0031,2023-09-29,HR Management Essentials,Human Resources,15,111480,2023-10-28,Pending
B00278,C0031,2023-11-23,Executive Leadership,Leadership & Management,21,166614,2023-11-29,Paid
B00279,C0031,2024-01-21,Complaint Handling,Customer Service,18,66834,2024-02-09,Paid
B00280,C0031,2024-03-31,Risk & Compliance,Compliance & Quality,24,150000,2024-04-03,Paid
B00281,C0031,2024-05-12,Virtual Team Building,Team Building,11,72809,2024-05-29,Paid
B00282,C0031,2024-07-11,HR Management Essentials,Human Resources,15,117510,2024-07-11,Paid
B00283,C0032,2024-07-16,Internal Audit,Finance & Accounting,17,106947,2024-07-26,Paid
B00284,C0032,2024-08-18,Employee Relations,Human Resources,13,77025,2024-09-10,Overdue
B00285,C0032,2024-10-16,Talent Acquisition,Human Resources,22,180466,2024-10-23,Paid
B00286,C0032,2024-11-23,Change Management,Leadership & Management,25,250600,2024-12-08,Paid
B00287,C0032,2025-01-16,Executive Leadership,Leadership & Management,23,160034,2025-01-22,Paid
B00288,C0032,2025-03-02,Emotional Intelligence,Personal Development,24,76056,2025-03-14,Paid
B00289,C0032,2025-04-20,Negotiation Skills,Communication Skills,14,63938,2025-05-13,Pending
B00290,C0032,2025-06-08,Critical Thinking,Personal Development,21,73248,2025-06-14,Paid
B00291,C0032,2025-07-19,Business Communication,Communication Skills,14,43204,2025-08-10,Pending
B00292,C0032,2025-09-01,Finance for Non-Finance,Finance & Accounting,14,88172,2025-09-28,Overdue
B00293,C0032,2025-10-08,Sales Fundamentals,Sales & Marketing,23,111435,2025-11-01,Overdue
B00294,C0032,2025-12-01,Employee Relations,Human Resources,19,136819,2025-12-06,Paid
B00295,C0033,2023-06-22,Digital Marketing,Sales & Marketing,9,55287,2023-06-22,Paid
B00296,C0033,2023-08-31,Team Building Workshop,Team Building,8,56120,2023-09-27,Pending
B00297,C0033,2023-10-29,Compensation & Benefits,Human Resources,7,54446,2023-11-16,Paid
B00298,C0033,2024-01-05,Employee Relations,Human Resources,4,38968,2024-01-23,Paid
B00299,C0033,2024-02-19,Leadership Excellence Program,Leadership & Management,8,58896,2024-02-20,Paid
B00300,C0033,2024-04-17,Digital Marketing,Sales & Marketing,10,43660,2024-04-30,Paid
B00301,C0033,2024-06-13,AI for Business Leaders,AI & Technology,8,83408,2024-07-08,Pending
B00302,C0033,2024-08-19,Service Quality Management,Customer Service,9,35865,2024-08-21,Paid
B00303,C0033,2024-10-05,Data Literacy for Leaders,AI & Technology,2,24356,2024-10-28,Overdue
B00304,C0033,2024-11-16,Performance Appraisal,Human Resources,4,29872,2024-11-25,Paid
B00305,C0033,2025-01-08,Compensation & Benefits,Human Resources,3,18195,2025-01-23,Paid
B00306,C0033,2025-03-16,Executive Assistant Excellence,Administration,6,24972,2025-04-07,Overdue
B00307,C0033,2025-05-11,Digital Transformation,AI & Technology,2,20452,2025-05-25,Paid
B00308,C0033,2025-07-05,Innovation Workshop,Team Building,4,30320,2025-07-27,Overdue
B00309,C0033,2025-09-10,HR Management Essentials,Human Resources,7,59969,2025-09-24,Paid
B00310,C0033,2025-10-26,Advanced Excel,Administration,2,12138,2025-10-28,Paid
B00311,C0034,2022-11-07,Leadership Team Offsite,Team Building,9,61731,2022-12-07,Pending
B00312,C0034,2022-12-04,ISO 9001 Quality Management,Compliance & Quality,15,97695,2022-12-23,Paid
B00313,C0034,2023-01-08,Business Communication,Communication Skills,5,28040,2023-02-07,Overdue
B00314,C0034,2023-02-16,Executive Leadership,Leadership & Management,6,60822,2023-02-27,Paid
B00315,C0035,2021-07-29,Data Literacy for Leaders,AI & Technology,3,33279,2021-08-20,Pending
B00316,C0035,2021-11-01,Project Planning & Execution,Project Management,7,69678,2021-11-18,Paid
B00317,C0035,2022-02-04,Agile & Scrum Fundamentals,Project Management,9,126360,2022-03-06,Pending
B00318,C0035,2022-05-04,Leadership Team Offsite,Team Building,5,26560,2022-05-15,Paid
B00319,C0035,2022-08-16,Finance for Non-Finance,Finance & Accounting,10,84690,2022-08-24,Paid
B00320,C0036,2024-02-01,Strategic Marketing,Sales & Marketing,10,60830,2024-02-27,Pending
B00321,C0036,2024-04-01,Digital Marketing,Sales & Marketing,10,66110,2024-04-27,Overdue
B00322,C0036,2024-06-03,Service Quality Management,Customer Service,7,40299,2024-07-03,Pending
B00323,C0037,2024-10-30,Change Management,Leadership & Management,13,92248,2024-11-07,Paid
B00324,C0037,2024-12-14,Agile & Scrum Fundamentals,Project Management,14,143570,2024-12-18,Paid
B00325,C0037,2025-01-28,Performance Appraisal,Human Resources,10,61200,2025-02-10,Paid
B00326,C0037,2025-03-24,Office Management,Administration,14,64736,2025-04-04,Paid
B00327,C0037,2025-06-03,Customer Service Excellence,Customer Service,24,115056,2025-06-03,Paid
B00328,C0037,2025-07-21,Financial Analysis,Finance & Accounting,16,95392,2025-07-21,Paid
B00329,C0037,2025-09-11,Risk & Compliance,Compliance & Quality,17,162639,2025-10-01,Paid
B00330,C0037,2025-11-23,Business Communication,Communication Skills,23,114747,2025-12-03,Paid
B00331,C0038,2023-12-24,Budgeting & Forecasting,Finance & Accounting,7,60403,2023-12-31,Paid
B00332,C0038,2024-02-12,Digital Marketing,Sales & Marketing,10,76290,2024-02-21,Paid
B00333,C0038,2024-04-05,Innovation Workshop,Team Building,5,23035,2024-04-16,Paid
B00334,C0038,2024-05-31,Financial Analysis,Finance & Accounting,12,80184,2024-06-19,Paid
B00335,C0038,2024-07-27,Prince2 Foundation,Project Management,13,114205,2024-08-01,Paid
B00336,C0038,2024-09-16,HR Management Essentials,Human Resources,15,117975,2024-09-20,Paid
B00337,C0038,2024-11-16,Prince2 Foundation,Project Management,8,71656,2024-11-17,Paid
B00338,C0038,2025-01-07,Internal Audit,Finance & Accounting,14,89670,2025-01-21,Paid
B00339,C0038,2025-02-25,HR Analytics,Human Resources,10,57410,2025-03-03,Paid
B00340,C0038,2025-04-15,Data Literacy for Leaders,AI & Technology,5,59760,2025-04-25,Paid
B00341,C0038,2025-05-29,Presentation Skills,Communication Skills,7,35189,2025-06-12,Paid
B00342,C0038,2025-07-21,Generative AI Essentials,AI & Technology,7,76097,2025-07-30,Paid
B00343,C0038,2025-08-29,Agile & Scrum Fundamentals,Project Management,5,56570,2025-09-27,Overdue
B00344,C0038,2025-10-31,Innovation Workshop,Team Building,7,55174,2025-11-14,Paid
B00345,C0039,2025-09-25,Key Account Management,Sales & Marketing,25,162575,2025-10-17,Overdue
B00346,C0039,2025-12-11,Digital Marketing,Sales & Marketing,24,183000,2026-01-10,Pending
B00347,C0040,2024-07-09,Team Management Essentials,Leadership & Management,7,80591,2024-07-12,Paid
B00348,C0040,2024-09-28,Budgeting & Forecasting,Finance & Accounting,5,48950,2024-10-17,Paid
B00349,C0040,2024-12-30,Employee Relations,Human Resources,12,76116,2025-01-01,Paid
B00350,C0040,2025-03-14,Internal Audit,Finance & Accounting,5,40490,2025-04-01,Paid
B00351,C0040,2025-06-16,AI for Business Leaders,AI & Technology,8,103200,2025-07-15,Overdue
B00352,C0041,2025-07-22,Performance Management,Leadership & Management,31,269576,2025-07-28,Paid
B00353,C0041,2025-08-23,Strategic Marketing,Sales & Marketing,25,158725,2025-09-11,Paid
B00354,C0041,2025-10-04,Key Account Management,Sales & Marketing,16,118592,2025-10-25,Overdue
B00355,C0041,2025-11-02,Email Writing Mastery,Communication Skills,19,103873,2025-11-29,Overdue
B00356,C0041,2025-12-08,Negotiation Skills,Communication Skills,27,115344,2025-12-08,Paid
B00357,C0042,2022-01-15,Virtual Team Building,Team Building,11,68167,2022-01-29,Paid
B00358,C0042,2022-03-12,Financial Analysis,Finance & Accounting,7,69804,2022-04-04,Overdue
B00359,C0042,2022-05-12,Project Planning & Execution,Project Management,14,153482,2022-05-14,Paid
B00360,C0042,2022-07-25,Risk Management,Project Management,8,83872,2022-08-09,Paid
B00361,C0042,2022-09-27,AI for Business Leaders,AI & Technology,10,59840,2022-10-26,Overdue
B00362,C0042,2022-11-15,Performance Management,Leadership & Management,5,51770,2022-12-05,Paid
B00363,C0042,2023-01-07,Finance for Non-Finance,Finance & Accounting,11,74162,2023-01-24,Paid
B00364,C0042,2023-03-18,Sales Fundamentals,Sales & Marketing,14,96306,2023-04-16,Pending
B00365,C0042,2023-06-01,Talent Acquisition,Human Resources,7,65863,2023-06-13,Paid
B00366,C0042,2023-08-01,Financial Analysis,Finance & Accounting,13,116220,2023-08-02,Paid
B00367,C0043,2024-04-05,Budgeting & Forecasting,Finance & Accounting,25,159725,2024-04-25,Paid
B00368,C0043,2024-05-25,Executive Assistant Excellence,Administration,19,84094,2024-05-30,Paid
B00369,C0043,2024-07-20,Strategic Marketing,Sales & Marketing,17,73916,2024-07-23,Paid
B00370,C0043,2024-09-16,Leadership Team Offsite,Team Building,18,92088,2024-09-18,Paid
B00371,C0043,2024-11-19,Time Management,Personal Development,21,96033,2024-12-04,Paid
B00372,C0043,2025-01-13,Digital Transformation,AI & Technology,23,168360,2025-02-02,Paid
B00373,C0043,2025-03-02,Office Management,Administration,25,134775,2025-03-28,Pending
B00374,C0043,2025-04-12,Negotiation Skills,Communication Skills,10,59170,2025-04-20,Paid
B00375,C0043,2025-06-17,Prince2 Foundation,Project Management,11,85987,2025-06-27,Paid
B00376,C0043,2025-07-28,Sales Fundamentals,Sales & Marketing,14,76902,2025-08-02,Paid
B00377,C0043,2025-09-11,Executive Leadership,Leadership & Management,18,152352,2025-09-24,Paid
B00378,C0043,2025-10-30,Critical Thinking,Personal Development,21,57099,2025-11-08,Paid
B00379,C0044,2023-06-21,Key Account Management,Sales & Marketing,16,110688,2023-07-11,Paid
B00380,C0044,2023-08-27,HR Management Essentials,Human Resources,13,93392,2023-09-20,Pending
B00381,C0044,2023-10-06,Generative AI Essentials,AI & Technology,20,154520,2023-11-01,Overdue
B00382,C0045,2022-03-06,Innovation Workshop,Team Building,9,51183,2022-03-16,Paid
B00383,C0045,2022-04-14,Prince2 Foundation,Project Management,3,29352,2022-04-18,Paid
B00384,C0045,2022-06-06,Key Account Management,Sales & Marketing,5,42030,2022-06-12,Paid
B00385,C0045,2022-07-30,ISO 9001 Quality Management,Compliance & Quality,10,96100,2022-08-26,Pending
B00386,C0045,2022-09-15,Customer Service Excellence,Customer Service,9,29808,2022-09-18,Paid
B00387,C0045,2022-11-16,Internal Control Systems,Compliance & Quality,4,28568,2022-12-01,Paid
B00388,C0045,2022-12-26,Presentation Skills,Communication Skills,6,37980,2023-01-06,Paid
B00389,C0045,2023-01-31,Project Planning & Execution,Project Management,9,116055,2023-02-16,Paid
B00390,C0045,2023-03-12,Leadership Team Offsite,Team Building,7,32935,2023-04-03,Overdue
B00391,C0045,2023-05-03,Strategic Leadership,Leadership & Management,3,26463,2023-05-07,Paid
B00392,C0045,2023-06-17,Business Writing,Administration,4,25272,2023-06-24,Paid
B00393,C0045,2023-08-03,Budgeting & Forecasting,Finance & Accounting,4,32876,2023-08-07,Paid
B00394,C0046,2022-06-02,Change Management,Leadership & Management,2,21934,2022-06-26,Overdue
B00395,C0046,2022-09-06,Team Management Essentials,Leadership & Management,5,39415,2022-09-07,Paid
B00396,C0046,2022-12-12,ISO 9001 Quality Management,Compliance & Quality,10,100800,2022-12-13,Paid
B00397,C0046,2023-02-25,Digital Marketing,Sales & Marketing,3,26163,2023-03-05,Paid
B00398,C0047,2024-09-20,Time Management,Personal Development,8,43248,2024-10-18,Pending
B00399,C0047,2024-10-28,HR Management Essentials,Human Resources,15,94845,2024-10-28,Paid
B00400,C0047,2024-11-14,Performance Management,Leadership & Management,7,64904,2024-12-14,Overdue
B00401,C0047,2024-12-25,Presentation Skills,Communication Skills,7,38850,2025-01-18,Pending
B00402,C0047,2025-01-14,Key Account Management,Sales & Marketing,14,62818,2025-01-17,Paid
B00403,C0047,2025-02-25,Internal Control Systems,Compliance & Quality,14,84644,2025-03-13,Paid
B00404,C0047,2025-03-17,Performance Appraisal,Human Resources,8,79592,2025-03-26,Paid
B00405,C0047,2025-05-02,Prince2 Foundation,Project Management,13,88777,2025-05-25,Pending
B00406,C0048,2022-12-21,PMP Certification Prep,Project Management,20,252240,2023-01-01,Paid
B00407,C0048,2023-03-03,Conflict Resolution,Communication Skills,28,104160,2023-03-19,Paid
B00408,C0048,2023-05-10,Employee Relations,Human Resources,28,153776,2023-06-03,Overdue
B00409,C0048,2023-07-28,Agile & Scrum Fundamentals,Project Management,29,219443,2023-08-13,Paid
B00410,C0048,2023-10-11,Project Planning & Execution,Project Management,30,363210,2023-10-22,Paid
B00411,C0048,2023-12-12,Advanced Excel,Administration,24,117936,2024-01-04,Pending
B00412,C0048,2024-02-21,Performance Management,Leadership & Management,25,234675,2024-02-24,Paid
B00413,C0048,2024-05-09,Conflict Resolution,Communication Skills,24,109560,2024-05-28,Paid
B00414,C0048,2024-08-04,Virtual Team Building,Team Building,24,138984,2024-08-30,Overdue
B00415,C0049,2021-02-12,Risk & Compliance,Compliance & Quality,12,102096,2021-02-17,Paid
B00416,C0049,2021-04-22,Leadership Excellence Program,Leadership & Management,15,140580,2021-05-13,Pending
B00417,C0049,2021-07-18,Email Writing Mastery,Communication Skills,12,57528,2021-08-08,Pending
B00418,C0049,2021-09-29,Agile & Scrum Fundamentals,Project Management,7,78638,2021-10-11,Paid
B00419,C0049,2021-12-04,Business Writing,Administration,14,46592,2021-12-27,Pending
B00420,C0049,2022-03-01,Change Management,Leadership & Management,10,73350,2022-03-11,Paid
B00421,C0049,2022-05-02,Talent Acquisition,Human Resources,14,112532,2022-05-14,Paid
B00422,C0049,2022-07-29,Agile & Scrum Fundamentals,Project Management,8,118920,2022-08-11,Paid
B00423,C0049,2022-10-23,Team Building Workshop,Team Building,12,52428,2022-11-16,Overdue
B00424,C0050,2025-07-07,Time Management,Personal Development,11,46596,2025-07-23,Paid
B00425,C0050,2025-08-27,Finance for Non-Finance,Finance & Accounting,7,71568,2025-08-30,Paid
B00426,C0050,2025-10-21,Agile & Scrum Fundamentals,Project Management,9,108072,2025-11-05,Paid
B00427,C0051,2025-02-03,Virtual Team Building,Team Building,5,37000,2025-02-05,Paid
B00428,C0051,2025-04-29,Strategic Marketing,Sales & Marketing,15,65130,2025-05-04,Paid
B00429,C0052,2021-08-19,Executive Assistant Excellence,Administration,31,145328,2021-09-13,Overdue
B00430,C0052,2021-11-20,Talent Acquisition,Human Resources,24,177696,2021-12-05,Paid
B00431,C0052,2022-02-15,Strategic Marketing,Sales & Marketing,31,159960,2022-03-04,Paid
B00432,C0052,2022-05-18,Business Communication,Communication Skills,32,156064,2022-05-18,Paid
B00433,C0052,2022-08-28,Leadership Team Offsite,Team Building,16,78352,2022-09-25,Pending
B00434,C0052,2022-12-08,Conflict Resolution,Communication Skills,29,118001,2023-01-04,Overdue
B00435,C0052,2023-03-04,Service Quality Management,Customer Service,29,77546,2023-03-05,Paid
B00436,C0052,2023-06-19,HR Management Essentials,Human Resources,32,236640,2023-07-16,Overdue
B00437,C0052,2023-09-12,Advanced Excel,Administration,20,93720,2023-09-25,Paid
B00438,C0053,2021-10-04,Strategic Marketing,Sales & Marketing,3,21990,2021-10-25,Overdue
B00439,C0053,2021-11-09,Executive Assistant Excellence,Administration,10,53600,2021-11-26,Paid
B00440,C0054,2022-03-14,Executive Leadership,Leadership & Management,27,210141,2022-03-29,Paid
B00441,C0054,2022-05-15,Prompt Engineering for Professionals,AI & Technology,27,265140,2022-06-05,Overdue
B00442,C0054,2022-06-24,Innovation Workshop,Team Building,24,108360,2022-06-25,Paid
B00443,C0054,2022-08-14,Strategic Leadership,Leadership & Management,33,206679,2022-08-18,Paid
B00444,C0055,2022-03-26,Presentation Skills,Communication Skills,23,96531,2022-03-27,Paid
B00445,C0055,2022-05-30,Executive Assistant Excellence,Administration,17,65212,2022-06-06,Paid
B00446,C0055,2022-07-16,Problem Solving,Personal Development,19,87628,2022-07-18,Paid
B00447,C0055,2022-09-25,Business Writing,Administration,12,48420,2022-09-28,Paid
B00448,C0055,2022-12-09,Business Communication,Communication Skills,15,45645,2022-12-26,Paid
B00449,C0055,2023-02-14,Internal Audit,Finance & Accounting,11,96063,2023-03-07,Overdue
B00450,C0055,2023-04-12,Digital Transformation,AI & Technology,23,169763,2023-04-12,Paid
B00451,C0055,2023-06-10,Business Writing,Administration,25,125525,2023-06-10,Paid
B00452,C0055,2023-07-30,Internal Audit,Finance & Accounting,22,181324,2023-08-09,Paid
B00453,C0055,2023-09-28,Digital Transformation,AI & Technology,13,116025,2023-10-01,Paid
B00454,C0055,2023-11-25,Business Writing,Administration,16,66304,2023-12-10,Paid
B00455,C0056,2024-02-12,Complaint Handling,Customer Service,5,25175,2024-03-03,Paid
B00456,C0056,2024-03-07,ISO 9001 Quality Management,Compliance & Quality,3,34167,2024-03-13,Paid
B00457,C0056,2024-04-02,Financial Analysis,Finance & Accounting,6,41334,2024-04-11,Paid
B00458,C0057,2022-04-21,Complaint Handling,Customer Service,8,35376,2022-05-16,Pending
B00459,C0057,2022-06-06,Problem Solving,Personal Development,9,45603,2022-07-01,Overdue
B00460,C0057,2022-07-26,Complaint Handling,Customer Service,15,66435,2022-08-05,Paid
B00461,C0057,2022-09-21,Talent Acquisition,Human Resources,11,71489,2022-09-29,Paid
B00462,C0057,2022-10-20,Emotional Intelligence,Personal Development,13,53651,2022-11-10,Pending
B00463,C0057,2022-12-08,Strategic Leadership,Leadership & Management,15,143145,2023-01-04,Pending
B00464,C0057,2023-01-31,Digital Transformation,AI & Technology,12,84084,2023-02-21,Overdue
B00465,C0057,2023-03-17,Finance for Non-Finance,Finance & Accounting,15,138510,2023-04-11,Overdue
B00466,C0057,2023-04-16,Digital Transformation,AI & Technology,15,89115,2023-05-02,Paid
B00467,C0057,2023-05-31,Talent Acquisition,Human Resources,10,67090,2023-06-04,Paid
B00468,C0057,2023-07-07,Compensation & Benefits,Human Resources,7,63399,2023-07-28,Overdue
B00469,C0057,2023-08-11,Complaint Handling,Customer Service,11,40249,2023-09-07,Pending
B00470,C0057,2023-09-09,Critical Thinking,Personal Development,8,37512,2023-09-17,Paid
B00471,C0057,2023-10-24,Internal Control Systems,Compliance & Quality,9,74835,2023-11-01,Paid
B00472,C0057,2023-12-15,Office Management,Administration,14,53144,2023-12-27,Paid
B00473,C0057,2024-01-27,Compensation & Benefits,Human Resources,6,39684,2024-02-02,Paid
B00474,C0057,2024-03-09,Strategic Leadership,Leadership & Management,8,76344,2024-03-23,Paid
B00475,C0058,2022-03-12,Data Literacy for Leaders,AI & Technology,4,47112,2022-04-08,Pending
B00476,C0058,2022-04-26,Team Building Workshop,Team Building,9,64836,2022-04-26,Paid
B00477,C0058,2022-06-17,Executive Leadership,Leadership & Management,3,28713,2022-07-06,Paid
B00478,C0058,2022-08-16,Budgeting & Forecasting,Finance & Accounting,3,29502,2022-09-13,Overdue
B00479,C0058,2022-09-18,Executive Assistant Excellence,Administration,3,15375,2022-10-18,Pending
B00480,C0058,2022-10-26,Compensation & Benefits,Human Resources,3,25014,2022-11-18,Pending
B00481,C0058,2022-12-02,AI for Business Leaders,AI & Technology,10,72770,2022-12-17,Paid
B00482,C0058,2023-01-11,Performance Management,Leadership & Management,5,59565,2023-01-14,Paid
B00483,C0058,2023-02-16,Innovation Workshop,Team Building,7,37436,2023-03-14,Overdue
B00484,C0058,2023-03-20,Risk & Compliance,Compliance & Quality,5,52320,2023-03-26,Paid
B00485,C0058,2023-04-29,Risk Management,Project Management,3,28302,2023-05-05,Paid
B00486,C0058,2023-06-25,Finance for Non-Finance,Finance & Accounting,9,88605,2023-07-03,Paid
B00487,C0058,2023-08-21,Prompt Engineering for Professionals,AI & Technology,2,21034,2023-09-07,Paid
B00488,C0058,2023-09-30,Negotiation Skills,Communication Skills,3,14388,2023-10-17,Paid
B00489,C0058,2023-11-22,Complaint Handling,Customer Service,9,52164,2023-11-29,Paid
B00490,C0059,2025-05-05,Budgeting & Forecasting,Finance & Accounting,5,33925,2025-05-31,Pending
B00491,C0059,2025-06-28,Business Writing,Administration,15,57120,2025-07-06,Paid
B00492,C0059,2025-08-25,Data Literacy for Leaders,AI & Technology,11,84458,2025-09-14,Paid
B00493,C0059,2025-10-29,Business Writing,Administration,10,53600,2025-11-01,Paid
B00494,C0059,2025-12-22,Generative AI Essentials,AI & Technology,8,80992,2026-01-03,Paid
B00495,C0060,2021-08-13,Leadership Team Offsite,Team Building,22,97570,2021-08-19,Paid
B00496,C0060,2021-10-25,Prince2 Foundation,Project Management,29,324684,2021-11-04,Paid
B00497,C0060,2022-01-06,Risk & Compliance,Compliance & Quality,35,307230,2022-01-31,Pending
B00498,C0060,2022-02-27,Finance for Non-Finance,Finance & Accounting,17,152099,2022-03-14,Paid
B00499,C0060,2022-04-21,Virtual Team Building,Team Building,28,185472,2022-05-17,Overdue
B00500,C0060,2022-06-06,Advanced Excel,Administration,28,93072,2022-07-02,Pending
B00501,C0060,2022-08-18,Business Writing,Administration,23,108951,2022-08-20,Paid
B00502,C0060,2022-10-27,Presentation Skills,Communication Skills,28,141988,2022-11-19,Overdue
B00503,C0061,2023-02-10,Budgeting & Forecasting,Finance & Accounting,25,152425,2023-02-13,Paid
B00504,C0061,2023-04-12,Prince2 Foundation,Project Management,22,228690,2023-05-04,Pending
B00505,C0061,2023-05-20,Time Management,Personal Development,28,102508,2023-06-03,Paid
B00506,C0061,2023-07-16,Digital Marketing,Sales & Marketing,19,97964,2023-07-21,Paid
B00507,C0061,2023-09-11,Office Management,Administration,33,135762,2023-10-06,Overdue
B00508,C0061,2023-10-23,Talent Acquisition,Human Resources,17,111214,2023-11-03,Paid
B00509,C0061,2023-12-19,HR Management Essentials,Human Resources,27,220050,2023-12-31,Paid
B00510,C0061,2024-02-08,Digital Transformation,AI & Technology,22,124696,2024-03-09,Pending
B00511,C0061,2024-04-10,Data Literacy for Leaders,AI & Technology,35,342510,2024-04-30,Paid
B00512,C0061,2024-06-06,Employee Relations,Human Resources,17,144347,2024-06-20,Paid
B00513,C0061,2024-07-17,Talent Acquisition,Human Resources,23,173443,2024-08-13,Pending
B00514,C0061,2024-08-23,Executive Leadership,Leadership & Management,27,241272,2024-09-11,Paid
B00515,C0061,2024-10-11,HR Analytics,Human Resources,19,102771,2024-11-10,Overdue
B00516,C0061,2024-11-23,Prince2 Foundation,Project Management,33,251328,2024-11-23,Paid
B00517,C0061,2025-01-19,Advanced Excel,Administration,31,139159,2025-02-12,Overdue
B00518,C0062,2024-12-17,Finance for Non-Finance,Finance & Accounting,19,170335,2024-12-29,Paid
B00519,C0062,2025-01-23,Project Planning & Execution,Project Management,23,189474,2025-02-11,Paid
B00520,C0062,2025-03-16,Performance Appraisal,Human Resources,19,144951,2025-04-06,Pending
B00521,C0062,2025-04-21,Customer Service Excellence,Customer Service,15,59580,2025-05-16,Pending
B00522,C0062,2025-05-27,Strategic Leadership,Leadership & Management,19,147668,2025-06-03,Paid
B00523,C0062,2025-07-26,Emotional Intelligence,Personal Development,24,81936,2025-08-06,Paid
B00524,C0062,2025-09-21,Prompt Engineering for Professionals,AI & Technology,24,146904,2025-09-21,Paid
B00525,C0062,2025-11-16,Digital Marketing,Sales & Marketing,14,101962,2025-11-26,Paid
B00526,C0063,2021-04-16,PMP Certification Prep,Project Management,11,78782,2021-04-26,Paid
B00527,C0063,2021-08-04,Compensation & Benefits,Human Resources,25,206550,2021-08-15,Paid
B00528,C0063,2021-11-12,Time Management,Personal Development,11,28237,2021-11-20,Paid
B00529,C0063,2022-03-02,Key Account Management,Sales & Marketing,22,116666,2022-03-14,Paid
B00530,C0063,2022-06-11,Executive Assistant Excellence,Administration,21,72114,2022-07-11,Pending
B00531,C0063,2022-09-30,Prompt Engineering for Professionals,AI & Technology,15,110055,2022-10-05,Paid
B00532,C0063,2023-01-15,Key Account Management,Sales & Marketing,25,187200,2023-01-25,Paid
B00533,C0063,2023-04-21,Sales Fundamentals,Sales & Marketing,14,63854,2023-05-01,Paid
B00534,C0063,2023-07-20,Advanced Excel,Administration,23,79764,2023-07-28,Paid
B00535,C0064,2021-03-06,Complaint Handling,Customer Service,19,65854,2021-03-25,Paid
B00536,C0064,2021-04-04,Leadership Team Offsite,Team Building,18,93582,2021-04-14,Paid
B00537,C0064,2021-05-14,Complaint Handling,Customer Service,15,54720,2021-06-06,Overdue
B00538,C0064,2021-07-05,Leadership Team Offsite,Team Building,14,74676,2021-08-01,Overdue
B00539,C0064,2021-08-25,Executive Leadership,Leadership & Management,16,111744,2021-08-26,Paid
B00540,C0064,2021-09-27,Employee Relations,Human Resources,15,78360,2021-10-12,Paid
B00541,C0064,2021-11-14,HR Analytics,Human Resources,15,113355,2021-11-28,Paid
B00542,C0064,2021-12-20,Complaint Handling,Customer Service,13,55536,2021-12-21,Paid
B00543,C0064,2022-02-12,Service Quality Management,Customer Service,21,105378,2022-03-01,Paid
B00544,C0065,2023-01-19,Virtual Team Building,Team Building,31,194153,2023-01-27,Paid
B00545,C0065,2023-02-20,Digital Transformation,AI & Technology,33,231099,2023-03-10,Paid
B00546,C0065,2023-04-17,Leadership Excellence Program,Leadership & Management,31,307613,2023-04-22,Paid
B00547,C0065,2023-06-08,Customer Service Excellence,Customer Service,17,57902,2023-07-02,Overdue
B00548,C0065,2023-08-03,Office Management,Administration,18,74142,2023-08-03,Paid
B00549,C0065,2023-09-05,Financial Analysis,Finance & Accounting,18,148842,2023-09-16,Paid
B00550,C0065,2023-10-07,Prompt Engineering for Professionals,AI & Technology,18,139986,2023-10-11,Paid
B00551,C0065,2023-11-16,Strategic Leadership,Leadership & Management,17,155618,2023-12-12,Overdue
B00552,C0065,2023-12-17,Sales Fundamentals,Sales & Marketing,35,265125,2023-12-25,Paid
B00553,C0065,2024-01-21,Time Management,Personal Development,15,55440,2024-01-22,Paid
B00554,C0065,2024-03-17,Problem Solving,Personal Development,34,140284,2024-03-27,Paid
B00555,C0065,2024-04-24,Team Building Workshop,Team Building,33,127017,2024-04-30,Paid
B00556,C0065,2024-05-28,Executive Leadership,Leadership & Management,35,277165,2024-06-07,Paid
B00557,C0065,2024-07-22,Risk & Compliance,Compliance & Quality,16,103072,2024-08-08,Paid
B00558,C0065,2024-08-25,Time Management,Personal Development,27,77544,2024-09-06,Paid
B00559,C0066,2025-06-05,Email Writing Mastery,Communication Skills,12,36552,2025-07-02,Pending
B00560,C0066,2025-08-10,Prince2 Foundation,Project Management,22,268994,2025-08-22,Paid
B00561,C0067,2022-11-11,Time Management,Personal Development,7,31290,2022-12-02,Pending
B00562,C0067,2022-12-19,Negotiation Skills,Communication Skills,13,47710,2023-01-03,Paid
B00563,C0067,2023-02-01,Service Quality Management,Customer Service,11,46288,2023-02-09,Paid
B00564,C0067,2023-03-23,Digital Transformation,AI & Technology,14,118580,2023-03-25,Paid
B00565,C0067,2023-05-22,Leadership Team Offsite,Team Building,11,68442,2023-06-02,Paid
B00566,C0067,2023-07-09,Emotional Intelligence,Personal Development,7,33446,2023-07-29,Paid
B00567,C0067,2023-09-05,Complaint Handling,Customer Service,6,18990,2023-09-21,Paid
B00568,C0067,2023-11-04,Business Communication,Communication Skills,12,63948,2023-11-11,Paid
B00569,C0067,2024-01-07,Problem Solving,Personal Development,15,75510,2024-01-11,Paid
B00570,C0067,2024-02-20,Strategic Marketing,Sales & Marketing,13,83733,2024-03-11,Paid
B00571,C0067,2024-04-23,AI for Business Leaders,AI & Technology,6,53286,2024-05-07,Paid
B00572,C0067,2024-06-18,Complaint Handling,Customer Service,6,29736,2024-06-27,Paid
B00573,C0068,2021-10-13,AI for Business Leaders,AI & Technology,23,174386,2021-10-31,Paid
B00574,C0068,2022-01-02,Executive Leadership,Leadership & Management,12,75156,2022-01-18,Paid
B00575,C0068,2022-03-05,PMP Certification Prep,Project Management,23,222525,2022-03-08,Paid
B00576,C0068,2022-05-23,Sales Fundamentals,Sales & Marketing,18,98748,2022-05-31,Paid
B00577,C0068,2022-07-22,Prompt Engineering for Professionals,AI & Technology,12,130512,2022-08-07,Paid
B00578,C0069,2024-04-15,Customer Service Excellence,Customer Service,6,25710,2024-05-03,Paid
B00579,C0069,2024-05-08,Team Building Workshop,Team Building,9,63918,2024-05-29,Overdue
B00580,C0069,2024-06-20,Emotional Intelligence,Personal Development,6,26388,2024-07-20,Pending
B00581,C0069,2024-07-13,Performance Appraisal,Human Resources,4,25280,2024-08-05,Overdue
B00582,C0069,2024-08-26,Office Management,Administration,3,15828,2024-09-12,Paid
B00583,C0069,2024-09-25,Strategic Leadership,Leadership & Management,2,20470,2024-09-28,Paid
B00584,C0069,2024-10-14,Leadership Excellence Program,Leadership & Management,4,43632,2024-10-28,Paid
B00585,C0069,2024-11-03,Business Writing,Administration,8,49552,2024-12-03,Overdue
B00586,C0070,2024-04-23,Office Management,Administration,27,108756,2024-04-25,Paid
B00587,C0070,2024-08-04,Project Planning & Execution,Project Management,19,131024,2024-08-10,Paid
B00588,C0070,2024-11-07,Agile & Scrum Fundamentals,Project Management,15,174675,2024-11-13,Paid
B00589,C0071,2025-08-29,Risk Management,Project Management,5,57845,2025-09-24,Pending
B00590,C0072,2021-05-26,Virtual Team Building,Team Building,12,81048,2021-06-10,Paid
B00591,C0072,2021-06-23,Digital Marketing,Sales & Marketing,5,42605,2021-07-07,Paid
B00592,C0072,2021-08-01,Prompt Engineering for Professionals,AI & Technology,8,65192,2021-08-10,Paid
B00593,C0072,2021-09-07,Digital Transformation,AI & Technology,11,64669,2021-09-17,Paid
B00594,C0072,2021-10-01,Leadership Excellence Program,Leadership & Management,6,63222,2021-10-14,Paid
B00595,C0072,2021-10-28,Strategic Marketing,Sales & Marketing,14,88536,2021-11-20,Overdue
B00596,C0072,2021-11-26,Team Management Essentials,Leadership & Management,12,104784,2021-12-11,Paid
B00597,C0072,2022-01-17,Key Account Management,Sales & Marketing,14,94808,2022-02-05,Paid
B00598,C0072,2022-02-14,Office Management,Administration,12,45372,2022-03-08,Pending
B00599,C0073,2023-06-04,Presentation Skills,Communication Skills,9,57213,2023-06-17,Paid
B00600,C0073,2023-07-07,Strategic Leadership,Leadership & Management,4,37436,2023-07-30,Pending
B00601,C0073,2023-08-01,Digital Marketing,Sales & Marketing,7,47558,2023-08-08,Paid
B00602,C0073,2023-09-02,Key Account Management,Sales & Marketing,5,37035,2023-10-01,Overdue
B00603,C0073,2023-09-19,Time Management,Personal Development,9,31833,2023-10-17,Overdue
B00604,C0073,2023-10-12,Team Building Workshop,Team Building,8,63448,2023-10-25,Paid
B00605,C0073,2023-11-24,Office Management,Administration,7,38038,2023-12-19,Pending
B00606,C0073,2023-12-29,Emotional Intelligence,Personal Development,5,20780,2024-01-20,Pending
B00607,C0073,2024-01-26,Executive Assistant Excellence,Administration,9,36252,2024-01-31,Paid
B00608,C0073,2024-03-09,Talent Acquisition,Human Resources,4,33924,2024-03-24,Paid
B00609,C0073,2024-04-08,PMP Certification Prep,Project Management,8,96352,2024-04-17,Paid
B00610,C0073,2024-04-26,Compensation & Benefits,Human Resources,5,41400,2024-04-27,Paid
B00611,C0073,2024-05-26,Strategic Leadership,Leadership & Management,7,63952,2024-06-06,Paid
B00612,C0073,2024-06-29,Office Management,Administration,4,16860,2024-07-25,Pending
B00613,C0073,2024-08-13,Risk & Compliance,Compliance & Quality,3,29298,2024-08-26,Paid
B00614,C0073,2024-09-17,Agile & Scrum Fundamentals,Project Management,5,44940,2024-10-04,Paid
B00615,C0074,2024-10-06,Innovation Workshop,Team Building,10,43300,2024-11-03,Pending
B00616,C0074,2024-12-31,Business Writing,Administration,10,50780,2025-01-21,Pending
B00617,C0074,2025-04-11,Advanced Excel,Administration,2,10586,2025-05-06,Overdue
B00618,C0074,2025-07-07,Leadership Team Offsite,Team Building,3,23976,2025-07-10,Paid
B00619,C0074,2025-10-15,ISO 9001 Quality Management,Compliance & Quality,3,34821,2025-10-16,Paid
B00620,C0075,2022-01-31,Negotiation Skills,Communication Skills,20,110200,2022-02-09,Paid
B00621,C0075,2022-03-30,Advanced Excel,Administration,29,137344,2022-04-14,Paid
B00622,C0075,2022-06-20,Team Building Workshop,Team Building,18,70848,2022-07-10,Paid
B00623,C0075,2022-08-20,Negotiation Skills,Communication Skills,25,145650,2022-08-24,Paid
B00624,C0076,2024-08-21,Innovation Workshop,Team Building,5,25020,2024-09-16,Overdue
B00625,C0076,2024-12-12,Business Communication,Communication Skills,9,50112,2024-12-17,Paid
B00626,C0076,2025-04-03,Performance Management,Leadership & Management,9,90450,2025-04-25,Overdue
B00627,C0076,2025-08-04,Negotiation Skills,Communication Skills,15,79335,2025-08-11,Paid
B00628,C0077,2025-07-19,Customer Service Excellence,Customer Service,17,51510,2025-08-13,Overdue
B00629,C0078,2023-02-22,Leadership Excellence Program,Leadership & Management,12,78468,2023-03-04,Paid
B00630,C0078,2023-05-05,Internal Audit,Finance & Accounting,22,146718,2023-05-18,Paid
B00631,C0078,2023-07-02,Executive Leadership,Leadership & Management,22,136554,2023-07-23,Pending
B00632,C0078,2023-09-14,Digital Transformation,AI & Technology,11,109142,2023-10-06,Overdue
B00633,C0078,2023-11-24,Customer Service Excellence,Customer Service,22,108218,2023-12-16,Overdue
B00634,C0078,2024-01-23,Team Building Workshop,Team Building,20,131300,2024-02-03,Paid
B00635,C0078,2024-04-01,Leadership Excellence Program,Leadership & Management,18,173232,2024-04-20,Paid
B00636,C0078,2024-06-05,Risk Management,Project Management,22,217932,2024-06-25,Paid
B00637,C0078,2024-07-30,Performance Appraisal,Human Resources,24,180648,2024-08-10,Paid
B00638,C0078,2024-10-12,Risk & Compliance,Compliance & Quality,22,161106,2024-11-09,Overdue
B00639,C0078,2024-11-25,Performance Management,Leadership & Management,11,106601,2024-12-05,Paid
B00640,C0078,2025-01-22,Conflict Resolution,Communication Skills,14,67004,2025-02-08,Paid
B00641,C0078,2025-03-11,Financial Analysis,Finance & Accounting,16,98736,2025-03-27,Paid
B00642,C0078,2025-05-18,Data Literacy for Leaders,AI & Technology,19,173926,2025-05-28,Paid
B00643,C0079,2024-08-31,Budgeting & Forecasting,Finance & Accounting,11,99473,2024-09-03,Paid
B00644,C0079,2024-10-05,Team Building Workshop,Team Building,5,37235,2024-10-16,Paid
B00645,C0079,2024-11-09,HR Analytics,Human Resources,15,102990,2024-11-20,Paid
B00646,C0079,2025-01-11,Agile & Scrum Fundamentals,Project Management,5,70985,2025-01-31,Paid
B00647,C0079,2025-03-12,Agile & Scrum Fundamentals,Project Management,12,106488,2025-03-30,Paid
B00648,C0079,2025-05-03,Virtual Team Building,Team Building,5,29280,2025-05-13,Paid
B00649,C0079,2025-06-25,Compensation & Benefits,Human Resources,14,98952,2025-07-17,Pending
B00650,C0079,2025-08-07,Presentation Skills,Communication Skills,9,41985,2025-08-28,Pending
B00651,C0079,2025-09-18,Advanced Excel,Administration,11,52613,2025-10-11,Pending
B00652,C0079,2025-11-18,PMP Certification Prep,Project Management,10,103950,2025-12-06,Paid
B00653,C0080,2022-04-18,Complaint Handling,Customer Service,14,58898,2022-04-24,Paid
B00654,C0080,2022-06-12,Service Quality Management,Customer Service,12,46020,2022-07-03,Overdue
B00655,C0080,2022-07-26,Prompt Engineering for Professionals,AI & Technology,22,161942,2022-08-13,Paid
B00656,C0080,2022-09-09,Strategic Marketing,Sales & Marketing,23,132963,2022-10-01,Overdue
B00657,C0080,2022-11-11,Team Building Workshop,Team Building,23,144141,2022-11-16,Paid
B00658,C0080,2023-01-04,Risk Management,Project Management,14,142450,2023-01-26,Overdue
B00659,C0080,2023-03-12,Project Planning & Execution,Project Management,13,151255,2023-03-18,Paid
B00660,C0080,2023-05-05,Sales Fundamentals,Sales & Marketing,25,109075,2023-05-28,Pending
B00661,C0080,2023-06-17,Data Literacy for Leaders,AI & Technology,21,133371,2023-07-06,Paid
B00662,C0080,2023-07-30,Customer Service Excellence,Customer Service,13,38610,2023-08-10,Paid
B00663,C0080,2023-09-10,Digital Transformation,AI & Technology,19,110276,2023-09-26,Paid
B00664,C0081,2024-02-24,Negotiation Skills,Communication Skills,24,95952,2024-03-10,Paid
B00665,C0081,2024-03-16,Strategic Leadership,Leadership & Management,19,131841,2024-04-10,Overdue
B00666,C0082,2023-05-26,Leadership Excellence Program,Leadership & Management,3,34455,2023-06-06,Paid
B00667,C0082,2023-07-15,Change Management,Leadership & Management,2,20840,2023-07-30,Paid
B00668,C0082,2023-09-02,Digital Transformation,AI & Technology,6,66804,2023-09-16,Paid
B00669,C0082,2023-11-11,Business Communication,Communication Skills,8,43568,2023-12-07,Pending
B00670,C0082,2024-01-17,Leadership Team Offsite,Team Building,4,24268,2024-02-06,Paid
B00671,C0082,2024-03-16,Sales Fundamentals,Sales & Marketing,9,69588,2024-03-30,Paid
B00672,C0083,2023-08-19,Email Writing Mastery,Communication Skills,7,40005,2023-08-20,Paid
B00673,C0083,2023-10-02,Executive Assistant Excellence,Administration,9,41724,2023-10-22,Paid
B00674,C0083,2023-12-08,Performance Management,Leadership & Management,4,28812,2023-12-26,Paid
B00675,C0083,2024-02-07,Critical Thinking,Personal Development,6,31788,2024-02-27,Paid
B00676,C0083,2024-04-10,Agile & Scrum Fundamentals,Project Management,10,73920,2024-04-16,Paid
B00677,C0083,2024-06-10,Emotional Intelligence,Personal Development,10,45570,2024-07-04,Pending
B00678,C0083,2024-08-04,Digital Transformation,AI & Technology,10,68430,2024-08-28,Overdue
B00679,C0083,2024-09-27,Key Account Management,Sales & Marketing,2,10984,2024-10-18,Pending
B00680,C0083,2024-11-15,Strategic Leadership,Leadership & Management,6,52110,2024-11-22,Paid
B00681,C0083,2025-01-24,Advanced Excel,Administration,9,34614,2025-02-18,Overdue
B00682,C0084,2022-11-14,HR Analytics,Human Resources,6,38814,2022-11-17,Paid
B00683,C0084,2023-01-01,Generative AI Essentials,AI & Technology,7,61859,2023-01-05,Paid
B00684,C0084,2023-03-02,HR Management Essentials,Human Resources,9,82314,2023-03-04,Paid
B00685,C0084,2023-05-03,Risk Management,Project Management,9,102024,2023-05-24,Pending
B00686,C0084,2023-06-05,Executive Leadership,Leadership & Management,14,114996,2023-06-10,Paid
B00687,C0084,2023-07-18,Strategic Leadership,Leadership & Management,5,47205,2023-07-30,Paid
B00688,C0084,2023-09-02,PMP Certification Prep,Project Management,10,77910,2023-09-15,Paid
B00689,C0084,2023-10-10,Internal Audit,Finance & Accounting,9,86184,2023-11-09,Pending
B00690,C0084,2023-11-25,Executive Leadership,Leadership & Management,8,71696,2023-12-19,Pending
B00691,C0084,2023-12-28,Strategic Marketing,Sales & Marketing,13,89284,2024-01-13,Paid
B00692,C0084,2024-02-26,Conflict Resolution,Communication Skills,6,27618,2024-02-27,Paid
B00693,C0084,2024-04-15,Internal Audit,Finance & Accounting,12,100296,2024-04-17,Paid
B00694,C0084,2024-05-28,Digital Marketing,Sales & Marketing,5,33345,2024-06-17,Paid
B00695,C0084,2024-07-12,Employee Relations,Human Resources,5,35510,2024-07-29,Paid
B00696,C0085,2025-11-14,Data Literacy for Leaders,AI & Technology,15,164880,2025-11-18,Paid
B00697,C0085,2025-12-27,Budgeting & Forecasting,Finance & Accounting,14,116998,2026-01-10,Paid
B00698,C0086,2024-04-24,ISO 9001 Quality Management,Compliance & Quality,8,91224,2024-05-24,Overdue
B00699,C0086,2024-06-21,Data Literacy for Leaders,AI & Technology,12,69780,2024-06-21,Paid
B00700,C0086,2024-08-08,Internal Control Systems,Compliance & Quality,12,95556,2024-08-28,Paid
B00701,C0086,2024-10-14,Prince2 Foundation,Project Management,5,42460,2024-11-12,Overdue
B00702,C0086,2024-12-25,Finance for Non-Finance,Finance & Accounting,14,101794,2025-01-20,Overdue
B00703,C0086,2025-02-09,Presentation Skills,Communication Skills,15,55725,2025-02-27,Paid
B00704,C0086,2025-04-03,Key Account Management,Sales & Marketing,9,46674,2025-04-08,Paid
B00705,C0086,2025-06-01,Virtual Team Building,Team Building,13,69680,2025-06-03,Paid
B00706,C0086,2025-07-18,Budgeting & Forecasting,Finance & Accounting,6,58428,2025-08-09,Pending
B00707,C0087,2022-08-03,Emotional Intelligence,Personal Development,20,98480,2022-09-02,Overdue
B00708,C0087,2022-11-10,Critical Thinking,Personal Development,18,90234,2022-11-24,Paid
B00709,C0087,2023-03-09,Finance for Non-Finance,Finance & Accounting,17,131971,2023-03-19,Paid
B00710,C0087,2023-06-21,Performance Appraisal,Human Resources,24,202512,2023-07-10,Paid
B00711,C0087,2023-09-26,Business Communication,Communication Skills,10,53830,2023-09-30,Paid
B00712,C0088,2021-11-17,Customer Service Excellence,Customer Service,32,159168,2021-12-09,Overdue
B00713,C0088,2022-01-19,Leadership Team Offsite,Team Building,27,142371,2022-01-21,Paid
B00714,C0088,2022-04-20,ISO 9001 Quality Management,Compliance & Quality,35,227115,2022-05-07,Paid
B00715,C0088,2022-06-22,Strategic Leadership,Leadership & Management,29,197461,2022-07-03,Paid
B00716,C0088,2022-09-14,Internal Control Systems,Compliance & Quality,27,273672,2022-09-25,Paid
B00717,C0088,2022-11-21,Conflict Resolution,Communication Skills,20,117920,2022-12-15,Pending
B00718,C0089,2022-11-08,Talent Acquisition,Human Resources,12,61584,2022-11-15,Paid
B00719,C0090,2024-03-01,Performance Management,Leadership & Management,19,142291,2024-03-08,Paid
B00720,C0090,2024-06-03,Strategic Marketing,Sales & Marketing,21,91917,2024-06-11,Paid
B00721,C0090,2024-09-13,Strategic Marketing,Sales & Marketing,16,68384,2024-09-19,Paid
B00722,C0090,2024-12-17,Internal Control Systems,Compliance & Quality,22,147862,2025-01-13,Overdue
B00723,C0090,2025-03-11,Digital Transformation,AI & Technology,25,167775,2025-03-28,Paid
B00724,C0090,2025-05-29,Talent Acquisition,Human Resources,15,79890,2025-06-16,Paid
B00725,C0091,2025-05-22,Employee Relations,Human Resources,18,103806,2025-06-18,Pending
B00726,C0091,2025-07-03,Business Writing,Administration,18,96192,2025-07-20,Paid
B00727,C0091,2025-08-18,Sales Fundamentals,Sales & Marketing,10,75140,2025-08-31,Paid
B00728,C0091,2025-10-24,Problem Solving,Personal Development,11,40414,2025-11-06,Paid
B00729,C0091,2025-12-19,Customer Service Excellence,Customer Service,18,53514,2026-01-09,Overdue
B00730,C0092,2022-01-24,Generative AI Essentials,AI & Technology,29,224054,2022-01-24,Paid
B00731,C0092,2022-04-26,Email Writing Mastery,Communication Skills,21,86919,2022-04-28,Paid
B00732,C0092,2022-07-04,Digital Transformation,AI & Technology,15,159885,2022-07-11,Paid
B00733,C0092,2022-10-08,Business Writing,Administration,28,90524,2022-11-06,Pending
B00734,C0092,2023-01-07,Talent Acquisition,Human Resources,20,124900,2023-01-16,Paid
B00735,C0092,2023-03-23,Change Management,Leadership & Management,35,231805,2023-03-23,Paid
B00736,C0092,2023-05-31,Digital Marketing,Sales & Marketing,28,197736,2023-05-31,Paid
B00737,C0092,2023-08-15,Prompt Engineering for Professionals,AI & Technology,35,274820,2023-09-10,Overdue
B00738,C0092,2023-11-20,Compensation & Benefits,Human Resources,18,121464,2023-11-27,Paid
B00739,C0092,2024-02-09,Business Communication,Communication Skills,16,93360,2024-02-19,Paid
B00740,C0093,2022-06-27,PMP Certification Prep,Project Management,9,114678,2022-06-30,Paid
B00741,C0093,2022-11-03,Performance Management,Leadership & Management,2,14546,2022-11-15,Paid
B00742,C0093,2023-03-07,Internal Audit,Finance & Accounting,3,22632,2023-03-08,Paid
B00743,C0093,2023-07-09,Risk & Compliance,Compliance & Quality,9,67032,2023-07-18,Paid
B00744,C0093,2023-11-05,Emotional Intelligence,Personal Development,8,26152,2023-11-08,Paid
B00745,C0093,2024-03-13,Office Management,Administration,2,11580,2024-03-14,Paid
B00746,C0094,2022-01-21,Emotional Intelligence,Personal Development,5,24285,2022-02-02,Paid
B00747,C0094,2022-03-14,Sales Fundamentals,Sales & Marketing,11,80443,2022-04-02,Paid
B00748,C0094,2022-05-21,Emotional Intelligence,Personal Development,6,26346,2022-06-10,Paid
B00749,C0094,2022-08-02,Office Management,Administration,5,26795,2022-08-18,Paid
B00750,C0094,2022-10-03,Business Communication,Communication Skills,14,51016,2022-10-06,Paid
B00751,C0094,2022-11-28,PMP Certification Prep,Project Management,5,64375,2022-12-20,Pending
B00752,C0094,2023-02-12,Prompt Engineering for Professionals,AI & Technology,8,89560,2023-02-16,Paid
B00753,C0094,2023-04-21,Critical Thinking,Personal Development,13,44733,2023-05-02,Paid
B00754,C0094,2023-07-04,Customer Service Excellence,Customer Service,12,60864,2023-07-23,Paid
B00755,C0094,2023-09-12,Service Quality Management,Customer Service,7,27965,2023-09-16,Paid
B00756,C0095,2023-08-22,Complaint Handling,Customer Service,13,62634,2023-09-15,Overdue
B00757,C0095,2023-10-18,Budgeting & Forecasting,Finance & Accounting,14,130102,2023-11-11,Pending
B00758,C0095,2023-12-23,Risk Management,Project Management,12,107376,2024-01-11,Paid
B00759,C0096,2025-02-22,Office Management,Administration,7,26138,2025-03-01,Paid
B00760,C0096,2025-04-06,Key Account Management,Sales & Marketing,13,94107,2025-04-07,Paid
B00761,C0096,2025-06-04,Complaint Handling,Customer Service,10,32300,2025-06-10,Paid
B00762,C0096,2025-08-04,Critical Thinking,Personal Development,8,26240,2025-08-14,Paid
B00763,C0097,2024-01-05,Digital Transformation,AI & Technology,25,245350,2024-01-14,Paid
B00764,C0097,2024-04-03,Customer Service Excellence,Customer Service,25,77850,2024-04-06,Paid
B00765,C0097,2024-07-01,Sales Fundamentals,Sales & Marketing,16,95616,2024-07-08,Paid
B00766,C0097,2024-09-20,Leadership Excellence Program,Leadership & Management,35,262570,2024-10-12,Pending
B00767,C0097,2024-12-15,Sales Fundamentals,Sales & Marketing,34,169728,2024-12-22,Paid
B00768,C0097,2025-03-14,Digital Marketing,Sales & Marketing,25,176500,2025-04-06,Overdue
B00769,C0097,2025-05-30,Performance Appraisal,Human Resources,27,154980,2025-06-25,Pending
B00770,C0097,2025-09-01,Negotiation Skills,Communication Skills,15,48465,2025-09-12,Paid
B00771,C0098,2023-10-23,Prompt Engineering for Professionals,AI & Technology,7,48013,2023-10-23,Paid
B00772,C0098,2023-12-26,Talent Acquisition,Human Resources,5,35815,2023-12-31,Paid
B00773,C0098,2024-03-04,Employee Relations,Human Resources,6,53664,2024-03-09,Paid
B00774,C0098,2024-05-17,Business Communication,Communication Skills,10,38300,2024-05-22,Paid
B00775,C0098,2024-07-22,Talent Acquisition,Human Resources,2,13442,2024-08-17,Overdue
B00776,C0098,2024-10-10,PMP Certification Prep,Project Management,2,29622,2024-10-31,Pending
B00777,C0099,2023-03-01,Risk & Compliance,Compliance & Quality,14,125580,2023-03-29,Pending
B00778,C0099,2023-04-15,Agile & Scrum Fundamentals,Project Management,7,63497,2023-05-10,Pending
B00779,C0099,2023-06-18,Talent Acquisition,Human Resources,13,83408,2023-07-10,Overdue
B00780,C0099,2023-07-29,Internal Audit,Finance & Accounting,14,119210,2023-08-18,Paid
B00781,C0099,2023-09-11,Compensation & Benefits,Human Resources,5,45625,2023-09-30,Paid
B00782,C0099,2023-10-30,Prompt Engineering for Professionals,AI & Technology,8,87088,2023-11-08,Paid
B00783,C0099,2023-12-11,ISO 9001 Quality Management,Compliance & Quality,7,67788,2023-12-18,Paid
B00784,C0099,2024-01-26,Executive Leadership,Leadership & Management,15,118485,2024-02-22,Pending
B00785,C0099,2024-03-26,Key Account Management,Sales & Marketing,14,102662,2024-04-10,Paid
B00786,C0099,2024-05-11,Performance Appraisal,Human Resources,6,55278,2024-05-26,Paid
B00787,C0099,2024-07-06,ISO 9001 Quality Management,Compliance & Quality,15,96015,2024-07-11,Paid
B00788,C0099,2024-08-15,Key Account Management,Sales & Marketing,11,75515,2024-09-12,Overdue
B00789,C0099,2024-10-19,Strategic Marketing,Sales & Marketing,13,76245,2024-10-24,Paid
B00790,C0099,2024-12-09,Internal Audit,Finance & Accounting,10,91830,2024-12-31,Overdue
B00791,C0100,2022-04-29,Performance Appraisal,Human Resources,19,125001,2022-05-27,Overdue
B00792,C0100,2022-06-28,Digital Transformation,AI & Technology,15,121935,2022-07-06,Paid
B00793,C0100,2022-08-20,Data Literacy for Leaders,AI & Technology,12,77520,2022-09-13,Pending
B00794,C0100,2022-10-22,Financial Analysis,Finance & Accounting,24,219288,2022-11-02,Paid
B00795,C0100,2022-12-18,Employee Relations,Human Resources,11,73909,2023-01-03,Paid
B00796,C0100,2023-02-21,Emotional Intelligence,Personal Development,20,80660,2023-03-07,Paid
B00797,C0100,2023-05-06,Sales Fundamentals,Sales & Marketing,23,130479,2023-05-17,Paid
B00798,C0100,2023-07-15,Risk & Compliance,Compliance & Quality,25,203925,2023-07-23,Paid
B00799,C0100,2023-09-16,Conflict Resolution,Communication Skills,10,35990,2023-09-30,Paid
B00800,C0100,2023-11-20,Employee Relations,Human Resources,18,132228,2023-11-22,Paid
B00801,C0100,2024-01-05,Presentation Skills,Communication Skills,12,48000,2024-01-31,Pending
B00802,C0100,2024-02-25,ISO 9001 Quality Management,Compliance & Quality,18,135630,2024-02-28,Paid
B00803,C0100,2024-04-17,Agile & Scrum Fundamentals,Project Management,12,111696,2024-04-18,Paid
B00804,C0100,2024-06-29,Generative AI Essentials,AI & Technology,16,125568,2024-07-05,Paid
B00805,C0100,2024-08-19,Office Management,Administration,20,76900,2024-08-28,Paid
B00806,C0100,2024-10-17,Virtual Team Building,Team Building,18,73134,2024-11-08,Pending
B00807,C0100,2024-12-28,Leadership Team Offsite,Team Building,18,61704,2025-01-21,Overdue
B00808,C0100,2025-02-18,Financial Analysis,Finance & Accounting,21,175056,2025-03-20,Overdue
B00809,C0100,2025-04-16,Internal Control Systems,Compliance & Quality,10,92360,2025-05-06,Paid
B00810,C0101,2024-10-27,Employee Relations,Human Resources,31,221433,2024-11-21,Overdue
B00811,C0101,2025-01-01,Team Building Workshop,Team Building,29,132965,2025-01-26,Pending
B00812,C0101,2025-02-21,Internal Audit,Finance & Accounting,21,178710,2025-03-17,Overdue
B00813,C0101,2025-04-08,Performance Appraisal,Human Resources,29,193314,2025-05-05,Pending
B00814,C0101,2025-05-24,Negotiation Skills,Communication Skills,19,94715,2025-06-20,Pending
B00815,C0101,2025-07-25,Budgeting & Forecasting,Finance & Accounting,15,135060,2025-08-19,Overdue
B00816,C0101,2025-09-25,Business Communication,Communication Skills,22,97526,2025-10-08,Paid
B00817,C0101,2025-11-09,Office Management,Administration,27,145206,2025-11-26,Paid
B00818,C0102,2021-01-25,Digital Transformation,AI & Technology,35,340305,2021-02-23,Overdue
B00819,C0102,2021-03-11,Conflict Resolution,Communication Skills,21,91035,2021-03-13,Paid
B00820,C0102,2021-05-13,Generative AI Essentials,AI & Technology,27,184545,2021-05-28,Paid
B00821,C0102,2021-07-22,PMP Certification Prep,Project Management,25,269125,2021-08-21,Overdue
B00822,C0102,2021-09-06,Critical Thinking,Personal Development,24,68952,2021-09-11,Paid
B00823,C0102,2021-11-19,PMP Certification Prep,Project Management,32,257152,2021-11-20,Paid
B00824,C0102,2022-01-07,Internal Control Systems,Compliance & Quality,34,317934,2022-01-07,Paid
B00825,C0102,2022-02-25,HR Management Essentials,Human Resources,21,112161,2022-03-26,Overdue
B00826,C0102,2022-05-11,Financial Analysis,Finance & Accounting,21,150087,2022-05-20,Paid
B00827,C0102,2022-07-05,Executive Assistant Excellence,Administration,31,99758,2022-07-19,Paid
B00828,C0103,2025-06-11,Customer Service Excellence,Customer Service,22,68112,2025-06-14,Paid
B00829,C0103,2025-07-07,Project Planning & Execution,Project Management,23,232967,2025-07-30,Pending
B00830,C0103,2025-08-07,Conflict Resolution,Communication Skills,16,54832,2025-09-03,Pending
B00831,C0103,2025-09-12,Budgeting & Forecasting,Finance & Accounting,23,203090,2025-09-17,Paid
B00832,C0103,2025-11-04,Time Management,Personal Development,19,87305,2025-11-10,Paid
B00833,C0104,2021-05-03,Business Communication,Communication Skills,25,114400,2021-05-17,Paid
B00834,C0104,2021-07-26,Digital Transformation,AI & Technology,11,117238,2021-07-28,Paid
B00835,C0104,2021-10-12,Financial Analysis,Finance & Accounting,24,190536,2021-11-03,Overdue
B00836,C0104,2021-12-27,Email Writing Mastery,Communication Skills,15,66300,2022-01-03,Paid
B00837,C0104,2022-03-07,HR Management Essentials,Human Resources,23,153939,2022-03-19,Paid
B00838,C0104,2022-05-20,Executive Assistant Excellence,Administration,15,81090,2022-06-07,Paid
B00839,C0104,2022-08-12,PMP Certification Prep,Project Management,22,256608,2022-09-11,Pending
B00840,C0104,2022-10-23,Compensation & Benefits,Human Resources,15,90780,2022-11-20,Overdue
B00841,C0104,2023-01-27,Executive Assistant Excellence,Administration,12,64860,2023-02-19,Pending
B00842,C0104,2023-04-19,Strategic Marketing,Sales & Marketing,23,158746,2023-05-06,Paid
B00843,C0104,2023-07-17,Agile & Scrum Fundamentals,Project Management,21,153972,2023-08-10,Pending
B00844,C0104,2023-10-20,Key Account Management,Sales & Marketing,20,113540,2023-11-03,Paid
B00845,C0104,2024-01-05,Prince2 Foundation,Project Management,18,148374,2024-01-21,Paid
B00846,C0104,2024-03-31,Team Management Essentials,Leadership & Management,24,147240,2024-04-02,Paid
B00847,C0105,2022-04-26,Talent Acquisition,Human Resources,22,115060,2022-04-26,Paid
B00848,C0105,2022-06-17,HR Analytics,Human Resources,13,98384,2022-07-16,Pending
B00849,C0105,2022-07-28,Internal Audit,Finance & Accounting,24,213600,2022-08-11,Paid
B00850,C0105,2022-09-22,Change Management,Leadership & Management,12,117216,2022-10-13,Pending
B00851,C0106,2025-05-27,Prince2 Foundation,Project Management,7,104076,2025-05-27,Paid
B00852,C0106,2025-07-15,Time Management,Personal Development,6,22350,2025-07-24,Paid
B00853,C0106,2025-09-13,Agile & Scrum Fundamentals,Project Management,13,155506,2025-09-25,Paid
B00854,C0106,2025-11-23,Prince2 Foundation,Project Management,6,81000,2025-12-17,Pending
B00855,C0107,2025-05-24,Advanced Excel,Administration,16,85184,2025-06-10,Paid
B00856,C0107,2025-07-08,Performance Appraisal,Human Resources,29,218225,2025-07-09,Paid
B00857,C0107,2025-08-16,Critical Thinking,Personal Development,31,148211,2025-09-06,Pending
B00858,C0108,2025-05-23,Time Management,Personal Development,2,6398,2025-06-16,Overdue
B00859,C0108,2025-09-03,Innovation Workshop,Team Building,5,39020,2025-09-10,Paid
B00860,C0109,2022-03-26,Employee Relations,Human Resources,6,55584,2022-04-21,Pending
B00861,C0109,2022-05-15,Team Building Workshop,Team Building,7,29260,2022-05-28,Paid
B00862,C0109,2022-06-30,Key Account Management,Sales & Marketing,6,50040,2022-07-10,Paid
B00863,C0109,2022-08-13,Internal Audit,Finance & Accounting,13,88972,2022-09-01,Paid
B00864,C0109,2022-10-09,Performance Appraisal,Human Resources,13,84175,2022-11-08,Overdue
B00865,C0109,2022-11-22,Agile & Scrum Fundamentals,Project Management,8,78008,2022-11-25,Paid
B00866,C0109,2023-01-05,Presentation Skills,Communication Skills,10,35790,2023-01-05,Paid
B00867,C0109,2023-02-28,Email Writing Mastery,Communication Skills,15,61125,2023-02-28,Paid
B00868,C0109,2023-05-09,Conflict Resolution,Communication Skills,8,43032,2023-05-16,Paid
B00869,C0109,2023-06-28,Change Management,Leadership & Management,15,118320,2023-07-18,Paid
B00870,C0109,2023-09-01,Emotional Intelligence,Personal Development,10,27020,2023-09-03,Paid
B00871,C0109,2023-11-05,Performance Appraisal,Human Resources,11,67639,2023-11-29,Overdue
B00872,C0109,2023-12-21,PMP Certification Prep,Project Management,13,160017,2024-01-19,Pending
B00873,C0110,2024-10-14,Innovation Workshop,Team Building,7,37520,2024-10-19,Paid
B00874,C0110,2024-12-17,Critical Thinking,Personal Development,10,48690,2025-01-01,Paid
B00875,C0110,2025-02-10,Change Management,Leadership & Management,10,60720,2025-03-01,Paid
B00876,C0110,2025-04-16,Prompt Engineering for Professionals,AI & Technology,12,98244,2025-05-02,Paid
B00877,C0110,2025-06-22,Critical Thinking,Personal Development,8,40496,2025-07-10,Paid
B00878,C0110,2025-08-18,Advanced Excel,Administration,5,22260,2025-08-18,Paid
B00879,C0110,2025-10-23,Emotional Intelligence,Personal Development,6,25590,2025-10-30,Paid
B00880,C0111,2024-07-17,Team Building Workshop,Team Building,9,63243,2024-08-14,Overdue
B00881,C0111,2024-09-02,Project Planning & Execution,Project Management,6,63606,2024-09-22,Paid
B00882,C0111,2024-10-02,ISO 9001 Quality Management,Compliance & Quality,2,22532,2024-10-27,Overdue
B00883,C0111,2024-10-31,Problem Solving,Personal Development,6,18582,2024-11-07,Paid
B00884,C0111,2024-12-02,Team Building Workshop,Team Building,7,37821,2024-12-09,Paid
B00885,C0111,2025-01-10,Performance Appraisal,Human Resources,10,52870,2025-02-08,Pending
B00886,C0111,2025-02-22,Risk & Compliance,Compliance & Quality,5,59905,2025-03-21,Overdue
B00887,C0111,2025-03-31,AI for Business Leaders,AI & Technology,7,56021,2025-04-14,Paid
B00888,C0111,2025-05-04,Critical Thinking,Personal Development,2,6528,2025-05-31,Overdue
B00889,C0111,2025-06-05,Change Management,Leadership & Management,5,37130,2025-06-25,Paid
B00890,C0111,2025-07-15,Risk Management,Project Management,5,45140,2025-07-17,Paid
B00891,C0111,2025-08-18,HR Management Essentials,Human Resources,10,79930,2025-09-12,Pending
B00892,C0111,2025-10-05,Compensation & Benefits,Human Resources,10,53720,2025-10-18,Paid
B00893,C0111,2025-11-03,Team Building Workshop,Team Building,9,47475,2025-11-08,Paid
B00894,C0111,2025-12-08,Team Building Workshop,Team Building,5,25015,2025-12-21,Paid
B00895,C0112,2025-08-27,Service Quality Management,Customer Service,16,55936,2025-09-23,Overdue
B00896,C0112,2025-10-09,Performance Management,Leadership & Management,21,183162,2025-10-21,Paid
B00897,C0112,2025-11-21,Prince2 Foundation,Project Management,25,246800,2025-12-04,Paid
B00898,C0113,2025-05-03,Conflict Resolution,Communication Skills,8,55984,2025-05-05,Paid
B00899,C0113,2025-06-01,Leadership Team Offsite,Team Building,6,38622,2025-06-18,Paid
B00900,C0113,2025-06-15,Risk Management,Project Management,10,118590,2025-06-20,Paid
B00901,C0113,2025-07-23,HR Analytics,Human Resources,8,63192,2025-08-01,Paid
B00902,C0114,2021-03-13,Risk Management,Project Management,8,64272,2021-03-13,Paid
B00903,C0114,2021-06-01,Key Account Management,Sales & Marketing,10,59600,2021-06-13,Paid
B00904,C0114,2021-08-22,Customer Service Excellence,Customer Service,11,42328,2021-09-03,Paid
B00905,C0114,2021-11-08,Strategic Marketing,Sales & Marketing,9,68625,2021-11-26,Paid
B00906,C0114,2022-01-12,Change Management,Leadership & Management,11,68420,2022-02-10,Pending
B00907,C0114,2022-03-26,Conflict Resolution,Communication Skills,14,49560,2022-04-01,Paid
B00908,C0114,2022-06-01,Leadership Team Offsite,Team Building,11,74052,2022-06-09,Paid
B00909,C0114,2022-08-25,Innovation Workshop,Team Building,10,51730,2022-09-16,Overdue
B00910,C0114,2022-11-11,Critical Thinking,Personal Development,10,49740,2022-11-12,Paid
B00911,C0114,2023-01-19,Problem Solving,Personal Development,11,44275,2023-02-11,Pending
B00912,C0115,2024-05-28,Business Writing,Administration,35,122115,2024-06-05,Paid
B00913,C0115,2024-08-20,Time Management,Personal Development,29,142680,2024-08-24,Paid
B00914,C0115,2024-11-09,HR Analytics,Human Resources,22,158312,2024-11-27,Paid
B00915,C0115,2025-01-14,Executive Assistant Excellence,Administration,20,60340,2025-01-17,Paid
B00916,C0115,2025-03-30,Innovation Workshop,Team Building,17,95931,2025-04-21,Overdue
B00917,C0115,2025-06-15,Email Writing Mastery,Communication Skills,33,107382,2025-07-01,Paid
B00918,C0115,2025-08-30,Talent Acquisition,Human Resources,28,158956,2025-09-25,Overdue
B00919,C0116,2023-07-15,Executive Assistant Excellence,Administration,11,55165,2023-07-24,Paid
B00920,C0116,2023-09-07,Team Building Workshop,Team Building,11,66209,2023-10-05,Pending
B00921,C0116,2023-10-18,PMP Certification Prep,Project Management,15,161790,2023-11-11,Overdue
B00922,C0117,2021-04-23,Business Writing,Administration,19,56943,2021-04-28,Paid
B00923,C0117,2021-06-30,Internal Control Systems,Compliance & Quality,25,149000,2021-07-03,Paid
B00924,C0117,2021-09-29,Change Management,Leadership & Management,23,220915,2021-10-12,Paid
B00925,C0117,2021-12-23,Problem Solving,Personal Development,19,76950,2021-12-28,Paid
B00926,C0117,2022-03-07,HR Management Essentials,Human Resources,21,120708,2022-03-29,Pending
B00927,C0118,2023-04-16,Virtual Team Building,Team Building,4,29256,2023-05-10,Pending
B00928,C0118,2023-06-01,HR Analytics,Human Resources,8,62440,2023-06-21,Paid
B00929,C0118,2023-07-31,Emotional Intelligence,Personal Development,3,16818,2023-08-05,Paid
B00930,C0118,2023-09-02,Performance Management,Leadership & Management,6,46212,2023-09-14,Paid
B00931,C0118,2023-10-16,Agile & Scrum Fundamentals,Project Management,6,51156,2023-10-26,Paid
B00932,C0118,2023-12-03,Strategic Leadership,Leadership & Management,5,54570,2023-12-18,Paid
B00933,C0118,2024-01-28,Office Management,Administration,3,10614,2024-01-29,Paid
B00934,C0118,2024-03-04,Finance for Non-Finance,Finance & Accounting,2,13684,2024-03-07,Paid
B00935,C0118,2024-04-08,Performance Appraisal,Human Resources,10,78560,2024-04-08,Paid
B00936,C0118,2024-05-14,Conflict Resolution,Communication Skills,10,56250,2024-05-22,Paid
B00937,C0118,2024-06-14,Strategic Marketing,Sales & Marketing,9,72900,2024-06-24,Paid
B00938,C0119,2022-10-19,Internal Audit,Finance & Accounting,17,136680,2022-11-09,Overdue
B00939,C0119,2022-12-05,Conflict Resolution,Communication Skills,11,46354,2023-01-01,Overdue
B00940,C0119,2023-01-28,Risk & Compliance,Compliance & Quality,13,77623,2023-02-11,Paid
B00941,C0119,2023-03-05,Business Writing,Administration,22,120978,2023-03-31,Pending
B00942,C0120,2023-12-23,Leadership Team Offsite,Team Building,5,27545,2024-01-06,Paid
B00943,C0120,2024-03-22,Emotional Intelligence,Personal Development,9,45981,2024-04-04,Paid
B00944,C0120,2024-06-09,Executive Assistant Excellence,Administration,5,17560,2024-06-29,Paid
B00945,C0120,2024-08-19,Internal Control Systems,Compliance & Quality,7,49952,2024-09-08,Paid
B00946,C0120,2024-11-20,Negotiation Skills,Communication Skills,2,13614,2024-12-13,Overdue
B00947,C0120,2025-02-13,Office Management,Administration,9,40104,2025-03-04,Paid
B00948,C0121,2023-11-21,Digital Marketing,Sales & Marketing,3,24021,2023-12-03,Paid
B00949,C0121,2024-02-18,Financial Analysis,Finance & Accounting,5,38360,2024-03-16,Pending
B00950,C0121,2024-05-23,Project Planning & Execution,Project Management,9,130743,2024-05-25,Paid
B00951,C0121,2024-08-03,Budgeting & Forecasting,Finance & Accounting,10,87750,2024-08-08,Paid
B00952,C0121,2024-10-23,Service Quality Management,Customer Service,3,14922,2024-11-13,Pending
B00953,C0121,2025-01-14,Compensation & Benefits,Human Resources,5,33490,2025-02-07,Pending
B00954,C0121,2025-04-24,PMP Certification Prep,Project Management,8,110904,2025-04-24,Paid
B00955,C0121,2025-08-01,Prince2 Foundation,Project Management,7,77987,2025-08-25,Overdue
B00956,C0122,2021-04-19,Executive Assistant Excellence,Administration,6,37350,2021-04-23,Paid
B00957,C0122,2021-05-25,Generative AI Essentials,AI & Technology,15,158625,2021-06-09,Paid
B00958,C0123,2023-09-14,Problem Solving,Personal Development,20,77240,2023-10-13,Overdue
B00959,C0123,2023-11-20,Problem Solving,Personal Development,23,77303,2023-11-27,Paid
B00960,C0123,2024-01-06,HR Analytics,Human Resources,13,79456,2024-01-08,Paid
B00961,C0123,2024-03-15,Agile & Scrum Fundamentals,Project Management,12,110016,2024-04-07,Pending
B00962,C0123,2024-05-12,Virtual Team Building,Team Building,13,70122,2024-05-23,Paid
B00963,C0123,2024-07-15,Project Planning & Execution,Project Management,20,188920,2024-08-02,Paid
B00964,C0123,2024-09-22,Virtual Team Building,Team Building,10,44820,2024-09-23,Paid
B00965,C0123,2024-11-20,Prompt Engineering for Professionals,AI & Technology,16,131632,2024-12-03,Paid
B00966,C0123,2025-01-01,Internal Audit,Finance & Accounting,21,134463,2025-01-17,Paid
B00967,C0124,2024-03-14,Employee Relations,Human Resources,9,79065,2024-03-28,Paid
B00968,C0124,2024-04-24,Risk Management,Project Management,6,55164,2024-05-17,Pending
B00969,C0124,2024-05-31,Time Management,Personal Development,7,29855,2024-06-16,Paid
B00970,C0124,2024-07-16,Business Writing,Administration,3,13860,2024-08-12,Overdue
B00971,C0124,2024-08-19,Critical Thinking,Personal Development,5,25135,2024-08-28,Paid
B00972,C0124,2024-10-09,Advanced Excel,Administration,8,29920,2024-11-03,Overdue
B00973,C0124,2024-12-09,Risk Management,Project Management,5,74735,2025-01-01,Pending
B00974,C0124,2025-01-26,Business Writing,Administration,2,8466,2025-02-22,Overdue
B00975,C0124,2025-03-11,Team Building Workshop,Team Building,8,41800,2025-04-06,Pending
B00976,C0124,2025-04-18,Strategic Leadership,Leadership & Management,10,86810,2025-04-28,Paid
B00977,C0124,2025-06-17,Complaint Handling,Customer Service,9,39834,2025-07-11,Overdue
B00978,C0124,2025-08-20,Email Writing Mastery,Communication Skills,3,16986,2025-09-12,Overdue
B00979,C0124,2025-10-02,Financial Analysis,Finance & Accounting,5,54945,2025-10-14,Paid
B00980,C0125,2023-06-19,Advanced Excel,Administration,6,32244,2023-07-09,Paid
B00981,C0125,2023-08-01,Prince2 Foundation,Project Management,4,46476,2023-08-23,Overdue
B00982,C0125,2023-09-14,Financial Analysis,Finance & Accounting,4,32872,2023-09-20,Paid
B00983,C0125,2023-10-21,Risk & Compliance,Compliance & Quality,5,35370,2023-11-01,Paid
B00984,C0125,2023-12-06,Team Building Workshop,Team Building,3,20334,2023-12-31,Pending
B00985,C0125,2024-01-19,Conflict Resolution,Communication Skills,8,50264,2024-02-14,Pending
B00986,C0125,2024-02-08,Executive Leadership,Leadership & Management,3,29736,2024-02-23,Paid
B00987,C0125,2024-03-25,HR Management Essentials,Human Resources,2,12960,2024-04-10,Paid
B00988,C0125,2024-05-12,Problem Solving,Personal Development,7,38010,2024-05-25,Paid
B00989,C0126,2025-04-29,Team Management Essentials,Leadership & Management,18,137286,2025-05-11,Paid
B00990,C0126,2025-07-15,Strategic Marketing,Sales & Marketing,24,159456,2025-08-03,Paid
B00991,C0127,2025-11-27,Innovation Workshop,Team Building,17,103819,2025-12-11,Paid
B00992,C0128,2025-03-23,Leadership Excellence Program,Leadership & Management,3,23865,2025-03-25,Paid
B00993,C0128,2025-05-04,Agile & Scrum Fundamentals,Project Management,9,119286,2025-05-25,Pending
B00994,C0128,2025-06-09,Strategic Leadership,Leadership & Management,9,83178,2025-07-01,Pending
B00995,C0128,2025-07-12,ISO 9001 Quality Management,Compliance & Quality,4,40580,2025-07-27,Paid
B00996,C0129,2023-05-16,Data Literacy for Leaders,AI & Technology,32,351360,2023-06-10,Overdue
B00997,C0129,2023-07-01,Change Management,Leadership & Management,31,310651,2023-07-18,Paid
B00998,C0129,2023-08-25,Advanced Excel,Administration,35,119210,2023-09-18,Pending
B00999,C0129,2023-10-05,Executive Assistant Excellence,Administration,18,64872,2023-11-01,Pending
B01000,C0129,2023-11-14,Leadership Excellence Program,Leadership & Management,32,290016,2023-12-09,Overdue
B01001,C0129,2023-12-31,Agile & Scrum Fundamentals,Project Management,16,123136,2024-01-18,Paid
B01002,C0129,2024-02-08,Performance Appraisal,Human Resources,35,198135,2024-02-10,Paid
B01003,C0129,2024-04-07,Data Literacy for Leaders,AI & Technology,23,247664,2024-04-08,Paid
B01004,C0129,2024-06-12,Performance Management,Leadership & Management,18,170532,2024-06-21,Paid
B01005,C0129,2024-08-15,Negotiation Skills,Communication Skills,32,114272,2024-08-28,Paid
B01006,C0129,2024-10-16,Executive Assistant Excellence,Administration,15,57585,2024-10-25,Paid
B01007,C0129,2024-12-09,Team Management Essentials,Leadership & Management,31,247752,2024-12-30,Overdue
B01008,C0129,2025-01-20,Project Planning & Execution,Project Management,33,337062,2025-02-11,Overdue
B01009,C0129,2025-03-10,AI for Business Leaders,AI & Technology,26,253370,2025-03-27,Paid
B01010,C0129,2025-05-12,Key Account Management,Sales & Marketing,21,139524,2025-05-15,Paid
B01011,C0129,2025-07-10,Executive Assistant Excellence,Administration,16,60800,2025-07-11,Paid
B01012,C0129,2025-08-16,Talent Acquisition,Human Resources,19,116698,2025-09-12,Pending
B01013,C0129,2025-10-04,Project Planning & Execution,Project Management,34,361862,2025-10-10,Paid
B01014,C0130,2023-09-05,Sales Fundamentals,Sales & Marketing,3,26607,2023-09-13,Paid
B01015,C0130,2023-10-26,Office Management,Administration,8,50752,2023-10-30,Paid
B01016,C0130,2024-01-04,Generative AI Essentials,AI & Technology,5,35390,2024-01-24,Paid
B01017,C0130,2024-03-10,Team Building Workshop,Team Building,6,39558,2024-04-01,Pending
B01018,C0130,2024-05-09,Advanced Excel,Administration,7,40656,2024-05-30,Pending
B01019,C0130,2024-06-27,Customer Service Excellence,Customer Service,4,17180,2024-07-22,Overdue
B01020,C0130,2024-08-30,Conflict Resolution,Communication Skills,2,11944,2024-09-06,Paid
B01021,C0130,2024-10-24,Change Management,Leadership & Management,6,48120,2024-11-10,Paid
B01022,C0130,2024-12-18,Agile & Scrum Fundamentals,Project Management,10,96320,2024-12-20,Paid
B01023,C0130,2025-02-15,Business Communication,Communication Skills,3,14958,2025-03-16,Overdue
B01024,C0130,2025-04-23,Innovation Workshop,Team Building,6,27594,2025-05-20,Pending
B01025,C0130,2025-07-07,Finance for Non-Finance,Finance & Accounting,2,14604,2025-07-19,Paid
B01026,C0130,2025-08-28,Employee Relations,Human Resources,8,79184,2025-08-31,Paid
B01027,C0131,2022-08-24,Strategic Marketing,Sales & Marketing,6,42996,2022-09-04,Paid
B01028,C0131,2022-10-22,Business Writing,Administration,14,55384,2022-11-08,Paid
B01029,C0131,2022-12-25,Finance for Non-Finance,Finance & Accounting,14,86996,2023-01-22,Pending
B01030,C0131,2023-02-08,Prince2 Foundation,Project Management,10,120350,2023-02-20,Paid
B01031,C0131,2023-04-03,HR Management Essentials,Human Resources,10,79050,2023-04-26,Overdue
B01032,C0131,2023-06-04,Digital Marketing,Sales & Marketing,14,65702,2023-06-12,Paid
B01033,C0131,2023-08-04,Leadership Excellence Program,Leadership & Management,15,142875,2023-08-26,Pending
B01034,C0132,2022-05-26,HR Management Essentials,Human Resources,12,75972,2022-06-20,Overdue
B01035,C0132,2022-06-26,Key Account Management,Sales & Marketing,9,55161,2022-07-26,Overdue
B01036,C0132,2022-08-02,AI for Business Leaders,AI & Technology,8,72000,2022-08-22,Paid
B01037,C0132,2022-09-13,Performance Management,Leadership & Management,9,92970,2022-10-07,Overdue
B01038,C0132,2022-10-10,Performance Management,Leadership & Management,15,97545,2022-10-12,Paid
B01039,C0132,2022-10-30,Team Building Workshop,Team Building,8,62960,2022-11-01,Paid
B01040,C0132,2022-12-17,Prince2 Foundation,Project Management,14,100786,2022-12-19,Paid
B01041,C0132,2023-01-28,Virtual Team Building,Team Building,9,56421,2023-02-26,Overdue
B01042,C0132,2023-03-08,Risk & Compliance,Compliance & Quality,5,52365,2023-03-29,Pending
B01043,C0132,2023-04-07,Digital Marketing,Sales & Marketing,12,72504,2023-04-28,Pending
B01044,C0132,2023-05-18,Email Writing Mastery,Communication Skills,5,30120,2023-05-24,Paid
B01045,C0132,2023-06-30,Virtual Team Building,Team Building,5,34625,2023-07-13,Paid
B01046,C0132,2023-07-26,Business Writing,Administration,13,54288,2023-08-02,Paid
B01047,C0132,2023-09-04,Virtual Team Building,Team Building,15,100635,2023-10-03,Pending
B01048,C0132,2023-10-12,Time Management,Personal Development,12,37632,2023-11-02,Pending
B01049,C0132,2023-11-13,HR Management Essentials,Human Resources,6,45018,2023-12-09,Pending
B01050,C0132,2023-12-24,Key Account Management,Sales & Marketing,10,75650,2023-12-25,Paid
B01051,C0132,2024-01-26,Complaint Handling,Customer Service,12,46428,2024-01-31,Paid
B01052,C0133,2024-12-22,Budgeting & Forecasting,Finance & Accounting,25,189200,2024-12-30,Paid
B01053,C0133,2025-02-07,Performance Appraisal,Human Resources,10,76680,2025-02-27,Paid
B01054,C0133,2025-03-18,Digital Transformation,AI & Technology,22,154836,2025-04-16,Overdue
B01055,C0133,2025-04-12,Problem Solving,Personal Development,11,45771,2025-05-10,Overdue
B01056,C0133,2025-05-26,Executive Leadership,Leadership & Management,21,125790,2025-06-14,Paid
B01057,C0133,2025-06-30,Sales Fundamentals,Sales & Marketing,20,105760,2025-07-11,Paid
B01058,C0133,2025-08-14,PMP Certification Prep,Project Management,10,92340,2025-09-11,Pending
B01059,C0133,2025-09-25,Email Writing Mastery,Communication Skills,21,63105,2025-09-28,Paid
B01060,C0133,2025-11-09,Complaint Handling,Customer Service,25,80925,2025-11-11,Paid
B01061,C0133,2025-11-30,AI for Business Leaders,AI & Technology,14,117376,2025-12-03,Paid
B01062,C0134,2023-06-26,Finance for Non-Finance,Finance & Accounting,13,111514,2023-07-17,Overdue
B01063,C0134,2023-08-04,Prince2 Foundation,Project Management,14,129668,2023-08-27,Overdue
B01064,C0134,2023-09-09,Leadership Excellence Program,Leadership & Management,21,153951,2023-09-12,Paid
B01065,C0134,2023-10-02,Talent Acquisition,Human Resources,19,99541,2023-10-06,Paid
B01066,C0134,2023-10-24,Email Writing Mastery,Communication Skills,23,127972,2023-11-03,Paid
B01067,C0134,2023-11-23,Team Management Essentials,Leadership & Management,15,110025,2023-12-23,Overdue
B01068,C0134,2023-12-20,Executive Assistant Excellence,Administration,18,60984,2024-01-02,Paid
B01069,C0134,2024-01-15,Strategic Marketing,Sales & Marketing,25,175850,2024-02-05,Pending
B01070,C0134,2024-02-08,Internal Audit,Finance & Accounting,22,198418,2024-03-02,Overdue
B01071,C0134,2024-03-05,Project Planning & Execution,Project Management,13,98150,2024-03-30,Pending
B01072,C0134,2024-04-02,Project Planning & Execution,Project Management,14,128744,2024-04-18,Paid
B01073,C0134,2024-05-15,Leadership Excellence Program,Leadership & Management,17,107304,2024-06-05,Overdue
B01074,C0134,2024-06-04,Complaint Handling,Customer Service,10,40620,2024-06-19,Paid
B01075,C0134,2024-07-06,Financial Analysis,Finance & Accounting,19,169252,2024-07-08,Paid
B01076,C0134,2024-08-15,Leadership Team Offsite,Team Building,23,98003,2024-09-03,Paid
B01077,C0135,2024-03-17,Finance for Non-Finance,Finance & Accounting,3,25974,2024-04-08,Pending
B01078,C0135,2024-04-30,Executive Assistant Excellence,Administration,8,34496,2024-05-15,Paid
B01079,C0136,2023-02-08,Risk Management,Project Management,23,159206,2023-02-27,Paid
B01080,C0136,2023-04-11,Talent Acquisition,Human Resources,12,97308,2023-04-12,Paid
B01081,C0136,2023-06-13,Conflict Resolution,Communication Skills,23,110446,2023-06-22,Paid
B01082,C0136,2023-08-08,Business Writing,Administration,17,63682,2023-08-18,Paid
B01083,C0136,2023-10-06,Complaint Handling,Customer Service,25,69075,2023-10-22,Paid
B01084,C0136,2023-11-20,Complaint Handling,Customer Service,11,39699,2023-11-23,Paid
B01085,C0136,2024-01-05,Finance for Non-Finance,Finance & Accounting,21,157038,2024-02-04,Overdue
B01086,C0136,2024-03-12,Advanced Excel,Administration,23,88182,2024-03-22,Paid
B01087,C0136,2024-05-09,Executive Leadership,Leadership & Management,15,93495,2024-05-09,Paid
B01088,C0136,2024-07-08,Executive Leadership,Leadership & Management,20,148500,2024-07-17,Paid
B01089,C0136,2024-09-06,Digital Marketing,Sales & Marketing,18,133416,2024-09-25,Paid
B01090,C0136,2024-10-20,PMP Certification Prep,Project Management,23,185978,2024-10-28,Paid
B01091,C0136,2024-12-06,Strategic Marketing,Sales & Marketing,21,113673,2024-12-15,Paid
B01092,C0136,2025-01-18,Agile & Scrum Fundamentals,Project Management,13,148954,2025-01-18,Paid
B01093,C0136,2025-03-03,Office Management,Administration,14,57778,2025-03-14,Paid
B01094,C0136,2025-04-24,Virtual Team Building,Team Building,21,125706,2025-05-18,Overdue
B01095,C0136,2025-06-04,Compensation & Benefits,Human Resources,18,104958,2025-06-22,Paid
B01096,C0136,2025-07-22,Conflict Resolution,Communication Skills,12,40128,2025-07-26,Paid
B01097,C0136,2025-09-06,Critical Thinking,Personal Development,13,34996,2025-09-24,Paid
B01098,C0137,2023-02-20,Budgeting & Forecasting,Finance & Accounting,12,83160,2023-03-09,Paid
B01099,C0137,2023-04-12,Team Building Workshop,Team Building,7,29253,2023-04-16,Paid
B01100,C0137,2023-06-17,Talent Acquisition,Human Resources,11,77165,2023-07-09,Overdue
B01101,C0137,2023-07-27,Leadership Team Offsite,Team Building,13,88322,2023-08-07,Paid
B01102,C0137,2023-09-04,Negotiation Skills,Communication Skills,12,62004,2023-09-26,Pending
B01103,C0137,2023-11-10,Complaint Handling,Customer Service,6,29862,2023-11-23,Paid
B01104,C0137,2024-01-03,AI for Business Leaders,AI & Technology,13,143403,2024-01-03,Paid
B01105,C0137,2024-02-28,Prince2 Foundation,Project Management,14,121912,2024-03-21,Pending
B01106,C0137,2024-04-15,Financial Analysis,Finance & Accounting,5,34990,2024-05-10,Pending
B01107,C0138,2021-12-24,Conflict Resolution,Communication Skills,32,182016,2022-01-05,Paid
B01108,C0138,2022-03-27,Email Writing Mastery,Communication Skills,34,133280,2022-04-02,Paid
B01109,C0138,2022-07-08,HR Management Essentials,Human Resources,15,84840,2022-07-26,Paid
B01110,C0138,2022-10-08,Performance Appraisal,Human Resources,33,248325,2022-10-08,Paid
B01111,C0138,2022-12-25,ISO 9001 Quality Management,Compliance & Quality,31,282720,2023-01-10,Paid
B01112,C0138,2023-03-16,Advanced Excel,Administration,31,120156,2023-03-25,Paid
B01113,C0138,2023-06-14,Employee Relations,Human Resources,24,181560,2023-06-22,Paid
B01114,C0138,2023-09-22,Data Literacy for Leaders,AI & Technology,18,120870,2023-09-29,Paid
B01115,C0138,2023-12-23,Team Management Essentials,Leadership & Management,32,243456,2024-01-01,Paid
B01116,C0139,2022-02-21,ISO 9001 Quality Management,Compliance & Quality,11,84513,2022-03-19,Pending
B01117,C0139,2022-04-27,Generative AI Essentials,AI & Technology,13,71942,2022-05-17,Paid
B01118,C0139,2022-06-29,Presentation Skills,Communication Skills,21,86184,2022-07-01,Paid
B01119,C0139,2022-08-11,Advanced Excel,Administration,18,98784,2022-08-15,Paid
B01120,C0139,2022-10-14,Customer Service Excellence,Customer Service,19,69901,2022-10-15,Paid
B01121,C0139,2022-11-22,Critical Thinking,Personal Development,10,37870,2022-11-29,Paid
B01122,C0139,2023-01-04,Team Building Workshop,Team Building,18,72252,2023-01-12,Paid
B01123,C0139,2023-03-07,Strategic Leadership,Leadership & Management,13,111917,2023-04-06,Overdue
B01124,C0140,2021-03-04,Finance for Non-Finance,Finance & Accounting,21,173838,2021-03-08,Paid
B01125,C0140,2021-06-16,Service Quality Management,Customer Service,22,111980,2021-07-09,Overdue
B01126,C0140,2021-09-26,Negotiation Skills,Communication Skills,19,88198,2021-09-28,Paid
B01127,C0140,2021-12-26,Strategic Marketing,Sales & Marketing,20,116960,2021-12-31,Paid
B01128,C0140,2022-04-16,Internal Control Systems,Compliance & Quality,20,145280,2022-05-04,Paid
B01129,C0140,2022-07-24,Strategic Marketing,Sales & Marketing,20,130080,2022-08-02,Paid
B01130,C0140,2022-10-24,Strategic Leadership,Leadership & Management,24,169992,2022-11-21,Pending
B01131,C0140,2023-01-27,Internal Control Systems,Compliance & Quality,27,274914,2023-02-02,Paid
B01132,C0141,2021-12-22,Compensation & Benefits,Human Resources,9,87507,2022-01-11,Paid
B01133,C0141,2022-02-27,Email Writing Mastery,Communication Skills,3,19398,2022-03-15,Paid
B01134,C0142,2023-12-02,Problem Solving,Personal Development,5,17705,2023-12-09,Paid
B01135,C0142,2024-01-28,Innovation Workshop,Team Building,6,30576,2024-02-01,Paid
B01136,C0142,2024-03-09,Critical Thinking,Personal Development,14,36344,2024-04-03,Pending
B01137,C0142,2024-04-28,ISO 9001 Quality Management,Compliance & Quality,6,68658,2024-05-21,Overdue
B01138,C0142,2024-06-17,Advanced Excel,Administration,6,25968,2024-06-21,Paid
B01139,C0142,2024-07-25,Digital Marketing,Sales & Marketing,14,102984,2024-08-08,Paid
B01140,C0142,2024-09-04,Internal Control Systems,Compliance & Quality,7,66626,2024-09-14,Paid
B01141,C0142,2024-11-07,Digital Marketing,Sales & Marketing,7,41986,2024-11-08,Paid
B01142,C0142,2024-12-15,Generative AI Essentials,AI & Technology,9,104760,2025-01-01,Paid
B01143,C0142,2025-02-15,Agile & Scrum Fundamentals,Project Management,5,73785,2025-02-16,Paid
B01144,C0143,2024-04-16,Leadership Excellence Program,Leadership & Management,22,134552,2024-04-23,Paid
B01145,C0143,2024-06-17,Complaint Handling,Customer Service,27,82674,2024-06-28,Paid
B01146,C0143,2024-08-31,Problem Solving,Personal Development,24,80064,2024-09-29,Overdue
B01147,C0143,2024-11-26,Office Management,Administration,18,84348,2024-12-01,Paid
B01148,C0143,2025-02-19,Agile & Scrum Fundamentals,Project Management,22,165176,2025-03-21,Overdue
B01149,C0143,2025-05-02,Presentation Skills,Communication Skills,17,86989,2025-05-12,Paid
B01150,C0143,2025-07-04,Agile & Scrum Fundamentals,Project Management,26,192114,2025-08-01,Pending
B01151,C0144,2024-12-07,Emotional Intelligence,Personal Development,9,39834,2025-01-04,Pending
B01152,C0144,2025-01-08,Finance for Non-Finance,Finance & Accounting,12,97128,2025-02-06,Overdue
B01153,C0144,2025-02-12,Risk & Compliance,Compliance & Quality,6,42102,2025-03-11,Pending
B01154,C0144,2025-03-13,Innovation Workshop,Team Building,15,58650,2025-03-23,Paid
B01155,C0144,2025-04-20,Risk Management,Project Management,11,109010,2025-05-13,Overdue
B01156,C0144,2025-05-14,Internal Control Systems,Compliance & Quality,6,47562,2025-06-01,Paid
B01157,C0144,2025-06-23,Complaint Handling,Customer Service,9,32328,2025-06-25,Paid
B01158,C0144,2025-07-25,Internal Audit,Finance & Accounting,7,55923,2025-08-18,Overdue
B01159,C0144,2025-08-17,Presentation Skills,Communication Skills,10,46950,2025-08-30,Paid
B01160,C0144,2025-10-03,Digital Marketing,Sales & Marketing,11,69784,2025-10-28,Overdue
B01161,C0144,2025-11-12,Project Planning & Execution,Project Management,15,127665,2025-11-24,Paid
B01162,C0144,2025-12-22,Customer Service Excellence,Customer Service,13,55640,2026-01-08,Paid
B01163,C0145,2024-05-08,Virtual Team Building,Team Building,22,128634,2024-05-10,Paid
B01164,C0145,2024-06-24,Compensation & Benefits,Human Resources,26,132834,2024-06-30,Paid
B01165,C0145,2024-08-19,Strategic Leadership,Leadership & Management,26,255762,2024-09-03,Paid
B01166,C0145,2024-09-25,Project Planning & Execution,Project Management,18,129852,2024-10-24,Overdue
B01167,C0145,2024-11-06,Negotiation Skills,Communication Skills,19,76000,2024-11-20,Paid
B01168,C0145,2024-12-08,Risk Management,Project Management,32,311392,2024-12-15,Paid
B01169,C0145,2025-01-25,Performance Appraisal,Human Resources,22,116446,2025-02-17,Pending
B01170,C0145,2025-03-18,Agile & Scrum Fundamentals,Project Management,19,179132,2025-04-10,Pending
B01171,C0145,2025-04-30,Business Writing,Administration,28,119504,2025-05-01,Paid
B01172,C0145,2025-06-15,Business Writing,Administration,18,95058,2025-07-03,Paid
B01173,C0145,2025-08-02,Change Management,Leadership & Management,30,302550,2025-08-29,Pending
B01174,C0145,2025-09-25,Strategic Leadership,Leadership & Management,19,161367,2025-09-29,Paid
B01175,C0145,2025-11-16,Performance Management,Leadership & Management,22,142692,2025-11-16,Paid
B01176,C0146,2021-08-02,ISO 9001 Quality Management,Compliance & Quality,10,79460,2021-08-05,Paid
B01177,C0146,2021-09-16,Risk Management,Project Management,11,123992,2021-09-17,Paid
B01178,C0146,2021-11-20,Time Management,Personal Development,15,64515,2021-11-25,Paid
B01179,C0146,2022-01-05,Leadership Excellence Program,Leadership & Management,22,195778,2022-01-26,Overdue
B01180,C0146,2022-03-02,Data Literacy for Leaders,AI & Technology,18,171144,2022-03-18,Paid
B01181,C0146,2022-05-05,Budgeting & Forecasting,Finance & Accounting,17,144058,2022-06-03,Pending
B01182,C0146,2022-06-19,Finance for Non-Finance,Finance & Accounting,12,109872,2022-07-01,Paid
B01183,C0146,2022-08-22,Project Planning & Execution,Project Management,16,153408,2022-09-10,Paid
B01184,C0146,2022-10-18,Executive Leadership,Leadership & Management,17,147577,2022-10-23,Paid
B01185,C0146,2022-12-20,Internal Control Systems,Compliance & Quality,12,110532,2023-01-04,Paid
B01186,C0146,2023-03-01,Internal Audit,Finance & Accounting,22,179806,2023-03-06,Paid
B01187,C0146,2023-04-20,Executive Leadership,Leadership & Management,21,186963,2023-04-26,Paid
B01188,C0146,2023-06-15,Finance for Non-Finance,Finance & Accounting,13,81263,2023-06-17,Paid
B01189,C0146,2023-08-08,Negotiation Skills,Communication Skills,20,61420,2023-08-15,Paid
B01190,C0146,2023-10-11,Financial Analysis,Finance & Accounting,15,139425,2023-10-14,Paid
B01191,C0146,2023-12-01,Change Management,Leadership & Management,16,161712,2023-12-01,Paid
B01192,C0146,2024-01-25,Leadership Team Offsite,Team Building,19,76988,2024-02-11,Paid
B01193,C0147,2023-04-03,Digital Marketing,Sales & Marketing,16,70656,2023-04-13,Paid
B01194,C0147,2023-06-14,Performance Management,Leadership & Management,24,144192,2023-06-25,Paid
B01195,C0147,2023-08-26,Leadership Team Offsite,Team Building,24,161688,2023-09-07,Paid
B01196,C0147,2023-11-01,Key Account Management,Sales & Marketing,21,112224,2023-11-25,Overdue
B01197,C0147,2024-01-23,Team Building Workshop,Team Building,26,176514,2024-01-27,Paid
B01198,C0147,2024-04-15,Business Writing,Administration,18,74304,2024-04-28,Paid
B01199,C0147,2024-06-20,Virtual Team Building,Team Building,31,116281,2024-07-06,Paid
B01200,C0147,2024-09-11,Risk & Compliance,Compliance & Quality,19,116166,2024-09-29,Paid
B01201,C0147,2024-12-10,ISO 9001 Quality Management,Compliance & Quality,27,250290,2024-12-28,Paid
B01202,C0148,2021-04-16,Critical Thinking,Personal Development,12,60600,2021-04-23,Paid
B01203,C0148,2021-06-02,Performance Appraisal,Human Resources,14,108864,2021-06-24,Pending
B01204,C0148,2021-08-05,Key Account Management,Sales & Marketing,20,116140,2021-08-30,Pending
B01205,C0148,2021-10-01,Business Communication,Communication Skills,19,80332,2021-10-20,Paid
B01206,C0148,2021-11-15,Complaint Handling,Customer Service,11,55341,2021-12-09,Overdue
B01207,C0148,2022-01-25,Compensation & Benefits,Human Resources,16,115600,2022-02-13,Paid
B01208,C0149,2025-06-28,PMP Certification Prep,Project Management,2,18336,2025-07-22,Overdue
B01209,C0149,2025-08-30,Data Literacy for Leaders,AI & Technology,3,31761,2025-09-02,Paid
B01210,C0149,2025-11-03,Sales Fundamentals,Sales & Marketing,7,39865,2025-12-02,Overdue
B01211,C0150,2022-01-17,HR Analytics,Human Resources,12,71880,2022-02-10,Overdue
B01212,C0150,2022-02-21,Problem Solving,Personal Development,7,24549,2022-03-11,Paid
B01213,C0150,2022-03-21,Strategic Marketing,Sales & Marketing,5,32440,2022-04-17,Overdue
B01214,C0150,2022-04-18,Email Writing Mastery,Communication Skills,11,56452,2022-05-17,Pending
B01215,C0150,2022-05-07,Service Quality Management,Customer Service,10,43340,2022-06-03,Overdue
B01216,C0150,2022-05-26,Negotiation Skills,Communication Skills,6,37764,2022-06-08,Paid
B01217,C0150,2022-06-17,Key Account Management,Sales & Marketing,12,61968,2022-07-15,Pending
B01218,C0150,2022-07-26,Emotional Intelligence,Personal Development,15,41220,2022-08-18,Pending
B01219,C0150,2022-09-05,Business Writing,Administration,13,39026,2022-09-09,Paid
B01220,C0150,2022-10-06,PMP Certification Prep,Project Management,9,99702,2022-10-11,Paid
B01221,C0151,2021-11-14,Executive Assistant Excellence,Administration,6,29574,2021-11-28,Paid
B01222,C0151,2021-12-05,Sales Fundamentals,Sales & Marketing,15,91680,2022-01-02,Overdue
B01223,C0151,2022-01-10,PMP Certification Prep,Project Management,6,56856,2022-02-02,Pending
B01224,C0151,2022-02-02,Email Writing Mastery,Communication Skills,11,40359,2022-02-14,Paid
B01225,C0152,2021-07-01,Risk Management,Project Management,12,93756,2021-07-21,Paid
B01226,C0152,2021-07-28,Performance Appraisal,Human Resources,10,70770,2021-07-29,Paid
B01227,C0152,2021-09-02,Time Management,Personal Development,11,30426,2021-10-01,Overdue
B01228,C0152,2021-10-04,ISO 9001 Quality Management,Compliance & Quality,11,101706,2021-10-10,Paid
B01229,C0152,2021-10-27,Executive Leadership,Leadership & Management,8,57496,2021-11-26,Overdue
B01230,C0152,2021-12-05,Finance for Non-Finance,Finance & Accounting,9,71478,2021-12-07,Paid
B01231,C0152,2022-01-14,Risk Management,Project Management,6,61458,2022-01-26,Paid
B01232,C0152,2022-02-15,Performance Management,Leadership & Management,9,96282,2022-03-14,Overdue
B01233,C0152,2022-03-07,AI for Business Leaders,AI & Technology,8,95880,2022-04-04,Overdue
B01234,C0152,2022-04-01,HR Management Essentials,Human Resources,5,31890,2022-04-29,Overdue
B01235,C0152,2022-05-02,Business Communication,Communication Skills,9,37557,2022-05-08,Paid
B01236,C0152,2022-05-20,Presentation Skills,Communication Skills,11,51161,2022-06-04,Paid
B01237,C0152,2022-06-23,Generative AI Essentials,AI & Technology,7,85449,2022-07-06,Paid
B01238,C0153,2023-07-17,Emotional Intelligence,Personal Development,4,17304,2023-08-07,Overdue
B01239,C0153,2023-09-11,Leadership Excellence Program,Leadership & Management,4,43028,2023-10-10,Pending
B01240,C0153,2023-11-20,Strategic Marketing,Sales & Marketing,7,38255,2023-12-15,Overdue
B01241,C0153,2024-01-03,HR Analytics,Human Resources,10,76140,2024-01-03,Paid
B01242,C0153,2024-03-04,Service Quality Management,Customer Service,4,22392,2024-03-18,Paid
B01243,C0153,2024-05-12,Critical Thinking,Personal Development,3,9447,2024-05-18,Paid
B01244,C0153,2024-07-23,Virtual Team Building,Team Building,5,28605,2024-08-14,Pending
B01245,C0153,2024-09-24,Time Management,Personal Development,8,31080,2024-10-05,Paid
B01246,C0153,2024-11-13,Performance Appraisal,Human Resources,5,49900,2024-12-04,Pending
B01247,C0153,2024-12-29,Negotiation Skills,Communication Skills,7,24962,2025-01-07,Paid
B01248,C0153,2025-03-06,Budgeting & Forecasting,Finance & Accounting,10,63920,2025-03-28,Overdue
B01249,C0153,2025-05-10,Problem Solving,Personal Development,9,42255,2025-05-23,Paid
B01250,C0153,2025-07-11,Presentation Skills,Communication Skills,7,48244,2025-07-28,Paid
B01251,C0154,2025-07-27,Agile & Scrum Fundamentals,Project Management,20,199880,2025-08-09,Paid
B01252,C0155,2021-10-04,Complaint Handling,Customer Service,22,77902,2021-10-31,Overdue
B01253,C0155,2021-12-18,Critical Thinking,Personal Development,19,94867,2022-01-06,Paid
B01254,C0155,2022-02-17,PMP Certification Prep,Project Management,12,148932,2022-03-15,Pending
B01255,C0155,2022-05-01,Performance Management,Leadership & Management,10,88130,2022-05-04,Paid
B01256,C0156,2023-12-22,Employee Relations,Human Resources,12,84240,2024-01-03,Paid
B01257,C0156,2024-02-27,Agile & Scrum Fundamentals,Project Management,8,94768,2024-03-28,Pending
B01258,C0156,2024-04-22,Presentation Skills,Communication Skills,12,52944,2024-05-21,Overdue
B01259,C0156,2024-06-02,Leadership Excellence Program,Leadership & Management,10,75080,2024-06-18,Paid
B01260,C0156,2024-07-30,Financial Analysis,Finance & Accounting,9,77994,2024-08-08,Paid
B01261,C0156,2024-09-20,ISO 9001 Quality Management,Compliance & Quality,11,83941,2024-09-20,Paid
B01262,C0156,2024-11-13,Customer Service Excellence,Customer Service,5,15315,2024-11-13,Paid
B01263,C0156,2025-01-08,Risk Management,Project Management,10,126530,2025-02-03,Overdue
B01264,C0156,2025-03-12,Business Communication,Communication Skills,7,40901,2025-03-25,Paid
B01265,C0156,2025-04-20,Compensation & Benefits,Human Resources,13,110344,2025-05-02,Paid
B01266,C0156,2025-06-18,Talent Acquisition,Human Resources,14,102802,2025-06-30,Paid
B01267,C0156,2025-08-04,Executive Leadership,Leadership & Management,14,125118,2025-08-08,Paid
B01268,C0156,2025-10-08,Critical Thinking,Personal Development,11,55924,2025-10-13,Paid
B01269,C0156,2025-11-28,Email Writing Mastery,Communication Skills,10,47750,2025-12-03,Paid
B01270,C0157,2021-08-06,Email Writing Mastery,Communication Skills,18,106002,2021-08-23,Paid
B01271,C0157,2021-10-26,Prince2 Foundation,Project Management,20,164360,2021-10-28,Paid
B01272,C0157,2022-01-18,Performance Management,Leadership & Management,10,89950,2022-01-18,Paid
B01273,C0157,2022-03-22,Critical Thinking,Personal Development,14,37044,2022-04-10,Paid
B01274,C0157,2022-06-05,Advanced Excel,Administration,12,59580,2022-06-17,Paid
B01275,C0157,2022-08-06,Strategic Leadership,Leadership & Management,14,127512,2022-08-26,Paid
B01276,C0157,2022-10-24,Critical Thinking,Personal Development,21,67179,2022-10-31,Paid
B01277,C0157,2023-01-09,Problem Solving,Personal Development,17,60911,2023-01-15,Paid
B01278,C0157,2023-04-03,Generative AI Essentials,AI & Technology,17,179877,2023-04-27,Overdue
B01279,C0158,2021-05-18,Critical Thinking,Personal Development,13,38155,2021-06-01,Paid
B01280,C0158,2021-08-21,Time Management,Personal Development,13,37986,2021-08-25,Paid
B01281,C0158,2021-11-18,Financial Analysis,Finance & Accounting,18,122076,2021-11-20,Paid
B01282,C0158,2022-03-14,Change Management,Leadership & Management,25,211650,2022-04-12,Pending
B01283,C0158,2022-06-13,Email Writing Mastery,Communication Skills,13,60892,2022-07-08,Pending
B01284,C0158,2022-09-28,Customer Service Excellence,Customer Service,12,50916,2022-10-28,Pending
B01285,C0158,2022-12-24,Performance Appraisal,Human Resources,23,147338,2023-01-21,Overdue
B01286,C0159,2021-06-19,Emotional Intelligence,Personal Development,34,151368,2021-06-19,Paid
B01287,C0159,2021-08-27,Prince2 Foundation,Project Management,31,370853,2021-09-04,Paid
B01288,C0159,2021-10-15,Agile & Scrum Fundamentals,Project Management,21,231420,2021-10-15,Paid
B01289,C0159,2021-12-03,Generative AI Essentials,AI & Technology,15,136965,2021-12-19,Paid
B01290,C0159,2022-01-25,Leadership Team Offsite,Team Building,19,78888,2022-02-21,Overdue
B01291,C0159,2022-03-10,Agile & Scrum Fundamentals,Project Management,21,147084,2022-03-20,Paid
B01292,C0159,2022-05-21,Project Planning & Execution,Project Management,22,162360,2022-06-13,Pending
B01293,C0159,2022-07-09,Finance for Non-Finance,Finance & Accounting,23,204194,2022-07-15,Paid
B01294,C0159,2022-09-12,Performance Management,Leadership & Management,26,254514,2022-10-02,Paid
B01295,C0159,2022-11-13,Financial Analysis,Finance & Accounting,29,260304,2022-11-26,Paid
B01296,C0159,2023-01-16,Key Account Management,Sales & Marketing,27,201420,2023-01-22,Paid
B01297,C0159,2023-03-20,HR Analytics,Human Resources,20,115760,2023-04-10,Overdue
B01298,C0159,2023-05-30,Email Writing Mastery,Communication Skills,18,90108,2023-06-24,Overdue
B01299,C0159,2023-07-14,Prince2 Foundation,Project Management,21,248367,2023-07-29,Paid
B01300,C0159,2023-08-30,Complaint Handling,Customer Service,29,116696,2023-09-18,Paid
B01301,C0159,2023-10-23,Virtual Team Building,Team Building,23,143497,2023-11-02,Paid
B01302,C0159,2023-12-17,Emotional Intelligence,Personal Development,18,83934,2023-12-29,Paid
B01303,C0159,2024-02-14,Complaint Handling,Customer Service,21,95004,2024-02-25,Paid
B01304,C0160,2024-06-14,Team Management Essentials,Leadership & Management,18,180630,2024-06-27,Paid
B01305,C0160,2024-10-20,Financial Analysis,Finance & Accounting,21,174237,2024-10-20,Paid
B01306,C0160,2025-02-01,Agile & Scrum Fundamentals,Project Management,15,186480,2025-02-11,Paid
B01307,C0160,2025-05-28,Complaint Handling,Customer Service,15,56925,2025-06-04,Paid
B01308,C0160,2025-09-12,Change Management,Leadership & Management,16,136592,2025-09-23,Paid
B01309,C0161,2024-02-10,Digital Transformation,AI & Technology,25,178600,2024-02-27,Paid
B01310,C0161,2024-03-23,Change Management,Leadership & Management,27,213948,2024-04-11,Paid
B01311,C0161,2024-05-01,Performance Appraisal,Human Resources,31,181536,2024-05-04,Paid
B01312,C0161,2024-06-19,Data Literacy for Leaders,AI & Technology,23,241753,2024-07-08,Paid
B01313,C0161,2024-08-19,Risk & Compliance,Compliance & Quality,17,169065,2024-09-16,Overdue
B01314,C0161,2024-09-27,Office Management,Administration,28,114240,2024-10-23,Overdue
B01315,C0161,2024-11-27,Talent Acquisition,Human Resources,21,110712,2024-12-22,Overdue
B01316,C0161,2025-01-15,Strategic Marketing,Sales & Marketing,16,83280,2025-01-28,Paid
B01317,C0161,2025-03-01,Agile & Scrum Fundamentals,Project Management,18,179136,2025-03-06,Paid
B01318,C0161,2025-04-23,Time Management,Personal Development,25,115175,2025-05-05,Paid
B01319,C0162,2025-09-17,Strategic Leadership,Leadership & Management,15,149370,2025-09-17,Paid
B01320,C0163,2021-03-10,Change Management,Leadership & Management,25,165300,2021-04-05,Overdue
B01321,C0163,2021-05-18,Team Building Workshop,Team Building,19,82764,2021-05-28,Paid
B01322,C0163,2021-07-30,Leadership Team Offsite,Team Building,21,100653,2021-08-01,Paid
B01323,C0163,2021-09-23,Data Literacy for Leaders,AI & Technology,20,179260,2021-10-12,Paid
B01324,C0163,2021-11-06,Executive Leadership,Leadership & Management,22,176594,2021-11-28,Overdue
B01325,C0163,2022-01-16,Strategic Marketing,Sales & Marketing,13,93405,2022-01-27,Paid
B01326,C0163,2022-03-17,Emotional Intelligence,Personal Development,13,34463,2022-03-24,Paid
B01327,C0163,2022-05-28,Executive Leadership,Leadership & Management,10,69150,2022-05-31,Paid
B01328,C0163,2022-07-26,Internal Audit,Finance & Accounting,23,163300,2022-07-31,Paid
B01329,C0163,2022-09-08,Performance Management,Leadership & Management,16,136272,2022-10-04,Pending
B01330,C0163,2022-10-31,Business Writing,Administration,11,42658,2022-11-28,Pending
B01331,C0163,2023-01-02,Agile & Scrum Fundamentals,Project Management,11,98098,2023-01-04,Paid
B01332,C0163,2023-02-14,HR Analytics,Human Resources,20,149880,2023-03-05,Paid
B01333,C0164,2025-10-07,Project Planning & Execution,Project Management,24,183216,2025-10-11,Paid
B01334,C0165,2022-04-22,AI for Business Leaders,AI & Technology,5,56170,2022-05-07,Paid
B01335,C0165,2022-06-27,Executive Assistant Excellence,Administration,9,41841,2022-07-07,Paid
B01336,C0165,2022-08-26,Innovation Workshop,Team Building,9,44325,2022-08-28,Paid
B01337,C0165,2022-11-04,HR Analytics,Human Resources,6,53478,2022-11-06,Paid
B01338,C0165,2023-01-12,Presentation Skills,Communication Skills,10,58830,2023-02-08,Pending
B01339,C0165,2023-03-25,Executive Assistant Excellence,Administration,5,31730,2023-03-27,Paid
B01340,C0165,2023-06-03,Change Management,Leadership & Management,9,67437,2023-06-09,Paid
B01341,C0165,2023-07-28,Leadership Excellence Program,Leadership & Management,5,54175,2023-08-23,Overdue
B01342,C0165,2023-09-28,Talent Acquisition,Human Resources,9,57852,2023-10-08,Paid
B01343,C0165,2023-11-23,Performance Appraisal,Human Resources,10,68890,2023-12-20,Overdue
B01344,C0165,2024-01-25,Leadership Team Offsite,Team Building,6,41412,2024-02-08,Paid
B01345,C0165,2024-03-10,Problem Solving,Personal Development,4,20264,2024-03-13,Paid
B01346,C0165,2024-05-07,Project Planning & Execution,Project Management,5,54890,2024-05-19,Paid
B01347,C0166,2022-01-01,Office Management,Administration,6,35184,2022-01-21,Paid
B01348,C0166,2022-04-27,PMP Certification Prep,Project Management,4,47104,2022-05-25,Pending
B01349,C0166,2022-08-11,Virtual Team Building,Team Building,3,14955,2022-08-11,Paid
B01350,C0166,2022-12-13,Sales Fundamentals,Sales & Marketing,4,24368,2022-12-13,Paid
B01351,C0166,2023-04-04,Digital Marketing,Sales & Marketing,10,58250,2023-04-15,Paid
B01352,C0166,2023-07-19,HR Analytics,Human Resources,3,29388,2023-08-05,Paid
B01353,C0166,2023-10-29,Performance Management,Leadership & Management,7,73738,2023-11-04,Paid
B01354,C0166,2024-02-14,Risk Management,Project Management,8,96904,2024-02-27,Paid
B01355,C0166,2024-06-06,Key Account Management,Sales & Marketing,7,36519,2024-06-20,Paid
B01356,C0166,2024-09-19,Finance for Non-Finance,Finance & Accounting,7,51107,2024-09-20,Paid
B01357,C0167,2021-12-13,Agile & Scrum Fundamentals,Project Management,17,129217,2021-12-14,Paid
B01358,C0167,2022-01-15,Team Management Essentials,Leadership & Management,18,136998,2022-01-17,Paid
B01359,C0167,2022-02-20,Generative AI Essentials,AI & Technology,13,96746,2022-02-27,Paid
B01360,C0167,2022-03-25,Emotional Intelligence,Personal Development,22,86108,2022-04-06,Paid
B01361,C0167,2022-05-03,PMP Certification Prep,Project Management,17,202470,2022-05-29,Overdue
B01362,C0167,2022-06-04,Strategic Marketing,Sales & Marketing,16,77520,2022-06-29,Pending
B01363,C0167,2022-07-20,Presentation Skills,Communication Skills,19,103208,2022-08-08,Paid
B01364,C0167,2022-08-24,Financial Analysis,Finance & Accounting,10,61810,2022-08-29,Paid
B01365,C0167,2022-10-06,Key Account Management,Sales & Marketing,25,170550,2022-10-15,Paid
B01366,C0167,2022-11-21,Business Writing,Administration,17,60639,2022-12-01,Paid
B01367,C0167,2023-01-02,Office Management,Administration,12,42648,2023-01-07,Paid
B01368,C0167,2023-02-14,Business Communication,Communication Skills,24,83232,2023-03-16,Pending
B01369,C0167,2023-03-26,Executive Assistant Excellence,Administration,25,111600,2023-04-05,Paid
B01370,C0167,2023-04-25,Strategic Leadership,Leadership & Management,15,116790,2023-05-23,Pending
B01371,C0167,2023-06-12,Prince2 Foundation,Project Management,10,109360,2023-06-23,Paid
B01372,C0167,2023-07-10,Digital Marketing,Sales & Marketing,10,59500,2023-08-06,Pending
B01373,C0167,2023-08-26,Digital Marketing,Sales & Marketing,13,57291,2023-09-21,Pending
B01374,C0167,2023-09-29,Digital Transformation,AI & Technology,19,135166,2023-10-15,Paid
B01375,C0168,2021-12-16,HR Analytics,Human Resources,26,174122,2021-12-16,Paid
B01376,C0168,2022-01-29,Internal Control Systems,Compliance & Quality,26,209196,2022-02-20,Overdue
B01377,C0168,2022-02-21,AI for Business Leaders,AI & Technology,34,302464,2022-02-24,Paid
B01378,C0168,2022-03-16,Finance for Non-Finance,Finance & Accounting,31,175708,2022-03-20,Paid
B01379,C0168,2022-04-14,Customer Service Excellence,Customer Service,22,106590,2022-04-18,Paid
B01380,C0168,2022-05-29,Presentation Skills,Communication Skills,30,92460,2022-06-05,Paid
B01381,C0168,2022-07-11,Digital Transformation,AI & Technology,28,224756,2022-07-17,Paid
B01382,C0168,2022-08-10,Virtual Team Building,Team Building,17,69258,2022-09-08,Overdue
B01383,C0168,2022-09-13,Critical Thinking,Personal Development,18,63036,2022-10-11,Overdue
B01384,C0168,2022-10-18,AI for Business Leaders,AI & Technology,20,147440,2022-11-16,Overdue
B01385,C0168,2022-11-30,Business Communication,Communication Skills,27,135702,2022-12-13,Paid
B01386,C0168,2022-12-31,Finance for Non-Finance,Finance & Accounting,24,164424,2023-01-01,Paid
B01387,C0168,2023-02-06,Prompt Engineering for Professionals,AI & Technology,31,322741,2023-02-16,Paid
B01388,C0168,2023-03-06,Emotional Intelligence,Personal Development,18,73044,2023-03-31,Overdue
B01389,C0168,2023-04-16,Digital Transformation,AI & Technology,26,195832,2023-04-19,Paid
B01390,C0168,2023-05-21,Leadership Excellence Program,Leadership & Management,30,209220,2023-06-04,Paid
B01391,C0169,2022-11-04,Internal Control Systems,Compliance & Quality,33,224697,2022-11-05,Paid
B01392,C0169,2022-12-23,Strategic Marketing,Sales & Marketing,24,102408,2023-01-05,Paid
B01393,C0169,2023-01-20,Presentation Skills,Communication Skills,15,47220,2023-01-28,Paid
B01394,C0169,2023-02-27,Project Planning & Execution,Project Management,26,228072,2023-03-24,Pending
B01395,C0169,2023-04-04,Performance Management,Leadership & Management,23,159666,2023-04-27,Pending
B01396,C0169,2023-05-14,Complaint Handling,Customer Service,33,93390,2023-05-23,Paid
B01397,C0169,2023-06-07,Employee Relations,Human Resources,16,107952,2023-07-06,Overdue
B01398,C0169,2023-07-05,Compensation & Benefits,Human Resources,35,225540,2023-07-18,Paid
B01399,C0169,2023-08-08,Email Writing Mastery,Communication Skills,18,69912,2023-09-06,Overdue
B01400,C0169,2023-09-05,Time Management,Personal Development,24,75648,2023-09-23,Paid
B01401,C0169,2023-09-26,Complaint Handling,Customer Service,25,114050,2023-09-30,Paid
B01402,C0169,2023-11-09,Office Management,Administration,21,80745,2023-11-13,Paid
B01403,C0169,2023-12-07,Customer Service Excellence,Customer Service,32,103808,2023-12-16,Paid
B01404,C0169,2023-12-26,Budgeting & Forecasting,Finance & Accounting,17,129098,2024-01-13,Paid
B01405,C0169,2024-01-28,Critical Thinking,Personal Development,29,129021,2024-02-02,Paid
B01406,C0169,2024-02-17,Conflict Resolution,Communication Skills,28,92652,2024-02-21,Paid
B01407,C0169,2024-03-13,AI for Business Leaders,AI & Technology,29,300382,2024-03-23,Paid
B01408,C0169,2024-04-10,Key Account Management,Sales & Marketing,26,152880,2024-04-21,Paid
B01409,C0170,2023-08-24,Leadership Team Offsite,Team Building,14,77574,2023-09-22,Overdue
B01410,C0170,2023-11-16,ISO 9001 Quality Management,Compliance & Quality,17,169830,2023-12-02,Paid
B01411,C0170,2024-01-22,Negotiation Skills,Communication Skills,14,71904,2024-02-08,Paid
B01412,C0170,2024-03-30,Digital Transformation,AI & Technology,19,112043,2024-04-23,Overdue
B01413,C0170,2024-05-23,Project Planning & Execution,Project Management,22,252230,2024-05-23,Paid
B01414,C0170,2024-08-14,Sales Fundamentals,Sales & Marketing,24,172104,2024-08-15,Paid
B01415,C0170,2024-10-24,Performance Management,Leadership & Management,11,86141,2024-11-19,Pending
B01416,C0170,2024-12-17,Business Communication,Communication Skills,13,75868,2024-12-26,Paid
B01417,C0170,2025-03-11,Digital Transformation,AI & Technology,25,258325,2025-03-21,Paid
B01418,C0170,2025-05-28,Executive Leadership,Leadership & Management,13,130260,2025-06-18,Pending
B01419,C0170,2025-08-03,Business Writing,Administration,16,76336,2025-08-07,Paid
B01420,C0171,2022-05-12,Leadership Excellence Program,Leadership & Management,12,88164,2022-05-15,Paid
B01421,C0171,2022-08-01,Change Management,Leadership & Management,5,41265,2022-08-20,Paid
B01422,C0171,2022-10-14,Agile & Scrum Fundamentals,Project Management,13,97162,2022-10-21,Paid
B01423,C0171,2022-12-26,Performance Appraisal,Human Resources,6,47640,2022-12-26,Paid
B01424,C0171,2023-03-16,Key Account Management,Sales & Marketing,12,67320,2023-03-17,Paid
B01425,C0171,2023-05-12,Agile & Scrum Fundamentals,Project Management,9,101826,2023-05-27,Paid
B01426,C0171,2023-07-13,HR Management Essentials,Human Resources,8,75576,2023-08-09,Overdue
B01427,C0171,2023-09-24,Internal Control Systems,Compliance & Quality,14,126098,2023-10-21,Pending
B01428,C0171,2023-11-25,Complaint Handling,Customer Service,7,39235,2023-11-25,Paid
B01429,C0171,2024-02-09,HR Management Essentials,Human Resources,7,65464,2024-03-03,Pending
B01430,C0172,2025-01-15,Prompt Engineering for Professionals,AI & Technology,25,202050,2025-02-05,Overdue
B01431,C0172,2025-02-21,Email Writing Mastery,Communication Skills,22,118866,2025-03-18,Pending
B01432,C0172,2025-04-08,Sales Fundamentals,Sales & Marketing,23,162886,2025-04-21,Paid
B01433,C0172,2025-05-24,Risk Management,Project Management,10,87720,2025-06-07,Paid
B01434,C0172,2025-07-03,Agile & Scrum Fundamentals,Project Management,22,151272,2025-07-21,Paid
B01435,C0172,2025-08-12,Budgeting & Forecasting,Finance & Accounting,11,94809,2025-08-13,Paid
B01436,C0172,2025-10-03,Presentation Skills,Communication Skills,14,64442,2025-10-31,Overdue
B01437,C0172,2025-11-06,Finance for Non-Finance,Finance & Accounting,10,66260,2025-11-17,Paid
B01438,C0173,2024-04-01,Problem Solving,Personal Development,14,52836,2024-04-21,Paid
B01439,C0173,2024-06-08,Team Building Workshop,Team Building,20,99980,2024-06-30,Pending
B01440,C0173,2024-09-01,Finance for Non-Finance,Finance & Accounting,19,157073,2024-09-03,Paid
B01441,C0173,2024-11-19,Problem Solving,Personal Development,25,96500,2024-12-19,Overdue
B01442,C0173,2025-01-31,Time Management,Personal Development,15,68325,2025-02-22,Overdue
B01443,C0173,2025-04-10,Project Planning & Execution,Project Management,20,217980,2025-05-10,Overdue
B01444,C0173,2025-06-22,Prompt Engineering for Professionals,AI & Technology,22,131890,2025-06-23,Paid
B01445,C0173,2025-08-20,Strategic Leadership,Leadership & Management,15,113445,2025-08-23,Paid
B01446,C0174,2021-04-27,Conflict Resolution,Communication Skills,8,30104,2021-04-28,Paid
B01447,C0174,2021-06-13,Emotional Intelligence,Personal Development,6,20808,2021-06-14,Paid
B01448,C0174,2021-07-22,Virtual Team Building,Team Building,3,17424,2021-08-15,Overdue
B01449,C0174,2021-08-24,Time Management,Personal Development,2,7424,2021-09-03,Paid
B01450,C0174,2021-09-21,PMP Certification Prep,Project Management,9,99837,2021-09-25,Paid
B01451,C0174,2021-11-02,Critical Thinking,Personal Development,10,32450,2021-11-08,Paid
B01452,C0174,2021-11-27,HR Analytics,Human Resources,9,70128,2021-12-18,Overdue
B01453,C0174,2022-01-08,Employee Relations,Human Resources,5,45195,2022-01-13,Paid
B01454,C0174,2022-02-20,Complaint Handling,Customer Service,10,32180,2022-02-22,Paid
B01455,C0174,2022-04-08,Prompt Engineering for Professionals,AI & Technology,2,23306,2022-05-08,Pending
B01456,C0174,2022-05-19,Performance Appraisal,Human Resources,2,18634,2022-05-23,Paid
B01457,C0174,2022-07-01,Leadership Excellence Program,Leadership & Management,7,72394,2022-07-19,Paid
B01458,C0174,2022-07-26,Generative AI Essentials,AI & Technology,3,27873,2022-07-31,Paid
B01459,C0174,2022-08-16,Office Management,Administration,10,47020,2022-08-22,Paid
B01460,C0174,2022-10-01,Performance Appraisal,Human Resources,9,72459,2022-10-12,Paid
B01461,C0174,2022-11-16,Presentation Skills,Communication Skills,10,59450,2022-11-20,Paid
B01462,C0174,2022-12-09,Risk & Compliance,Compliance & Quality,3,31785,2022-12-22,Paid
B01463,C0174,2023-01-19,Critical Thinking,Personal Development,8,26320,2023-02-06,Paid
B01464,C0175,2022-11-21,Executive Leadership,Leadership & Management,10,82530,2022-11-21,Paid
B01465,C0175,2023-01-09,Employee Relations,Human Resources,6,58662,2023-02-04,Overdue
B01466,C0175,2023-02-20,Conflict Resolution,Communication Skills,7,26446,2023-03-19,Pending
B01467,C0175,2023-03-28,Financial Analysis,Finance & Accounting,3,32631,2023-04-15,Paid
B01468,C0175,2023-05-03,Compensation & Benefits,Human Resources,10,83430,2023-05-22,Paid
B01469,C0175,2023-06-20,Key Account Management,Sales & Marketing,6,39810,2023-07-09,Paid
B01470,C0175,2023-07-30,Executive Leadership,Leadership & Management,10,67210,2023-08-17,Paid
B01471,C0176,2023-06-26,Internal Control Systems,Compliance & Quality,20,127660,2023-07-03,Paid
B01472,C0176,2023-08-29,Strategic Marketing,Sales & Marketing,12,84648,2023-09-28,Pending
B01473,C0176,2023-10-12,Presentation Skills,Communication Skills,12,53076,2023-10-31,Paid
B01474,C0176,2023-11-26,Virtual Team Building,Team Building,12,77868,2023-12-13,Paid
B01475,C0176,2024-01-19,Digital Marketing,Sales & Marketing,14,72674,2024-02-11,Pending
B01476,C0176,2024-03-16,PMP Certification Prep,Project Management,11,112827,2024-04-01,Paid
B01477,C0176,2024-05-07,Employee Relations,Human Resources,21,138621,2024-05-22,Paid
B01478,C0176,2024-06-26,Budgeting & Forecasting,Finance & Accounting,17,96441,2024-07-25,Pending
B01479,C0176,2024-08-19,Strategic Leadership,Leadership & Management,16,154704,2024-09-07,Paid
B01480,C0176,2024-10-30,Conflict Resolution,Communication Skills,10,48980,2024-11-14,Paid
B01481,C0176,2025-01-06,Executive Leadership,Leadership & Management,22,188672,2025-01-28,Pending
B01482,C0176,2025-02-20,Complaint Handling,Customer Service,23,102626,2025-02-24,Paid
B01483,C0176,2025-04-09,Agile & Scrum Fundamentals,Project Management,24,182904,2025-05-07,Overdue
B01484,C0176,2025-05-29,Presentation Skills,Communication Skills,16,66704,2025-06-11,Paid
B01485,C0176,2025-07-29,Executive Leadership,Leadership & Management,17,128605,2025-07-31,Paid
B01486,C0177,2025-03-20,Risk & Compliance,Compliance & Quality,32,316960,2025-03-21,Paid
B01487,C0177,2025-06-10,Risk & Compliance,Compliance & Quality,15,115335,2025-07-06,Pending
B01488,C0177,2025-09-01,Change Management,Leadership & Management,16,109312,2025-09-15,Paid
B01489,C0178,2025-05-28,Financial Analysis,Finance & Accounting,14,116116,2025-06-12,Paid
B01490,C0178,2025-07-01,Executive Assistant Excellence,Administration,13,68380,2025-07-03,Paid
B01491,C0178,2025-08-05,Change Management,Leadership & Management,18,175230,2025-08-11,Paid
B01492,C0178,2025-09-17,Strategic Marketing,Sales & Marketing,21,154854,2025-10-16,Pending
B01493,C0178,2025-10-31,Service Quality Management,Customer Service,19,72694,2025-11-24,Overdue
B01494,C0178,2025-12-22,Problem Solving,Personal Development,17,74511,2026-01-19,Overdue
B01495,C0179,2023-02-26,Presentation Skills,Communication Skills,28,152040,2023-03-28,Overdue
B01496,C0179,2023-04-09,Finance for Non-Finance,Finance & Accounting,17,117997,2023-05-08,Pending
B01497,C0179,2023-05-19,AI for Business Leaders,AI & Technology,22,168256,2023-06-11,Pending
B01498,C0180,2022-09-05,Agile & Scrum Fundamentals,Project Management,2,24174,2022-10-01,Pending
B01499,C0180,2022-10-02,Finance for Non-Finance,Finance & Accounting,6,57882,2022-10-11,Paid
B01500,C0180,2022-11-04,Internal Control Systems,Compliance & Quality,3,22467,2022-11-12,Paid
B01501,C0180,2022-12-22,Emotional Intelligence,Personal Development,8,40224,2022-12-22,Paid
B01502,C0180,2023-01-31,Conflict Resolution,Communication Skills,8,42544,2023-02-01,Paid
B01503,C0180,2023-03-18,Employee Relations,Human Resources,5,37765,2023-03-23,Paid
B01504,C0180,2023-05-07,Executive Assistant Excellence,Administration,8,45448,2023-05-08,Paid
B01505,C0180,2023-06-16,Executive Assistant Excellence,Administration,6,21768,2023-07-03,Paid
B01506,C0180,2023-08-11,Leadership Team Offsite,Team Building,7,54866,2023-08-11,Paid
B01507,C0181,2025-03-13,Leadership Team Offsite,Team Building,14,58142,2025-04-06,Pending
B01508,C0181,2025-05-20,Business Communication,Communication Skills,14,62790,2025-06-16,Overdue
B01509,C0181,2025-07-24,ISO 9001 Quality Management,Compliance & Quality,5,39470,2025-08-10,Paid
B01510,C0181,2025-09-30,Conflict Resolution,Communication Skills,15,59625,2025-10-27,Overdue
B01511,C0181,2025-11-16,Complaint Handling,Customer Service,14,70742,2025-12-04,Paid
B01512,C0182,2024-04-30,Finance for Non-Finance,Finance & Accounting,3,25641,2024-05-24,Overdue
B01513,C0182,2024-06-05,Business Communication,Communication Skills,8,29264,2024-06-24,Paid
B01514,C0182,2024-08-05,Finance for Non-Finance,Finance & Accounting,7,60907,2024-08-26,Overdue
B01515,C0182,2024-09-17,ISO 9001 Quality Management,Compliance & Quality,2,16036,2024-09-26,Paid
B01516,C0182,2024-11-01,Digital Transformation,AI & Technology,7,60662,2024-11-28,Pending
B01517,C0182,2024-12-25,Service Quality Management,Customer Service,9,27630,2025-01-08,Paid
B01518,C0182,2025-02-23,Leadership Excellence Program,Leadership & Management,9,65727,2025-03-25,Overdue
B01519,C0182,2025-04-02,Digital Marketing,Sales & Marketing,10,50080,2025-04-15,Paid
B01520,C0182,2025-05-07,Executive Leadership,Leadership & Management,3,27792,2025-06-04,Overdue
B01521,C0182,2025-07-06,Change Management,Leadership & Management,9,76248,2025-07-14,Paid
B01522,C0182,2025-08-06,Innovation Workshop,Team Building,6,30378,2025-09-02,Overdue
B01523,C0182,2025-09-14,Project Planning & Execution,Project Management,5,65815,2025-09-19,Paid
B01524,C0182,2025-11-09,Risk Management,Project Management,2,19812,2025-11-12,Paid
B01525,C0183,2023-09-28,Key Account Management,Sales & Marketing,29,181772,2023-10-08,Paid
B01526,C0184,2025-09-11,Employee Relations,Human Resources,5,49490,2025-10-03,Overdue
B01527,C0185,2024-02-29,Key Account Management,Sales & Marketing,17,86258,2024-03-06,Paid
B01528,C0185,2024-04-01,Internal Audit,Finance & Accounting,33,267630,2024-04-27,Overdue
B01529,C0185,2024-05-08,Change Management,Leadership & Management,35,312165,2024-06-05,Overdue
B01530,C0185,2024-05-24,Risk Management,Project Management,15,136095,2024-06-12,Paid
B01531,C0185,2024-06-27,ISO 9001 Quality Management,Compliance & Quality,26,215332,2024-07-10,Paid
B01532,C0185,2024-07-19,Problem Solving,Personal Development,26,108862,2024-08-18,Overdue
B01533,C0185,2024-08-14,Emotional Intelligence,Personal Development,15,46605,2024-08-25,Paid
B01534,C0185,2024-09-01,Team Management Essentials,Leadership & Management,24,167856,2024-09-30,Pending
B01535,C0185,2024-09-18,PMP Certification Prep,Project Management,34,281248,2024-10-13,Overdue
B01536,C0185,2024-10-19,Key Account Management,Sales & Marketing,31,216287,2024-11-06,Paid
B01537,C0185,2024-11-17,Advanced Excel,Administration,26,96798,2024-11-29,Paid
B01538,C0185,2024-12-05,Prompt Engineering for Professionals,AI & Technology,16,161584,2024-12-28,Pending
B01539,C0186,2023-04-15,Digital Transformation,AI & Technology,10,106350,2023-04-28,Paid
B01540,C0186,2023-07-19,Generative AI Essentials,AI & Technology,3,32469,2023-08-13,Pending
B01541,C0186,2023-11-19,Time Management,Personal Development,9,51300,2023-12-05,Paid
B01542,C0186,2024-02-22,AI for Business Leaders,AI & Technology,9,81864,2024-03-01,Paid
B01543,C0186,2024-06-24,Talent Acquisition,Human Resources,6,58386,2024-07-01,Paid
B01544,C0186,2024-10-24,Business Communication,Communication Skills,5,33860,2024-11-17,Overdue
B01545,C0186,2025-02-01,Employee Relations,Human Resources,9,65601,2025-02-24,Pending
B01546,C0186,2025-05-23,Business Writing,Administration,5,26610,2025-06-15,Overdue
B01547,C0186,2025-09-09,Negotiation Skills,Communication Skills,3,14823,2025-09-26,Paid
B01548,C0187,2024-06-17,Employee Relations,Human Resources,12,94044,2024-06-30,Paid
B01549,C0187,2024-10-18,Employee Relations,Human Resources,14,111734,2024-11-13,Pending
B01550,C0187,2025-02-13,Generative AI Essentials,AI & Technology,8,102880,2025-03-14,Overdue
B01551,C0187,2025-06-15,Office Management,Administration,14,74088,2025-06-19,Paid
B01552,C0188,2021-11-27,Talent Acquisition,Human Resources,7,67123,2021-12-11,Paid
B01553,C0188,2022-01-16,Leadership Excellence Program,Leadership & Management,7,55923,2022-01-29,Paid
B01554,C0188,2022-03-08,HR Analytics,Human Resources,13,98488,2022-04-06,Overdue
B01555,C0188,2022-04-28,Virtual Team Building,Team Building,6,27102,2022-05-25,Pending
B01556,C0188,2022-06-11,Complaint Handling,Customer Service,5,29130,2022-06-16,Paid
B01557,C0188,2022-07-24,Change Management,Leadership & Management,7,78526,2022-08-20,Overdue
B01558,C0188,2022-09-16,Complaint Handling,Customer Service,10,29930,2022-09-28,Paid
B01559,C0188,2022-11-09,Business Writing,Administration,13,49582,2022-12-01,Overdue
B01560,C0188,2023-01-05,Agile & Scrum Fundamentals,Project Management,10,125420,2023-02-02,Overdue
B01561,C0188,2023-02-19,Prompt Engineering for Professionals,AI & Technology,14,137452,2023-02-22,Paid
B01562,C0188,2023-04-19,Team Building Workshop,Team Building,5,21510,2023-05-12,Overdue
B01563,C0188,2023-06-14,Service Quality Management,Customer Service,11,52195,2023-06-28,Paid
B01564,C0188,2023-08-14,Virtual Team Building,Team Building,11,48466,2023-09-07,Overdue
B01565,C0188,2023-10-22,Business Writing,Administration,7,29757,2023-11-14,Pending
B01566,C0188,2023-12-26,Risk Management,Project Management,5,64310,2024-01-13,Paid
B01567,C0189,2024-03-10,Prompt Engineering for Professionals,AI & Technology,6,76992,2024-03-13,Paid
B01568,C0189,2024-05-31,Employee Relations,Human Resources,6,48120,2024-06-10,Paid
B01569,C0189,2024-08-19,Executive Leadership,Leadership & Management,10,96060,2024-09-06,Paid
B01570,C0189,2024-11-05,Key Account Management,Sales & Marketing,8,49344,2024-11-15,Paid
B01571,C0189,2025-01-26,Conflict Resolution,Communication Skills,7,46207,2025-01-31,Paid
B01572,C0189,2025-04-09,Risk Management,Project Management,2,29336,2025-05-09,Pending
B01573,C0189,2025-07-02,Complaint Handling,Customer Service,10,35180,2025-07-20,Paid
B01574,C0190,2024-10-14,HR Analytics,Human Resources,13,108134,2024-10-21,Paid
B01575,C0190,2024-11-19,Executive Assistant Excellence,Administration,18,62370,2024-11-22,Paid
B01576,C0190,2024-12-23,Performance Appraisal,Human Resources,15,77925,2025-01-11,Paid
B01577,C0190,2025-01-22,Team Management Essentials,Leadership & Management,16,95920,2025-02-06,Paid
B01578,C0190,2025-02-19,Internal Control Systems,Compliance & Quality,10,85220,2025-02-25,Paid
B01579,C0190,2025-03-25,Financial Analysis,Finance & Accounting,23,198306,2025-04-10,Paid
B01580,C0190,2025-04-27,Project Planning & Execution,Project Management,24,212472,2025-05-26,Pending
B01581,C0190,2025-06-06,Advanced Excel,Administration,13,58786,2025-07-04,Overdue
B01582,C0190,2025-07-15,Strategic Marketing,Sales & Marketing,18,81918,2025-08-11,Pending
B01583,C0190,2025-08-16,Finance for Non-Finance,Finance & Accounting,13,103831,2025-09-10,Pending
B01584,C0190,2025-10-08,Virtual Team Building,Team Building,17,100844,2025-10-10,Paid
B01585,C0190,2025-11-07,Internal Audit,Finance & Accounting,15,135825,2025-11-17,Paid
B01586,C0190,2025-12-11,Finance for Non-Finance,Finance & Accounting,24,218280,2026-01-01,Pending
B01587,C0191,2022-02-27,Critical Thinking,Personal Development,10,34050,2022-03-03,Paid
B01588,C0191,2022-05-03,Prompt Engineering for Professionals,AI & Technology,22,155254,2022-05-24,Pending
B01589,C0191,2022-07-08,HR Analytics,Human Resources,25,140675,2022-07-23,Paid
B01590,C0191,2022-08-15,Internal Control Systems,Compliance & Quality,15,141120,2022-08-24,Paid
B01591,C0191,2022-10-04,Project Planning & Execution,Project Management,16,179520,2022-11-01,Pending
B01592,C0191,2022-11-13,AI for Business Leaders,AI & Technology,16,88752,2022-11-26,Paid
B01593,C0191,2023-01-18,Change Management,Leadership & Management,25,245800,2023-02-06,Paid
B01594,C0191,2023-03-18,Performance Appraisal,Human Resources,15,78510,2023-03-31,Paid
B01595,C0191,2023-05-19,Business Writing,Administration,18,91980,2023-05-31,Paid
B01596,C0191,2023-07-11,Critical Thinking,Personal Development,17,81090,2023-07-22,Paid
B01597,C0191,2023-08-27,Digital Marketing,Sales & Marketing,15,109575,2023-09-05,Paid
B01598,C0191,2023-10-09,Employee Relations,Human Resources,19,141075,2023-10-24,Paid
B01599,C0191,2023-12-11,Strategic Marketing,Sales & Marketing,22,139260,2023-12-22,Paid
B01600,C0191,2024-02-03,Generative AI Essentials,AI & Technology,25,189550,2024-02-06,Paid
B01601,C0191,2024-04-01,Employee Relations,Human Resources,13,109876,2024-04-29,Overdue
B01602,C0191,2024-06-03,Customer Service Excellence,Customer Service,24,88368,2024-06-10,Paid
B01603,C0191,2024-08-07,Executive Assistant Excellence,Administration,23,77671,2024-08-12,Paid
B01604,C0191,2024-10-03,Sales Fundamentals,Sales & Marketing,20,130980,2024-10-06,Paid
B01605,C0191,2024-11-10,Presentation Skills,Communication Skills,22,119416,2024-11-14,Paid
B01606,C0192,2021-08-16,Strategic Leadership,Leadership & Management,19,148466,2021-09-01,Paid
B01607,C0192,2021-10-04,Performance Appraisal,Human Resources,23,122153,2021-10-21,Paid
B01608,C0192,2021-11-30,Innovation Workshop,Team Building,20,86200,2021-12-21,Overdue
B01609,C0192,2022-01-12,Customer Service Excellence,Customer Service,22,89936,2022-01-25,Paid
B01610,C0193,2022-09-25,Employee Relations,Human Resources,20,146300,2022-10-21,Pending
B01611,C0193,2022-10-24,Budgeting & Forecasting,Finance & Accounting,24,201072,2022-10-31,Paid
B01612,C0193,2022-11-29,Digital Transformation,AI & Technology,15,138855,2022-12-05,Paid
B01613,C0193,2023-01-12,Innovation Workshop,Team Building,13,87087,2023-02-11,Overdue
B01614,C0194,2023-06-21,Innovation Workshop,Team Building,20,131500,2023-07-02,Paid
B01615,C0194,2023-08-23,Innovation Workshop,Team Building,12,68148,2023-08-24,Paid
B01616,C0194,2023-11-24,AI for Business Leaders,AI & Technology,16,128736,2023-12-11,Paid
B01617,C0194,2024-02-18,Talent Acquisition,Human Resources,15,120270,2024-03-06,Paid
B01618,C0194,2024-04-21,Email Writing Mastery,Communication Skills,17,67728,2024-05-16,Pending
B01619,C0194,2024-07-18,Negotiation Skills,Communication Skills,20,88280,2024-07-24,Paid
B01620,C0194,2024-10-01,Data Literacy for Leaders,AI & Technology,17,95523,2024-10-02,Paid
B01621,C0194,2024-12-05,Strategic Leadership,Leadership & Management,13,122733,2024-12-17,Paid
B01622,C0195,2022-07-01,Internal Control Systems,Compliance & Quality,23,150420,2022-07-03,Paid
B01623,C0195,2022-08-05,Change Management,Leadership & Management,31,274071,2022-08-05,Paid
B01624,C0195,2022-09-13,Leadership Excellence Program,Leadership & Management,32,325152,2022-10-12,Pending
B01625,C0195,2022-10-22,PMP Certification Prep,Project Management,33,406527,2022-11-03,Paid
B01626,C0195,2022-11-21,Talent Acquisition,Human Resources,34,275094,2022-11-30,Paid
B01627,C0195,2022-12-28,ISO 9001 Quality Management,Compliance & Quality,25,222725,2023-01-13,Paid
B01628,C0195,2023-02-16,Virtual Team Building,Team Building,15,66765,2023-02-24,Paid
B01629,C0195,2023-04-11,Sales Fundamentals,Sales & Marketing,21,96516,2023-04-19,Paid
B01630,C0195,2023-06-02,Problem Solving,Personal Development,33,138270,2023-06-14,Paid
B01631,C0195,2023-07-09,Financial Analysis,Finance & Accounting,28,172816,2023-07-16,Paid
B01632,C0195,2023-08-09,Customer Service Excellence,Customer Service,32,112608,2023-08-24,Paid
B01633,C0195,2023-09-16,Financial Analysis,Finance & Accounting,32,289664,2023-09-23,Paid
B01634,C0195,2023-11-08,Conflict Resolution,Communication Skills,15,70560,2023-12-01,Overdue
B01635,C0195,2023-12-11,Negotiation Skills,Communication Skills,32,174784,2023-12-14,Paid
B01636,C0195,2024-02-05,Service Quality Management,Customer Service,22,100342,2024-02-05,Paid
B01637,C0195,2024-03-31,Email Writing Mastery,Communication Skills,22,99682,2024-04-11,Paid
B01638,C0195,2024-05-12,Digital Marketing,Sales & Marketing,33,152757,2024-06-01,Paid
B01639,C0195,2024-07-01,Budgeting & Forecasting,Finance & Accounting,25,163125,2024-07-26,Pending
B01640,C0195,2024-08-12,PMP Certification Prep,Project Management,32,255296,2024-08-18,Paid
B01641,C0195,2024-09-15,Strategic Marketing,Sales & Marketing,33,168927,2024-09-17,Paid
B01642,C0196,2023-04-20,Innovation Workshop,Team Building,30,128310,2023-05-03,Paid
B01643,C0196,2023-06-12,Budgeting & Forecasting,Finance & Accounting,25,164325,2023-06-13,Paid
B01644,C0196,2023-07-24,Internal Audit,Finance & Accounting,33,275715,2023-08-20,Pending
B01645,C0196,2023-09-05,Finance for Non-Finance,Finance & Accounting,21,187467,2023-09-22,Paid
B01646,C0196,2023-10-25,Strategic Marketing,Sales & Marketing,25,189750,2023-11-14,Paid
B01647,C0196,2023-12-17,Compensation & Benefits,Human Resources,25,167625,2024-01-08,Overdue
B01648,C0196,2024-01-31,Key Account Management,Sales & Marketing,32,231648,2024-02-23,Pending
B01649,C0196,2024-03-22,PMP Certification Prep,Project Management,28,326704,2024-03-24,Paid
B01650,C0196,2024-04-25,Conflict Resolution,Communication Skills,19,106590,2024-04-25,Paid
B01651,C0196,2024-05-23,Prince2 Foundation,Project Management,31,372248,2024-05-26,Paid
B01652,C0197,2024-02-24,Complaint Handling,Customer Service,9,33291,2024-03-15,Paid
B01653,C0197,2024-05-18,Risk & Compliance,Compliance & Quality,10,93420,2024-05-22,Paid
B01654,C0197,2024-07-17,Virtual Team Building,Team Building,10,48550,2024-07-29,Paid
B01655,C0197,2024-09-13,Leadership Excellence Program,Leadership & Management,6,47778,2024-09-26,Paid
B01656,C0197,2024-12-07,Financial Analysis,Finance & Accounting,6,64680,2024-12-17,Paid
B01657,C0198,2021-04-02,Financial Analysis,Finance & Accounting,16,129744,2021-04-18,Paid
B01658,C0198,2021-05-18,Time Management,Personal Development,18,75474,2021-06-01,Paid
B01659,C0198,2021-07-02,Performance Appraisal,Human Resources,20,166540,2021-07-25,Pending
B01660,C0199,2025-05-07,Digital Marketing,Sales & Marketing,15,80325,2025-05-20,Paid
B01661,C0199,2025-07-10,HR Management Essentials,Human Resources,19,128003,2025-07-12,Paid
B01662,C0200,2021-05-31,Business Writing,Administration,13,62998,2021-06-14,Paid
B01663,C0200,2021-08-09,Business Communication,Communication Skills,13,41431,2021-08-28,Paid
B01664,C0200,2021-10-18,Sales Fundamentals,Sales & Marketing,15,67230,2021-10-29,Paid
B01665,C0201,2022-03-02,Negotiation Skills,Communication Skills,8,36344,2022-03-19,Paid
B01666,C0201,2022-04-30,Generative AI Essentials,AI & Technology,5,35670,2022-05-18,Paid
B01667,C0201,2022-06-08,Risk Management,Project Management,3,41955,2022-06-14,Paid
B01668,C0201,2022-08-15,Finance for Non-Finance,Finance & Accounting,4,34612,2022-09-02,Paid
B01669,C0201,2022-09-29,PMP Certification Prep,Project Management,4,58112,2022-10-15,Paid
B01670,C0201,2022-11-15,Prompt Engineering for Professionals,AI & Technology,8,73632,2022-12-03,Paid
B01671,C0201,2023-01-02,Innovation Workshop,Team Building,6,47754,2023-01-27,Overdue
B01672,C0201,2023-03-08,Performance Appraisal,Human Resources,4,24040,2023-04-02,Pending
B01673,C0201,2023-05-15,Performance Appraisal,Human Resources,3,29421,2023-06-09,Pending
B01674,C0201,2023-07-20,Risk Management,Project Management,4,47580,2023-08-16,Pending
B01675,C0201,2023-09-10,Internal Audit,Finance & Accounting,3,20781,2023-09-14,Paid
B01676,C0201,2023-11-06,Key Account Management,Sales & Marketing,9,60678,2023-11-27,Overdue
B01677,C0201,2024-01-07,Internal Audit,Finance & Accounting,6,63594,2024-01-31,Pending
B01678,C0201,2024-02-24,Compensation & Benefits,Human Resources,10,64680,2024-03-07,Paid
B01679,C0202,2025-05-31,AI for Business Leaders,AI & Technology,17,165580,2025-06-26,Pending
B01680,C0202,2025-07-08,Prince2 Foundation,Project Management,35,441105,2025-07-16,Paid
B01681,C0202,2025-08-13,Advanced Excel,Administration,19,85424,2025-08-30,Paid
B01682,C0202,2025-10-05,Service Quality Management,Customer Service,30,149070,2025-10-30,Overdue
B01683,C0202,2025-11-17,Office Management,Administration,18,88506,2025-12-15,Overdue
B01684,C0203,2024-04-03,Talent Acquisition,Human Resources,8,60256,2024-04-08,Paid
B01685,C0203,2024-04-29,Virtual Team Building,Team Building,2,9604,2024-05-13,Paid
B01686,C0203,2024-06-21,Negotiation Skills,Communication Skills,10,36530,2024-06-21,Paid
B01687,C0203,2024-07-28,Prompt Engineering for Professionals,AI & Technology,6,55140,2024-07-31,Paid
B01688,C0203,2024-09-19,Negotiation Skills,Communication Skills,6,33354,2024-10-18,Pending
B01689,C0203,2024-10-29,Time Management,Personal Development,6,18822,2024-11-18,Paid
B01690,C0203,2024-12-18,Finance for Non-Finance,Finance & Accounting,9,87858,2024-12-19,Paid
B01691,C0203,2025-02-03,Business Writing,Administration,6,27738,2025-02-23,Paid
B01692,C0203,2025-03-12,Executive Leadership,Leadership & Management,2,21712,2025-03-31,Paid
B01693,C0203,2025-04-30,Critical Thinking,Personal Development,9,45072,2025-05-05,Paid
B01694,C0203,2025-06-08,Digital Marketing,Sales & Marketing,10,70600,2025-06-11,Paid
B01695,C0203,2025-07-10,Team Management Essentials,Leadership & Management,7,50652,2025-07-29,Paid
B01696,C0203,2025-08-24,Advanced Excel,Administration,4,25560,2025-09-16,Pending
B01697,C0203,2025-10-06,Project Planning & Execution,Project Management,3,34311,2025-11-01,Pending
B01698,C0203,2025-11-29,Executive Leadership,Leadership & Management,9,67590,2025-12-09,Paid
B01699,C0204,2024-03-24,Talent Acquisition,Human Resources,15,108540,2024-04-16,Pending
B01700,C0205,2023-04-08,Executive Assistant Excellence,Administration,11,48664,2023-05-04,Pending
B01701,C0205,2023-07-13,Change Management,Leadership & Management,8,88864,2023-07-17,Paid
B01702,C0205,2023-10-11,Team Building Workshop,Team Building,9,39087,2023-10-16,Paid
B01703,C0205,2023-12-23,Service Quality Management,Customer Service,5,20640,2024-01-11,Paid
B01704,C0205,2024-03-28,Talent Acquisition,Human Resources,13,84812,2024-04-02,Paid
B01705,C0205,2024-06-22,Critical Thinking,Personal Development,5,21370,2024-06-30,Paid
B01706,C0205,2024-09-21,Data Literacy for Leaders,AI & Technology,10,63440,2024-10-01,Paid
B01707,C0205,2024-12-28,Sales Fundamentals,Sales & Marketing,14,100240,2025-01-19,Pending
B01708,C0205,2025-03-17,Digital Transformation,AI & Technology,12,73656,2025-03-20,Paid
B01709,C0205,2025-06-09,Performance Management,Leadership & Management,7,53949,2025-06-14,Paid
B01710,C0205,2025-08-16,Internal Audit,Finance & Accounting,14,79296,2025-09-09,Pending
B01711,C0206,2021-09-19,Project Planning & Execution,Project Management,6,50616,2021-10-01,Paid
B01712,C0206,2021-10-24,Advanced Excel,Administration,6,25374,2021-11-01,Paid
B01713,C0206,2021-11-19,Project Planning & Execution,Project Management,7,79737,2021-11-26,Paid
B01714,C0206,2021-12-18,Talent Acquisition,Human Resources,6,57714,2021-12-24,Paid
B01715,C0206,2022-01-04,HR Management Essentials,Human Resources,6,42372,2022-01-26,Overdue
B01716,C0206,2022-02-16,HR Analytics,Human Resources,3,24018,2022-02-27,Paid
B01717,C0206,2022-03-26,Prompt Engineering for Professionals,AI & Technology,7,65499,2022-04-19,Overdue
B01718,C0206,2022-05-10,Critical Thinking,Personal Development,4,12600,2022-06-09,Overdue
B01719,C0206,2022-06-01,Risk Management,Project Management,10,107590,2022-06-07,Paid
B01720,C0206,2022-06-25,Business Writing,Administration,8,39360,2022-07-15,Paid
B01721,C0206,2022-08-05,Risk & Compliance,Compliance & Quality,6,52194,2022-08-15,Paid
B01722,C0206,2022-09-10,Business Writing,Administration,10,48950,2022-10-06,Overdue
B01723,C0206,2022-10-15,Performance Management,Leadership & Management,10,74170,2022-10-23,Paid
B01724,C0206,2022-11-29,Performance Appraisal,Human Resources,9,63612,2022-11-30,Paid
B01725,C0206,2023-01-11,Agile & Scrum Fundamentals,Project Management,10,113840,2023-01-31,Paid
B01726,C0206,2023-02-22,HR Management Essentials,Human Resources,9,59148,2023-03-08,Paid
B01727,C0206,2023-03-15,Prompt Engineering for Professionals,AI & Technology,7,66843,2023-04-02,Paid
B01728,C0206,2023-04-22,Conflict Resolution,Communication Skills,2,9640,2023-05-14,Pending
B01729,C0206,2023-05-31,Critical Thinking,Personal Development,7,21224,2023-06-05,Paid
B01730,C0206,2023-07-08,Customer Service Excellence,Customer Service,9,39330,2023-07-18,Paid
B01731,C0207,2023-02-11,Complaint Handling,Customer Service,11,46178,2023-03-09,Pending
B01732,C0207,2023-03-31,HR Analytics,Human Resources,10,71910,2023-04-10,Paid
B01733,C0207,2023-06-11,Digital Marketing,Sales & Marketing,15,84690,2023-06-20,Paid
B01734,C0207,2023-08-04,Team Management Essentials,Leadership & Management,8,89224,2023-08-07,Paid
B01735,C0207,2023-09-25,Customer Service Excellence,Customer Service,11,38357,2023-10-25,Overdue
B01736,C0207,2023-11-12,Prompt Engineering for Professionals,AI & Technology,5,39215,2023-11-28,Paid
B01737,C0207,2024-01-08,Prince2 Foundation,Project Management,9,116001,2024-02-07,Pending
B01738,C0207,2024-03-08,Digital Transformation,AI & Technology,7,52948,2024-03-29,Overdue
B01739,C0207,2024-04-25,ISO 9001 Quality Management,Compliance & Quality,5,38700,2024-05-04,Paid
B01740,C0207,2024-07-01,ISO 9001 Quality Management,Compliance & Quality,7,68845,2024-07-15,Paid
B01741,C0207,2024-08-13,Email Writing Mastery,Communication Skills,7,37702,2024-08-13,Paid
B01742,C0207,2024-10-09,Executive Assistant Excellence,Administration,7,30240,2024-11-06,Pending
B01743,C0207,2024-12-16,Budgeting & Forecasting,Finance & Accounting,9,64422,2024-12-21,Paid
B01744,C0207,2025-02-16,Compensation & Benefits,Human Resources,8,62304,2025-02-18,Paid
B01745,C0207,2025-04-14,Team Building Workshop,Team Building,8,37048,2025-05-05,Overdue
B01746,C0207,2025-06-14,Leadership Excellence Program,Leadership & Management,12,84708,2025-06-25,Paid
B01747,C0207,2025-08-14,PMP Certification Prep,Project Management,12,127536,2025-09-04,Overdue
B01748,C0207,2025-10-18,Business Writing,Administration,8,43472,2025-11-08,Overdue
B01749,C0208,2025-06-09,PMP Certification Prep,Project Management,8,72416,2025-06-19,Paid
B01750,C0208,2025-10-01,Leadership Team Offsite,Team Building,4,22548,2025-10-25,Overdue
B01751,C0209,2022-03-06,Time Management,Personal Development,4,15852,2022-03-17,Paid
B01752,C0209,2022-05-05,Negotiation Skills,Communication Skills,7,38871,2022-05-31,Pending
B01753,C0209,2022-06-27,Emotional Intelligence,Personal Development,8,26528,2022-07-17,Paid
B01754,C0209,2022-08-24,Employee Relations,Human Resources,4,32188,2022-08-30,Paid
B01755,C0209,2022-10-06,Team Management Essentials,Leadership & Management,5,47365,2022-10-19,Paid
B01756,C0209,2022-11-27,Performance Management,Leadership & Management,7,71022,2022-12-17,Paid
B01757,C0209,2023-01-22,HR Management Essentials,Human Resources,8,52936,2023-01-31,Paid
B01758,C0209,2023-03-25,Budgeting & Forecasting,Finance & Accounting,8,83496,2023-03-26,Paid
B01759,C0209,2023-05-28,HR Analytics,Human Resources,8,53880,2023-06-02,Paid
B01760,C0209,2023-07-26,Email Writing Mastery,Communication Skills,10,58790,2023-07-29,Paid
B01761,C0209,2023-09-05,Sales Fundamentals,Sales & Marketing,3,19254,2023-09-26,Pending
B01762,C0209,2023-10-23,Problem Solving,Personal Development,8,24400,2023-10-28,Paid
B01763,C0210,2024-01-07,Executive Leadership,Leadership & Management,9,94329,2024-01-15,Paid
B01764,C0210,2024-02-11,Virtual Team Building,Team Building,15,57030,2024-03-01,Paid
B01765,C0210,2024-03-13,Risk & Compliance,Compliance & Quality,12,113340,2024-03-24,Paid
B01766,C0210,2024-04-22,Innovation Workshop,Team Building,12,70536,2024-05-02,Paid
B01767,C0210,2024-05-25,Generative AI Essentials,AI & Technology,10,63010,2024-06-19,Pending
B01768,C0210,2024-06-13,Complaint Handling,Customer Service,13,50492,2024-07-10,Pending
B01769,C0210,2024-07-17,Risk Management,Project Management,5,53805,2024-08-16,Overdue
B01770,C0210,2024-08-25,Talent Acquisition,Human Resources,13,103077,2024-09-13,Paid
B01771,C0210,2024-10-13,Team Building Workshop,Team Building,12,58956,2024-10-14,Paid
B01772,C0210,2024-11-22,Sales Fundamentals,Sales & Marketing,9,46467,2024-11-25,Paid
B01773,C0210,2024-12-23,Strategic Marketing,Sales & Marketing,12,66324,2024-12-24,Paid
B01774,C0210,2025-01-24,Time Management,Personal Development,15,57525,2025-02-01,Paid
B01775,C0210,2025-03-08,Complaint Handling,Customer Service,10,48990,2025-03-17,Paid
B01776,C0211,2023-10-21,Service Quality Management,Customer Service,20,71720,2023-11-10,Paid
B01777,C0211,2023-12-24,Team Management Essentials,Leadership & Management,13,109681,2024-01-16,Pending
B01778,C0211,2024-03-01,Generative AI Essentials,AI & Technology,22,159610,2024-03-06,Paid
B01779,C0211,2024-05-10,Performance Management,Leadership & Management,13,88751,2024-06-02,Pending
B01780,C0211,2024-07-21,Critical Thinking,Personal Development,25,101250,2024-08-18,Overdue
B01781,C0211,2024-09-18,Presentation Skills,Communication Skills,24,128952,2024-10-07,Paid
B01782,C0212,2022-12-08,AI for Business Leaders,AI & Technology,33,287628,2022-12-09,Paid
B01783,C0212,2023-04-18,Change Management,Leadership & Management,25,213625,2023-04-19,Paid
B01784,C0212,2023-08-25,Risk Management,Project Management,34,402526,2023-09-14,Paid
B01785,C0212,2024-01-04,Risk & Compliance,Compliance & Quality,18,154944,2024-01-20,Paid
B01786,C0212,2024-05-09,Team Building Workshop,Team Building,17,77775,2024-06-07,Overdue
B01787,C0212,2024-09-15,Complaint Handling,Customer Service,27,70929,2024-09-20,Paid
B01788,C0213,2021-05-01,Agile & Scrum Fundamentals,Project Management,5,63380,2021-05-09,Paid
B01789,C0213,2021-08-23,Budgeting & Forecasting,Finance & Accounting,10,92780,2021-09-19,Pending
B01790,C0213,2021-12-20,Business Writing,Administration,2,10064,2022-01-07,Paid
B01791,C0213,2022-03-23,Digital Marketing,Sales & Marketing,5,40575,2022-04-21,Overdue
B01792,C0213,2022-07-18,Finance for Non-Finance,Finance & Accounting,4,35068,2022-08-03,Paid
B01793,C0213,2022-11-15,Executive Assistant Excellence,Administration,2,11952,2022-11-27,Paid
B01794,C0213,2023-02-27,HR Management Essentials,Human Resources,6,42696,2023-02-27,Paid
B01795,C0214,2023-08-07,Employee Relations,Human Resources,15,113520,2023-08-17,Paid
B01796,C0214,2023-09-22,Employee Relations,Human Resources,17,122876,2023-10-01,Paid
B01797,C0214,2023-10-26,Team Building Workshop,Team Building,34,213452,2023-11-09,Paid
B01798,C0214,2023-12-07,Prompt Engineering for Professionals,AI & Technology,28,278460,2023-12-26,Paid
B01799,C0214,2024-01-01,Business Communication,Communication Skills,32,138528,2024-01-16,Paid
B01800,C0214,2024-01-30,Data Literacy for Leaders,AI & Technology,15,118680,2024-02-09,Paid
B01801,C0214,2024-02-28,Internal Audit,Finance & Accounting,26,224094,2024-03-03,Paid
B01802,C0214,2024-04-03,Sales Fundamentals,Sales & Marketing,30,149460,2024-04-20,Paid
B01803,C0214,2024-05-13,Business Writing,Administration,20,106340,2024-05-25,Paid
B01804,C0214,2024-06-28,HR Analytics,Human Resources,27,140724,2024-07-19,Pending
B01805,C0214,2024-08-08,Critical Thinking,Personal Development,30,135120,2024-08-19,Paid
B01806,C0214,2024-09-08,Performance Management,Leadership & Management,21,202377,2024-09-19,Paid
B01807,C0214,2024-10-02,Budgeting & Forecasting,Finance & Accounting,24,185280,2024-10-16,Paid
B01808,C0214,2024-10-30,Office Management,Administration,29,89233,2024-11-03,Paid
B01809,C0215,2022-01-02,Strategic Leadership,Leadership & Management,6,69348,2022-01-25,Overdue
B01810,C0215,2022-04-14,Compensation & Benefits,Human Resources,8,78184,2022-05-01,Paid
B01811,C0215,2022-07-20,Project Planning & Execution,Project Management,8,103784,2022-08-19,Pending
B01812,C0215,2022-10-25,PMP Certification Prep,Project Management,8,78304,2022-10-31,Paid
B01813,C0215,2023-02-10,Agile & Scrum Fundamentals,Project Management,6,56778,2023-03-09,Pending
B01814,C0216,2024-04-29,Negotiation Skills,Communication Skills,15,50130,2024-05-20,Overdue
B01815,C0216,2024-06-24,Key Account Management,Sales & Marketing,13,79339,2024-07-06,Paid
B01816,C0216,2024-08-15,Employee Relations,Human Resources,11,75042,2024-09-08,Overdue
B01817,C0216,2024-10-04,Financial Analysis,Finance & Accounting,12,79404,2024-11-02,Pending
B01818,C0216,2024-12-06,Email Writing Mastery,Communication Skills,9,31617,2024-12-23,Paid
B01819,C0216,2025-01-20,Business Communication,Communication Skills,12,63096,2025-01-25,Paid
B01820,C0216,2025-03-13,Office Management,Administration,6,30420,2025-03-31,Paid
B01821,C0216,2025-05-19,Problem Solving,Personal Development,11,44066,2025-06-01,Paid
B01822,C0216,2025-07-16,Talent Acquisition,Human Resources,15,78000,2025-08-04,Paid
B01823,C0216,2025-09-01,Employee Relations,Human Resources,7,59479,2025-09-20,Paid
B01824,C0216,2025-10-20,Key Account Management,Sales & Marketing,6,44730,2025-11-07,Paid
B01825,C0217,2023-08-19,Data Literacy for Leaders,AI & Technology,31,212908,2023-09-15,Pending
B01826,C0217,2023-09-26,Sales Fundamentals,Sales & Marketing,26,175916,2023-10-23,Pending
B01827,C0217,2023-11-12,HR Management Essentials,Human Resources,30,250860,2023-12-04,Pending
B01828,C0217,2023-12-17,Internal Audit,Finance & Accounting,19,143735,2023-12-19,Paid
B01829,C0217,2024-01-19,Strategic Leadership,Leadership & Management,21,209391,2024-02-02,Paid
B01830,C0217,2024-03-05,Sales Fundamentals,Sales & Marketing,22,145860,2024-03-24,Paid
B01831,C0217,2024-04-22,Service Quality Management,Customer Service,22,69630,2024-05-06,Paid
B01832,C0217,2024-06-04,Key Account Management,Sales & Marketing,35,162260,2024-06-29,Overdue
B01833,C0217,2024-07-23,Prince2 Foundation,Project Management,22,220396,2024-08-15,Pending
B01834,C0217,2024-08-22,Leadership Excellence Program,Leadership & Management,16,140448,2024-09-18,Overdue
B01835,C0217,2024-10-19,Conflict Resolution,Communication Skills,17,96900,2024-11-01,Paid
B01836,C0217,2024-11-27,HR Analytics,Human Resources,32,176640,2024-12-19,Pending
B01837,C0217,2024-12-25,Service Quality Management,Customer Service,30,152310,2024-12-26,Paid
B01838,C0217,2025-02-14,Financial Analysis,Finance & Accounting,27,156654,2025-02-25,Paid
B01839,C0217,2025-04-02,Email Writing Mastery,Communication Skills,31,160115,2025-04-22,Paid
B01840,C0217,2025-05-28,Service Quality Management,Customer Service,28,83468,2025-05-31,Paid
B01841,C0217,2025-07-20,Risk Management,Project Management,23,277771,2025-08-15,Pending
B01842,C0217,2025-09-06,Team Building Workshop,Team Building,20,93500,2025-09-19,Paid
B01843,C0217,2025-10-16,Executive Assistant Excellence,Administration,25,86700,2025-11-14,Pending
B01844,C0218,2025-09-07,Problem Solving,Personal Development,12,49728,2025-10-05,Overdue
B01845,C0218,2025-11-07,Leadership Team Offsite,Team Building,17,102595,2025-11-15,Paid
B01846,C0219,2021-09-19,Leadership Team Offsite,Team Building,19,74385,2021-10-05,Paid
B01847,C0219,2021-11-15,Financial Analysis,Finance & Accounting,15,105945,2021-12-13,Overdue
B01848,C0219,2022-01-07,Digital Transformation,AI & Technology,26,272844,2022-01-16,Paid
B01849,C0219,2022-03-16,Budgeting & Forecasting,Finance & Accounting,20,152920,2022-03-31,Paid
B01850,C0219,2022-05-12,Advanced Excel,Administration,29,154222,2022-05-21,Paid
B01851,C0219,2022-07-16,Risk Management,Project Management,19,148580,2022-08-04,Paid
B01852,C0219,2022-09-05,Financial Analysis,Finance & Accounting,27,197505,2022-09-25,Paid
B01853,C0219,2022-11-05,Employee Relations,Human Resources,15,120930,2022-11-11,Paid
B01854,C0219,2022-12-26,Prompt Engineering for Professionals,AI & Technology,24,157368,2023-01-13,Paid
B01855,C0219,2023-02-26,Leadership Excellence Program,Leadership & Management,23,195155,2023-03-21,Overdue
B01856,C0219,2023-04-11,Digital Marketing,Sales & Marketing,34,251022,2023-04-16,Paid
B01857,C0220,2022-12-23,Strategic Marketing,Sales & Marketing,15,109215,2023-01-08,Paid
B01858,C0220,2023-04-06,Digital Marketing,Sales & Marketing,15,89010,2023-05-04,Overdue
B01859,C0220,2023-07-28,Leadership Excellence Program,Leadership & Management,12,99996,2023-08-04,Paid
B01860,C0220,2023-11-07,Budgeting & Forecasting,Finance & Accounting,16,113376,2023-11-11,Paid
B01861,C0220,2024-02-11,Finance for Non-Finance,Finance & Accounting,13,89648,2024-02-22,Paid
B01862,C0220,2024-05-23,Strategic Marketing,Sales & Marketing,24,149568,2024-06-21,Pending
B01863,C0220,2024-08-28,Virtual Team Building,Team Building,17,101660,2024-09-03,Paid
B01864,C0220,2024-12-04,Negotiation Skills,Communication Skills,11,47982,2024-12-24,Paid
B01865,C0221,2021-11-20,Data Literacy for Leaders,AI & Technology,13,138918,2021-12-07,Paid
B01866,C0221,2022-03-21,Performance Management,Leadership & Management,5,53290,2022-04-08,Paid
B01867,C0221,2022-07-06,AI for Business Leaders,AI & Technology,8,68032,2022-07-14,Paid
B01868,C0221,2022-10-27,Risk & Compliance,Compliance & Quality,7,63049,2022-11-03,Paid
B01869,C0222,2021-01-27,Project Planning & Execution,Project Management,31,276148,2021-01-28,Paid
B01870,C0222,2021-03-23,Performance Appraisal,Human Resources,22,130878,2021-04-10,Paid
B01871,C0222,2021-05-06,Leadership Team Offsite,Team Building,33,166980,2021-05-20,Paid
B01872,C0222,2021-06-28,PMP Certification Prep,Project Management,32,391680,2021-06-29,Paid
B01873,C0222,2021-08-11,Internal Audit,Finance & Accounting,35,211155,2021-08-17,Paid
B01874,C0222,2021-09-18,Digital Marketing,Sales & Marketing,18,104184,2021-09-20,Paid
B01875,C0222,2021-11-16,Digital Marketing,Sales & Marketing,21,96537,2021-12-03,Paid
B01876,C0222,2021-12-28,Prompt Engineering for Professionals,AI & Technology,21,203490,2022-01-12,Paid
B01877,C0222,2022-02-25,Budgeting & Forecasting,Finance & Accounting,33,184503,2022-03-15,Paid
B01878,C0222,2022-04-28,Complaint Handling,Customer Service,18,91008,2022-05-26,Overdue
B01879,C0222,2022-07-02,Innovation Workshop,Team Building,35,142695,2022-07-20,Paid
B01880,C0222,2022-08-09,Risk & Compliance,Compliance & Quality,35,319410,2022-08-09,Paid
B01881,C0222,2022-10-12,HR Analytics,Human Resources,28,201404,2022-10-20,Paid
B01882,C0223,2022-07-24,Office Management,Administration,19,97907,2022-08-07,Paid
B01883,C0223,2022-09-07,Agile & Scrum Fundamentals,Project Management,15,152910,2022-09-07,Paid
B01884,C0223,2022-10-28,Internal Audit,Finance & Accounting,25,224400,2022-11-02,Paid
B01885,C0223,2022-12-17,HR Management Essentials,Human Resources,12,92952,2022-12-30,Paid
B01886,C0223,2023-02-06,Office Management,Administration,19,62757,2023-03-07,Overdue
B01887,C0223,2023-03-22,Business Communication,Communication Skills,15,54720,2023-04-15,Pending
B01888,C0223,2023-05-26,Leadership Team Offsite,Team Building,17,70414,2023-06-04,Paid
B01889,C0223,2023-07-20,Key Account Management,Sales & Marketing,19,101897,2023-08-13,Overdue
B01890,C0223,2023-09-02,PMP Certification Prep,Project Management,19,209836,2023-09-08,Paid
B01891,C0223,2023-10-15,Digital Transformation,AI & Technology,14,108906,2023-10-20,Paid
B01892,C0223,2023-12-16,Talent Acquisition,Human Resources,22,172370,2023-12-21,Paid
B01893,C0223,2024-02-06,Prince2 Foundation,Project Management,15,135990,2024-03-07,Overdue
B01894,C0223,2024-03-19,Problem Solving,Personal Development,23,116794,2024-03-27,Paid
B01895,C0223,2024-05-03,Employee Relations,Human Resources,18,121374,2024-06-01,Overdue
B01896,C0223,2024-06-15,Negotiation Skills,Communication Skills,14,56560,2024-06-25,Paid
B01897,C0224,2023-12-07,Sales Fundamentals,Sales & Marketing,18,77706,2024-01-02,Pending
B01898,C0224,2024-01-16,Performance Appraisal,Human Resources,18,110250,2024-02-11,Overdue
B01899,C0224,2024-02-20,Strategic Leadership,Leadership & Management,20,178520,2024-03-16,Overdue
B01900,C0224,2024-03-30,Internal Audit,Finance & Accounting,16,112336,2024-04-18,Paid
B01901,C0224,2024-05-13,Key Account Management,Sales & Marketing,24,173520,2024-05-21,Paid
B01902,C0224,2024-06-20,PMP Certification Prep,Project Management,12,101904,2024-06-25,Paid
B01903,C0224,2024-08-09,Internal Audit,Finance & Accounting,25,219900,2024-09-08,Pending
B01904,C0224,2024-09-17,Innovation Workshop,Team Building,22,127468,2024-10-17,Overdue
B01905,C0224,2024-10-13,Compensation & Benefits,Human Resources,18,129816,2024-10-31,Paid
B01906,C0224,2024-12-02,Conflict Resolution,Communication Skills,11,36597,2024-12-03,Paid
B01907,C0224,2025-01-27,Critical Thinking,Personal Development,20,70200,2025-02-13,Paid
B01908,C0224,2025-03-06,Negotiation Skills,Communication Skills,24,95136,2025-03-09,Paid
B01909,C0224,2025-04-02,Digital Marketing,Sales & Marketing,14,102410,2025-04-25,Pending
B01910,C0224,2025-05-28,Internal Audit,Finance & Accounting,23,151363,2025-06-24,Pending
B01911,C0224,2025-07-06,Prompt Engineering for Professionals,AI & Technology,19,180899,2025-07-12,Paid
B01912,C0224,2025-08-12,Data Literacy for Leaders,AI & Technology,12,102912,2025-08-19,Paid
B01913,C0224,2025-09-27,Internal Audit,Finance & Accounting,18,165996,2025-10-23,Overdue
B01914,C0224,2025-11-17,Business Writing,Administration,10,34630,2025-12-11,Pending
B01915,C0224,2025-12-17,ISO 9001 Quality Management,Compliance & Quality,20,169300,2026-01-14,Overdue
B01916,C0225,2022-10-17,Problem Solving,Personal Development,28,113036,2022-10-29,Paid
B01917,C0225,2022-12-04,Risk & Compliance,Compliance & Quality,30,188520,2022-12-30,Pending
B01918,C0225,2023-01-26,Key Account Management,Sales & Marketing,26,111956,2023-02-13,Paid
B01919,C0225,2023-03-24,Complaint Handling,Customer Service,16,68880,2023-04-20,Overdue
B01920,C0225,2023-05-13,ISO 9001 Quality Management,Compliance & Quality,32,300000,2023-05-22,Paid
B01921,C0225,2023-07-09,Digital Transformation,AI & Technology,25,248525,2023-07-11,Paid
B01922,C0225,2023-09-01,Virtual Team Building,Team Building,17,91239,2023-09-03,Paid
B01923,C0225,2023-10-24,Data Literacy for Leaders,AI & Technology,18,166086,2023-10-29,Paid
B01924,C0225,2023-12-12,Risk & Compliance,Compliance & Quality,31,203360,2023-12-30,Paid
B01925,C0225,2024-02-14,Sales Fundamentals,Sales & Marketing,34,221442,2024-02-20,Paid
B01926,C0225,2024-04-19,Leadership Team Offsite,Team Building,17,103190,2024-05-10,Overdue
B01927,C0225,2024-06-09,Internal Control Systems,Compliance & Quality,23,211416,2024-06-23,Paid
B01928,C0225,2024-07-30,Virtual Team Building,Team Building,19,107616,2024-08-09,Paid
B01929,C0225,2024-09-30,Change Management,Leadership & Management,20,199100,2024-10-10,Paid
B01930,C0225,2024-12-05,Sales Fundamentals,Sales & Marketing,31,216039,2024-12-27,Overdue
B01931,C0225,2025-02-15,Strategic Leadership,Leadership & Management,27,268677,2025-02-24,Paid
B01932,C0225,2025-03-30,Leadership Excellence Program,Leadership & Management,34,294576,2025-03-30,Paid
B01933,C0225,2025-05-16,Leadership Excellence Program,Leadership & Management,22,180268,2025-05-29,Paid
B01934,C0225,2025-07-01,Risk Management,Project Management,23,192073,2025-07-19,Paid
B01935,C0226,2024-11-06,Presentation Skills,Communication Skills,14,50848,2024-11-30,Pending
B01936,C0226,2025-01-01,Performance Appraisal,Human Resources,19,108889,2025-01-04,Paid
B01937,C0226,2025-02-23,Strategic Leadership,Leadership & Management,11,75196,2025-03-12,Paid
B01938,C0226,2025-04-23,Presentation Skills,Communication Skills,12,49368,2025-05-20,Overdue
B01939,C0226,2025-06-22,Employee Relations,Human Resources,16,92832,2025-07-01,Paid
B01940,C0226,2025-08-06,Prince2 Foundation,Project Management,23,199801,2025-08-13,Paid
B01941,C0226,2025-10-08,Performance Appraisal,Human Resources,21,109074,2025-10-12,Paid
B01942,C0226,2025-12-12,Service Quality Management,Customer Service,13,50115,2025-12-12,Paid
B01943,C0227,2021-11-22,Executive Leadership,Leadership & Management,29,261087,2021-12-04,Paid
B01944,C0227,2022-03-29,Talent Acquisition,Human Resources,21,163443,2022-04-10,Paid
B01945,C0227,2022-07-30,Prompt Engineering for Professionals,AI & Technology,18,111078,2022-08-04,Paid
B01946,C0227,2022-11-13,Key Account Management,Sales & Marketing,33,223443,2022-11-29,Paid
B01947,C0227,2023-03-05,Agile & Scrum Fundamentals,Project Management,20,241360,2023-03-11,Paid
B01948,C0228,2022-05-08,Performance Management,Leadership & Management,13,109902,2022-05-23,Paid
B01949,C0228,2022-07-15,HR Analytics,Human Resources,13,71357,2022-08-14,Overdue
B01950,C0228,2022-09-17,Strategic Leadership,Leadership & Management,5,50565,2022-10-12,Overdue
B01951,C0228,2022-11-12,Email Writing Mastery,Communication Skills,6,29712,2022-11-23,Paid
B01952,C0228,2023-01-19,Budgeting & Forecasting,Finance & Accounting,6,60336,2023-02-18,Overdue
B01953,C0228,2023-03-15,Employee Relations,Human Resources,6,51984,2023-04-04,Paid
B01954,C0228,2023-05-12,Risk & Compliance,Compliance & Quality,11,101541,2023-05-12,Paid
B01955,C0228,2023-07-02,Finance for Non-Finance,Finance & Accounting,15,116625,2023-07-03,Paid
B01956,C0228,2023-08-22,Risk Management,Project Management,8,75616,2023-09-09,Paid
B01957,C0229,2025-02-06,Risk Management,Project Management,19,221141,2025-02-21,Paid
B01958,C0230,2025-11-29,Performance Appraisal,Human Resources,6,45132,2025-12-18,Paid
B01959,C0231,2022-03-03,Risk & Compliance,Compliance & Quality,15,127365,2022-03-31,Pending
B01960,C0231,2022-06-21,ISO 9001 Quality Management,Compliance & Quality,15,92370,2022-07-06,Paid
B01961,C0231,2022-10-01,Performance Appraisal,Human Resources,19,123595,2022-10-21,Paid
B01962,C0231,2023-01-11,Negotiation Skills,Communication Skills,18,92502,2023-01-21,Paid
B01963,C0231,2023-05-17,Strategic Leadership,Leadership & Management,10,82580,2023-05-17,Paid
B01964,C0231,2023-09-07,Digital Marketing,Sales & Marketing,11,74888,2023-10-04,Pending
B01965,C0231,2024-01-12,Customer Service Excellence,Customer Service,11,48697,2024-01-24,Paid
B01966,C0231,2024-04-22,Leadership Team Offsite,Team Building,15,59235,2024-04-25,Paid
B01967,C0231,2024-08-20,Leadership Excellence Program,Leadership & Management,21,157500,2024-08-22,Paid
B01968,C0232,2021-06-28,Risk & Compliance,Compliance & Quality,10,81180,2021-07-13,Paid
B01969,C0232,2021-08-26,Digital Marketing,Sales & Marketing,18,84528,2021-09-05,Paid
B01970,C0232,2021-10-09,Executive Assistant Excellence,Administration,21,107331,2021-10-30,Pending
B01971,C0232,2021-11-21,Digital Marketing,Sales & Marketing,25,171400,2021-12-17,Pending
B01972,C0232,2022-01-02,Project Planning & Execution,Project Management,17,176511,2022-01-06,Paid
B01973,C0232,2022-02-27,Risk & Compliance,Compliance & Quality,14,105266,2022-03-20,Pending
B01974,C0232,2022-04-25,Virtual Team Building,Team Building,13,76648,2022-05-07,Paid
B01975,C0232,2022-06-10,Financial Analysis,Finance & Accounting,13,94432,2022-06-17,Paid
B01976,C0232,2022-07-23,HR Analytics,Human Resources,15,114615,2022-08-13,Overdue
B01977,C0232,2022-08-25,Business Communication,Communication Skills,24,127224,2022-09-12,Paid
B01978,C0232,2022-10-20,AI for Business Leaders,AI & Technology,18,194688,2022-11-17,Pending
B01979,C0232,2022-12-07,Internal Audit,Finance & Accounting,23,187082,2022-12-28,Pending
B01980,C0233,2021-02-19,ISO 9001 Quality Management,Compliance & Quality,5,41630,2021-03-03,Paid
B01981,C0233,2021-05-25,Internal Audit,Finance & Accounting,2,20876,2021-06-09,Paid
B01982,C0233,2021-09-02,Presentation Skills,Communication Skills,5,30375,2021-09-29,Overdue
B01983,C0233,2021-12-08,Service Quality Management,Customer Service,5,24280,2021-12-27,Paid
B01984,C0233,2022-03-02,HR Analytics,Human Resources,10,66300,2022-03-05,Paid
B01985,C0233,2022-06-02,Virtual Team Building,Team Building,6,40104,2022-06-26,Overdue
B01986,C0233,2022-08-14,Business Communication,Communication Skills,4,18180,2022-08-24,Paid
B01987,C0233,2022-11-19,Risk & Compliance,Compliance & Quality,9,103464,2022-12-03,Paid
B01988,C0233,2023-02-05,Executive Assistant Excellence,Administration,3,18708,2023-03-04,Overdue
B01989,C0233,2023-04-23,Leadership Team Offsite,Team Building,10,43140,2023-04-25,Paid
B01990,C0233,2023-07-04,ISO 9001 Quality Management,Compliance & Quality,7,73458,2023-07-24,Paid
B01991,C0233,2023-09-18,Strategic Leadership,Leadership & Management,10,68280,2023-09-21,Paid
B01992,C0233,2023-12-19,Employee Relations,Human Resources,9,84591,2023-12-22,Paid
B01993,C0233,2024-03-01,Agile & Scrum Fundamentals,Project Management,10,117620,2024-03-10,Paid
B01994,C0233,2024-06-07,Project Planning & Execution,Project Management,7,73605,2024-06-21,Paid
B01995,C0234,2024-12-27,Email Writing Mastery,Communication Skills,13,47489,2024-12-31,Paid
B01996,C0234,2025-03-27,Office Management,Administration,8,28544,2025-04-02,Paid
B01997,C0234,2025-06-22,Team Building Workshop,Team Building,10,52290,2025-07-11,Paid
B01998,C0234,2025-09-06,Innovation Workshop,Team Building,7,44135,2025-10-03,Pending
B01999,C0235,2022-10-09,Advanced Excel,Administration,7,40005,2022-11-08,Overdue
B02000,C0235,2022-11-27,Talent Acquisition,Human Resources,9,55800,2022-12-27,Overdue
B02001,C0235,2023-01-05,Financial Analysis,Finance & Accounting,11,100727,2023-01-18,Paid
B02002,C0235,2023-02-28,Digital Marketing,Sales & Marketing,12,64440,2023-03-04,Paid
B02003,C0235,2023-05-01,Team Building Workshop,Team Building,9,36009,2023-05-03,Paid
B02004,C0235,2023-06-18,HR Analytics,Human Resources,13,96525,2023-06-27,Paid
B02005,C0235,2023-07-25,Performance Appraisal,Human Resources,14,100338,2023-08-24,Pending
B02006,C0235,2023-09-06,Executive Leadership,Leadership & Management,11,76186,2023-09-10,Paid
B02007,C0235,2023-10-13,Digital Marketing,Sales & Marketing,7,56917,2023-11-07,Pending
B02008,C0235,2023-11-17,Email Writing Mastery,Communication Skills,7,43022,2023-11-30,Paid
B02009,C0235,2024-01-09,Email Writing Mastery,Communication Skills,14,51072,2024-01-16,Paid
B02010,C0235,2024-02-15,Presentation Skills,Communication Skills,6,26556,2024-03-16,Overdue
B02011,C0235,2024-04-07,Project Planning & Execution,Project Management,11,84249,2024-04-30,Pending
B02012,C0235,2024-05-29,Performance Appraisal,Human Resources,12,67140,2024-06-19,Overdue
B02013,C0235,2024-07-27,Leadership Team Offsite,Team Building,10,34370,2024-08-16,Paid
B02014,C0235,2024-09-16,Agile & Scrum Fundamentals,Project Management,13,116558,2024-10-02,Paid
B02015,C0235,2024-10-25,PMP Certification Prep,Project Management,15,164490,2024-11-09,Paid
B02016,C0235,2024-12-22,Employee Relations,Human Resources,15,99375,2024-12-31,Paid
B02017,C0235,2025-02-21,Internal Control Systems,Compliance & Quality,6,68598,2025-03-16,Overdue
B02018,C0235,2025-04-18,Risk Management,Project Management,6,85068,2025-05-17,Overdue
B02019,C0236,2024-10-14,Agile & Scrum Fundamentals,Project Management,35,351645,2024-10-27,Paid
B02020,C0236,2025-02-08,Prompt Engineering for Professionals,AI & Technology,20,209320,2025-03-02,Overdue
B02021,C0236,2025-06-19,Leadership Team Offsite,Team Building,24,100368,2025-07-05,Paid
B02022,C0236,2025-10-30,PMP Certification Prep,Project Management,17,202198,2025-11-18,Paid
B02023,C0237,2023-10-18,Innovation Workshop,Team Building,6,44700,2023-11-10,Overdue
B02024,C0237,2023-12-06,HR Analytics,Human Resources,10,62440,2023-12-19,Paid
B02025,C0237,2024-02-13,Executive Assistant Excellence,Administration,6,29760,2024-02-15,Paid
B02026,C0237,2024-04-22,Leadership Excellence Program,Leadership & Management,3,32931,2024-04-29,Paid
B02027,C0237,2024-06-24,Prompt Engineering for Professionals,AI & Technology,9,74817,2024-07-12,Paid
B02028,C0237,2024-08-20,Complaint Handling,Customer Service,6,20550,2024-09-13,Overdue
B02029,C0237,2024-10-27,Data Literacy for Leaders,AI & Technology,8,91752,2024-11-12,Paid
B02030,C0237,2024-12-30,Executive Assistant Excellence,Administration,8,29376,2025-01-18,Paid
B02031,C0237,2025-03-12,PMP Certification Prep,Project Management,3,38145,2025-03-15,Paid
B02032,C0237,2025-05-06,Agile & Scrum Fundamentals,Project Management,5,54770,2025-05-24,Paid
B02033,C0237,2025-06-30,Office Management,Administration,8,40896,2025-07-22,Pending
B02034,C0237,2025-08-12,Presentation Skills,Communication Skills,9,62910,2025-08-26,Paid
B02035,C0237,2025-10-13,Digital Transformation,AI & Technology,10,57840,2025-11-12,Overdue
B02036,C0237,2025-11-27,Internal Control Systems,Compliance & Quality,8,57680,2025-12-03,Paid
B02037,C0238,2021-08-21,Office Management,Administration,10,42010,2021-09-20,Pending
B02038,C0238,2021-09-30,Finance for Non-Finance,Finance & Accounting,12,70284,2021-10-10,Paid
B02039,C0238,2021-11-19,Sales Fundamentals,Sales & Marketing,15,77475,2021-12-13,Pending
B02040,C0238,2021-12-19,Performance Appraisal,Human Resources,13,101179,2022-01-15,Overdue
B02041,C0238,2022-01-11,Virtual Team Building,Team Building,11,66242,2022-01-22,Paid
B02042,C0238,2022-02-09,Innovation Workshop,Team Building,7,52213,2022-02-24,Paid
B02043,C0238,2022-03-30,Performance Management,Leadership & Management,10,83980,2022-04-18,Paid
B02044,C0238,2022-05-02,Generative AI Essentials,AI & Technology,8,72744,2022-05-28,Overdue
B02045,C0238,2022-06-16,PMP Certification Prep,Project Management,6,79428,2022-06-28,Paid
B02046,C0238,2022-07-06,Internal Audit,Finance & Accounting,14,125818,2022-07-26,Paid
B02047,C0238,2022-08-18,HR Management Essentials,Human Resources,11,63833,2022-08-26,Paid
B02048,C0238,2022-09-21,Advanced Excel,Administration,12,50340,2022-10-01,Paid
B02049,C0238,2022-11-07,Risk & Compliance,Compliance & Quality,12,101592,2022-12-01,Pending
B02050,C0238,2022-12-25,Prince2 Foundation,Project Management,10,69100,2022-12-28,Paid
B02051,C0238,2023-01-22,Talent Acquisition,Human Resources,14,86520,2023-02-20,Overdue
B02052,C0238,2023-02-22,Leadership Team Offsite,Team Building,13,68549,2023-02-27,Paid
B02053,C0238,2023-04-09,Email Writing Mastery,Communication Skills,14,75544,2023-04-11,Paid
B02054,C0239,2023-11-05,Risk Management,Project Management,10,105090,2023-11-16,Paid
B02055,C0239,2023-12-27,Email Writing Mastery,Communication Skills,7,35539,2023-12-30,Paid
B02056,C0239,2024-02-14,Virtual Team Building,Team Building,9,58608,2024-03-03,Paid
B02057,C0239,2024-04-13,Performance Management,Leadership & Management,10,75140,2024-04-27,Paid
B02058,C0239,2024-06-10,Internal Control Systems,Compliance & Quality,5,45070,2024-06-27,Paid
B02059,C0239,2024-07-31,Risk Management,Project Management,15,130575,2024-07-31,Paid
B02060,C0239,2024-09-11,Strategic Marketing,Sales & Marketing,8,67296,2024-10-03,Pending
B02061,C0239,2024-11-07,Compensation & Benefits,Human Resources,8,62424,2024-11-27,Paid
B02062,C0239,2024-12-15,Risk & Compliance,Compliance & Quality,8,65520,2024-12-15,Paid
B02063,C0240,2024-06-12,HR Management Essentials,Human Resources,22,160226,2024-06-30,Paid
B02064,C0240,2024-07-31,Conflict Resolution,Communication Skills,18,97812,2024-08-25,Overdue
B02065,C0240,2024-09-10,Risk & Compliance,Compliance & Quality,18,161154,2024-09-21,Paid
B02066,C0240,2024-10-17,Negotiation Skills,Communication Skills,17,69513,2024-11-03,Paid
B02067,C0240,2024-12-04,Presentation Skills,Communication Skills,12,64656,2024-12-08,Paid
B02068,C0240,2025-01-09,Internal Audit,Finance & Accounting,17,157624,2025-01-27,Paid
B02069,C0240,2025-02-13,Project Planning & Execution,Project Management,13,159380,2025-03-01,Paid
B02070,C0240,2025-03-24,Advanced Excel,Administration,25,120950,2025-04-03,Paid
B02071,C0240,2025-05-02,PMP Certification Prep,Project Management,17,200838,2025-05-13,Paid
B02072,C0240,2025-06-11,Advanced Excel,Administration,17,78098,2025-06-19,Paid
B02073,C0240,2025-07-09,Digital Transformation,AI & Technology,11,96019,2025-07-28,Paid
B02074,C0240,2025-08-13,Service Quality Management,Customer Service,25,115175,2025-08-26,Paid
B02075,C0241,2021-09-05,Data Literacy for Leaders,AI & Technology,29,273093,2021-09-25,Paid
B02076,C0242,2025-06-12,Advanced Excel,Administration,14,44744,2025-07-03,Overdue
B02077,C0243,2021-07-31,HR Analytics,Human Resources,5,44610,2021-08-19,Paid
B02078,C0244,2024-04-05,Key Account Management,Sales & Marketing,28,133028,2024-04-29,Overdue
B02079,C0244,2024-05-15,Leadership Excellence Program,Leadership & Management,34,214812,2024-06-06,Overdue
B02080,C0244,2024-06-18,Prompt Engineering for Professionals,AI & Technology,18,196524,2024-06-20,Paid
B02081,C0244,2024-08-06,Emotional Intelligence,Personal Development,17,74681,2024-08-19,Paid
B02082,C0244,2024-09-17,Team Building Workshop,Team Building,20,119000,2024-09-23,Paid
B02083,C0244,2024-10-24,Compensation & Benefits,Human Resources,34,264962,2024-11-17,Pending
B02084,C0244,2024-12-08,HR Management Essentials,Human Resources,15,110400,2025-01-06,Overdue
B02085,C0244,2025-01-27,Team Building Workshop,Team Building,18,81990,2025-01-29,Paid
B02086,C0244,2025-03-17,PMP Certification Prep,Project Management,27,291492,2025-04-08,Overdue
B02087,C0244,2025-04-23,Risk & Compliance,Compliance & Quality,28,240912,2025-05-15,Overdue
B02088,C0244,2025-05-31,Project Planning & Execution,Project Management,25,201850,2025-06-03,Paid
B02089,C0244,2025-07-05,Budgeting & Forecasting,Finance & Accounting,26,175760,2025-07-27,Overdue
B02090,C0244,2025-08-20,HR Analytics,Human Resources,30,162450,2025-08-25,Paid
B02091,C0244,2025-10-12,HR Analytics,Human Resources,27,156519,2025-10-19,Paid
B02092,C0244,2025-12-07,Presentation Skills,Communication Skills,35,181230,2025-12-09,Paid
B02093,C0245,2024-07-15,Leadership Excellence Program,Leadership & Management,10,59820,2024-07-25,Paid
B02094,C0245,2024-08-29,Conflict Resolution,Communication Skills,19,58349,2024-09-23,Overdue
B02095,C0245,2024-10-05,Change Management,Leadership & Management,15,108930,2024-10-25,Paid
B02096,C0245,2024-11-03,Emotional Intelligence,Personal Development,25,79550,2024-11-20,Paid
B02097,C0245,2024-12-30,Performance Appraisal,Human Resources,21,114177,2025-01-26,Pending
B02098,C0245,2025-02-16,Time Management,Personal Development,21,95508,2025-02-21,Paid
B02099,C0245,2025-03-18,Service Quality Management,Customer Service,15,64740,2025-03-22,Paid
B02100,C0245,2025-05-03,Internal Control Systems,Compliance & Quality,24,147840,2025-05-22,Paid
B02101,C0245,2025-06-02,Team Management Essentials,Leadership & Management,13,105560,2025-07-01,Overdue
B02102,C0245,2025-07-22,PMP Certification Prep,Project Management,21,242655,2025-07-27,Paid
B02103,C0245,2025-08-31,Prompt Engineering for Professionals,AI & Technology,15,93270,2025-09-15,Paid
B02104,C0245,2025-10-02,Talent Acquisition,Human Resources,14,101276,2025-10-31,Overdue
B02105,C0245,2025-11-05,Sales Fundamentals,Sales & Marketing,22,153538,2025-11-19,Paid
B02106,C0246,2024-02-01,Business Communication,Communication Skills,17,72199,2024-02-05,Paid
B02107,C0247,2024-10-27,Digital Marketing,Sales & Marketing,15,100695,2024-11-20,Pending
B02108,C0247,2025-01-16,AI for Business Leaders,AI & Technology,6,71610,2025-02-05,Paid
B02109,C0247,2025-03-25,Internal Audit,Finance & Accounting,13,119964,2025-04-10,Paid
B02110,C0247,2025-05-21,Email Writing Mastery,Communication Skills,13,67769,2025-05-27,Paid
B02111,C0247,2025-07-27,Financial Analysis,Finance & Accounting,10,64670,2025-08-10,Paid
B02112,C0248,2024-05-17,Conflict Resolution,Communication Skills,3,16524,2024-05-17,Paid
B02113,C0248,2024-08-12,Strategic Marketing,Sales & Marketing,3,18948,2024-08-29,Paid
B02114,C0248,2024-10-28,Digital Marketing,Sales & Marketing,8,50016,2024-11-12,Paid
B02115,C0248,2025-01-06,ISO 9001 Quality Management,Compliance & Quality,6,44706,2025-01-22,Paid
B02116,C0248,2025-03-16,Team Management Essentials,Leadership & Management,5,38650,2025-03-25,Paid
B02117,C0249,2024-10-09,Problem Solving,Personal Development,20,54320,2024-10-26,Paid
B02118,C0249,2025-01-26,Strategic Leadership,Leadership & Management,11,88638,2025-02-07,Paid
B02119,C0250,2022-04-04,Internal Control Systems,Compliance & Quality,28,265692,2022-04-20,Paid
B02120,C0250,2022-05-02,HR Management Essentials,Human Resources,31,198090,2022-05-23,Pending
B02121,C0251,2021-01-26,Performance Appraisal,Human Resources,14,102606,2021-02-14,Paid
B02122,C0251,2021-03-15,Leadership Excellence Program,Leadership & Management,5,50625,2021-03-21,Paid
B02123,C0251,2021-04-07,Business Writing,Administration,6,28134,2021-04-07,Paid
B02124,C0251,2021-05-23,Compensation & Benefits,Human Resources,15,118980,2021-06-21,Overdue
B02125,C0251,2021-06-17,HR Management Essentials,Human Resources,11,87747,2021-06-24,Paid
B02126,C0251,2021-07-27,Negotiation Skills,Communication Skills,11,34430,2021-07-31,Paid
B02127,C0251,2021-08-24,Risk Management,Project Management,14,119182,2021-09-12,Paid
B02128,C0251,2021-09-13,Executive Assistant Excellence,Administration,9,47079,2021-10-04,Overdue
B02129,C0251,2021-10-23,Performance Appraisal,Human Resources,15,114960,2021-11-21,Overdue
B02130,C0251,2021-11-16,Customer Service Excellence,Customer Service,5,23515,2021-12-12,Overdue
B02131,C0251,2021-12-19,Conflict Resolution,Communication Skills,9,62559,2022-01-16,Pending
B02132,C0252,2022-04-27,ISO 9001 Quality Management,Compliance & Quality,9,67896,2022-05-02,Paid
B02133,C0252,2022-06-15,Generative AI Essentials,AI & Technology,7,55097,2022-07-15,Overdue
B02134,C0252,2022-07-15,Office Management,Administration,8,37328,2022-08-01,Paid
B02135,C0252,2022-09-03,Financial Analysis,Finance & Accounting,6,51852,2022-09-06,Paid
B02136,C0252,2022-10-25,Leadership Team Offsite,Team Building,3,16851,2022-11-20,Pending
B02137,C0252,2022-12-06,Performance Management,Leadership & Management,10,94170,2022-12-12,Paid
B02138,C0252,2023-01-06,Project Planning & Execution,Project Management,10,70480,2023-01-21,Paid
B02139,C0252,2023-02-27,Digital Marketing,Sales & Marketing,3,16368,2023-03-06,Paid
B02140,C0252,2023-04-22,Team Management Essentials,Leadership & Management,8,68088,2023-04-24,Paid
B02141,C0252,2023-06-05,Leadership Team Offsite,Team Building,3,14970,2023-06-18,Paid
B02142,C0252,2023-07-09,Emotional Intelligence,Personal Development,7,33558,2023-08-01,Pending
B02143,C0252,2023-08-29,Service Quality Management,Customer Service,2,11430,2023-09-27,Pending
B02144,C0252,2023-10-20,Innovation Workshop,Team Building,5,34845,2023-10-30,Paid
B02145,C0252,2023-11-26,Team Management Essentials,Leadership & Management,2,16502,2023-12-06,Paid
B02146,C0252,2023-12-28,HR Analytics,Human Resources,4,29736,2024-01-11,Paid
B02147,C0252,2024-02-16,Talent Acquisition,Human Resources,2,15204,2024-02-28,Paid
B02148,C0252,2024-03-20,Risk Management,Project Management,6,72846,2024-03-22,Paid
B02149,C0252,2024-04-22,Employee Relations,Human Resources,4,34276,2024-04-28,Paid
B02150,C0252,2024-05-27,Business Communication,Communication Skills,9,32427,2024-06-23,Overdue
B02151,C0252,2024-07-24,Change Management,Leadership & Management,5,59640,2024-08-09,Paid
B02152,C0253,2024-09-14,Internal Audit,Finance & Accounting,11,69300,2024-10-05,Pending
B02153,C0253,2024-10-28,Customer Service Excellence,Customer Service,10,47030,2024-11-20,Pending
B02154,C0253,2024-12-24,Team Building Workshop,Team Building,20,93780,2024-12-25,Paid
B02155,C0254,2021-08-14,Innovation Workshop,Team Building,33,125928,2021-09-10,Pending
B02156,C0254,2021-10-17,Leadership Team Offsite,Team Building,35,123270,2021-11-04,Paid
B02157,C0254,2021-12-06,Generative AI Essentials,AI & Technology,17,96254,2021-12-26,Paid
B02158,C0254,2022-01-18,Internal Control Systems,Compliance & Quality,30,297840,2022-02-07,Paid
B02159,C0254,2022-03-14,Conflict Resolution,Communication Skills,24,128664,2022-04-02,Paid
B02160,C0254,2022-04-26,Conflict Resolution,Communication Skills,29,161791,2022-05-03,Paid
B02161,C0254,2022-06-26,Office Management,Administration,30,153210,2022-07-04,Paid
B02162,C0254,2022-08-09,Presentation Skills,Communication Skills,35,159530,2022-08-24,Paid
B02163,C0254,2022-10-17,Risk Management,Project Management,29,305486,2022-11-14,Overdue
B02164,C0254,2022-12-11,Employee Relations,Human Resources,19,115843,2022-12-31,Paid
B02165,C0255,2021-04-15,Email Writing Mastery,Communication Skills,14,82586,2021-05-05,Paid
B02166,C0255,2021-05-13,Presentation Skills,Communication Skills,16,70192,2021-05-26,Paid
B02167,C0255,2021-06-30,Customer Service Excellence,Customer Service,24,98976,2021-07-14,Paid
B02168,C0255,2021-07-25,Conflict Resolution,Communication Skills,24,101760,2021-08-04,Paid
B02169,C0255,2021-08-25,Internal Audit,Finance & Accounting,22,141922,2021-09-17,Pending
B02170,C0255,2021-10-07,Compensation & Benefits,Human Resources,16,121280,2021-10-13,Paid
B02171,C0255,2021-10-27,Digital Transformation,AI & Technology,16,169632,2021-11-17,Overdue
B02172,C0255,2021-11-29,Sales Fundamentals,Sales & Marketing,23,127742,2021-12-19,Paid
B02173,C0255,2022-01-13,Budgeting & Forecasting,Finance & Accounting,16,132160,2022-01-17,Paid
B02174,C0255,2022-02-11,Digital Marketing,Sales & Marketing,13,79807,2022-03-03,Paid
B02175,C0255,2022-03-07,Service Quality Management,Customer Service,19,89680,2022-03-20,Paid
B02176,C0255,2022-03-28,Executive Leadership,Leadership & Management,16,119392,2022-04-07,Paid
B02177,C0255,2022-05-01,Data Literacy for Leaders,AI & Technology,15,151755,2022-05-13,Paid
B02178,C0255,2022-06-03,AI for Business Leaders,AI & Technology,23,155940,2022-07-03,Overdue
B02179,C0255,2022-07-15,Strategic Leadership,Leadership & Management,16,138176,2022-08-02,Paid
B02180,C0255,2022-09-01,Executive Assistant Excellence,Administration,15,58890,2022-09-24,Pending
B02181,C0255,2022-10-08,Problem Solving,Personal Development,22,100122,2022-11-02,Pending
B02182,C0255,2022-11-24,Risk Management,Project Management,23,207069,2022-12-08,Paid
B02183,C0255,2022-12-21,Compensation & Benefits,Human Resources,14,108556,2023-01-19,Overdue
B02184,C0256,2023-06-29,Performance Management,Leadership & Management,10,60100,2023-07-28,Pending
B02185,C0256,2023-09-20,Business Communication,Communication Skills,12,48780,2023-10-19,Overdue
B02186,C0256,2023-12-09,Talent Acquisition,Human Resources,14,118076,2023-12-15,Paid
B02187,C0256,2024-03-05,Budgeting & Forecasting,Finance & Accounting,12,96624,2024-03-24,Paid
B02188,C0256,2024-05-28,Internal Audit,Finance & Accounting,24,211968,2024-06-07,Paid
B02189,C0256,2024-08-28,Advanced Excel,Administration,15,59745,2024-09-06,Paid
B02190,C0256,2024-11-01,PMP Certification Prep,Project Management,15,117870,2024-11-06,Paid
B02191,C0256,2025-01-25,Customer Service Excellence,Customer Service,13,57239,2025-02-23,Overdue
B02192,C0256,2025-04-02,Prince2 Foundation,Project Management,25,291825,2025-04-10,Paid
B02193,C0256,2025-06-30,Business Writing,Administration,17,57273,2025-07-21,Pending
B02194,C0257,2021-06-18,Conflict Resolution,Communication Skills,30,128850,2021-07-03,Paid
B02195,C0257,2021-06-30,Prince2 Foundation,Project Management,15,163200,2021-07-22,Overdue
B02196,C0257,2021-07-15,Service Quality Management,Customer Service,33,149820,2021-07-20,Paid
B02197,C0257,2021-08-23,Service Quality Management,Customer Service,15,63915,2021-09-22,Overdue
B02198,C0258,2021-06-23,Email Writing Mastery,Communication Skills,7,27678,2021-07-22,Pending
B02199,C0258,2021-08-23,Critical Thinking,Personal Development,10,35670,2021-09-14,Pending
B02200,C0258,2021-10-14,Presentation Skills,Communication Skills,14,80598,2021-10-29,Paid
B02201,C0258,2021-12-08,Strategic Leadership,Leadership & Management,14,140826,2021-12-21,Paid
B02202,C0258,2022-01-31,Prince2 Foundation,Project Management,10,127270,2022-02-08,Paid
B02203,C0258,2022-04-10,Talent Acquisition,Human Resources,13,78962,2022-04-26,Paid
B02204,C0258,2022-06-08,Strategic Leadership,Leadership & Management,12,98004,2022-07-06,Pending
B02205,C0258,2022-08-18,Executive Leadership,Leadership & Management,15,114180,2022-09-09,Overdue
B02206,C0259,2023-07-17,Business Communication,Communication Skills,13,40079,2023-07-21,Paid
B02207,C0259,2023-09-18,Emotional Intelligence,Personal Development,5,26745,2023-09-18,Paid
B02208,C0259,2023-11-11,Budgeting & Forecasting,Finance & Accounting,11,76054,2023-12-09,Overdue
B02209,C0259,2024-01-11,Conflict Resolution,Communication Skills,11,34089,2024-02-02,Overdue
B02210,C0259,2024-03-27,Business Writing,Administration,11,45562,2024-04-07,Paid
B02211,C0259,2024-06-12,Risk & Compliance,Compliance & Quality,13,115765,2024-06-25,Paid
B02212,C0259,2024-08-25,Advanced Excel,Administration,10,34350,2024-09-24,Overdue
B02213,C0259,2024-10-31,Team Building Workshop,Team Building,9,56358,2024-11-06,Paid
B02214,C0259,2025-01-13,Strategic Marketing,Sales & Marketing,9,54828,2025-01-15,Paid
B02215,C0259,2025-03-09,Service Quality Management,Customer Service,15,42660,2025-04-03,Overdue
B02216,C0260,2024-11-04,HR Management Essentials,Human Resources,26,138476,2024-11-08,Paid
B02217,C0260,2024-12-17,Digital Transformation,AI & Technology,22,240856,2024-12-19,Paid
B02218,C0260,2025-02-23,Change Management,Leadership & Management,15,90645,2025-03-18,Overdue
B02219,C0260,2025-04-11,Emotional Intelligence,Personal Development,17,52581,2025-04-29,Paid
B02220,C0260,2025-06-18,Critical Thinking,Personal Development,29,137634,2025-07-15,Overdue
B02221,C0260,2025-08-24,ISO 9001 Quality Management,Compliance & Quality,18,122382,2025-08-25,Paid
B02222,C0260,2025-10-09,Advanced Excel,Administration,19,69711,2025-11-07,Pending
B02223,C0260,2025-11-28,HR Management Essentials,Human Resources,17,129183,2025-12-28,Pending
B02224,C0261,2023-12-31,Performance Management,Leadership & Management,8,76992,2024-01-20,Paid
B02225,C0261,2024-03-13,AI for Business Leaders,AI & Technology,5,51995,2024-04-08,Pending
B02226,C0261,2024-05-11,Advanced Excel,Administration,9,53811,2024-06-02,Pending
B02227,C0261,2024-07-08,Digital Marketing,Sales & Marketing,6,47976,2024-07-29,Pending
B02228,C0261,2024-08-30,Service Quality Management,Customer Service,4,20316,2024-08-30,Paid
B02229,C0261,2024-11-12,Performance Management,Leadership & Management,4,34476,2024-11-20,Paid
B02230,C0262,2025-04-15,Talent Acquisition,Human Resources,18,135828,2025-05-09,Pending
B02231,C0263,2022-09-22,Key Account Management,Sales & Marketing,35,183505,2022-09-28,Paid
B02232,C0263,2022-11-05,Complaint Handling,Customer Service,23,86250,2022-11-28,Pending
B02233,C0263,2022-12-02,AI for Business Leaders,AI & Technology,15,151260,2022-12-30,Overdue
B02234,C0263,2022-12-27,Financial Analysis,Finance & Accounting,20,119480,2022-12-28,Paid
B02235,C0263,2023-01-28,Change Management,Leadership & Management,30,250380,2023-02-25,Pending
B02236,C0263,2023-03-09,Emotional Intelligence,Personal Development,28,79156,2023-03-30,Overdue
B02237,C0263,2023-04-24,Leadership Excellence Program,Leadership & Management,17,138822,2023-05-12,Paid
B02238,C0263,2023-06-01,Innovation Workshop,Team Building,26,151580,2023-06-22,Pending
B02239,C0263,2023-06-30,Digital Transformation,AI & Technology,23,243501,2023-07-26,Overdue
B02240,C0263,2023-08-08,Service Quality Management,Customer Service,26,109746,2023-08-19,Paid
B02241,C0263,2023-09-10,Strategic Marketing,Sales & Marketing,24,165768,2023-09-25,Paid
B02242,C0264,2024-11-24,Team Management Essentials,Leadership & Management,10,88020,2024-12-08,Paid
B02243,C0264,2025-01-28,Sales Fundamentals,Sales & Marketing,10,74640,2025-02-22,Overdue
B02244,C0264,2025-04-04,Sales Fundamentals,Sales & Marketing,12,69888,2025-04-08,Paid
B02245,C0264,2025-06-20,Risk Management,Project Management,11,106931,2025-07-20,Pending
B02246,C0265,2022-10-19,Critical Thinking,Personal Development,4,18544,2022-10-30,Paid
B02247,C0265,2022-12-10,Leadership Excellence Program,Leadership & Management,8,67320,2022-12-14,Paid
B02248,C0266,2021-06-27,Finance for Non-Finance,Finance & Accounting,25,172550,2021-06-27,Paid
B02249,C0266,2021-08-24,Strategic Marketing,Sales & Marketing,27,129600,2021-09-02,Paid
B02250,C0266,2021-11-02,Data Literacy for Leaders,AI & Technology,23,163530,2021-11-08,Paid
B02251,C0266,2022-01-14,Strategic Marketing,Sales & Marketing,34,230146,2022-01-29,Paid
B02252,C0266,2022-03-17,Complaint Handling,Customer Service,28,86940,2022-04-01,Paid
B02253,C0267,2021-08-13,Internal Audit,Finance & Accounting,25,188475,2021-08-17,Paid
B02254,C0267,2021-10-21,Compensation & Benefits,Human Resources,25,197425,2021-10-27,Paid
B02255,C0267,2022-01-26,Customer Service Excellence,Customer Service,25,64875,2022-02-25,Overdue
B02256,C0268,2021-09-08,Emotional Intelligence,Personal Development,3,16359,2021-09-12,Paid
B02257,C0268,2021-11-22,AI for Business Leaders,AI & Technology,6,55764,2021-12-15,Overdue
B02258,C0268,2022-02-17,Risk & Compliance,Compliance & Quality,4,40108,2022-03-07,Paid
B02259,C0268,2022-05-13,Digital Marketing,Sales & Marketing,3,15216,2022-05-27,Paid
B02260,C0268,2022-07-31,Negotiation Skills,Communication Skills,8,36064,2022-08-06,Paid
B02261,C0269,2023-12-30,Digital Transformation,AI & Technology,25,259675,2024-01-05,Paid
B02262,C0269,2024-03-05,Project Planning & Execution,Project Management,25,306025,2024-03-25,Paid
B02263,C0269,2024-05-08,Digital Transformation,AI & Technology,22,230010,2024-05-26,Paid
B02264,C0269,2024-07-12,Emotional Intelligence,Personal Development,22,75174,2024-07-27,Paid
B02265,C0269,2024-08-28,Digital Transformation,AI & Technology,30,169770,2024-09-07,Paid
B02266,C0269,2024-10-24,Key Account Management,Sales & Marketing,18,100566,2024-11-17,Pending
B02267,C0269,2024-12-29,Emotional Intelligence,Personal Development,25,70825,2025-01-14,Paid
B02268,C0269,2025-03-04,Strategic Marketing,Sales & Marketing,29,184063,2025-04-01,Overdue
B02269,C0269,2025-04-25,Change Management,Leadership & Management,29,251198,2025-05-19,Pending
B02270,C0269,2025-06-26,ISO 9001 Quality Management,Compliance & Quality,23,159758,2025-07-07,Paid
B02271,C0269,2025-08-10,Innovation Workshop,Team Building,16,80784,2025-08-17,Paid
B02272,C0269,2025-10-03,Employee Relations,Human Resources,35,178850,2025-10-13,Paid
B02273,C0269,2025-11-19,Presentation Skills,Communication Skills,34,158236,2025-12-06,Paid
B02274,C0270,2025-03-02,Generative AI Essentials,AI & Technology,8,94320,2025-03-08,Paid
B02275,C0270,2025-05-11,Time Management,Personal Development,14,41566,2025-05-20,Paid
B02276,C0270,2025-06-30,Team Building Workshop,Team Building,5,35060,2025-07-28,Pending
B02277,C0270,2025-08-24,AI for Business Leaders,AI & Technology,13,97383,2025-08-31,Paid
B02278,C0270,2025-10-13,ISO 9001 Quality Management,Compliance & Quality,11,97845,2025-11-04,Pending
B02279,C0270,2025-12-11,Budgeting & Forecasting,Finance & Accounting,9,73557,2025-12-15,Paid
B02280,C0271,2024-04-22,Sales Fundamentals,Sales & Marketing,7,47803,2024-05-12,Paid
B02281,C0271,2024-06-27,Conflict Resolution,Communication Skills,13,45760,2024-07-16,Paid
B02282,C0271,2024-09-01,Service Quality Management,Customer Service,10,29240,2024-09-30,Overdue
B02283,C0271,2024-11-10,Sales Fundamentals,Sales & Marketing,9,52290,2024-12-02,Overdue
B02284,C0271,2025-01-08,Financial Analysis,Finance & Accounting,7,52864,2025-01-18,Paid
B02285,C0271,2025-02-25,Strategic Leadership,Leadership & Management,6,44574,2025-03-24,Overdue
B02286,C0271,2025-04-23,Data Literacy for Leaders,AI & Technology,12,97104,2025-04-27,Paid
B02287,C0272,2025-02-16,Critical Thinking,Personal Development,23,110377,2025-02-26,Paid
B02288,C0272,2025-06-06,Email Writing Mastery,Communication Skills,15,61665,2025-06-25,Paid
B02289,C0272,2025-09-29,Leadership Team Offsite,Team Building,11,62040,2025-10-08,Paid
B02290,C0273,2023-06-01,Key Account Management,Sales & Marketing,16,108256,2023-06-23,Pending
B02291,C0273,2023-07-30,Strategic Marketing,Sales & Marketing,17,127092,2023-08-01,Paid
B02292,C0273,2023-09-10,Project Planning & Execution,Project Management,19,142709,2023-09-26,Paid
B02293,C0274,2022-09-08,Negotiation Skills,Communication Skills,10,41520,2022-09-10,Paid
B02294,C0274,2022-10-22,Customer Service Excellence,Customer Service,10,27910,2022-11-06,Paid
B02295,C0275,2023-03-05,Performance Appraisal,Human Resources,29,163937,2023-03-08,Paid
B02296,C0275,2023-05-19,Leadership Team Offsite,Team Building,23,96393,2023-05-26,Paid
B02297,C0275,2023-07-30,Executive Leadership,Leadership & Management,35,344120,2023-07-30,Paid
B02298,C0275,2023-10-17,Executive Leadership,Leadership & Management,35,263165,2023-11-01,Paid
B02299,C0275,2024-01-09,Team Management Essentials,Leadership & Management,16,119584,2024-02-02,Pending
B02300,C0275,2024-03-20,Risk Management,Project Management,19,195415,2024-03-30,Paid
B02301,C0275,2024-06-09,Internal Audit,Finance & Accounting,27,223560,2024-06-09,Paid
B02302,C0275,2024-08-11,Key Account Management,Sales & Marketing,24,143112,2024-08-11,Paid
B02303,C0275,2024-10-26,Executive Assistant Excellence,Administration,28,136892,2024-10-28,Paid
B02304,C0275,2025-01-19,Team Management Essentials,Leadership & Management,21,211155,2025-01-20,Paid
B02305,C0275,2025-03-21,Performance Appraisal,Human Resources,22,156816,2025-04-05,Paid
B02306,C0275,2025-06-14,Leadership Excellence Program,Leadership & Management,26,169286,2025-07-02,Paid
B02307,C0276,2021-09-03,Finance for Non-Finance,Finance & Accounting,32,260192,2021-09-19,Paid
B02308,C0276,2021-11-11,Conflict Resolution,Communication Skills,20,117620,2021-11-17,Paid
B02309,C0276,2022-01-13,Leadership Team Offsite,Team Building,34,145894,2022-01-23,Paid
B02310,C0276,2022-03-15,Talent Acquisition,Human Resources,25,205625,2022-03-23,Paid
B02311,C0276,2022-05-28,Email Writing Mastery,Communication Skills,18,94302,2022-06-06,Paid
B02312,C0276,2022-07-24,Service Quality Management,Customer Service,15,61500,2022-08-12,Paid
B02313,C0276,2022-10-18,Problem Solving,Personal Development,31,122791,2022-10-24,Paid
B02314,C0276,2023-01-03,HR Management Essentials,Human Resources,18,94392,2023-01-15,Paid
B02315,C0276,2023-03-24,Risk & Compliance,Compliance & Quality,18,132858,2023-03-30,Paid
B02316,C0276,2023-06-08,Leadership Team Offsite,Team Building,33,196713,2023-07-01,Overdue
B02317,C0276,2023-08-13,Business Writing,Administration,21,105819,2023-09-08,Overdue
B02318,C0277,2024-10-24,HR Analytics,Human Resources,16,110064,2024-10-24,Paid
B02319,C0277,2025-01-26,Budgeting & Forecasting,Finance & Accounting,10,70310,2025-02-21,Pending
B02320,C0277,2025-04-30,Business Communication,Communication Skills,16,75424,2025-05-30,Overdue
B02321,C0277,2025-07-20,Team Building Workshop,Team Building,20,99860,2025-08-01,Paid
B02322,C0277,2025-10-20,Time Management,Personal Development,15,63915,2025-11-04,Paid
B02323,C0278,2023-09-23,Leadership Excellence Program,Leadership & Management,15,94455,2023-10-20,Pending
B02324,C0278,2023-12-20,Finance for Non-Finance,Finance & Accounting,15,114555,2024-01-03,Paid
B02325,C0278,2024-03-13,Conflict Resolution,Communication Skills,33,116490,2024-03-16,Paid
B02326,C0278,2024-06-11,Executive Leadership,Leadership & Management,26,193648,2024-07-01,Paid
B02327,C0278,2024-09-12,Talent Acquisition,Human Resources,28,215096,2024-10-10,Overdue
B02328,C0278,2024-11-21,Change Management,Leadership & Management,23,203711,2024-12-11,Paid
B02329,C0278,2025-01-25,Strategic Leadership,Leadership & Management,24,148632,2025-02-22,Pending
B02330,C0278,2025-04-17,Budgeting & Forecasting,Finance & Accounting,19,139726,2025-05-01,Paid
B02331,C0278,2025-06-22,Risk & Compliance,Compliance & Quality,21,142527,2025-07-21,Pending
B02332,C0279,2022-08-15,Data Literacy for Leaders,AI & Technology,23,170315,2022-08-15,Paid
B02333,C0279,2022-10-13,Business Writing,Administration,33,153252,2022-10-15,Paid
B02334,C0279,2022-12-10,Team Building Workshop,Team Building,19,78831,2022-12-12,Paid
B02335,C0279,2023-02-27,Email Writing Mastery,Communication Skills,27,83106,2023-02-28,Paid
B02336,C0279,2023-05-01,Strategic Marketing,Sales & Marketing,28,199920,2023-05-15,Paid
B02337,C0279,2023-07-10,Customer Service Excellence,Customer Service,20,51900,2023-07-28,Paid
B02338,C0279,2023-10-01,Team Management Essentials,Leadership & Management,17,134385,2023-10-23,Overdue
B02339,C0279,2023-12-24,Team Building Workshop,Team Building,30,123150,2024-01-18,Overdue
B02340,C0279,2024-03-07,Strategic Leadership,Leadership & Management,23,166957,2024-03-14,Paid
B02341,C0279,2024-05-24,Business Writing,Administration,29,86420,2024-06-13,Paid
B02342,C0280,2025-07-20,Complaint Handling,Customer Service,32,159904,2025-08-04,Paid
B02343,C0281,2022-02-25,Performance Management,Leadership & Management,14,119084,2022-03-11,Paid
B02344,C0281,2022-03-16,Internal Control Systems,Compliance & Quality,12,116892,2022-03-21,Paid
B02345,C0282,2022-06-30,Negotiation Skills,Communication Skills,29,121336,2022-07-24,Overdue
B02346,C0282,2022-08-28,Risk Management,Project Management,30,345120,2022-09-14,Paid
B02347,C0282,2022-10-20,Customer Service Excellence,Customer Service,26,105352,2022-10-22,Paid
B02348,C0282,2022-12-12,Time Management,Personal Development,23,69644,2022-12-22,Paid
B02349,C0282,2023-01-21,Presentation Skills,Communication Skills,35,160965,2023-02-04,Paid
B02350,C0282,2023-03-08,Leadership Team Offsite,Team Building,32,204768,2023-03-29,Pending
B02351,C0282,2023-05-06,Team Management Essentials,Leadership & Management,25,236875,2023-06-04,Pending
B02352,C0282,2023-07-01,Time Management,Personal Development,25,110750,2023-07-21,Paid
B02353,C0282,2023-08-17,Virtual Team Building,Team Building,20,127260,2023-09-11,Pending
B02354,C0282,2023-10-05,Internal Control Systems,Compliance & Quality,21,182889,2023-10-07,Paid
B02355,C0282,2023-11-15,Internal Control Systems,Compliance & Quality,28,188384,2023-12-01,Paid
B02356,C0282,2024-01-08,Generative AI Essentials,AI & Technology,16,146272,2024-01-11,Paid
B02357,C0282,2024-02-25,Digital Transformation,AI & Technology,15,109470,2024-03-25,Pending
B02358,C0283,2024-03-08,Virtual Team Building,Team Building,23,133262,2024-04-01,Pending
B02359,C0283,2024-04-14,Employee Relations,Human Resources,24,135384,2024-05-10,Pending
B02360,C0283,2024-05-09,Advanced Excel,Administration,10,47310,2024-06-03,Pending
B02361,C0283,2024-06-10,Strategic Marketing,Sales & Marketing,14,104132,2024-06-12,Paid
B02362,C0283,2024-07-25,Business Writing,Administration,19,72504,2024-08-18,Overdue
B02363,C0283,2024-09-11,Budgeting & Forecasting,Finance & Accounting,16,148768,2024-10-01,Paid
B02364,C0283,2024-10-28,PMP Certification Prep,Project Management,16,111408,2024-10-28,Paid
B02365,C0283,2024-11-30,Strategic Leadership,Leadership & Management,19,129048,2024-12-06,Paid
B02366,C0283,2025-01-08,HR Management Essentials,Human Resources,12,63984,2025-01-16,Paid
B02367,C0283,2025-02-28,Service Quality Management,Customer Service,13,52234,2025-03-30,Overdue
B02368,C0283,2025-04-03,Executive Assistant Excellence,Administration,22,66242,2025-04-25,Overdue
B02369,C0283,2025-05-11,Business Communication,Communication Skills,22,94138,2025-05-17,Paid
B02370,C0283,2025-06-23,Budgeting & Forecasting,Finance & Accounting,23,203688,2025-07-13,Paid
B02371,C0283,2025-08-10,Emotional Intelligence,Personal Development,11,54043,2025-08-25,Paid
B02372,C0283,2025-09-13,Team Management Essentials,Leadership & Management,25,204375,2025-09-24,Paid
B02373,C0283,2025-10-12,Strategic Leadership,Leadership & Management,18,166446,2025-11-08,Overdue
B02374,C0283,2025-11-21,Leadership Team Offsite,Team Building,13,63323,2025-12-13,Overdue
B02375,C0284,2021-01-14,PMP Certification Prep,Project Management,9,99999,2021-02-06,Overdue
B02376,C0284,2021-02-25,Compensation & Benefits,Human Resources,9,55260,2021-03-07,Paid
B02377,C0284,2021-03-28,Budgeting & Forecasting,Finance & Accounting,10,86660,2021-04-03,Paid
B02378,C0284,2021-05-27,Emotional Intelligence,Personal Development,8,27104,2021-05-27,Paid
B02379,C0284,2021-07-11,Office Management,Administration,4,23720,2021-08-07,Pending
B02380,C0284,2021-09-03,Key Account Management,Sales & Marketing,9,47547,2021-09-19,Paid
B02381,C0284,2021-10-31,HR Management Essentials,Human Resources,9,64125,2021-11-22,Overdue
B02382,C0284,2021-12-02,Risk & Compliance,Compliance & Quality,10,62890,2021-12-10,Paid
B02383,C0284,2022-01-16,Prompt Engineering for Professionals,AI & Technology,3,36657,2022-02-01,Paid
B02384,C0284,2022-02-23,Strategic Marketing,Sales & Marketing,4,34780,2022-03-09,Paid
B02385,C0284,2022-04-11,Financial Analysis,Finance & Accounting,4,27304,2022-04-20,Paid
B02386,C0284,2022-05-13,Time Management,Personal Development,7,33229,2022-05-16,Paid
B02387,C0284,2022-06-14,Office Management,Administration,4,15256,2022-06-20,Paid
B02388,C0284,2022-07-21,Digital Marketing,Sales & Marketing,9,54180,2022-07-21,Paid
B02389,C0284,2022-09-12,Conflict Resolution,Communication Skills,4,26656,2022-09-24,Paid
B02390,C0284,2022-11-07,Team Management Essentials,Leadership & Management,6,50976,2022-11-14,Paid
B02391,C0284,2022-12-29,Business Communication,Communication Skills,9,39924,2023-01-20,Overdue
B02392,C0284,2023-02-17,Risk & Compliance,Compliance & Quality,3,23493,2023-02-22,Paid
B02393,C0285,2023-10-14,ISO 9001 Quality Management,Compliance & Quality,23,140116,2023-11-05,Overdue
B02394,C0285,2023-12-16,Critical Thinking,Personal Development,13,52078,2023-12-31,Paid
B02395,C0285,2024-02-06,Team Management Essentials,Leadership & Management,18,161766,2024-02-23,Paid
B02396,C0285,2024-03-28,Business Writing,Administration,23,73761,2024-03-30,Paid
B02397,C0285,2024-04-30,Performance Management,Leadership & Management,18,151902,2024-05-15,Paid
B02398,C0285,2024-06-16,Email Writing Mastery,Communication Skills,17,58701,2024-06-19,Paid
B02399,C0285,2024-08-03,Strategic Leadership,Leadership & Management,15,98250,2024-08-21,Paid
B02400,C0285,2024-09-16,HR Management Essentials,Human Resources,16,106432,2024-10-07,Overdue
B02401,C0286,2021-02-14,Business Writing,Administration,8,28360,2021-02-25,Paid
B02402,C0286,2021-03-11,Executive Leadership,Leadership & Management,10,60340,2021-03-14,Paid
B02403,C0286,2021-04-28,AI for Business Leaders,AI & Technology,6,67782,2021-05-14,Paid
B02404,C0286,2021-06-11,Leadership Excellence Program,Leadership & Management,6,48732,2021-06-21,Paid
B02405,C0286,2021-07-09,Compensation & Benefits,Human Resources,9,83529,2021-07-15,Paid
B02406,C0286,2021-08-19,Talent Acquisition,Human Resources,9,71631,2021-09-03,Paid
B02407,C0286,2021-09-24,Performance Appraisal,Human Resources,3,20118,2021-10-06,Paid
B02408,C0286,2021-10-20,Data Literacy for Leaders,AI & Technology,10,60180,2021-10-24,Paid
B02409,C0286,2021-11-29,Executive Assistant Excellence,Administration,4,22352,2021-12-03,Paid
B02410,C0286,2021-12-23,Leadership Team Offsite,Team Building,3,17868,2022-01-08,Paid
B02411,C0286,2022-01-22,Change Management,Leadership & Management,4,36092,2022-02-11,Paid
B02412,C0286,2022-02-20,Leadership Team Offsite,Team Building,8,59512,2022-03-12,Paid
B02413,C0286,2022-03-19,Negotiation Skills,Communication Skills,5,34455,2022-03-27,Paid
B02414,C0286,2022-04-20,Customer Service Excellence,Customer Service,2,9536,2022-04-21,Paid
B02415,C0286,2022-05-17,Internal Audit,Finance & Accounting,8,53808,2022-05-23,Paid
B02416,C0286,2022-07-02,Executive Assistant Excellence,Administration,7,35700,2022-07-16,Paid
B02417,C0287,2024-09-27,Key Account Management,Sales & Marketing,28,181972,2024-10-24,Pending
B02418,C0287,2024-12-04,Compensation & Benefits,Human Resources,34,235076,2024-12-13,Paid
B02419,C0287,2025-01-16,Strategic Marketing,Sales & Marketing,17,97852,2025-02-04,Paid
B02420,C0287,2025-03-11,Strategic Leadership,Leadership & Management,28,179508,2025-03-28,Paid
B02421,C0287,2025-05-08,Performance Management,Leadership & Management,19,118313,2025-05-19,Paid
B02422,C0287,2025-07-16,Finance for Non-Finance,Finance & Accounting,27,201960,2025-07-30,Paid
B02423,C0288,2022-12-10,Leadership Team Offsite,Team Building,14,81466,2022-12-27,Paid
B02424,C0288,2023-02-11,Office Management,Administration,14,70840,2023-03-04,Pending
B02425,C0288,2023-04-06,Digital Marketing,Sales & Marketing,10,45660,2023-04-28,Overdue
B02426,C0288,2023-06-18,Business Communication,Communication Skills,13,62062,2023-07-07,Paid
B02427,C0288,2023-08-10,Critical Thinking,Personal Development,6,24180,2023-08-30,Paid
B02428,C0288,2023-10-20,Finance for Non-Finance,Finance & Accounting,9,79803,2023-11-08,Paid
B02429,C0288,2024-01-02,Key Account Management,Sales & Marketing,8,50256,2024-01-31,Overdue
B02430,C0288,2024-03-01,Compensation & Benefits,Human Resources,14,80710,2024-03-12,Paid
B02431,C0288,2024-04-30,Budgeting & Forecasting,Finance & Accounting,8,73952,2024-05-16,Paid
B02432,C0288,2024-06-28,Office Management,Administration,11,43384,2024-07-06,Paid
B02433,C0288,2024-08-23,Time Management,Personal Development,11,53691,2024-09-13,Pending
B02434,C0289,2023-10-04,HR Management Essentials,Human Resources,3,26901,2023-10-27,Overdue
B02435,C0289,2023-12-02,Critical Thinking,Personal Development,5,19210,2023-12-21,Paid
B02436,C0289,2024-01-29,ISO 9001 Quality Management,Compliance & Quality,7,59493,2024-02-26,Overdue
B02437,C0289,2024-03-25,Negotiation Skills,Communication Skills,5,25520,2024-04-09,Paid
B02438,C0289,2024-05-07,Advanced Excel,Administration,6,34962,2024-05-21,Paid
B02439,C0289,2024-06-16,Generative AI Essentials,AI & Technology,7,53886,2024-06-24,Paid
B02440,C0289,2024-08-10,Time Management,Personal Development,3,12102,2024-08-13,Paid
B02441,C0289,2024-10-04,Conflict Resolution,Communication Skills,10,43430,2024-10-04,Paid
B02442,C0289,2024-11-18,Change Management,Leadership & Management,5,45435,2024-12-17,Overdue
B02443,C0289,2025-01-13,Sales Fundamentals,Sales & Marketing,10,62810,2025-02-08,Overdue
B02444,C0289,2025-03-05,Key Account Management,Sales & Marketing,8,46520,2025-03-13,Paid
B02445,C0289,2025-04-25,Executive Leadership,Leadership & Management,8,88080,2025-05-14,Paid
B02446,C0289,2025-06-08,PMP Certification Prep,Project Management,9,104229,2025-06-20,Paid
B02447,C0289,2025-07-18,Internal Audit,Finance & Accounting,3,22932,2025-07-23,Paid
B02448,C0289,2025-09-15,Agile & Scrum Fundamentals,Project Management,7,99582,2025-10-10,Pending
B02449,C0289,2025-11-02,Team Management Essentials,Leadership & Management,3,27816,2025-11-05,Paid
B02450,C0289,2025-12-24,Data Literacy for Leaders,AI & Technology,10,73930,2025-12-28,Paid
B02451,C0290,2023-05-29,Executive Leadership,Leadership & Management,2,15824,2023-06-08,Paid
B02452,C0290,2023-08-22,Emotional Intelligence,Personal Development,6,24984,2023-09-04,Paid
B02453,C0290,2023-11-08,Compensation & Benefits,Human Resources,5,34510,2023-11-27,Paid
B02454,C0290,2024-01-20,Time Management,Personal Development,6,31578,2024-01-31,Paid
B02455,C0290,2024-04-29,Compensation & Benefits,Human Resources,4,24376,2024-05-16,Paid
B02456,C0290,2024-07-31,Prompt Engineering for Professionals,AI & Technology,7,89215,2024-08-07,Paid
B02457,C0290,2024-10-29,Prince2 Foundation,Project Management,8,77312,2024-11-15,Paid
B02458,C0291,2024-01-02,Prince2 Foundation,Project Management,4,39220,2024-01-10,Paid
B02459,C0291,2024-01-19,PMP Certification Prep,Project Management,2,19912,2024-02-09,Overdue
B02460,C0291,2024-02-21,Complaint Handling,Customer Service,8,38616,2024-02-27,Paid
B02461,C0291,2024-03-30,Employee Relations,Human Resources,3,28410,2024-04-01,Paid
B02462,C0291,2024-05-03,Customer Service Excellence,Customer Service,9,43308,2024-05-07,Paid
B02463,C0291,2024-05-26,Virtual Team Building,Team Building,8,59872,2024-06-14,Paid
B02464,C0291,2024-07-05,Leadership Team Offsite,Team Building,8,32752,2024-07-22,Paid
B02465,C0291,2024-08-04,Leadership Team Offsite,Team Building,6,29040,2024-09-01,Overdue
B02466,C0291,2024-08-22,Complaint Handling,Customer Service,10,37410,2024-09-01,Paid
B02467,C0291,2024-09-09,Strategic Leadership,Leadership & Management,9,100413,2024-09-28,Paid
B02468,C0291,2024-10-01,Conflict Resolution,Communication Skills,9,53856,2024-10-07,Paid
B02469,C0291,2024-11-12,Negotiation Skills,Communication Skills,4,25524,2024-11-14,Paid
B02470,C0291,2024-12-10,Time Management,Personal Development,8,29512,2025-01-04,Overdue
B02471,C0291,2025-01-01,Performance Appraisal,Human Resources,5,36435,2025-01-12,Paid
B02472,C0291,2025-01-23,Email Writing Mastery,Communication Skills,6,27108,2025-02-14,Overdue
B02473,C0291,2025-02-21,Employee Relations,Human Resources,8,67672,2025-03-21,Overdue
B02474,C0291,2025-03-27,Strategic Leadership,Leadership & Management,5,37645,2025-04-10,Paid
B02475,C0292,2024-06-03,Complaint Handling,Customer Service,3,14373,2024-06-11,Paid
B02476,C0292,2024-07-25,Presentation Skills,Communication Skills,5,23010,2024-08-05,Paid
B02477,C0292,2024-09-21,HR Analytics,Human Resources,9,59823,2024-09-26,Paid
B02478,C0292,2024-11-11,Employee Relations,Human Resources,10,71850,2024-11-27,Paid
B02479,C0292,2025-01-01,Risk & Compliance,Compliance & Quality,5,36485,2025-01-13,Paid
B02480,C0292,2025-02-22,Negotiation Skills,Communication Skills,2,13230,2025-03-01,Paid
B02481,C0292,2025-04-03,Performance Management,Leadership & Management,4,31024,2025-04-22,Paid
B02482,C0292,2025-05-28,Business Writing,Administration,10,31490,2025-06-05,Paid
B02483,C0292,2025-07-20,Performance Management,Leadership & Management,10,77260,2025-08-03,Paid
B02484,C0292,2025-09-21,Risk Management,Project Management,6,54960,2025-10-18,Overdue
B02485,C0292,2025-11-14,Finance for Non-Finance,Finance & Accounting,4,33504,2025-11-27,Paid
B02486,C0293,2025-01-05,Executive Leadership,Leadership & Management,4,37444,2025-01-22,Paid
B02487,C0293,2025-03-03,Digital Marketing,Sales & Marketing,8,69320,2025-03-08,Paid
B02488,C0293,2025-05-04,Compensation & Benefits,Human Resources,2,18616,2025-06-03,Pending
B02489,C0293,2025-07-25,Time Management,Personal Development,3,9825,2025-08-18,Pending
B02490,C0293,2025-09-20,Finance for Non-Finance,Finance & Accounting,4,43496,2025-09-23,Paid
B02491,C0294,2024-07-30,Prince2 Foundation,Project Management,23,238579,2024-08-25,Pending
B02492,C0294,2024-09-21,Key Account Management,Sales & Marketing,31,228315,2024-09-22,Paid
B02493,C0294,2024-10-31,Email Writing Mastery,Communication Skills,19,67564,2024-11-01,Paid
B02494,C0294,2024-12-22,Digital Marketing,Sales & Marketing,19,136724,2024-12-26,Paid
B02495,C0294,2025-01-25,Compensation & Benefits,Human Resources,34,272136,2025-02-05,Paid
B02496,C0294,2025-02-27,Digital Transformation,AI & Technology,23,201112,2025-03-06,Paid
B02497,C0294,2025-04-14,Sales Fundamentals,Sales & Marketing,20,134440,2025-04-17,Paid
B02498,C0294,2025-06-11,Advanced Excel,Administration,22,77836,2025-07-01,Paid
B02499,C0294,2025-07-15,Time Management,Personal Development,16,44512,2025-07-27,Paid
B02500,C0294,2025-08-20,Project Planning & Execution,Project Management,15,131985,2025-09-03,Paid
B02501,C0294,2025-10-13,AI for Business Leaders,AI & Technology,30,307260,2025-11-06,Overdue
B02502,C0294,2025-11-11,Data Literacy for Leaders,AI & Technology,32,338592,2025-11-23,Paid
B02503,C0295,2024-07-22,Customer Service Excellence,Customer Service,4,20240,2024-08-18,Overdue
B02504,C0295,2024-08-31,Project Planning & Execution,Project Management,2,19388,2024-09-02,Paid
B02505,C0295,2024-10-24,Time Management,Personal Development,7,29554,2024-10-27,Paid
B02506,C0295,2024-12-11,Time Management,Personal Development,8,36536,2024-12-23,Paid
B02507,C0295,2025-01-27,Budgeting & Forecasting,Finance & Accounting,7,46865,2025-02-06,Paid
B02508,C0295,2025-03-19,Strategic Marketing,Sales & Marketing,5,40365,2025-03-19,Paid
B02509,C0295,2025-05-13,Performance Appraisal,Human Resources,8,73392,2025-06-02,Paid
B02510,C0295,2025-07-04,Leadership Team Offsite,Team Building,4,23368,2025-07-31,Pending
B02511,C0295,2025-08-14,Problem Solving,Personal Development,6,27738,2025-08-21,Paid
B02512,C0295,2025-10-06,Risk Management,Project Management,2,19720,2025-11-03,Overdue
B02513,C0295,2025-11-12,HR Analytics,Human Resources,9,68715,2025-11-26,Paid
B02514,C0296,2021-06-09,Financial Analysis,Finance & Accounting,7,48545,2021-06-20,Paid
B02515,C0296,2021-08-10,Sales Fundamentals,Sales & Marketing,8,69064,2021-08-30,Paid
B02516,C0296,2021-10-01,Complaint Handling,Customer Service,3,16350,2021-10-10,Paid
B02517,C0296,2021-12-01,Presentation Skills,Communication Skills,10,48950,2021-12-16,Paid
B02518,C0296,2022-02-17,Team Management Essentials,Leadership & Management,9,67995,2022-02-28,Paid
B02519,C0296,2022-04-07,Business Communication,Communication Skills,5,23855,2022-05-06,Pending
B02520,C0296,2022-06-01,Leadership Excellence Program,Leadership & Management,3,24585,2022-06-24,Overdue
B02521,C0296,2022-08-18,Executive Leadership,Leadership & Management,2,22346,2022-08-24,Paid
B02522,C0296,2022-10-09,Critical Thinking,Personal Development,10,38420,2022-10-09,Paid
B02523,C0296,2022-12-24,Service Quality Management,Customer Service,8,34944,2023-01-18,Overdue
B02524,C0296,2023-03-02,Presentation Skills,Communication Skills,7,32669,2023-03-13,Paid
B02525,C0296,2023-05-18,Executive Leadership,Leadership & Management,10,100270,2023-05-21,Paid
B02526,C0296,2023-07-08,Service Quality Management,Customer Service,9,42975,2023-08-01,Pending
B02527,C0297,2025-11-26,Conflict Resolution,Communication Skills,20,105480,2025-12-18,Overdue
B02528,C0298,2021-08-13,Talent Acquisition,Human Resources,23,162863,2021-08-19,Paid
B02529,C0298,2021-09-28,Customer Service Excellence,Customer Service,14,56490,2021-10-15,Paid
B02530,C0298,2021-11-09,Digital Transformation,AI & Technology,18,125838,2021-11-09,Paid
B02531,C0298,2021-12-21,Change Management,Leadership & Management,15,93150,2021-12-29,Paid
B02532,C0298,2022-02-21,Team Building Workshop,Team Building,25,153475,2022-02-23,Paid
B02533,C0298,2022-04-29,Employee Relations,Human Resources,24,198840,2022-05-04,Paid
B02534,C0298,2022-06-12,Office Management,Administration,25,84275,2022-06-14,Paid
B02535,C0298,2022-07-22,Executive Assistant Excellence,Administration,24,100008,2022-08-10,Paid
B02536,C0298,2022-09-17,Team Building Workshop,Team Building,21,133581,2022-10-02,Paid
B02537,C0298,2022-11-06,HR Analytics,Human Resources,20,145960,2022-11-27,Overdue
B02538,C0298,2022-12-22,AI for Business Leaders,AI & Technology,14,142436,2023-01-12,Overdue
B02539,C0298,2023-02-10,Risk & Compliance,Compliance & Quality,17,127925,2023-03-08,Pending
B02540,C0298,2023-03-27,Complaint Handling,Customer Service,25,87400,2023-04-06,Paid
B02541,C0298,2023-05-05,Key Account Management,Sales & Marketing,19,113734,2023-05-28,Overdue
B02542,C0298,2023-06-13,Executive Leadership,Leadership & Management,19,147117,2023-06-16,Paid
B02543,C0298,2023-07-30,Internal Control Systems,Compliance & Quality,14,137396,2023-08-06,Paid
B02544,C0298,2023-09-06,ISO 9001 Quality Management,Compliance & Quality,17,130577,2023-09-20,Paid
B02545,C0298,2023-11-13,Risk Management,Project Management,13,151515,2023-11-30,Paid
B02546,C0298,2023-12-25,Key Account Management,Sales & Marketing,21,119406,2024-01-17,Overdue
B02547,C0299,2025-12-10,Performance Management,Leadership & Management,5,41650,2025-12-29,Paid
B02548,C0300,2024-05-18,Customer Service Excellence,Customer Service,9,28125,2024-05-28,Paid
B02549,C0300,2024-07-26,Negotiation Skills,Communication Skills,3,14283,2024-08-02,Paid
B02550,C0300,2024-09-19,Strategic Marketing,Sales & Marketing,9,79200,2024-10-19,Overdue
B02551,C0300,2024-12-02,Prompt Engineering for Professionals,AI & Technology,5,49100,2024-12-15,Paid
B02552,C0300,2025-02-13,Compensation & Benefits,Human Resources,6,41976,2025-03-04,Paid
B02553,C0300,2025-03-31,Risk & Compliance,Compliance & Quality,4,39012,2025-04-05,Paid
B02554,C0300,2025-05-28,Time Management,Personal Development,7,38010,2025-06-09,Paid
B02555,C0300,2025-07-24,Performance Management,Leadership & Management,3,23016,2025-07-26,Paid
B02556,C0300,2025-10-03,ISO 9001 Quality Management,Compliance & Quality,2,16458,2025-10-20,Paid
B02557,C0300,2025-11-30,Complaint Handling,Customer Service,9,30402,2025-12-29,Pending
B02558,C0301,2023-02-11,Office Management,Administration,10,52930,2023-03-01,Paid
B02559,C0301,2023-03-03,Performance Management,Leadership & Management,5,41765,2023-03-31,Overdue
B02560,C0301,2023-03-19,Business Communication,Communication Skills,6,21954,2023-04-06,Paid
B02561,C0301,2023-04-07,Performance Management,Leadership & Management,5,35005,2023-05-03,Pending
B02562,C0301,2023-05-01,ISO 9001 Quality Management,Compliance & Quality,7,71407,2023-05-27,Overdue
B02563,C0301,2023-06-11,PMP Certification Prep,Project Management,9,115740,2023-06-20,Paid
B02564,C0301,2023-07-07,Emotional Intelligence,Personal Development,13,36387,2023-08-02,Overdue
B02565,C0301,2023-08-12,Project Planning & Execution,Project Management,6,70722,2023-08-31,Paid
B02566,C0302,2024-06-26,Team Management Essentials,Leadership & Management,11,91377,2024-07-17,Pending
B02567,C0302,2024-08-24,Business Writing,Administration,12,54600,2024-09-04,Paid
B02568,C0302,2024-10-20,Key Account Management,Sales & Marketing,9,55818,2024-11-09,Paid
B02569,C0302,2024-12-10,Advanced Excel,Administration,11,48730,2025-01-04,Pending
B02570,C0302,2025-01-17,ISO 9001 Quality Management,Compliance & Quality,9,87075,2025-01-23,Paid
B02571,C0302,2025-03-08,Compensation & Benefits,Human Resources,12,67404,2025-03-30,Pending
B02572,C0302,2025-05-01,Team Management Essentials,Leadership & Management,6,44886,2025-05-19,Paid
B02573,C0302,2025-06-12,Agile & Scrum Fundamentals,Project Management,7,62174,2025-06-26,Paid
B02574,C0302,2025-08-08,Project Planning & Execution,Project Management,7,97440,2025-08-10,Paid
B02575,C0303,2025-05-03,Prompt Engineering for Professionals,AI & Technology,17,178976,2025-05-18,Paid
B02576,C0303,2025-08-07,Complaint Handling,Customer Service,23,68448,2025-09-05,Overdue
B02577,C0304,2024-03-21,Team Management Essentials,Leadership & Management,6,61146,2024-03-26,Paid
B02578,C0304,2024-05-16,Internal Control Systems,Compliance & Quality,9,97173,2024-06-06,Overdue
B02579,C0304,2024-07-21,ISO 9001 Quality Management,Compliance & Quality,7,74781,2024-07-25,Paid
B02580,C0304,2024-09-19,Internal Control Systems,Compliance & Quality,7,73213,2024-10-10,Overdue
B02581,C0304,2024-11-25,Leadership Team Offsite,Team Building,4,16120,2024-12-22,Pending
B02582,C0304,2025-01-25,HR Analytics,Human Resources,8,51048,2025-02-09,Paid
B02583,C0304,2025-04-01,Business Communication,Communication Skills,4,14688,2025-04-29,Pending
B02584,C0304,2025-05-28,Compensation & Benefits,Human Resources,10,72020,2025-06-12,Paid
B02585,C0304,2025-07-23,Finance for Non-Finance,Finance & Accounting,5,39890,2025-08-05,Paid
B02586,C0305,2025-02-12,Advanced Excel,Administration,20,102300,2025-02-23,Paid
B02587,C0305,2025-06-06,Business Communication,Communication Skills,10,33380,2025-06-21,Paid
B02588,C0305,2025-09-19,Innovation Workshop,Team Building,16,66144,2025-09-23,Paid
B02589,C0306,2023-09-06,Key Account Management,Sales & Marketing,6,43044,2023-09-18,Paid
B02590,C0306,2023-12-30,AI for Business Leaders,AI & Technology,5,50315,2024-01-23,Pending
B02591,C0306,2024-04-19,Sales Fundamentals,Sales & Marketing,10,52590,2024-05-06,Paid
B02592,C0306,2024-08-08,Leadership Team Offsite,Team Building,9,37638,2024-08-17,Paid
B02593,C0307,2025-03-20,Change Management,Leadership & Management,9,93762,2025-04-18,Overdue
B02594,C0307,2025-05-03,Time Management,Personal Development,5,21450,2025-05-29,Pending
B02595,C0307,2025-06-18,Service Quality Management,Customer Service,6,25374,2025-07-16,Pending
B02596,C0307,2025-08-13,Internal Control Systems,Compliance & Quality,5,58735,2025-08-21,Paid
B02597,C0308,2024-11-03,Change Management,Leadership & Management,9,102456,2024-11-29,Overdue
B02598,C0308,2024-12-12,Strategic Leadership,Leadership & Management,13,105053,2025-01-05,Pending
B02599,C0308,2025-01-11,Strategic Marketing,Sales & Marketing,14,69888,2025-01-28,Paid
B02600,C0308,2025-02-04,Executive Assistant Excellence,Administration,13,51675,2025-02-28,Pending
B02601,C0308,2025-03-06,Compensation & Benefits,Human Resources,11,77561,2025-03-29,Overdue
B02602,C0308,2025-04-28,HR Management Essentials,Human Resources,13,95979,2025-05-04,Paid
B02603,C0308,2025-06-16,Leadership Excellence Program,Leadership & Management,15,134100,2025-06-18,Paid
B02604,C0308,2025-07-23,Business Communication,Communication Skills,15,57435,2025-08-22,Overdue
B02605,C0308,2025-08-22,Strategic Leadership,Leadership & Management,6,48378,2025-09-20,Overdue
B02606,C0308,2025-09-26,Prince2 Foundation,Project Management,15,132510,2025-10-17,Overdue
B02607,C0308,2025-10-19,Customer Service Excellence,Customer Service,7,33222,2025-10-25,Paid
B02608,C0308,2025-11-24,Team Building Workshop,Team Building,7,38360,2025-11-27,Paid
B02609,C0308,2025-12-18,Leadership Team Offsite,Team Building,9,47403,2026-01-04,Paid
B02610,C0309,2021-05-05,Leadership Excellence Program,Leadership & Management,17,108953,2021-05-29,Overdue
B02611,C0309,2021-07-20,HR Management Essentials,Human Resources,13,100919,2021-08-03,Paid
B02612,C0309,2021-09-10,Business Communication,Communication Skills,13,61308,2021-10-04,Overdue
B02613,C0309,2021-11-25,Key Account Management,Sales & Marketing,13,77025,2021-12-16,Overdue
B02614,C0310,2025-02-11,Team Building Workshop,Team Building,15,98565,2025-03-12,Pending
B02615,C0310,2025-03-25,Change Management,Leadership & Management,20,139280,2025-04-04,Paid
B02616,C0310,2025-04-13,Prince2 Foundation,Project Management,31,386756,2025-05-05,Pending
B02617,C0310,2025-05-11,Digital Marketing,Sales & Marketing,35,191555,2025-05-11,Paid
B02618,C0310,2025-06-02,Business Communication,Communication Skills,27,154818,2025-06-26,Overdue
B02619,C0310,2025-07-01,PMP Certification Prep,Project Management,31,378231,2025-07-26,Overdue
B02620,C0310,2025-08-12,Performance Appraisal,Human Resources,20,115220,2025-08-31,Paid
B02621,C0310,2025-09-04,Critical Thinking,Personal Development,30,137700,2025-09-27,Pending
B02622,C0310,2025-10-08,Virtual Team Building,Team Building,22,138710,2025-10-29,Overdue
B02623,C0310,2025-11-24,Data Literacy for Leaders,AI & Technology,29,238409,2025-12-04,Paid
B02624,C0311,2024-05-19,Problem Solving,Personal Development,20,79920,2024-06-11,Pending
B02625,C0311,2024-06-26,Internal Audit,Finance & Accounting,24,146832,2024-06-30,Paid
B02626,C0311,2024-08-16,PMP Certification Prep,Project Management,13,142051,2024-08-20,Paid
B02627,C0311,2024-09-28,Digital Marketing,Sales & Marketing,25,154400,2024-10-15,Paid
B02628,C0311,2024-11-04,Team Building Workshop,Team Building,20,76320,2024-11-23,Paid
B02629,C0311,2024-12-29,Risk & Compliance,Compliance & Quality,11,89727,2025-01-05,Paid
B02630,C0311,2025-02-15,Budgeting & Forecasting,Finance & Accounting,23,174041,2025-02-16,Paid
B02631,C0311,2025-03-24,PMP Certification Prep,Project Management,11,97790,2025-04-14,Pending
B02632,C0311,2025-05-21,Business Writing,Administration,18,77310,2025-05-25,Paid
B02633,C0311,2025-07-26,Finance for Non-Finance,Finance & Accounting,20,167860,2025-07-28,Paid
B02634,C0311,2025-09-12,AI for Business Leaders,AI & Technology,21,126987,2025-09-27,Paid
B02635,C0312,2021-07-26,AI for Business Leaders,AI & Technology,13,104624,2021-07-29,Paid
B02636,C0312,2021-09-15,PMP Certification Prep,Project Management,18,218646,2021-09-25,Paid
B02637,C0312,2021-10-23,Internal Audit,Finance & Accounting,13,88348,2021-11-10,Paid
B02638,C0312,2021-11-30,Performance Appraisal,Human Resources,12,70860,2021-12-01,Paid
B02639,C0312,2022-01-16,Finance for Non-Finance,Finance & Accounting,19,176567,2022-02-14,Pending
B02640,C0312,2022-03-05,Risk & Compliance,Compliance & Quality,19,186105,2022-03-26,Overdue
B02641,C0312,2022-04-17,PMP Certification Prep,Project Management,22,264814,2022-05-16,Pending
B02642,C0312,2022-06-16,Budgeting & Forecasting,Finance & Accounting,23,141933,2022-07-07,Overdue
B02643,C0312,2022-07-26,Finance for Non-Finance,Finance & Accounting,11,71247,2022-07-28,Paid
B02644,C0312,2022-09-29,PMP Certification Prep,Project Management,10,75430,2022-10-27,Overdue
B02645,C0312,2022-11-10,Team Management Essentials,Leadership & Management,25,211600,2022-11-22,Paid
B02646,C0312,2023-01-16,Generative AI Essentials,AI & Technology,13,95745,2023-01-21,Paid
B02647,C0313,2025-10-13,ISO 9001 Quality Management,Compliance & Quality,5,38355,2025-10-23,Paid
B02648,C0314,2024-08-06,Business Writing,Administration,6,36498,2024-08-31,Pending
B02649,C0314,2024-10-30,Digital Marketing,Sales & Marketing,8,63872,2024-11-21,Pending
B02650,C0314,2025-01-12,Prince2 Foundation,Project Management,15,155220,2025-01-19,Paid
B02651,C0315,2022-08-17,Talent Acquisition,Human Resources,12,84060,2022-08-24,Paid
B02652,C0315,2022-10-17,Executive Leadership,Leadership & Management,11,81598,2022-11-05,Paid
B02653,C0315,2022-12-29,Executive Assistant Excellence,Administration,11,40084,2023-01-24,Overdue
B02654,C0315,2023-02-20,Presentation Skills,Communication Skills,7,36092,2023-03-10,Paid
B02655,C0315,2023-04-24,Customer Service Excellence,Customer Service,14,49714,2023-05-02,Paid
B02656,C0315,2023-07-03,Compensation & Benefits,Human Resources,14,113120,2023-07-31,Pending
B02657,C0315,2023-09-09,Advanced Excel,Administration,11,42482,2023-09-29,Paid
B02658,C0315,2023-11-17,Time Management,Personal Development,12,30648,2023-11-20,Paid
B02659,C0315,2024-01-27,Email Writing Mastery,Communication Skills,14,50960,2024-02-19,Overdue
B02660,C0316,2021-04-04,Executive Assistant Excellence,Administration,8,32336,2021-04-26,Pending
B02661,C0316,2021-07-20,Employee Relations,Human Resources,8,72408,2021-07-21,Paid
B02662,C0316,2021-10-29,Team Building Workshop,Team Building,6,40806,2021-11-10,Paid
B02663,C0316,2022-02-05,Project Planning & Execution,Project Management,8,82120,2022-03-07,Pending
B02664,C0316,2022-04-30,Digital Transformation,AI & Technology,5,59195,2022-05-06,Paid
B02665,C0317,2023-04-09,Risk Management,Project Management,3,33060,2023-04-19,Paid
B02666,C0317,2023-06-30,Customer Service Excellence,Customer Service,8,45608,2023-07-16,Paid
B02667,C0317,2023-09-10,Office Management,Administration,6,31896,2023-10-01,Pending
B02668,C0317,2023-11-28,Critical Thinking,Personal Development,4,15384,2023-12-10,Paid
B02669,C0317,2024-02-11,Presentation Skills,Communication Skills,5,31135,2024-03-09,Pending
B02670,C0317,2024-05-04,Strategic Marketing,Sales & Marketing,9,79983,2024-05-12,Paid
B02671,C0317,2024-07-16,Complaint Handling,Customer Service,2,8064,2024-07-16,Paid
B02672,C0318,2021-12-30,Financial Analysis,Finance & Accounting,19,142443,2022-01-07,Paid
B02673,C0318,2022-01-29,HR Management Essentials,Human Resources,28,217756,2022-01-29,Paid
B02674,C0318,2022-03-24,Digital Marketing,Sales & Marketing,31,138756,2022-04-11,Paid
B02675,C0318,2022-05-20,Sales Fundamentals,Sales & Marketing,26,137904,2022-06-09,Paid
B02676,C0318,2022-07-14,Employee Relations,Human Resources,29,168142,2022-08-05,Overdue
B02677,C0318,2022-08-13,Digital Marketing,Sales & Marketing,27,140076,2022-08-18,Paid
B02678,C0318,2022-10-04,Digital Marketing,Sales & Marketing,22,127028,2022-11-01,Pending
B02679,C0318,2022-11-16,Strategic Leadership,Leadership & Management,22,205326,2022-11-28,Paid
B02680,C0318,2022-12-31,Employee Relations,Human Resources,32,219936,2023-01-20,Paid
B02681,C0318,2023-02-07,Risk Management,Project Management,18,155934,2023-03-02,Overdue
B02682,C0318,2023-03-14,AI for Business Leaders,AI & Technology,23,237544,2023-03-17,Paid
B02683,C0318,2023-04-25,Finance for Non-Finance,Finance & Accounting,31,238204,2023-05-18,Overdue
B02684,C0318,2023-05-27,Strategic Leadership,Leadership & Management,17,168283,2023-06-26,Pending
B02685,C0318,2023-07-23,Compensation & Benefits,Human Resources,24,143448,2023-08-17,Pending
B02686,C0319,2024-01-23,Leadership Excellence Program,Leadership & Management,7,50120,2024-02-02,Paid
B02687,C0319,2024-04-04,Innovation Workshop,Team Building,13,63193,2024-04-22,Paid
B02688,C0319,2024-06-07,Business Communication,Communication Skills,5,27350,2024-06-13,Paid
B02689,C0319,2024-08-09,HR Management Essentials,Human Resources,6,54000,2024-08-18,Paid
B02690,C0319,2024-10-18,Team Building Workshop,Team Building,11,47003,2024-11-09,Overdue
B02691,C0319,2024-12-31,Prompt Engineering for Professionals,AI & Technology,8,93208,2025-01-12,Paid
B02692,C0319,2025-03-02,Executive Assistant Excellence,Administration,14,69188,2025-03-20,Paid
B02693,C0319,2025-05-15,Presentation Skills,Communication Skills,6,30336,2025-05-30,Paid
B02694,C0319,2025-07-04,Emotional Intelligence,Personal Development,8,32024,2025-07-14,Paid
B02695,C0319,2025-09-07,Team Management Essentials,Leadership & Management,10,84340,2025-09-22,Paid
B02696,C0319,2025-11-06,Leadership Team Offsite,Team Building,8,49448,2025-11-16,Paid
B02697,C0320,2022-07-05,Sales Fundamentals,Sales & Marketing,8,57528,2022-07-28,Pending
B02698,C0320,2022-08-26,PMP Certification Prep,Project Management,10,98710,2022-09-17,Pending
B02699,C0320,2022-10-04,Employee Relations,Human Resources,5,34470,2022-10-15,Paid
B02700,C0320,2022-10-26,PMP Certification Prep,Project Management,2,20200,2022-10-26,Paid
B02701,C0320,2022-12-09,Prompt Engineering for Professionals,AI & Technology,8,59880,2022-12-17,Paid
B02702,C0320,2023-01-02,Problem Solving,Personal Development,9,34704,2023-01-04,Paid
B02703,C0320,2023-01-27,Business Communication,Communication Skills,5,30025,2023-01-30,Paid
B02704,C0320,2023-03-08,Performance Management,Leadership & Management,6,71406,2023-03-25,Paid
B02705,C0320,2023-04-27,Virtual Team Building,Team Building,5,20900,2023-05-12,Paid
B02706,C0320,2023-05-23,Business Writing,Administration,6,34296,2023-05-28,Paid
B02707,C0320,2023-06-21,Executive Assistant Excellence,Administration,2,11010,2023-07-17,Pending
B02708,C0320,2023-07-26,ISO 9001 Quality Management,Compliance & Quality,8,77672,2023-07-29,Paid
B02709,C0320,2023-09-13,Performance Management,Leadership & Management,10,100070,2023-09-20,Paid
B02710,C0320,2023-10-06,Digital Transformation,AI & Technology,6,39000,2023-10-19,Paid
B02711,C0320,2023-11-03,Business Writing,Administration,7,34727,2023-11-27,Overdue
B02712,C0321,2021-03-06,Virtual Team Building,Team Building,2,14000,2021-03-11,Paid
B02713,C0321,2021-05-14,Talent Acquisition,Human Resources,5,34045,2021-05-18,Paid
B02714,C0321,2021-08-14,Financial Analysis,Finance & Accounting,9,63009,2021-09-04,Overdue
B02715,C0321,2021-10-25,Employee Relations,Human Resources,4,24512,2021-10-28,Paid
B02716,C0321,2022-01-22,Team Building Workshop,Team Building,5,27505,2022-02-11,Paid
B02717,C0321,2022-04-19,Leadership Team Offsite,Team Building,6,44514,2022-05-10,Overdue
B02718,C0321,2022-06-27,Risk Management,Project Management,3,44487,2022-07-25,Pending
B02719,C0321,2022-09-25,Digital Marketing,Sales & Marketing,8,40248,2022-09-30,Paid
B02720,C0321,2022-12-11,Negotiation Skills,Communication Skills,2,11366,2022-12-16,Paid
B02721,C0321,2023-02-24,Office Management,Administration,8,31552,2023-02-26,Paid
B02722,C0321,2023-05-09,Leadership Team Offsite,Team Building,4,19468,2023-05-11,Paid
B02723,C0321,2023-08-12,Risk Management,Project Management,8,71104,2023-08-25,Paid
B02724,C0321,2023-10-25,Employee Relations,Human Resources,4,28360,2023-11-16,Overdue
B02725,C0321,2024-01-09,Service Quality Management,Customer Service,4,21736,2024-01-26,Paid
B02726,C0322,2024-02-03,Finance for Non-Finance,Finance & Accounting,20,146720,2024-02-22,Paid
B02727,C0322,2024-04-21,Performance Appraisal,Human Resources,10,57820,2024-05-03,Paid
B02728,C0322,2024-07-22,Financial Analysis,Finance & Accounting,22,203566,2024-08-05,Paid
B02729,C0322,2024-10-29,Performance Management,Leadership & Management,13,88816,2024-11-26,Pending
B02730,C0322,2025-02-04,Employee Relations,Human Resources,13,91637,2025-02-19,Paid
B02731,C0322,2025-05-02,Email Writing Mastery,Communication Skills,14,44212,2025-05-18,Paid
B02732,C0323,2024-06-17,Executive Leadership,Leadership & Management,10,101750,2024-07-04,Paid
B02733,C0323,2024-09-11,Change Management,Leadership & Management,5,57075,2024-09-28,Paid
B02734,C0323,2024-12-24,Performance Management,Leadership & Management,7,79107,2025-01-10,Paid
B02735,C0323,2025-03-17,Performance Management,Leadership & Management,6,54834,2025-03-27,Paid
B02736,C0323,2025-06-11,Data Literacy for Leaders,AI & Technology,4,31840,2025-06-12,Paid
B02737,C0324,2021-11-03,Team Building Workshop,Team Building,35,185605,2021-11-05,Paid
B02738,C0324,2021-12-07,Virtual Team Building,Team Building,25,125075,2021-12-12,Paid
B02739,C0324,2022-01-31,Office Management,Administration,23,95450,2022-01-31,Paid
B02740,C0324,2022-03-27,Team Management Essentials,Leadership & Management,15,92085,2022-04-20,Pending
B02741,C0324,2022-05-03,Risk & Compliance,Compliance & Quality,15,97980,2022-05-13,Paid
B02742,C0324,2022-06-24,Prince2 Foundation,Project Management,35,380765,2022-06-26,Paid
B02743,C0324,2022-08-13,Performance Management,Leadership & Management,21,195237,2022-09-12,Pending
B02744,C0324,2022-09-14,Service Quality Management,Customer Service,32,153728,2022-09-25,Paid
B02745,C0324,2022-10-30,Executive Leadership,Leadership & Management,35,355635,2022-10-30,Paid
B02746,C0324,2022-12-03,Team Building Workshop,Team Building,19,87951,2022-12-13,Paid
B02747,C0324,2023-01-21,Conflict Resolution,Communication Skills,18,103338,2023-02-19,Overdue
B02748,C0324,2023-03-06,Leadership Team Offsite,Team Building,24,103368,2023-03-11,Paid
B02749,C0324,2023-04-07,Performance Management,Leadership & Management,32,223328,2023-04-26,Paid
B02750,C0324,2023-05-20,Executive Assistant Excellence,Administration,33,160182,2023-06-04,Paid
B02751,C0325,2021-09-12,Risk Management,Project Management,15,188100,2021-10-06,Overdue
B02752,C0325,2021-12-26,Key Account Management,Sales & Marketing,11,58773,2022-01-07,Paid
B02753,C0325,2022-04-05,Digital Marketing,Sales & Marketing,11,66165,2022-04-18,Paid
B02754,C0325,2022-06-22,Sales Fundamentals,Sales & Marketing,10,44030,2022-07-11,Paid
B02755,C0326,2025-07-14,Compensation & Benefits,Human Resources,27,170127,2025-08-03,Paid
B02756,C0326,2025-09-05,Business Communication,Communication Skills,17,71961,2025-09-28,Overdue
B02757,C0327,2022-04-14,Executive Leadership,Leadership & Management,26,210834,2022-05-10,Pending
B02758,C0327,2022-05-30,ISO 9001 Quality Management,Compliance & Quality,33,282546,2022-06-22,Pending
B02759,C0327,2022-07-21,Data Literacy for Leaders,AI & Technology,16,158032,2022-08-05,Paid
B02760,C0327,2022-08-27,Executive Leadership,Leadership & Management,28,207116,2022-09-03,Paid
B02761,C0327,2022-10-07,Customer Service Excellence,Customer Service,34,159358,2022-10-24,Paid
B02762,C0327,2022-11-23,Sales Fundamentals,Sales & Marketing,34,186490,2022-12-18,Pending
B02763,C0327,2022-12-31,Innovation Workshop,Team Building,34,207740,2023-01-20,Paid
B02764,C0327,2023-02-28,AI for Business Leaders,AI & Technology,20,128000,2023-03-02,Paid
B02765,C0327,2023-04-11,Executive Leadership,Leadership & Management,23,144348,2023-05-10,Pending
B02766,C0327,2023-05-31,Email Writing Mastery,Communication Skills,23,135263,2023-06-16,Paid
B02767,C0327,2023-07-11,Agile & Scrum Fundamentals,Project Management,32,335488,2023-08-03,Pending
B02768,C0327,2023-08-24,HR Analytics,Human Resources,35,267820,2023-09-01,Paid
B02769,C0327,2023-10-08,Problem Solving,Personal Development,20,89100,2023-11-07,Overdue
B02770,C0327,2023-12-02,Strategic Marketing,Sales & Marketing,22,132990,2023-12-08,Paid
B02771,C0328,2021-11-09,Business Writing,Administration,27,138483,2021-11-30,Overdue
B02772,C0328,2022-01-24,Team Building Workshop,Team Building,20,104300,2022-02-11,Paid
B02773,C0328,2022-04-20,Problem Solving,Personal Development,24,95232,2022-04-29,Paid
B02774,C0328,2022-07-19,Prince2 Foundation,Project Management,15,127335,2022-08-16,Overdue
B02775,C0328,2022-09-29,Leadership Team Offsite,Team Building,19,88939,2022-10-22,Overdue
B02776,C0328,2022-12-20,Performance Appraisal,Human Resources,18,111186,2023-01-19,Overdue
B02777,C0328,2023-03-08,Performance Management,Leadership & Management,29,180757,2023-04-03,Overdue
B02778,C0328,2023-05-24,Financial Analysis,Finance & Accounting,35,288365,2023-05-29,Paid
B02779,C0328,2023-08-06,Presentation Skills,Communication Skills,26,145912,2023-08-15,Paid
B02780,C0328,2023-11-05,Team Management Essentials,Leadership & Management,20,175140,2023-11-30,Pending
B02781,C0328,2024-01-16,Team Building Workshop,Team Building,26,119158,2024-02-02,Paid
B02782,C0328,2024-03-30,Office Management,Administration,20,79940,2024-04-05,Paid
B02783,C0329,2023-12-05,Finance for Non-Finance,Finance & Accounting,9,96318,2023-12-23,Paid
B02784,C0329,2024-02-25,Internal Control Systems,Compliance & Quality,13,123071,2024-03-25,Pending
B02785,C0329,2024-05-14,Innovation Workshop,Team Building,8,55944,2024-05-17,Paid
B02786,C0329,2024-07-29,Negotiation Skills,Communication Skills,8,46216,2024-08-20,Pending
B02787,C0329,2024-10-17,Finance for Non-Finance,Finance & Accounting,10,64590,2024-10-31,Paid
B02788,C0329,2025-01-17,Emotional Intelligence,Personal Development,5,28795,2025-02-08,Overdue
B02789,C0330,2024-04-24,Performance Appraisal,Human Resources,7,47565,2024-05-20,Overdue
B02790,C0330,2024-05-19,Prompt Engineering for Professionals,AI & Technology,7,86149,2024-05-22,Paid
B02791,C0330,2024-07-09,Email Writing Mastery,Communication Skills,5,34020,2024-07-13,Paid
B02792,C0330,2024-08-11,Risk & Compliance,Compliance & Quality,3,23211,2024-08-14,Paid
B02793,C0330,2024-09-11,Advanced Excel,Administration,9,50895,2024-09-25,Paid
B02794,C0330,2024-10-11,Team Building Workshop,Team Building,3,18687,2024-10-12,Paid
B02795,C0330,2024-12-03,Time Management,Personal Development,5,19935,2024-12-21,Paid
B02796,C0330,2025-01-02,Performance Management,Leadership & Management,5,55175,2025-01-08,Paid
B02797,C0331,2024-11-29,Performance Management,Leadership & Management,25,205725,2024-12-11,Paid
B02798,C0331,2025-01-02,PMP Certification Prep,Project Management,24,246840,2025-01-29,Overdue
B02799,C0331,2025-01-30,Innovation Workshop,Team Building,10,34360,2025-02-28,Pending
B02800,C0331,2025-03-26,Performance Appraisal,Human Resources,10,79220,2025-03-26,Paid
B02801,C0331,2025-05-05,Prompt Engineering for Professionals,AI & Technology,13,102102,2025-05-29,Overdue
B02802,C0331,2025-06-28,Agile & Scrum Fundamentals,Project Management,14,176834,2025-07-17,Paid
B02803,C0331,2025-07-26,AI for Business Leaders,AI & Technology,10,72260,2025-08-17,Overdue
B02804,C0331,2025-09-14,Business Communication,Communication Skills,25,129775,2025-10-06,Overdue
B02805,C0331,2025-10-13,HR Analytics,Human Resources,19,151335,2025-11-01,Paid
B02806,C0331,2025-12-09,Agile & Scrum Fundamentals,Project Management,23,156883,2026-01-06,Pending
B02807,C0332,2022-10-14,Change Management,Leadership & Management,6,67848,2022-11-03,Paid
B02808,C0332,2023-01-15,Innovation Workshop,Team Building,14,61558,2023-01-18,Paid
B02809,C0332,2023-04-04,Generative AI Essentials,AI & Technology,9,75150,2023-04-11,Paid
B02810,C0332,2023-06-15,Email Writing Mastery,Communication Skills,13,60268,2023-06-25,Paid
B02811,C0332,2023-09-19,Strategic Leadership,Leadership & Management,14,96866,2023-10-13,Overdue
B02812,C0332,2023-11-27,Talent Acquisition,Human Resources,7,65366,2023-12-20,Pending
B02813,C0332,2024-02-05,Performance Appraisal,Human Resources,14,100730,2024-02-21,Paid
B02814,C0332,2024-04-22,Risk Management,Project Management,6,59802,2024-05-06,Paid
B02815,C0332,2024-07-18,Finance for Non-Finance,Finance & Accounting,10,78760,2024-07-31,Paid
B02816,C0333,2021-03-27,AI for Business Leaders,AI & Technology,32,267520,2021-04-26,Pending
B02817,C0333,2021-05-12,Negotiation Skills,Communication Skills,35,106680,2021-06-05,Overdue
B02818,C0333,2021-05-30,Compensation & Benefits,Human Resources,30,250710,2021-06-11,Paid
B02819,C0333,2021-07-08,Complaint Handling,Customer Service,28,75880,2021-07-24,Paid
B02820,C0333,2021-08-17,Business Writing,Administration,18,60840,2021-09-09,Pending
B02821,C0333,2021-09-30,Complaint Handling,Customer Service,15,40440,2021-10-30,Pending
B02822,C0333,2021-11-09,Executive Leadership,Leadership & Management,31,228284,2021-11-20,Paid
B02823,C0333,2021-12-05,Conflict Resolution,Communication Skills,27,137403,2021-12-07,Paid
B02824,C0333,2021-12-26,Internal Control Systems,Compliance & Quality,15,129585,2021-12-30,Paid
B02825,C0334,2023-09-26,Data Literacy for Leaders,AI & Technology,20,171240,2023-10-14,Paid
B02826,C0334,2023-11-04,PMP Certification Prep,Project Management,30,334830,2023-12-01,Overdue
B02827,C0334,2024-01-02,Complaint Handling,Customer Service,32,153344,2024-01-30,Pending
B02828,C0334,2024-02-23,Emotional Intelligence,Personal Development,21,91875,2024-03-20,Overdue
B02829,C0334,2024-03-29,Financial Analysis,Finance & Accounting,16,101280,2024-04-05,Paid
B02830,C0334,2024-04-30,Budgeting & Forecasting,Finance & Accounting,32,177888,2024-05-25,Overdue
B02831,C0334,2024-06-28,Innovation Workshop,Team Building,21,96432,2024-07-07,Paid
B02832,C0334,2024-08-01,Compensation & Benefits,Human Resources,30,243090,2024-08-22,Pending
B02833,C0334,2024-09-23,Customer Service Excellence,Customer Service,16,52592,2024-09-30,Paid
B02834,C0334,2024-10-28,Problem Solving,Personal Development,26,121914,2024-11-20,Pending
B02835,C0334,2024-12-04,Executive Leadership,Leadership & Management,18,153522,2024-12-18,Paid
B02836,C0334,2025-01-30,Business Writing,Administration,15,76245,2025-02-25,Pending
B02837,C0334,2025-03-10,Key Account Management,Sales & Marketing,26,161590,2025-03-28,Paid
B02838,C0334,2025-04-19,Advanced Excel,Administration,17,67694,2025-04-28,Paid
B02839,C0334,2025-05-19,Digital Transformation,AI & Technology,20,112680,2025-06-10,Overdue
B02840,C0334,2025-07-13,HR Analytics,Human Resources,33,261030,2025-07-18,Paid
B02841,C0334,2025-08-24,Email Writing Mastery,Communication Skills,34,184722,2025-09-11,Paid
B02842,C0334,2025-10-08,Emotional Intelligence,Personal Development,35,140490,2025-11-01,Overdue
B02843,C0335,2024-10-05,Office Management,Administration,15,68430,2024-10-07,Paid
B02844,C0335,2024-12-06,AI for Business Leaders,AI & Technology,9,69201,2024-12-23,Paid
B02845,C0335,2025-01-28,ISO 9001 Quality Management,Compliance & Quality,10,99830,2025-02-09,Paid
B02846,C0335,2025-03-25,Critical Thinking,Personal Development,14,47782,2025-03-29,Paid
B02847,C0335,2025-05-19,Business Communication,Communication Skills,14,46648,2025-05-28,Paid
B02848,C0335,2025-07-18,Strategic Leadership,Leadership & Management,13,105365,2025-08-05,Paid
B02849,C0335,2025-09-11,Emotional Intelligence,Personal Development,8,29736,2025-10-09,Pending
B02850,C0335,2025-11-09,PMP Certification Prep,Project Management,7,104118,2025-12-03,Pending
B02851,C0336,2024-02-27,Strategic Leadership,Leadership & Management,32,295744,2024-03-02,Paid
B02852,C0336,2024-04-30,Email Writing Mastery,Communication Skills,35,118440,2024-05-14,Paid
B02853,C0336,2024-06-21,Leadership Team Offsite,Team Building,28,189952,2024-07-19,Pending
B02854,C0336,2024-08-11,Problem Solving,Personal Development,29,91495,2024-09-03,Pending
B02855,C0336,2024-10-07,Budgeting & Forecasting,Finance & Accounting,32,227584,2024-10-23,Paid
B02856,C0336,2024-12-02,Time Management,Personal Development,22,81026,2024-12-23,Overdue
B02857,C0336,2025-02-09,Problem Solving,Personal Development,22,95920,2025-02-13,Paid
B02858,C0336,2025-04-19,Executive Assistant Excellence,Administration,32,97120,2025-05-15,Overdue
B02859,C0336,2025-05-29,Internal Control Systems,Compliance & Quality,15,125235,2025-06-28,Overdue
B02860,C0336,2025-07-20,Executive Assistant Excellence,Administration,18,62460,2025-08-17,Overdue
B02861,C0336,2025-09-16,Business Communication,Communication Skills,15,73290,2025-10-11,Pending
B02862,C0336,2025-11-16,Email Writing Mastery,Communication Skills,33,185823,2025-11-27,Paid
B02863,C0337,2022-06-15,Performance Management,Leadership & Management,10,86120,2022-07-03,Paid
B02864,C0337,2022-07-25,Conflict Resolution,Communication Skills,7,36162,2022-08-14,Paid
B02865,C0338,2021-07-30,Digital Marketing,Sales & Marketing,28,128548,2021-08-20,Pending
B02866,C0338,2021-11-17,Innovation Workshop,Team Building,21,130410,2021-12-03,Paid
B02867,C0338,2022-03-01,Internal Audit,Finance & Accounting,33,259710,2022-03-30,Pending
B02868,C0338,2022-06-30,HR Analytics,Human Resources,21,163905,2022-07-08,Paid
B02869,C0339,2023-04-19,Strategic Leadership,Leadership & Management,20,185620,2023-05-13,Pending
B02870,C0339,2023-06-24,Leadership Excellence Program,Leadership & Management,15,142905,2023-07-07,Paid
B02871,C0339,2023-09-09,Time Management,Personal Development,27,105408,2023-09-11,Paid
B02872,C0339,2023-12-02,Executive Leadership,Leadership & Management,18,155610,2023-12-18,Paid
B02873,C0339,2024-02-23,Talent Acquisition,Human Resources,17,91494,2024-03-15,Pending
B02874,C0339,2024-05-01,Internal Control Systems,Compliance & Quality,34,281554,2024-05-27,Pending
B02875,C0339,2024-07-26,Executive Leadership,Leadership & Management,17,145554,2024-08-11,Paid
B02876,C0339,2024-10-09,Executive Leadership,Leadership & Management,34,268362,2024-10-11,Paid
B02877,C0339,2024-12-15,Financial Analysis,Finance & Accounting,35,211190,2025-01-11,Overdue
B02878,C0339,2025-03-04,Executive Leadership,Leadership & Management,29,254881,2025-03-28,Pending
B02879,C0339,2025-05-30,Critical Thinking,Personal Development,31,100161,2025-06-26,Overdue
B02880,C0339,2025-07-29,Problem Solving,Personal Development,28,132496,2025-08-02,Paid
B02881,C0340,2024-02-03,Service Quality Management,Customer Service,24,111216,2024-02-12,Paid
B02882,C0340,2024-03-19,Email Writing Mastery,Communication Skills,15,47655,2024-04-10,Overdue
B02883,C0340,2024-05-16,Project Planning & Execution,Project Management,22,266464,2024-06-12,Overdue
B02884,C0340,2024-07-01,Executive Assistant Excellence,Administration,14,70700,2024-07-05,Paid
B02885,C0340,2024-08-16,Presentation Skills,Communication Skills,10,49080,2024-09-10,Pending
B02886,C0340,2024-09-23,Virtual Team Building,Team Building,25,148075,2024-10-13,Paid
B02887,C0340,2024-11-28,Internal Control Systems,Compliance & Quality,25,215650,2024-12-27,Pending
B02888,C0340,2025-01-20,Prince2 Foundation,Project Management,12,145860,2025-02-13,Overdue
B02889,C0341,2022-02-09,Talent Acquisition,Human Resources,21,140280,2022-02-16,Paid
B02890,C0341,2022-04-21,Performance Management,Leadership & Management,19,154603,2022-05-02,Paid
B02891,C0341,2022-06-27,Advanced Excel,Administration,20,73580,2022-07-08,Paid
B02892,C0341,2022-08-24,Email Writing Mastery,Communication Skills,18,82818,2022-09-10,Paid
B02893,C0341,2022-10-15,Performance Management,Leadership & Management,29,174667,2022-10-21,Paid
B02894,C0341,2022-12-10,Prince2 Foundation,Project Management,18,132228,2022-12-29,Paid
B02895,C0342,2025-06-13,Complaint Handling,Customer Service,5,25510,2025-07-04,Overdue
B02896,C0342,2025-07-11,Project Planning & Execution,Project Management,9,108549,2025-07-28,Paid
B02897,C0342,2025-08-12,Digital Transformation,AI & Technology,7,67060,2025-08-15,Paid
B02898,C0343,2025-07-31,Financial Analysis,Finance & Accounting,9,78003,2025-08-18,Paid
B02899,C0343,2025-08-23,Executive Leadership,Leadership & Management,7,82187,2025-09-02,Paid
B02900,C0343,2025-10-11,Executive Leadership,Leadership & Management,7,71680,2025-10-20,Paid
B02901,C0343,2025-11-22,Key Account Management,Sales & Marketing,5,44925,2025-12-18,Pending
B02902,C0344,2021-04-03,PMP Certification Prep,Project Management,19,190456,2021-04-26,Overdue
B02903,C0344,2021-05-16,Executive Assistant Excellence,Administration,31,110577,2021-06-14,Pending
B02904,C0344,2021-07-04,Change Management,Leadership & Management,15,106095,2021-07-24,Paid
B02905,C0344,2021-08-29,Performance Management,Leadership & Management,30,301530,2021-09-15,Paid
B02906,C0344,2021-10-16,Internal Control Systems,Compliance & Quality,20,133240,2021-11-05,Paid
B02907,C0344,2021-12-18,Talent Acquisition,Human Resources,23,158861,2022-01-16,Overdue
B02908,C0344,2022-02-06,Prince2 Foundation,Project Management,33,349866,2022-02-16,Paid
B02909,C0344,2022-04-15,Virtual Team Building,Team Building,30,183900,2022-05-08,Overdue
B02910,C0344,2022-05-30,Employee Relations,Human Resources,28,227248,2022-06-25,Pending
B02911,C0344,2022-07-23,Internal Control Systems,Compliance & Quality,32,244512,2022-08-20,Pending
B02912,C0344,2022-09-18,Key Account Management,Sales & Marketing,20,122840,2022-10-09,Overdue
B02913,C0344,2022-11-16,Customer Service Excellence,Customer Service,15,55920,2022-11-23,Paid
B02914,C0345,2022-05-21,Digital Marketing,Sales & Marketing,16,90416,2022-06-17,Overdue
B02915,C0345,2022-07-29,Compensation & Benefits,Human Resources,27,186381,2022-08-22,Pending
B02916,C0345,2022-09-29,ISO 9001 Quality Management,Compliance & Quality,15,127365,2022-10-23,Pending
B02917,C0345,2022-11-07,Conflict Resolution,Communication Skills,32,111168,2022-11-09,Paid
B02918,C0345,2022-12-31,Executive Assistant Excellence,Administration,20,72060,2023-01-07,Paid
B02919,C0345,2023-03-05,Critical Thinking,Personal Development,26,95966,2023-03-26,Pending
B02920,C0345,2023-05-05,Performance Management,Leadership & Management,27,229446,2023-05-05,Paid
B02921,C0345,2023-07-01,Innovation Workshop,Team Building,25,131900,2023-07-15,Paid
B02922,C0345,2023-08-26,PMP Certification Prep,Project Management,23,221237,2023-09-13,Paid
B02923,C0345,2023-10-27,Risk Management,Project Management,17,177480,2023-11-16,Paid
B02924,C0345,2023-12-25,Innovation Workshop,Team Building,20,73040,2024-01-12,Paid
B02925,C0345,2024-02-15,Project Planning & Execution,Project Management,25,268825,2024-02-27,Paid
B02926,C0345,2024-04-06,Sales Fundamentals,Sales & Marketing,34,257516,2024-04-07,Paid
B02927,C0345,2024-06-05,Data Literacy for Leaders,AI & Technology,33,305052,2024-06-29,Overdue
B02928,C0345,2024-08-12,Compensation & Benefits,Human Resources,28,203560,2024-08-31,Paid
B02929,C0345,2024-09-23,Generative AI Essentials,AI & Technology,24,263496,2024-10-10,Paid
B02930,C0345,2024-11-15,Strategic Leadership,Leadership & Management,20,136660,2024-12-13,Pending
B02931,C0346,2023-12-27,Business Writing,Administration,9,50202,2024-01-05,Paid
B02932,C0346,2024-02-14,Problem Solving,Personal Development,7,29547,2024-03-13,Overdue
B02933,C0346,2024-04-04,Virtual Team Building,Team Building,14,72548,2024-04-21,Paid
B02934,C0346,2024-05-08,Critical Thinking,Personal Development,6,33906,2024-05-10,Paid
B02935,C0346,2024-06-25,Financial Analysis,Finance & Accounting,10,86700,2024-07-15,Paid
B02936,C0346,2024-08-17,Generative AI Essentials,AI & Technology,13,113256,2024-09-16,Pending
B02937,C0346,2024-09-30,Business Writing,Administration,15,67650,2024-10-02,Paid
B02938,C0346,2024-11-09,Presentation Skills,Communication Skills,7,31241,2024-12-07,Overdue
B02939,C0346,2024-12-29,Service Quality Management,Customer Service,11,46332,2025-01-04,Paid
B02940,C0346,2025-02-13,Generative AI Essentials,AI & Technology,15,102360,2025-02-13,Paid
B02941,C0346,2025-04-03,Emotional Intelligence,Personal Development,12,42072,2025-04-15,Paid
B02942,C0347,2024-09-07,Emotional Intelligence,Personal Development,32,136448,2024-09-19,Paid
B02943,C0347,2024-12-03,Generative AI Essentials,AI & Technology,19,187454,2024-12-21,Paid
B02944,C0347,2025-02-25,Complaint Handling,Customer Service,31,132680,2025-03-19,Pending
B02945,C0347,2025-05-21,Project Planning & Execution,Project Management,25,259825,2025-06-08,Paid
B02946,C0347,2025-08-07,Talent Acquisition,Human Resources,30,231300,2025-08-08,Paid
B02947,C0348,2024-12-23,Critical Thinking,Personal Development,17,65161,2024-12-24,Paid
B02948,C0348,2025-02-06,Business Writing,Administration,18,55404,2025-02-27,Overdue
B02949,C0348,2025-04-03,Leadership Team Offsite,Team Building,22,103972,2025-04-26,Overdue
B02950,C0348,2025-05-24,Office Management,Administration,24,118944,2025-05-25,Paid
B02951,C0348,2025-06-28,Strategic Leadership,Leadership & Management,13,92534,2025-07-06,Paid
B02952,C0348,2025-08-14,Generative AI Essentials,AI & Technology,15,164160,2025-09-06,Overdue
B02953,C0348,2025-10-08,Negotiation Skills,Communication Skills,18,69264,2025-10-13,Paid
B02954,C0348,2025-11-17,AI for Business Leaders,AI & Technology,22,192104,2025-12-05,Paid
B02955,C0349,2021-03-04,Virtual Team Building,Team Building,6,43398,2021-03-16,Paid
B02956,C0349,2021-04-05,Employee Relations,Human Resources,5,41185,2021-05-05,Pending
B02957,C0349,2021-05-22,Business Communication,Communication Skills,8,33384,2021-05-30,Paid
B02958,C0349,2021-07-08,Performance Management,Leadership & Management,7,59696,2021-07-25,Paid
B02959,C0349,2021-08-17,Leadership Team Offsite,Team Building,7,48713,2021-09-15,Overdue
B02960,C0349,2021-09-16,HR Management Essentials,Human Resources,7,53151,2021-09-21,Paid
B02961,C0349,2021-10-12,Digital Transformation,AI & Technology,4,39224,2021-11-11,Pending
B02962,C0349,2021-11-22,Business Writing,Administration,5,24530,2021-12-08,Paid
B02963,C0349,2021-12-20,Time Management,Personal Development,7,23926,2021-12-27,Paid
B02964,C0349,2022-01-30,Key Account Management,Sales & Marketing,3,21879,2022-02-21,Overdue
B02965,C0349,2022-03-22,Negotiation Skills,Communication Skills,7,25235,2022-04-21,Overdue
B02966,C0349,2022-04-16,AI for Business Leaders,AI & Technology,6,57984,2022-05-16,Overdue
B02967,C0349,2022-05-28,Strategic Leadership,Leadership & Management,7,76965,2022-06-21,Overdue
B02968,C0349,2022-07-05,Internal Control Systems,Compliance & Quality,6,53016,2022-07-05,Paid
B02969,C0350,2022-03-27,Change Management,Leadership & Management,13,120900,2022-04-15,Paid
B02970,C0350,2022-05-29,Digital Marketing,Sales & Marketing,15,66195,2022-06-04,Paid
B02971,C0350,2022-07-15,AI for Business Leaders,AI & Technology,20,191520,2022-07-22,Paid
B02972,C0350,2022-09-25,Finance for Non-Finance,Finance & Accounting,11,67353,2022-10-21,Overdue
B02973,C0350,2022-11-29,Performance Appraisal,Human Resources,22,135740,2022-12-01,Paid
B02974,C0350,2023-02-09,Internal Audit,Finance & Accounting,19,164977,2023-02-12,Paid
B02975,C0350,2023-04-10,Internal Audit,Finance & Accounting,20,138660,2023-04-13,Paid
B02976,C0350,2023-06-19,Performance Appraisal,Human Resources,15,95610,2023-07-08,Paid
B02977,C0350,2023-08-20,Performance Appraisal,Human Resources,23,155388,2023-09-12,Pending
B02978,C0351,2024-02-16,Risk Management,Project Management,35,433545,2024-02-19,Paid
B02979,C0351,2024-05-05,Financial Analysis,Finance & Accounting,17,98073,2024-05-29,Overdue
B02980,C0351,2024-07-06,HR Management Essentials,Human Resources,29,186528,2024-07-25,Paid
B02981,C0351,2024-08-28,AI for Business Leaders,AI & Technology,18,186678,2024-09-15,Paid
B02982,C0351,2024-10-19,AI for Business Leaders,AI & Technology,30,283020,2024-10-20,Paid
B02983,C0351,2025-01-09,Time Management,Personal Development,19,80047,2025-01-09,Paid
B02984,C0351,2025-03-21,Finance for Non-Finance,Finance & Accounting,26,167128,2025-03-28,Paid
B02985,C0351,2025-05-20,Key Account Management,Sales & Marketing,31,191921,2025-06-16,Overdue
B02986,C0351,2025-08-10,Email Writing Mastery,Communication Skills,20,69020,2025-09-08,Overdue
B02987,C0352,2025-03-01,Innovation Workshop,Team Building,10,48450,2025-03-26,Overdue
B02988,C0352,2025-05-01,Generative AI Essentials,AI & Technology,9,79101,2025-05-10,Paid
B02989,C0352,2025-06-11,Prince2 Foundation,Project Management,4,48144,2025-07-03,Overdue
B02990,C0352,2025-08-08,Key Account Management,Sales & Marketing,7,56238,2025-09-05,Overdue
B02991,C0353,2022-09-28,Advanced Excel,Administration,19,68267,2022-10-14,Paid
B02992,C0353,2023-01-10,Project Planning & Execution,Project Management,19,210482,2023-02-08,Pending
B02993,C0353,2023-05-11,Performance Management,Leadership & Management,23,190049,2023-05-11,Paid
B02994,C0353,2023-08-21,Project Planning & Execution,Project Management,10,70730,2023-08-22,Paid
B02995,C0353,2023-12-15,Risk Management,Project Management,19,178467,2024-01-04,Paid
B02996,C0353,2024-04-11,Employee Relations,Human Resources,17,90984,2024-05-11,Pending
B02997,C0353,2024-07-21,Project Planning & Execution,Project Management,13,160732,2024-07-31,Paid
B02998,C0353,2024-11-14,Internal Audit,Finance & Accounting,12,83700,2024-11-14,Paid
B02999,C0354,2021-01-12,Budgeting & Forecasting,Finance & Accounting,9,96822,2021-01-28,Paid
B03000,C0354,2021-02-07,Emotional Intelligence,Personal Development,11,42823,2021-02-25,Paid
B03001,C0354,2021-03-20,Emotional Intelligence,Personal Development,12,36612,2021-04-04,Paid
B03002,C0354,2021-04-20,Business Writing,Administration,8,41856,2021-05-04,Paid
B03003,C0354,2021-06-04,Critical Thinking,Personal Development,12,60648,2021-07-04,Overdue
B03004,C0354,2021-07-19,Problem Solving,Personal Development,11,33781,2021-08-11,Pending
B03005,C0354,2021-08-26,Project Planning & Execution,Project Management,10,126900,2021-09-11,Paid
B03006,C0354,2021-10-07,Virtual Team Building,Team Building,7,54355,2021-10-18,Paid
B03007,C0354,2021-11-24,Financial Analysis,Finance & Accounting,8,56560,2021-12-10,Paid
B03008,C0354,2021-12-24,Performance Appraisal,Human Resources,7,62286,2022-01-10,Paid
B03009,C0354,2022-02-08,Risk & Compliance,Compliance & Quality,6,48570,2022-02-14,Paid
B03010,C0354,2022-03-08,Change Management,Leadership & Management,7,60473,2022-03-27,Paid
B03011,C0354,2022-04-11,Risk Management,Project Management,15,102735,2022-05-01,Paid
B03012,C0355,2025-06-13,Performance Management,Leadership & Management,17,150297,2025-06-21,Paid
B03013,C0355,2025-07-18,Strategic Marketing,Sales & Marketing,15,74385,2025-08-09,Overdue
B03014,C0355,2025-09-02,Presentation Skills,Communication Skills,10,48280,2025-09-07,Paid
B03015,C0355,2025-10-29,Innovation Workshop,Team Building,25,120125,2025-11-14,Paid
B03016,C0355,2025-12-02,Advanced Excel,Administration,12,63480,2025-12-16,Paid
B03017,C0356,2023-04-24,Negotiation Skills,Communication Skills,10,51600,2023-05-02,Paid
B03018,C0356,2023-08-05,Digital Marketing,Sales & Marketing,4,26208,2023-08-09,Paid
B03019,C0356,2023-10-30,Digital Transformation,AI & Technology,2,18330,2023-11-03,Paid
B03020,C0356,2024-01-28,Emotional Intelligence,Personal Development,3,15276,2024-02-23,Overdue
B03021,C0356,2024-04-26,Conflict Resolution,Communication Skills,10,38130,2024-05-19,Pending
B03022,C0356,2024-07-20,Email Writing Mastery,Communication Skills,2,11500,2024-08-16,Pending
B03023,C0356,2024-10-11,Advanced Excel,Administration,9,35955,2024-10-31,Paid
B03024,C0356,2025-01-17,Digital Marketing,Sales & Marketing,4,21036,2025-01-31,Paid
B03025,C0357,2024-04-10,HR Management Essentials,Human Resources,7,46445,2024-04-28,Paid
B03026,C0357,2024-05-15,Digital Transformation,AI & Technology,14,98210,2024-06-07,Overdue
B03027,C0357,2024-06-30,Prince2 Foundation,Project Management,6,84018,2024-07-13,Paid
B03028,C0357,2024-08-12,Risk & Compliance,Compliance & Quality,10,100240,2024-08-14,Paid
B03029,C0357,2024-09-25,Critical Thinking,Personal Development,9,35703,2024-10-12,Paid
B03030,C0357,2024-10-22,Data Literacy for Leaders,AI & Technology,7,59059,2024-11-19,Pending
B03031,C0357,2024-12-11,Internal Audit,Finance & Accounting,15,120855,2025-01-02,Pending
B03032,C0357,2025-01-19,ISO 9001 Quality Management,Compliance & Quality,14,135954,2025-01-25,Paid
B03033,C0357,2025-03-01,Internal Audit,Finance & Accounting,13,99697,2025-03-09,Paid
B03034,C0357,2025-04-09,Customer Service Excellence,Customer Service,6,30018,2025-05-02,Overdue
B03035,C0357,2025-05-30,Virtual Team Building,Team Building,12,49932,2025-06-04,Paid
B03036,C0357,2025-06-25,Risk & Compliance,Compliance & Quality,11,87637,2025-07-02,Paid
B03037,C0357,2025-08-15,Strategic Leadership,Leadership & Management,14,115710,2025-08-23,Paid
B03038,C0357,2025-10-01,HR Analytics,Human Resources,14,110908,2025-10-31,Overdue
B03039,C0357,2025-11-20,Emotional Intelligence,Personal Development,6,22434,2025-12-18,Overdue
B03040,C0357,2025-12-11,Time Management,Personal Development,14,57078,2025-12-11,Paid
B03041,C0358,2024-12-08,Compensation & Benefits,Human Resources,24,185856,2024-12-24,Paid
B03042,C0358,2025-02-21,Strategic Marketing,Sales & Marketing,13,64935,2025-03-08,Paid
B03043,C0358,2025-04-25,Advanced Excel,Administration,20,69120,2025-05-13,Paid
B03044,C0358,2025-06-30,Data Literacy for Leaders,AI & Technology,17,109378,2025-07-04,Paid
B03045,C0358,2025-08-31,Strategic Leadership,Leadership & Management,13,89531,2025-09-25,Overdue
B03046,C0359,2022-09-19,Team Management Essentials,Leadership & Management,23,225607,2022-10-04,Paid
B03047,C0359,2022-10-03,Time Management,Personal Development,29,126295,2022-10-19,Paid
B03048,C0359,2022-10-16,Key Account Management,Sales & Marketing,33,190575,2022-10-27,Paid
B03049,C0359,2022-10-25,Office Management,Administration,21,113148,2022-11-17,Overdue
B03050,C0360,2025-09-26,Critical Thinking,Personal Development,10,39220,2025-10-25,Pending
B03051,C0361,2022-01-22,Prince2 Foundation,Project Management,5,69815,2022-02-09,Paid
B03052,C0361,2022-03-10,Performance Management,Leadership & Management,2,16444,2022-03-30,Paid
B03053,C0361,2022-04-20,Digital Transformation,AI & Technology,4,51532,2022-05-19,Overdue
B03054,C0361,2022-06-08,Executive Assistant Excellence,Administration,2,7756,2022-06-17,Paid
B03055,C0361,2022-07-28,Talent Acquisition,Human Resources,9,64215,2022-08-17,Paid
B03056,C0361,2022-09-14,Virtual Team Building,Team Building,10,40700,2022-09-15,Paid
B03057,C0361,2022-11-23,Emotional Intelligence,Personal Development,5,15100,2022-12-11,Paid
B03058,C0361,2023-01-15,Customer Service Excellence,Customer Service,9,30042,2023-01-21,Paid
B03059,C0361,2023-03-17,Office Management,Administration,9,34920,2023-04-05,Paid
B03060,C0361,2023-04-29,Agile & Scrum Fundamentals,Project Management,4,45032,2023-04-30,Paid
B03061,C0361,2023-07-05,Critical Thinking,Personal Development,4,23988,2023-07-09,Paid
B03062,C0361,2023-09-02,Agile & Scrum Fundamentals,Project Management,5,46445,2023-09-05,Paid
B03063,C0361,2023-11-09,Office Management,Administration,9,46611,2023-11-23,Paid
B03064,C0361,2024-01-14,Leadership Team Offsite,Team Building,4,16876,2024-01-17,Paid
B03065,C0361,2024-03-13,Time Management,Personal Development,3,10422,2024-03-16,Paid
B03066,C0361,2024-05-03,Conflict Resolution,Communication Skills,8,31424,2024-05-07,Paid
B03067,C0361,2024-06-16,HR Management Essentials,Human Resources,2,12990,2024-07-05,Paid
B03068,C0361,2024-08-10,Team Building Workshop,Team Building,2,11656,2024-08-14,Paid
B03069,C0361,2024-09-22,Team Building Workshop,Team Building,7,46970,2024-10-15,Overdue
B03070,C0361,2024-11-13,Compensation & Benefits,Human Resources,5,48950,2024-12-02,Paid
B03071,C0362,2024-04-26,Executive Assistant Excellence,Administration,15,68400,2024-05-16,Paid
B03072,C0362,2024-06-10,Executive Assistant Excellence,Administration,19,90972,2024-06-13,Paid
B03073,C0362,2024-07-13,Risk Management,Project Management,19,152475,2024-07-16,Paid
B03074,C0362,2024-08-22,Performance Management,Leadership & Management,19,116052,2024-09-16,Overdue
B03075,C0362,2024-09-30,Critical Thinking,Personal Development,14,52122,2024-10-27,Pending
B03076,C0362,2024-11-06,Digital Transformation,AI & Technology,20,129220,2024-11-10,Paid
B03077,C0362,2024-12-09,Time Management,Personal Development,19,73283,2024-12-13,Paid
B03078,C0362,2025-01-22,Strategic Leadership,Leadership & Management,16,136048,2025-02-21,Overdue
B03079,C0362,2025-02-18,Team Building Workshop,Team Building,22,139106,2025-03-15,Pending
B03080,C0363,2021-09-28,Innovation Workshop,Team Building,9,66357,2021-09-28,Paid
B03081,C0363,2021-11-26,Innovation Workshop,Team Building,3,14811,2021-12-10,Paid
B03082,C0363,2022-01-21,Agile & Scrum Fundamentals,Project Management,4,41024,2022-01-27,Paid
B03083,C0363,2022-03-19,Complaint Handling,Customer Service,7,36757,2022-03-29,Paid
B03084,C0363,2022-05-07,Generative AI Essentials,AI & Technology,7,67711,2022-05-16,Paid
B03085,C0363,2022-06-18,Leadership Team Offsite,Team Building,4,19472,2022-07-15,Pending
B03086,C0364,2024-12-31,Executive Leadership,Leadership & Management,8,64064,2025-01-11,Paid
B03087,C0364,2025-02-22,Emotional Intelligence,Personal Development,4,19852,2025-03-01,Paid
B03088,C0364,2025-03-27,Data Literacy for Leaders,AI & Technology,9,78984,2025-03-28,Paid
B03089,C0364,2025-04-25,Prince2 Foundation,Project Management,2,23258,2025-05-18,Pending
B03090,C0364,2025-05-28,Complaint Handling,Customer Service,8,43352,2025-05-28,Paid
B03091,C0364,2025-07-11,Customer Service Excellence,Customer Service,5,17660,2025-07-15,Paid
B03092,C0365,2021-04-05,PMP Certification Prep,Project Management,25,225575,2021-04-13,Paid
B03093,C0365,2021-06-12,Prince2 Foundation,Project Management,35,394450,2021-06-12,Paid
B03094,C0365,2021-08-17,Employee Relations,Human Resources,24,125088,2021-08-24,Paid
B03095,C0366,2022-01-19,Digital Transformation,AI & Technology,24,194184,2022-02-01,Paid
B03096,C0366,2022-02-25,ISO 9001 Quality Management,Compliance & Quality,19,121619,2022-03-08,Paid
B03097,C0366,2022-03-26,Service Quality Management,Customer Service,21,80724,2022-04-04,Paid
B03098,C0366,2022-05-12,Complaint Handling,Customer Service,15,51090,2022-05-20,Paid
B03099,C0366,2022-06-27,Digital Marketing,Sales & Marketing,13,61438,2022-07-23,Overdue
B03100,C0366,2022-07-27,Sales Fundamentals,Sales & Marketing,23,97957,2022-07-30,Paid
B03101,C0366,2022-09-13,Team Management Essentials,Leadership & Management,11,74514,2022-10-08,Pending
B03102,C0366,2022-10-16,Team Management Essentials,Leadership & Management,16,98160,2022-11-10,Overdue
B03103,C0367,2022-01-07,Performance Management,Leadership & Management,9,74934,2022-01-20,Paid
B03104,C0367,2022-03-21,AI for Business Leaders,AI & Technology,2,21918,2022-03-21,Paid
B03105,C0367,2022-05-31,AI for Business Leaders,AI & Technology,3,37359,2022-06-21,Overdue
B03106,C0367,2022-08-06,Service Quality Management,Customer Service,3,10818,2022-08-24,Paid
B03107,C0367,2022-10-28,Strategic Leadership,Leadership & Management,3,29421,2022-11-19,Pending
B03108,C0367,2023-01-25,Sales Fundamentals,Sales & Marketing,3,17400,2023-02-10,Paid
B03109,C0368,2022-07-14,PMP Certification Prep,Project Management,5,42205,2022-07-28,Paid
B03110,C0369,2024-10-13,Email Writing Mastery,Communication Skills,20,67420,2024-11-04,Pending
B03111,C0369,2024-11-06,Strategic Leadership,Leadership & Management,15,148260,2024-11-19,Paid
B03112,C0369,2024-11-29,HR Management Essentials,Human Resources,26,180700,2024-12-26,Overdue
B03113,C0369,2025-01-16,Service Quality Management,Customer Service,28,139944,2025-01-29,Paid
B03114,C0369,2025-03-06,Time Management,Personal Development,23,98371,2025-03-06,Paid
B03115,C0369,2025-04-06,Performance Appraisal,Human Resources,18,126954,2025-04-06,Paid
B03116,C0369,2025-05-09,Business Communication,Communication Skills,21,111510,2025-06-03,Pending
B03117,C0369,2025-06-16,Time Management,Personal Development,27,83538,2025-07-12,Overdue
B03118,C0369,2025-08-07,HR Analytics,Human Resources,28,229488,2025-08-19,Paid
B03119,C0369,2025-09-06,Complaint Handling,Customer Service,19,53656,2025-09-17,Paid
B03120,C0369,2025-10-13,Prompt Engineering for Professionals,AI & Technology,17,156009,2025-10-20,Paid
B03121,C0369,2025-11-13,Project Planning & Execution,Project Management,30,207930,2025-11-14,Paid
B03122,C0369,2025-12-11,Executive Leadership,Leadership & Management,23,201365,2025-12-24,Paid
B03123,C0370,2021-07-30,Executive Assistant Excellence,Administration,9,36081,2021-08-28,Overdue
B03124,C0370,2021-09-16,Team Management Essentials,Leadership & Management,2,18302,2021-10-04,Paid
B03125,C0370,2021-10-14,Compensation & Benefits,Human Resources,10,77740,2021-11-13,Pending
B03126,C0370,2021-11-21,Internal Control Systems,Compliance & Quality,6,70218,2021-11-21,Paid
B03127,C0370,2021-12-27,Internal Audit,Finance & Accounting,5,35190,2022-01-06,Paid
B03128,C0370,2022-01-14,ISO 9001 Quality Management,Compliance & Quality,4,29384,2022-01-22,Paid
B03129,C0370,2022-02-25,Emotional Intelligence,Personal Development,10,26810,2022-03-22,Overdue
B03130,C0370,2022-03-17,Problem Solving,Personal Development,9,41553,2022-04-11,Overdue
B03131,C0370,2022-04-29,Critical Thinking,Personal Development,5,28270,2022-05-01,Paid
B03132,C0370,2022-05-20,Talent Acquisition,Human Resources,9,75753,2022-06-03,Paid
B03133,C0370,2022-06-08,Office Management,Administration,3,15594,2022-06-20,Paid
B03134,C0370,2022-07-10,Time Management,Personal Development,10,35680,2022-07-13,Paid
B03135,C0370,2022-08-15,Customer Service Excellence,Customer Service,8,27256,2022-08-19,Paid
B03136,C0370,2022-09-17,Performance Appraisal,Human Resources,9,64566,2022-10-17,Pending
B03137,C0371,2021-01-17,Executive Assistant Excellence,Administration,6,35322,2021-02-04,Paid
B03138,C0371,2021-02-24,Agile & Scrum Fundamentals,Project Management,9,131499,2021-02-24,Paid
B03139,C0371,2021-04-02,Change Management,Leadership & Management,6,50112,2021-04-30,Overdue
B03140,C0371,2021-05-09,Executive Assistant Excellence,Administration,4,14428,2021-05-15,Paid
B03141,C0371,2021-07-04,Sales Fundamentals,Sales & Marketing,2,14222,2021-07-18,Paid
B03142,C0371,2021-08-08,Internal Control Systems,Compliance & Quality,10,71440,2021-08-11,Paid
B03143,C0371,2021-10-01,Performance Management,Leadership & Management,8,59592,2021-10-27,Pending
B03144,C0371,2021-11-10,Executive Assistant Excellence,Administration,2,12166,2021-12-05,Overdue
B03145,C0371,2021-12-23,PMP Certification Prep,Project Management,10,123640,2021-12-25,Paid
B03146,C0371,2022-01-27,Compensation & Benefits,Human Resources,7,61621,2022-02-18,Overdue
B03147,C0371,2022-03-04,Risk Management,Project Management,3,26052,2022-03-18,Paid
B03148,C0371,2022-04-26,Strategic Leadership,Leadership & Management,10,94560,2022-05-16,Paid
B03149,C0371,2022-06-17,Prompt Engineering for Professionals,AI & Technology,6,71508,2022-07-03,Paid
B03150,C0371,2022-08-16,Strategic Leadership,Leadership & Management,3,34431,2022-09-14,Overdue
B03151,C0371,2022-10-01,HR Analytics,Human Resources,6,49146,2022-10-05,Paid
B03152,C0372,2022-03-25,Employee Relations,Human Resources,24,203640,2022-04-10,Paid
B03153,C0372,2022-05-17,Negotiation Skills,Communication Skills,24,72336,2022-06-03,Paid
B03154,C0372,2022-07-25,HR Management Essentials,Human Resources,11,87186,2022-07-25,Paid
B03155,C0372,2022-09-30,HR Analytics,Human Resources,11,72127,2022-10-15,Paid
B03156,C0372,2022-12-06,Internal Audit,Finance & Accounting,25,154400,2023-01-01,Pending
B03157,C0372,2023-01-25,Talent Acquisition,Human Resources,22,155320,2023-01-27,Paid
B03158,C0372,2023-03-21,Budgeting & Forecasting,Finance & Accounting,22,135542,2023-04-14,Pending
B03159,C0372,2023-05-15,Prince2 Foundation,Project Management,25,287375,2023-06-10,Overdue
B03160,C0372,2023-07-16,ISO 9001 Quality Management,Compliance & Quality,15,151890,2023-08-06,Overdue
B03161,C0372,2023-09-22,Data Literacy for Leaders,AI & Technology,14,122500,2023-10-15,Overdue
B03162,C0373,2025-04-23,Team Management Essentials,Leadership & Management,14,117866,2025-04-30,Paid
B03163,C0373,2025-06-28,Advanced Excel,Administration,6,27354,2025-07-26,Pending
B03164,C0373,2025-09-01,ISO 9001 Quality Management,Compliance & Quality,14,124572,2025-09-04,Paid
B03165,C0373,2025-10-17,Presentation Skills,Communication Skills,11,34408,2025-11-01,Paid
B03166,C0374,2022-01-17,Data Literacy for Leaders,AI & Technology,32,226720,2022-01-27,Paid
B03167,C0374,2022-03-23,Team Building Workshop,Team Building,27,125064,2022-03-26,Paid
B03168,C0374,2022-06-08,Innovation Workshop,Team Building,29,157238,2022-07-03,Overdue
B03169,C0374,2022-08-31,HR Management Essentials,Human Resources,24,175848,2022-09-01,Paid
B03170,C0374,2022-11-20,Time Management,Personal Development,28,139804,2022-12-10,Paid
B03171,C0374,2023-02-06,Financial Analysis,Finance & Accounting,34,276896,2023-02-18,Paid
B03172,C0375,2023-10-27,PMP Certification Prep,Project Management,27,210357,2023-11-01,Paid
B03173,C0375,2023-12-17,Presentation Skills,Communication Skills,33,185493,2023-12-24,Paid
B03174,C0375,2024-01-27,Internal Control Systems,Compliance & Quality,35,307335,2024-02-04,Paid
B03175,C0375,2024-03-02,Generative AI Essentials,AI & Technology,32,204640,2024-03-02,Paid
B03176,C0375,2024-03-24,Key Account Management,Sales & Marketing,33,250536,2024-04-18,Pending
B03177,C0375,2024-04-23,Finance for Non-Finance,Finance & Accounting,32,265920,2024-05-10,Paid
B03178,C0375,2024-05-29,Business Writing,Administration,31,116808,2024-06-17,Paid
B03179,C0375,2024-07-06,Team Management Essentials,Leadership & Management,28,193396,2024-07-14,Paid
B03180,C0375,2024-08-06,Email Writing Mastery,Communication Skills,30,105030,2024-08-30,Overdue
B03181,C0375,2024-09-01,Time Management,Personal Development,33,91971,2024-09-14,Paid
B03182,C0375,2024-09-25,Strategic Leadership,Leadership & Management,34,217294,2024-09-27,Paid
B03183,C0375,2024-10-31,Budgeting & Forecasting,Finance & Accounting,17,119289,2024-11-26,Pending
B03184,C0375,2024-11-22,Prompt Engineering for Professionals,AI & Technology,22,176330,2024-12-13,Pending
B03185,C0375,2024-12-18,Internal Control Systems,Compliance & Quality,21,184506,2024-12-21,Paid
B03186,C0375,2025-01-26,Employee Relations,Human Resources,21,141834,2025-02-18,Overdue
B03187,C0375,2025-02-27,Leadership Excellence Program,Leadership & Management,25,181200,2025-03-06,Paid
B03188,C0376,2024-06-25,Business Writing,Administration,5,20890,2024-07-06,Paid
B03189,C0376,2024-08-18,Finance for Non-Finance,Finance & Accounting,9,95031,2024-08-22,Paid
B03190,C0376,2024-10-18,HR Analytics,Human Resources,6,51144,2024-10-21,Paid
B03191,C0376,2024-12-17,Complaint Handling,Customer Service,10,48130,2024-12-18,Paid
B03192,C0376,2025-02-02,Talent Acquisition,Human Resources,9,64080,2025-02-02,Paid
B03193,C0376,2025-03-30,ISO 9001 Quality Management,Compliance & Quality,14,123886,2025-04-11,Paid
B03194,C0376,2025-05-23,Change Management,Leadership & Management,12,111852,2025-06-20,Pending
B03195,C0376,2025-07-30,Innovation Workshop,Team Building,13,49933,2025-08-21,Overdue
B03196,C0377,2023-01-06,Team Building Workshop,Team Building,15,96225,2023-01-18,Paid
B03197,C0377,2023-04-25,Sales Fundamentals,Sales & Marketing,32,152160,2023-04-28,Paid
B03198,C0377,2023-08-11,Finance for Non-Finance,Finance & Accounting,17,146319,2023-08-19,Paid
B03199,C0378,2022-07-06,Complaint Handling,Customer Service,34,165172,2022-07-23,Paid
B03200,C0378,2022-08-31,Emotional Intelligence,Personal Development,22,109604,2022-09-18,Paid
B03201,C0378,2022-10-08,Email Writing Mastery,Communication Skills,34,166158,2022-10-22,Paid
B03202,C0378,2022-12-04,Budgeting & Forecasting,Finance & Accounting,31,253518,2022-12-22,Paid
B03203,C0378,2023-01-14,Budgeting & Forecasting,Finance & Accounting,17,132651,2023-01-24,Paid
B03204,C0378,2023-03-05,Prompt Engineering for Professionals,AI & Technology,23,177261,2023-03-30,Pending
B03205,C0378,2023-04-10,Agile & Scrum Fundamentals,Project Management,18,199296,2023-04-14,Paid
B03206,C0378,2023-06-09,Team Building Workshop,Team Building,34,196010,2023-06-14,Paid
B03207,C0378,2023-07-22,Executive Leadership,Leadership & Management,30,253950,2023-07-29,Paid
B03208,C0378,2023-09-11,Business Writing,Administration,27,145611,2023-09-12,Paid
B03209,C0378,2023-10-24,Presentation Skills,Communication Skills,18,57942,2023-11-08,Paid
B03210,C0378,2023-12-24,Performance Management,Leadership & Management,28,178640,2023-12-31,Paid
B03211,C0378,2024-02-01,Time Management,Personal Development,32,143424,2024-02-26,Overdue
B03212,C0378,2024-03-20,Performance Appraisal,Human Resources,28,173404,2024-03-27,Paid
B03213,C0379,2024-02-04,Time Management,Personal Development,5,22760,2024-02-19,Paid
B03214,C0379,2024-05-08,Leadership Excellence Program,Leadership & Management,5,36010,2024-05-27,Paid
B03215,C0379,2024-08-09,Problem Solving,Personal Development,15,68130,2024-08-18,Paid
B03216,C0379,2024-11-23,Risk & Compliance,Compliance & Quality,7,66129,2024-12-09,Paid
B03217,C0379,2025-03-11,Prompt Engineering for Professionals,AI & Technology,9,71685,2025-03-12,Paid
B03218,C0379,2025-06-17,Financial Analysis,Finance & Accounting,11,89496,2025-07-08,Overdue
B03219,C0379,2025-09-25,ISO 9001 Quality Management,Compliance & Quality,13,116701,2025-10-08,Paid
B03220,C0380,2023-06-17,Strategic Marketing,Sales & Marketing,9,57528,2023-07-04,Paid
B03221,C0380,2023-07-25,Strategic Leadership,Leadership & Management,9,85743,2023-08-18,Overdue
B03222,C0380,2023-09-16,Employee Relations,Human Resources,5,46000,2023-10-02,Paid
B03223,C0380,2023-10-27,Risk & Compliance,Compliance & Quality,2,20964,2023-10-31,Paid
B03224,C0380,2023-12-02,Compensation & Benefits,Human Resources,7,49399,2023-12-27,Overdue
B03225,C0380,2024-01-04,Conflict Resolution,Communication Skills,4,27996,2024-01-24,Paid
B03226,C0380,2024-02-01,HR Management Essentials,Human Resources,8,59024,2024-02-23,Overdue
B03227,C0380,2024-03-26,Executive Leadership,Leadership & Management,3,30744,2024-04-15,Paid
B03228,C0380,2024-05-18,Business Communication,Communication Skills,7,31059,2024-06-16,Pending
B03229,C0380,2024-07-14,Leadership Excellence Program,Leadership & Management,8,66496,2024-08-10,Pending
B03230,C0380,2024-08-20,Agile & Scrum Fundamentals,Project Management,4,36984,2024-08-29,Paid
B03231,C0380,2024-09-27,HR Management Essentials,Human Resources,9,69777,2024-10-27,Overdue
B03232,C0380,2024-11-07,Business Writing,Administration,9,42948,2024-11-19,Paid
B03233,C0380,2025-01-01,Project Planning & Execution,Project Management,7,91161,2025-01-03,Paid
B03234,C0380,2025-02-09,Conflict Resolution,Communication Skills,2,7848,2025-02-11,Paid
B03235,C0381,2023-08-21,Risk & Compliance,Compliance & Quality,22,140074,2023-08-21,Paid
B03236,C0381,2023-09-15,Leadership Team Offsite,Team Building,10,37760,2023-09-30,Paid
B03237,C0381,2023-10-19,Prompt Engineering for Professionals,AI & Technology,22,195228,2023-11-10,Overdue
B03238,C0381,2023-12-10,Data Literacy for Leaders,AI & Technology,14,96432,2024-01-06,Pending
B03239,C0381,2024-01-29,HR Management Essentials,Human Resources,21,139545,2024-02-27,Pending
B03240,C0381,2024-03-08,Risk & Compliance,Compliance & Quality,18,162990,2024-03-12,Paid
B03241,C0381,2024-04-26,Advanced Excel,Administration,23,89470,2024-05-23,Pending
B03242,C0381,2024-06-18,Critical Thinking,Personal Development,23,64722,2024-06-22,Paid
B03243,C0381,2024-07-19,Team Building Workshop,Team Building,13,85813,2024-07-24,Paid
B03244,C0381,2024-08-28,Executive Leadership,Leadership & Management,16,154096,2024-09-05,Paid
B03245,C0382,2024-10-15,Complaint Handling,Customer Service,26,129324,2024-11-02,Paid
B03246,C0382,2025-02-12,Team Building Workshop,Team Building,27,173205,2025-03-08,Pending
B03247,C0382,2025-05-30,Sales Fundamentals,Sales & Marketing,32,175008,2025-06-25,Pending
B03248,C0382,2025-09-09,Negotiation Skills,Communication Skills,23,109572,2025-09-14,Paid
B03249,C0383,2021-08-24,Negotiation Skills,Communication Skills,9,33237,2021-08-25,Paid
B03250,C0383,2021-10-17,Office Management,Administration,11,42460,2021-10-26,Paid
B03251,C0383,2021-12-06,Problem Solving,Personal Development,10,35420,2021-12-26,Paid
B03252,C0383,2022-01-30,Sales Fundamentals,Sales & Marketing,10,68250,2022-02-03,Paid
B03253,C0383,2022-03-28,Talent Acquisition,Human Resources,6,38736,2022-04-01,Paid
B03254,C0383,2022-05-07,Talent Acquisition,Human Resources,7,68796,2022-05-29,Overdue
B03255,C0383,2022-06-25,Financial Analysis,Finance & Accounting,13,116285,2022-07-16,Pending
B03256,C0383,2022-08-07,Service Quality Management,Customer Service,12,47220,2022-08-31,Pending
B03257,C0383,2022-10-07,Compensation & Benefits,Human Resources,15,91815,2022-10-27,Paid
B03258,C0383,2022-11-17,Problem Solving,Personal Development,15,46920,2022-12-02,Paid
B03259,C0384,2023-12-16,Data Literacy for Leaders,AI & Technology,32,261312,2024-01-06,Pending
B03260,C0384,2024-01-18,Internal Control Systems,Compliance & Quality,17,157335,2024-01-29,Paid
B03261,C0385,2021-10-14,Change Management,Leadership & Management,34,293896,2021-11-13,Pending
B03262,C0385,2022-01-09,Internal Control Systems,Compliance & Quality,16,123584,2022-01-19,Paid
B03263,C0385,2022-04-30,Advanced Excel,Administration,35,127785,2022-05-01,Paid
B03264,C0386,2024-01-20,Finance for Non-Finance,Finance & Accounting,14,99708,2024-01-30,Paid
B03265,C0386,2024-04-19,Employee Relations,Human Resources,9,54432,2024-04-20,Paid
B03266,C0386,2024-07-21,Business Writing,Administration,15,50040,2024-08-06,Paid
B03267,C0386,2024-11-04,Change Management,Leadership & Management,11,99176,2024-11-19,Paid
B03268,C0386,2025-02-12,Key Account Management,Sales & Marketing,9,63954,2025-03-12,Pending
B03269,C0386,2025-05-22,Complaint Handling,Customer Service,10,31490,2025-05-30,Paid
B03270,C0386,2025-09-08,HR Analytics,Human Resources,9,87795,2025-09-29,Overdue
B03271,C0387,2022-12-22,Time Management,Personal Development,14,46284,2023-01-05,Paid
B03272,C0387,2023-01-15,Advanced Excel,Administration,13,43511,2023-01-15,Paid
B03273,C0387,2023-03-05,Problem Solving,Personal Development,15,72240,2023-03-29,Overdue
B03274,C0387,2023-04-14,Compensation & Benefits,Human Resources,15,107610,2023-04-17,Paid
B03275,C0387,2023-05-13,Risk Management,Project Management,13,129714,2023-06-12,Overdue
B03276,C0387,2023-07-01,Generative AI Essentials,AI & Technology,11,108416,2023-07-19,Paid
B03277,C0387,2023-08-10,Prompt Engineering for Professionals,AI & Technology,11,105677,2023-08-26,Paid
B03278,C0387,2023-09-30,Key Account Management,Sales & Marketing,7,60368,2023-10-28,Pending
B03279,C0387,2023-11-03,Budgeting & Forecasting,Finance & Accounting,10,88750,2023-11-21,Paid
B03280,C0387,2023-12-18,Business Writing,Administration,7,38241,2023-12-21,Paid
B03281,C0387,2024-01-12,Finance for Non-Finance,Finance & Accounting,12,77784,2024-01-20,Paid
B03282,C0387,2024-02-19,Conflict Resolution,Communication Skills,8,29192,2024-03-15,Pending
B03283,C0388,2023-10-11,Prince2 Foundation,Project Management,13,109694,2023-10-18,Paid
B03284,C0388,2023-12-07,Digital Transformation,AI & Technology,6,46416,2023-12-10,Paid
B03285,C0388,2024-02-09,Problem Solving,Personal Development,15,66945,2024-02-24,Paid
B03286,C0388,2024-03-26,Strategic Leadership,Leadership & Management,11,77473,2024-04-25,Pending
B03287,C0388,2024-05-21,HR Management Essentials,Human Resources,13,105521,2024-06-06,Paid
B03288,C0388,2024-07-02,Executive Leadership,Leadership & Management,14,137592,2024-07-31,Pending
B03289,C0388,2024-08-10,Prince2 Foundation,Project Management,7,62944,2024-08-11,Paid
B03290,C0388,2024-09-21,Internal Control Systems,Compliance & Quality,6,42732,2024-09-26,Paid
B03291,C0388,2024-10-29,Employee Relations,Human Resources,7,67487,2024-10-29,Paid
B03292,C0388,2024-12-30,Strategic Leadership,Leadership & Management,6,67656,2025-01-11,Paid
B03293,C0388,2025-02-08,Sales Fundamentals,Sales & Marketing,11,61270,2025-02-11,Paid
B03294,C0388,2025-04-09,Team Management Essentials,Leadership & Management,5,55800,2025-05-05,Overdue
B03295,C0388,2025-05-30,Advanced Excel,Administration,11,37378,2025-05-30,Paid
B03296,C0388,2025-07-23,Data Literacy for Leaders,AI & Technology,6,53520,2025-07-29,Paid
B03297,C0388,2025-09-02,Negotiation Skills,Communication Skills,11,63228,2025-09-04,Paid
B03298,C0388,2025-10-24,Financial Analysis,Finance & Accounting,5,42135,2025-11-21,Overdue
B03299,C0389,2024-01-10,ISO 9001 Quality Management,Compliance & Quality,25,196825,2024-01-23,Paid
B03300,C0389,2024-04-25,ISO 9001 Quality Management,Compliance & Quality,14,102298,2024-05-05,Paid
B03301,C0389,2024-08-19,Budgeting & Forecasting,Finance & Accounting,23,177721,2024-09-14,Pending
B03302,C0389,2024-11-15,Team Management Essentials,Leadership & Management,10,73320,2024-12-08,Pending
B03303,C0389,2025-02-27,Sales Fundamentals,Sales & Marketing,22,163636,2025-03-04,Paid
B03304,C0389,2025-06-09,Leadership Excellence Program,Leadership & Management,21,165732,2025-07-09,Overdue
B03305,C0389,2025-09-27,Virtual Team Building,Team Building,22,108306,2025-10-23,Pending
B03306,C0390,2024-09-23,Complaint Handling,Customer Service,9,30384,2024-09-25,Paid
B03307,C0390,2024-11-30,Leadership Excellence Program,Leadership & Management,15,130290,2024-12-29,Overdue
B03308,C0390,2025-01-16,Budgeting & Forecasting,Finance & Accounting,6,43434,2025-02-07,Pending
B03309,C0390,2025-03-16,Financial Analysis,Finance & Accounting,5,50805,2025-04-02,Paid
B03310,C0390,2025-05-14,Internal Audit,Finance & Accounting,6,58602,2025-06-02,Paid
B03311,C0390,2025-07-27,Internal Control Systems,Compliance & Quality,14,109494,2025-08-20,Overdue
B03312,C0390,2025-10-02,Team Management Essentials,Leadership & Management,13,78702,2025-10-13,Paid
B03313,C0391,2022-01-21,Risk Management,Project Management,27,284013,2022-02-13,Overdue
B03314,C0391,2022-04-17,Prince2 Foundation,Project Management,27,297675,2022-05-01,Paid
B03315,C0391,2022-07-19,ISO 9001 Quality Management,Compliance & Quality,15,144390,2022-07-26,Paid
B03316,C0391,2022-10-20,Generative AI Essentials,AI & Technology,28,263480,2022-11-06,Paid
B03317,C0391,2023-01-25,AI for Business Leaders,AI & Technology,35,331205,2023-01-28,Paid
B03318,C0391,2023-04-21,Digital Marketing,Sales & Marketing,31,205344,2023-05-12,Overdue
B03319,C0391,2023-07-19,ISO 9001 Quality Management,Compliance & Quality,34,219470,2023-07-30,Paid
B03320,C0391,2023-10-24,Strategic Leadership,Leadership & Management,26,261742,2023-11-06,Paid
B03321,C0392,2021-03-13,Business Writing,Administration,5,20090,2021-03-13,Paid
B03322,C0392,2021-05-27,Performance Management,Leadership & Management,4,42140,2021-06-24,Overdue
B03323,C0392,2021-07-16,Sales Fundamentals,Sales & Marketing,10,62590,2021-08-02,Paid
B03324,C0392,2021-09-20,HR Management Essentials,Human Resources,8,48480,2021-09-29,Paid
B03325,C0392,2021-11-21,Performance Management,Leadership & Management,10,59890,2021-12-15,Overdue
B03326,C0392,2022-02-05,Project Planning & Execution,Project Management,3,43266,2022-02-19,Paid
B03327,C0392,2022-04-06,Negotiation Skills,Communication Skills,7,39130,2022-04-16,Paid
B03328,C0392,2022-05-24,Agile & Scrum Fundamentals,Project Management,9,107874,2022-06-07,Paid
B03329,C0393,2021-09-28,Generative AI Essentials,AI & Technology,10,65320,2021-10-06,Paid
B03330,C0393,2021-11-25,Performance Management,Leadership & Management,8,65024,2021-12-08,Paid
B03331,C0393,2022-01-24,Finance for Non-Finance,Finance & Accounting,4,31328,2022-01-28,Paid
B03332,C0393,2022-03-06,Time Management,Personal Development,9,39321,2022-03-22,Paid
B03333,C0393,2022-04-27,Prompt Engineering for Professionals,AI & Technology,3,30540,2022-04-28,Paid
B03334,C0393,2022-06-12,Risk & Compliance,Compliance & Quality,6,60006,2022-06-20,Paid
B03335,C0393,2022-07-31,Project Planning & Execution,Project Management,3,44232,2022-08-17,Paid
B03336,C0393,2022-09-25,Presentation Skills,Communication Skills,6,30162,2022-10-10,Paid
B03337,C0393,2022-11-06,Team Management Essentials,Leadership & Management,7,73948,2022-11-30,Pending
B03338,C0393,2023-01-07,Leadership Excellence Program,Leadership & Management,4,32136,2023-02-03,Overdue
B03339,C0393,2023-02-15,Strategic Marketing,Sales & Marketing,2,15818,2023-03-05,Paid
B03340,C0393,2023-03-27,Strategic Leadership,Leadership & Management,2,15038,2023-04-16,Paid
B03341,C0394,2025-05-17,Business Communication,Communication Skills,23,90436,2025-06-16,Pending
B03342,C0394,2025-08-06,Sales Fundamentals,Sales & Marketing,15,74775,2025-09-01,Pending
B03343,C0395,2023-10-11,Finance for Non-Finance,Finance & Accounting,15,88965,2023-10-13,Paid
B03344,C0395,2023-11-27,Strategic Marketing,Sales & Marketing,31,202089,2023-12-27,Pending
B03345,C0395,2024-01-24,Prince2 Foundation,Project Management,23,271216,2024-02-07,Paid
B03346,C0395,2024-03-11,Compensation & Benefits,Human Resources,17,94758,2024-03-24,Paid
B03347,C0395,2024-05-21,Change Management,Leadership & Management,27,262575,2024-06-19,Overdue
B03348,C0395,2024-07-19,Leadership Excellence Program,Leadership & Management,30,192240,2024-07-20,Paid
B03349,C0395,2024-09-18,ISO 9001 Quality Management,Compliance & Quality,26,256490,2024-10-08,Paid
B03350,C0395,2024-11-09,Business Writing,Administration,16,52672,2024-11-12,Paid
B03351,C0395,2025-01-18,Digital Transformation,AI & Technology,26,143806,2025-02-06,Paid
B03352,C0395,2025-03-24,HR Management Essentials,Human Resources,29,237307,2025-04-18,Pending
B03353,C0395,2025-06-02,Internal Control Systems,Compliance & Quality,17,138431,2025-06-07,Paid
B03354,C0395,2025-08-08,Complaint Handling,Customer Service,17,45917,2025-08-31,Overdue
B03355,C0396,2021-12-30,Digital Transformation,AI & Technology,7,56945,2021-12-31,Paid
B03356,C0396,2022-02-27,Team Management Essentials,Leadership & Management,12,77316,2022-03-24,Overdue
B03357,C0397,2024-12-22,HR Analytics,Human Resources,15,81000,2025-01-19,Overdue
B03358,C0397,2025-01-26,Data Literacy for Leaders,AI & Technology,10,103920,2025-02-04,Paid
B03359,C0397,2025-02-15,Employee Relations,Human Resources,15,83835,2025-03-12,Overdue
B03360,C0398,2025-12-01,Performance Appraisal,Human Resources,23,144877,2025-12-05,Paid
B03361,C0399,2022-11-12,Emotional Intelligence,Personal Development,13,39533,2022-11-27,Paid
B03362,C0399,2023-02-06,Talent Acquisition,Human Resources,9,83889,2023-02-23,Paid
B03363,C0399,2023-04-12,Performance Management,Leadership & Management,8,60632,2023-04-13,Paid
B03364,C0399,2023-06-26,HR Analytics,Human Resources,10,52570,2023-06-30,Paid
B03365,C0399,2023-09-22,Presentation Skills,Communication Skills,13,68718,2023-10-11,Paid
B03366,C0399,2023-12-16,Email Writing Mastery,Communication Skills,8,50432,2023-12-21,Paid
B03367,C0399,2024-02-18,Change Management,Leadership & Management,12,96192,2024-02-24,Paid
B03368,C0400,2022-12-09,Risk Management,Project Management,23,241247,2022-12-10,Paid
B03369,C0400,2023-03-08,Email Writing Mastery,Communication Skills,18,87732,2023-03-21,Paid
B03370,C0400,2023-06-13,Team Management Essentials,Leadership & Management,23,208541,2023-06-19,Paid
B03371,C0400,2023-09-22,Prompt Engineering for Professionals,AI & Technology,17,178874,2023-09-30,Paid
B03372,C0400,2023-12-30,Budgeting & Forecasting,Finance & Accounting,16,149344,2024-01-08,Paid
B03373,C0400,2024-03-19,HR Management Essentials,Human Resources,20,157700,2024-03-26,Paid
B03374,C0400,2024-06-10,Conflict Resolution,Communication Skills,19,83353,2024-07-09,Pending
B03375,C0400,2024-09-18,Generative AI Essentials,AI & Technology,11,86108,2024-09-28,Paid
B03376,C0401,2022-12-22,Emotional Intelligence,Personal Development,10,37760,2022-12-24,Paid
B03377,C0401,2023-02-18,Negotiation Skills,Communication Skills,11,38830,2023-02-24,Paid
B03378,C0401,2023-03-27,Digital Transformation,AI & Technology,7,87311,2023-04-22,Pending
B03379,C0401,2023-05-17,Time Management,Personal Development,5,26075,2023-06-15,Overdue
B03380,C0401,2023-06-16,Innovation Workshop,Team Building,10,37720,2023-06-17,Paid
B03381,C0401,2023-07-27,Strategic Marketing,Sales & Marketing,15,100290,2023-08-05,Paid
B03382,C0401,2023-09-05,Team Building Workshop,Team Building,5,33640,2023-09-24,Paid
B03383,C0401,2023-10-18,PMP Certification Prep,Project Management,8,70528,2023-11-17,Pending
B03384,C0402,2024-02-24,Key Account Management,Sales & Marketing,22,100738,2024-03-14,Paid
B03385,C0403,2023-06-14,Office Management,Administration,11,34782,2023-07-05,Pending
B03386,C0403,2023-08-12,Prince2 Foundation,Project Management,15,104460,2023-08-24,Paid
B03387,C0403,2023-09-24,Advanced Excel,Administration,14,59724,2023-10-23,Pending
B03388,C0403,2023-11-19,Internal Audit,Finance & Accounting,9,64629,2023-12-10,Pending
B03389,C0403,2024-01-22,Leadership Excellence Program,Leadership & Management,6,48642,2024-01-27,Paid
B03390,C0403,2024-03-10,Service Quality Management,Customer Service,10,45190,2024-03-21,Paid
B03391,C0404,2025-11-27,Customer Service Excellence,Customer Service,16,45184,2025-12-07,Paid
B03392,C0405,2022-02-06,Risk & Compliance,Compliance & Quality,18,162252,2022-02-26,Paid
B03393,C0405,2022-03-30,Emotional Intelligence,Personal Development,20,53220,2022-04-13,Paid
B03394,C0405,2022-05-17,Financial Analysis,Finance & Accounting,11,98483,2022-05-20,Paid
B03395,C0405,2022-07-10,Leadership Team Offsite,Team Building,24,140424,2022-07-16,Paid
B03396,C0405,2022-08-09,Project Planning & Execution,Project Management,24,262608,2022-08-26,Paid
B03397,C0405,2022-10-02,Executive Leadership,Leadership & Management,21,211197,2022-10-23,Overdue
B03398,C0405,2022-11-24,Problem Solving,Personal Development,10,33520,2022-12-15,Pending
B03399,C0405,2022-12-30,Executive Leadership,Leadership & Management,10,86830,2023-01-08,Paid
B03400,C0405,2023-02-23,Office Management,Administration,16,64528,2023-03-19,Pending
B03401,C0406,2022-09-22,Finance for Non-Finance,Finance & Accounting,7,52724,2022-10-22,Pending
B03402,C0406,2022-11-03,Performance Appraisal,Human Resources,8,49488,2022-11-19,Paid
B03403,C0407,2025-04-14,PMP Certification Prep,Project Management,5,66785,2025-04-24,Paid
B03404,C0407,2025-05-23,Emotional Intelligence,Personal Development,4,20936,2025-06-03,Paid
B03405,C0407,2025-07-01,Presentation Skills,Communication Skills,5,25155,2025-07-22,Overdue
B03406,C0407,2025-08-24,Risk Management,Project Management,2,21920,2025-09-05,Paid
B03407,C0407,2025-10-09,Change Management,Leadership & Management,2,14970,2025-10-22,Paid
B03408,C0407,2025-12-05,Strategic Marketing,Sales & Marketing,2,15276,2025-12-05,Paid
B03409,C0408,2024-04-04,Team Management Essentials,Leadership & Management,8,87384,2024-04-20,Paid
B03410,C0408,2024-06-06,Finance for Non-Finance,Finance & Accounting,15,95955,2024-06-28,Pending
B03411,C0408,2024-08-07,Executive Assistant Excellence,Administration,8,46680,2024-09-03,Overdue
B03412,C0408,2024-10-08,Budgeting & Forecasting,Finance & Accounting,14,113890,2024-11-04,Pending
B03413,C0408,2024-12-06,Strategic Leadership,Leadership & Management,5,51080,2024-12-21,Paid
B03414,C0408,2025-01-25,Sales Fundamentals,Sales & Marketing,11,75790,2025-02-21,Pending
B03415,C0408,2025-02-28,Business Communication,Communication Skills,10,30020,2025-03-06,Paid
B03416,C0408,2025-04-04,Prince2 Foundation,Project Management,15,138330,2025-04-30,Pending
B03417,C0408,2025-05-24,Change Management,Leadership & Management,12,89148,2025-06-05,Paid
B03418,C0408,2025-07-08,Internal Audit,Finance & Accounting,9,68085,2025-08-05,Overdue
B03419,C0408,2025-09-01,HR Management Essentials,Human Resources,9,57897,2025-09-15,Paid
B03420,C0408,2025-10-18,Generative AI Essentials,AI & Technology,9,72045,2025-11-05,Paid
B03421,C0408,2025-12-05,Executive Leadership,Leadership & Management,15,108750,2025-12-26,Pending
B03422,C0409,2023-10-04,PMP Certification Prep,Project Management,3,24372,2023-10-27,Pending
B03423,C0409,2023-11-02,Digital Transformation,AI & Technology,2,23536,2023-11-30,Overdue
B03424,C0410,2022-09-27,Performance Management,Leadership & Management,22,191026,2022-10-11,Paid
B03425,C0410,2022-10-20,Employee Relations,Human Resources,14,101430,2022-11-18,Pending
B03426,C0410,2022-11-05,Financial Analysis,Finance & Accounting,20,174060,2022-11-15,Paid
B03427,C0410,2022-12-11,Leadership Team Offsite,Team Building,24,108600,2023-01-07,Pending
B03428,C0410,2023-01-20,Performance Management,Leadership & Management,15,151215,2023-02-12,Overdue
B03429,C0410,2023-03-07,Budgeting & Forecasting,Finance & Accounting,15,124140,2023-03-08,Paid
B03430,C0410,2023-04-09,Employee Relations,Human Resources,17,111486,2023-04-30,Pending
B03431,C0410,2023-05-12,Risk & Compliance,Compliance & Quality,10,69340,2023-05-26,Paid
B03432,C0410,2023-06-26,Negotiation Skills,Communication Skills,21,100527,2023-07-01,Paid
B03433,C0410,2023-07-25,Change Management,Leadership & Management,18,164988,2023-08-08,Paid
B03434,C0410,2023-08-26,Strategic Leadership,Leadership & Management,14,83384,2023-09-24,Overdue
B03435,C0410,2023-09-19,Agile & Scrum Fundamentals,Project Management,12,148536,2023-09-30,Paid
B03436,C0410,2023-10-12,Prince2 Foundation,Project Management,17,200073,2023-11-05,Pending
B03437,C0410,2023-10-28,HR Management Essentials,Human Resources,16,105616,2023-11-19,Pending
B03438,C0410,2023-11-17,PMP Certification Prep,Project Management,15,109050,2023-11-28,Paid
B03439,C0410,2023-12-31,AI for Business Leaders,AI & Technology,13,119093,2024-01-18,Paid
B03440,C0410,2024-02-13,Strategic Marketing,Sales & Marketing,10,66390,2024-02-24,Paid
B03441,C0410,2024-03-03,Digital Transformation,AI & Technology,13,111085,2024-03-06,Paid
B03442,C0411,2022-04-30,Business Writing,Administration,6,30378,2022-05-17,Paid
B03443,C0411,2022-05-31,AI for Business Leaders,AI & Technology,5,61530,2022-06-01,Paid
B03444,C0411,2022-06-24,Leadership Team Offsite,Team Building,10,65920,2022-07-01,Paid
B03445,C0411,2022-07-29,Digital Marketing,Sales & Marketing,13,89882,2022-08-23,Pending
B03446,C0411,2022-08-27,Change Management,Leadership & Management,13,111319,2022-09-15,Paid
B03447,C0411,2022-09-24,Risk Management,Project Management,13,141063,2022-10-09,Paid
B03448,C0411,2022-10-29,HR Management Essentials,Human Resources,13,78780,2022-11-08,Paid
B03449,C0411,2022-12-03,Budgeting & Forecasting,Finance & Accounting,5,36430,2022-12-19,Paid
B03450,C0411,2022-12-23,Project Planning & Execution,Project Management,7,97419,2023-01-16,Overdue
B03451,C0411,2023-02-02,Prince2 Foundation,Project Management,5,42210,2023-02-07,Paid
B03452,C0411,2023-03-10,Data Literacy for Leaders,AI & Technology,8,92304,2023-03-19,Paid
B03453,C0411,2023-04-25,Generative AI Essentials,AI & Technology,7,81354,2023-05-24,Pending
B03454,C0411,2023-05-23,Project Planning & Execution,Project Management,15,118230,2023-05-24,Paid
B03455,C0411,2023-06-28,HR Analytics,Human Resources,6,42816,2023-07-06,Paid
B03456,C0411,2023-08-08,Strategic Marketing,Sales & Marketing,9,69138,2023-08-14,Paid
B03457,C0411,2023-09-09,Team Building Workshop,Team Building,7,54502,2023-10-02,Pending
B03458,C0411,2023-10-19,Change Management,Leadership & Management,11,93005,2023-11-06,Paid
B03459,C0411,2023-11-21,Time Management,Personal Development,8,46968,2023-11-21,Paid
B03460,C0411,2023-12-14,Office Management,Administration,7,42483,2024-01-06,Pending
B03461,C0411,2024-01-23,Project Planning & Execution,Project Management,5,65970,2024-01-29,Paid
B03462,C0412,2021-03-05,Risk Management,Project Management,8,119856,2021-03-09,Paid
B03463,C0412,2021-05-28,Project Planning & Execution,Project Management,12,123204,2021-06-08,Paid
B03464,C0413,2024-02-04,Advanced Excel,Administration,21,65478,2024-03-03,Pending
B03465,C0413,2024-06-09,Key Account Management,Sales & Marketing,17,96968,2024-06-19,Paid
B03466,C0413,2024-10-19,Executive Leadership,Leadership & Management,28,215992,2024-10-31,Paid
B03467,C0413,2025-02-03,Talent Acquisition,Human Resources,15,112110,2025-03-01,Pending
B03468,C0413,2025-05-25,Presentation Skills,Communication Skills,34,128452,2025-06-23,Overdue
B03469,C0414,2022-06-29,Problem Solving,Personal Development,7,38150,2022-07-01,Paid
B03470,C0414,2022-09-03,Customer Service Excellence,Customer Service,15,74040,2022-09-26,Pending
B03471,C0414,2022-11-24,Digital Marketing,Sales & Marketing,9,58932,2022-12-21,Pending
B03472,C0414,2023-02-04,Prince2 Foundation,Project Management,14,168210,2023-03-06,Pending
B03473,C0414,2023-04-02,Agile & Scrum Fundamentals,Project Management,5,50795,2023-04-09,Paid
B03474,C0414,2023-06-14,Virtual Team Building,Team Building,13,81354,2023-06-22,Paid
B03475,C0414,2023-08-24,Change Management,Leadership & Management,14,121030,2023-09-05,Paid
B03476,C0414,2023-10-24,Prince2 Foundation,Project Management,7,88536,2023-10-26,Paid
B03477,C0414,2023-12-21,Risk & Compliance,Compliance & Quality,8,63760,2024-01-03,Paid
B03478,C0414,2024-03-08,Strategic Marketing,Sales & Marketing,5,35260,2024-03-09,Paid
B03479,C0414,2024-05-03,Negotiation Skills,Communication Skills,11,54054,2024-05-31,Overdue
B03480,C0414,2024-07-17,Customer Service Excellence,Customer Service,11,45683,2024-08-16,Pending
B03481,C0414,2024-09-09,Conflict Resolution,Communication Skills,8,50944,2024-09-21,Paid
B03482,C0415,2024-07-26,Prompt Engineering for Professionals,AI & Technology,24,262728,2024-08-19,Overdue
B03483,C0415,2024-09-10,Budgeting & Forecasting,Finance & Accounting,35,202160,2024-09-24,Paid
B03484,C0415,2024-11-04,Complaint Handling,Customer Service,27,87291,2024-11-25,Overdue
B03485,C0415,2024-12-16,Time Management,Personal Development,21,105966,2024-12-23,Paid
B03486,C0415,2025-01-26,Digital Transformation,AI & Technology,28,221704,2025-01-26,Paid
B03487,C0415,2025-03-08,Budgeting & Forecasting,Finance & Accounting,35,285180,2025-03-13,Paid
B03488,C0415,2025-04-08,Sales Fundamentals,Sales & Marketing,21,98700,2025-05-05,Pending
B03489,C0415,2025-05-17,Conflict Resolution,Communication Skills,19,85215,2025-06-14,Pending
B03490,C0416,2023-03-21,Virtual Team Building,Team Building,10,66750,2023-04-10,Paid
B03491,C0416,2023-05-11,Data Literacy for Leaders,AI & Technology,10,73800,2023-06-01,Pending
B03492,C0416,2023-06-29,PMP Certification Prep,Project Management,15,155745,2023-07-26,Pending
B03493,C0416,2023-09-05,Generative AI Essentials,AI & Technology,12,115932,2023-10-05,Pending
B03494,C0416,2023-10-31,Virtual Team Building,Team Building,14,92932,2023-11-13,Paid
B03495,C0416,2024-01-03,Risk Management,Project Management,15,127065,2024-01-26,Overdue
B03496,C0416,2024-02-19,Internal Control Systems,Compliance & Quality,6,71526,2024-03-08,Paid
B03497,C0417,2022-06-08,Negotiation Skills,Communication Skills,16,67904,2022-06-25,Paid
B03498,C0417,2022-07-12,Compensation & Benefits,Human Resources,22,130988,2022-07-20,Paid
B03499,C0417,2022-08-14,Talent Acquisition,Human Resources,16,126656,2022-09-05,Pending
B03500,C0417,2022-09-27,Change Management,Leadership & Management,17,144432,2022-10-24,Overdue
B03501,C0417,2022-11-03,Email Writing Mastery,Communication Skills,15,64140,2022-11-26,Overdue
B03502,C0417,2022-12-25,Negotiation Skills,Communication Skills,29,164836,2023-01-17,Overdue
B03503,C0417,2023-01-28,Business Writing,Administration,33,175725,2023-02-05,Paid
B03504,C0417,2023-03-24,Strategic Marketing,Sales & Marketing,25,175525,2023-04-07,Paid
B03505,C0417,2023-04-24,Email Writing Mastery,Communication Skills,33,179949,2023-05-22,Overdue
B03506,C0417,2023-06-13,Team Building Workshop,Team Building,35,159845,2023-07-13,Pending
B03507,C0417,2023-08-09,Negotiation Skills,Communication Skills,22,98868,2023-08-20,Paid
B03508,C0417,2023-10-05,Digital Transformation,AI & Technology,30,222300,2023-10-17,Paid
B03509,C0417,2023-11-10,Conflict Resolution,Communication Skills,34,193086,2023-11-26,Paid
B03510,C0417,2024-01-06,Conflict Resolution,Communication Skills,17,76058,2024-01-12,Paid
B03511,C0417,2024-02-16,Finance for Non-Finance,Finance & Accounting,19,115406,2024-02-21,Paid
B03512,C0417,2024-04-13,Business Communication,Communication Skills,24,102288,2024-04-13,Paid
B03513,C0417,2024-05-15,Generative AI Essentials,AI & Technology,15,142680,2024-05-25,Paid
B03514,C0417,2024-07-09,Emotional Intelligence,Personal Development,24,103632,2024-07-11,Paid
B03515,C0418,2025-09-28,ISO 9001 Quality Management,Compliance & Quality,10,99580,2025-10-10,Paid
B03516,C0418,2025-11-06,Email Writing Mastery,Communication Skills,9,62622,2025-11-20,Paid
B03517,C0418,2025-11-30,HR Management Essentials,Human Resources,6,56970,2025-12-29,Pending
B03518,C0419,2021-02-21,Compensation & Benefits,Human Resources,7,64274,2021-03-15,Pending
B03519,C0419,2021-05-14,Finance for Non-Finance,Finance & Accounting,4,38608,2021-05-17,Paid
B03520,C0419,2021-07-31,Internal Control Systems,Compliance & Quality,6,44586,2021-08-21,Overdue
B03521,C0420,2022-02-10,Agile & Scrum Fundamentals,Project Management,9,129267,2022-02-20,Paid
B03522,C0420,2022-05-09,Budgeting & Forecasting,Finance & Accounting,8,55656,2022-05-23,Paid
B03523,C0420,2022-07-13,Digital Transformation,AI & Technology,11,77616,2022-08-03,Overdue
B03524,C0420,2022-10-11,Employee Relations,Human Resources,6,59616,2022-11-09,Pending
B03525,C0420,2022-12-23,Strategic Leadership,Leadership & Management,13,88387,2023-01-07,Paid
B03526,C0420,2023-03-19,AI for Business Leaders,AI & Technology,10,66870,2023-03-23,Paid
B03527,C0421,2025-09-21,Data Literacy for Leaders,AI & Technology,12,74004,2025-10-20,Overdue
B03528,C0422,2023-10-10,Complaint Handling,Customer Service,24,82872,2023-10-18,Paid
B03529,C0422,2023-12-15,Office Management,Administration,25,78600,2023-12-18,Paid
B03530,C0422,2024-03-05,Strategic Marketing,Sales & Marketing,16,103792,2024-04-04,Pending
B03531,C0422,2024-05-20,Problem Solving,Personal Development,10,49570,2024-06-05,Paid
B03532,C0422,2024-07-22,Customer Service Excellence,Customer Service,20,61260,2024-07-29,Paid
B03533,C0422,2024-10-08,Service Quality Management,Customer Service,24,99024,2024-10-12,Paid
B03534,C0422,2024-12-30,Digital Transformation,AI & Technology,23,191176,2025-01-20,Overdue
B03535,C0422,2025-02-28,Customer Service Excellence,Customer Service,16,51648,2025-03-14,Paid
B03536,C0423,2022-11-24,Critical Thinking,Personal Development,7,25368,2022-12-20,Overdue
B03537,C0423,2023-01-10,Generative AI Essentials,AI & Technology,3,20103,2023-02-08,Overdue
B03538,C0423,2023-01-29,Internal Audit,Finance & Accounting,10,58420,2023-01-30,Paid
B03539,C0423,2023-03-08,Strategic Leadership,Leadership & Management,4,43852,2023-04-04,Pending
B03540,C0423,2023-04-21,Team Building Workshop,Team Building,4,17076,2023-04-30,Paid
B03541,C0423,2023-05-10,HR Management Essentials,Human Resources,7,55272,2023-05-31,Pending
B03542,C0423,2023-06-26,Agile & Scrum Fundamentals,Project Management,8,65728,2023-07-15,Paid
B03543,C0423,2023-08-07,Budgeting & Forecasting,Finance & Accounting,5,37555,2023-08-31,Pending
B03544,C0424,2023-11-03,Emotional Intelligence,Personal Development,10,37710,2023-11-25,Pending
B03545,C0424,2024-01-22,AI for Business Leaders,AI & Technology,11,74239,2024-02-20,Pending
B03546,C0424,2024-03-22,Time Management,Personal Development,15,47970,2024-04-09,Paid
B03547,C0424,2024-06-03,Team Building Workshop,Team Building,15,95685,2024-06-18,Paid
B03548,C0424,2024-08-05,ISO 9001 Quality Management,Compliance & Quality,8,78536,2024-08-09,Paid
B03549,C0424,2024-10-31,Team Building Workshop,Team Building,10,67640,2024-11-19,Paid
B03550,C0424,2024-12-29,Presentation Skills,Communication Skills,15,80280,2025-01-04,Paid
B03551,C0424,2025-03-03,Compensation & Benefits,Human Resources,7,46844,2025-03-07,Paid
B03552,C0424,2025-05-03,Critical Thinking,Personal Development,12,40068,2025-05-25,Pending
B03553,C0424,2025-07-06,AI for Business Leaders,AI & Technology,14,136612,2025-07-11,Paid
B03554,C0425,2024-08-28,Employee Relations,Human Resources,7,48461,2024-09-01,Paid
B03555,C0425,2024-10-18,Employee Relations,Human Resources,8,61984,2024-10-20,Paid
B03556,C0425,2024-11-26,Key Account Management,Sales & Marketing,7,62867,2024-11-27,Paid
B03557,C0425,2025-01-11,Digital Marketing,Sales & Marketing,8,43000,2025-02-09,Pending
B03558,C0425,2025-02-26,Data Literacy for Leaders,AI & Technology,9,61857,2025-03-14,Paid
B03559,C0425,2025-04-17,HR Management Essentials,Human Resources,8,67888,2025-05-02,Paid
B03560,C0425,2025-06-08,ISO 9001 Quality Management,Compliance & Quality,3,33426,2025-07-03,Pending
B03561,C0425,2025-07-27,Talent Acquisition,Human Resources,8,49264,2025-07-30,Paid
B03562,C0426,2021-05-26,Internal Control Systems,Compliance & Quality,32,239904,2021-06-23,Pending
B03563,C0426,2021-07-25,Advanced Excel,Administration,17,79747,2021-08-15,Overdue
B03564,C0426,2021-10-01,Advanced Excel,Administration,23,111159,2021-10-28,Overdue
B03565,C0426,2021-11-29,Innovation Workshop,Team Building,27,136755,2021-12-05,Paid
B03566,C0426,2022-02-04,Internal Audit,Finance & Accounting,29,213237,2022-02-08,Paid
B03567,C0426,2022-04-21,Risk Management,Project Management,21,174468,2022-05-13,Pending
B03568,C0427,2025-09-15,Strategic Leadership,Leadership & Management,15,100320,2025-10-09,Overdue
B03569,C0428,2024-07-02,Virtual Team Building,Team Building,14,82558,2024-07-28,Pending
B03570,C0428,2024-08-02,HR Management Essentials,Human Resources,21,136689,2024-08-03,Paid
B03571,C0428,2024-09-06,Conflict Resolution,Communication Skills,15,87495,2024-10-04,Overdue
B03572,C0429,2023-06-07,Risk & Compliance,Compliance & Quality,8,60368,2023-07-04,Pending
B03573,C0429,2023-07-31,Generative AI Essentials,AI & Technology,5,43620,2023-08-12,Paid
B03574,C0429,2023-09-07,Office Management,Administration,12,47208,2023-09-10,Paid
B03575,C0429,2023-10-10,Internal Control Systems,Compliance & Quality,8,56408,2023-10-25,Paid
B03576,C0429,2023-12-01,Executive Assistant Excellence,Administration,10,37720,2023-12-28,Overdue
B03577,C0429,2024-01-24,Innovation Workshop,Team Building,6,40050,2024-02-10,Paid
B03578,C0429,2024-03-10,Internal Audit,Finance & Accounting,7,46277,2024-04-07,Pending
B03579,C0429,2024-04-30,Employee Relations,Human Resources,11,62766,2024-05-12,Paid
B03580,C0429,2024-06-18,Executive Assistant Excellence,Administration,5,27915,2024-07-13,Overdue
B03581,C0429,2024-07-29,Executive Assistant Excellence,Administration,11,41492,2024-08-16,Paid
B03582,C0429,2024-09-20,Team Building Workshop,Team Building,12,68232,2024-10-01,Paid
B03583,C0430,2023-01-31,Critical Thinking,Personal Development,17,65127,2023-02-02,Paid
B03584,C0430,2023-03-12,Complaint Handling,Customer Service,23,64377,2023-03-14,Paid
B03585,C0430,2023-04-06,Digital Transformation,AI & Technology,25,195525,2023-04-19,Paid
B03586,C0430,2023-05-18,Finance for Non-Finance,Finance & Accounting,15,92400,2023-06-05,Paid
B03587,C0430,2023-06-19,Team Building Workshop,Team Building,27,147474,2023-06-25,Paid
B03588,C0430,2023-07-07,Prompt Engineering for Professionals,AI & Technology,25,216600,2023-07-24,Paid
B03589,C0430,2023-08-04,Strategic Marketing,Sales & Marketing,26,183326,2023-08-09,Paid
B03590,C0430,2023-08-31,Executive Leadership,Leadership & Management,30,178590,2023-09-25,Pending
B03591,C0430,2023-09-25,Strategic Leadership,Leadership & Management,23,163852,2023-10-08,Paid
B03592,C0430,2023-10-30,Prince2 Foundation,Project Management,15,109410,2023-11-18,Paid
B03593,C0430,2023-11-18,Problem Solving,Personal Development,30,86520,2023-11-22,Paid
B03594,C0430,2023-12-30,Team Building Workshop,Team Building,17,66657,2024-01-08,Paid
B03595,C0430,2024-01-21,Change Management,Leadership & Management,21,208509,2024-01-28,Paid
B03596,C0430,2024-03-07,Leadership Team Offsite,Team Building,28,183484,2024-04-06,Overdue
B03597,C0431,2025-11-09,Sales Fundamentals,Sales & Marketing,11,48125,2025-11-27,Paid
B03598,C0432,2022-08-02,Innovation Workshop,Team Building,4,18160,2022-08-16,Paid
B03599,C0432,2022-10-04,Problem Solving,Personal Development,8,46112,2022-10-28,Pending
B03600,C0432,2022-12-14,Sales Fundamentals,Sales & Marketing,7,54936,2023-01-01,Paid
B03601,C0432,2023-02-25,AI for Business Leaders,AI & Technology,10,98530,2023-03-12,Paid
B03602,C0432,2023-05-22,Problem Solving,Personal Development,10,40120,2023-06-02,Paid
B03603,C0432,2023-08-03,Compensation & Benefits,Human Resources,5,49265,2023-08-23,Paid
B03604,C0432,2023-10-07,Office Management,Administration,6,25986,2023-10-10,Paid
B03605,C0432,2023-12-06,Time Management,Personal Development,3,16740,2023-12-30,Overdue
B03606,C0432,2024-02-27,Business Communication,Communication Skills,6,25626,2024-02-27,Paid
B03607,C0432,2024-05-14,Key Account Management,Sales & Marketing,7,40208,2024-05-21,Paid
B03608,C0433,2023-08-04,Strategic Leadership,Leadership & Management,7,76881,2023-08-29,Overdue
B03609,C0433,2023-09-12,Finance for Non-Finance,Finance & Accounting,6,61416,2023-10-07,Overdue
B03610,C0433,2023-10-19,Digital Marketing,Sales & Marketing,2,15824,2023-10-20,Paid
B03611,C0433,2023-12-10,Leadership Excellence Program,Leadership & Management,4,41788,2024-01-09,Overdue
B03612,C0433,2024-01-15,Email Writing Mastery,Communication Skills,6,28596,2024-02-01,Paid
B03613,C0433,2024-02-29,Executive Assistant Excellence,Administration,8,44264,2024-03-12,Paid
B03614,C0433,2024-04-29,Budgeting & Forecasting,Finance & Accounting,9,91683,2024-05-28,Overdue
B03615,C0434,2024-07-09,Business Communication,Communication Skills,5,17970,2024-07-22,Paid
B03616,C0434,2024-08-18,Compensation & Benefits,Human Resources,10,61950,2024-09-09,Pending
B03617,C0434,2024-10-13,Digital Marketing,Sales & Marketing,8,41232,2024-10-31,Paid
B03618,C0434,2024-11-21,Virtual Team Building,Team Building,11,74734,2024-11-29,Paid
B03619,C0434,2025-01-01,Digital Transformation,AI & Technology,11,107987,2025-01-06,Paid
B03620,C0434,2025-02-20,Sales Fundamentals,Sales & Marketing,12,54288,2025-02-23,Paid
B03621,C0434,2025-03-21,Critical Thinking,Personal Development,14,67368,2025-04-01,Paid
B03622,C0434,2025-04-26,Project Planning & Execution,Project Management,14,163030,2025-05-08,Paid
B03623,C0434,2025-06-20,Employee Relations,Human Resources,10,58160,2025-06-21,Paid
B03624,C0435,2021-10-12,Internal Audit,Finance & Accounting,19,174344,2021-10-31,Paid
B03625,C0435,2021-11-21,Data Literacy for Leaders,AI & Technology,20,195680,2021-12-03,Paid
B03626,C0435,2022-01-09,Presentation Skills,Communication Skills,19,83885,2022-01-30,Overdue
B03627,C0435,2022-02-04,Compensation & Benefits,Human Resources,19,161196,2022-02-14,Paid
B03628,C0435,2022-03-07,Leadership Team Offsite,Team Building,18,115992,2022-04-04,Overdue
B03629,C0435,2022-04-13,Virtual Team Building,Team Building,17,75990,2022-05-05,Overdue
B03630,C0435,2022-05-20,ISO 9001 Quality Management,Compliance & Quality,12,96900,2022-06-08,Paid
B03631,C0435,2022-06-18,Agile & Scrum Fundamentals,Project Management,22,236808,2022-07-17,Pending
B03632,C0435,2022-07-19,Leadership Team Offsite,Team Building,17,107134,2022-08-10,Overdue
B03633,C0435,2022-08-30,Finance for Non-Finance,Finance & Accounting,24,180216,2022-09-06,Paid
B03634,C0435,2022-09-30,Digital Transformation,AI & Technology,18,150822,2022-10-08,Paid
B03635,C0435,2022-11-09,Strategic Leadership,Leadership & Management,15,104490,2022-11-16,Paid
B03636,C0435,2022-12-18,Executive Leadership,Leadership & Management,20,188700,2022-12-31,Paid
B03637,C0435,2023-02-03,Project Planning & Execution,Project Management,25,295925,2023-03-04,Pending
B03638,C0435,2023-03-07,Digital Transformation,AI & Technology,18,111942,2023-03-14,Paid
B03639,C0435,2023-04-15,Prince2 Foundation,Project Management,13,89115,2023-05-13,Overdue
B03640,C0435,2023-05-20,Project Planning & Execution,Project Management,11,127732,2023-05-25,Paid
B03641,C0435,2023-06-22,Agile & Scrum Fundamentals,Project Management,25,302575,2023-06-23,Paid
B03642,C0435,2023-07-20,Digital Marketing,Sales & Marketing,20,105960,2023-08-17,Overdue
B03643,C0436,2025-05-08,Negotiation Skills,Communication Skills,20,92380,2025-06-02,Pending
B03644,C0436,2025-08-01,Innovation Workshop,Team Building,14,49406,2025-08-08,Paid
B03645,C0436,2025-10-28,Leadership Excellence Program,Leadership & Management,11,88561,2025-11-05,Paid
B03646,C0437,2022-02-18,PMP Certification Prep,Project Management,14,171108,2022-02-21,Paid
B03647,C0437,2022-03-30,Performance Appraisal,Human Resources,24,150240,2022-04-26,Overdue
B03648,C0437,2022-05-26,Presentation Skills,Communication Skills,22,80014,2022-06-05,Paid
B03649,C0437,2022-06-25,Prompt Engineering for Professionals,AI & Technology,20,197940,2022-07-16,Overdue
B03650,C0437,2022-07-27,Leadership Excellence Program,Leadership & Management,23,149477,2022-08-25,Pending
B03651,C0437,2022-09-16,Change Management,Leadership & Management,18,152280,2022-10-03,Paid
B03652,C0437,2022-11-02,Budgeting & Forecasting,Finance & Accounting,16,117280,2022-11-24,Overdue
B03653,C0437,2022-12-07,Email Writing Mastery,Communication Skills,22,82390,2022-12-09,Paid
B03654,C0437,2023-01-22,Change Management,Leadership & Management,17,165308,2023-02-08,Paid
B03655,C0437,2023-02-20,Negotiation Skills,Communication Skills,11,40557,2023-03-01,Paid
B03656,C0437,2023-04-15,HR Management Essentials,Human Resources,16,127744,2023-04-28,Paid
B03657,C0437,2023-05-13,Prince2 Foundation,Project Management,14,98448,2023-06-09,Pending
B03658,C0437,2023-06-14,Talent Acquisition,Human Resources,19,127148,2023-06-23,Paid
B03659,C0437,2023-08-09,HR Management Essentials,Human Resources,18,117270,2023-08-15,Paid
B03660,C0437,2023-09-29,Problem Solving,Personal Development,13,33982,2023-10-08,Paid
B03661,C0437,2023-11-23,Employee Relations,Human Resources,24,182064,2023-12-11,Paid
B03662,C0437,2024-01-01,Customer Service Excellence,Customer Service,22,97460,2024-01-27,Pending
B03663,C0438,2023-03-28,Problem Solving,Personal Development,10,50240,2023-04-19,Pending
B03664,C0438,2023-07-14,Digital Transformation,AI & Technology,9,86616,2023-08-07,Pending
B03665,C0438,2023-11-01,Risk Management,Project Management,15,111345,2023-11-21,Paid
B03666,C0439,2025-01-15,Talent Acquisition,Human Resources,2,14474,2025-01-21,Paid
B03667,C0439,2025-04-07,Internal Audit,Finance & Accounting,2,15542,2025-04-14,Paid
B03668,C0439,2025-06-21,Generative AI Essentials,AI & Technology,7,48188,2025-06-26,Paid
B03669,C0439,2025-09-16,Prince2 Foundation,Project Management,10,110440,2025-10-16,Overdue
B03670,C0440,2022-05-20,AI for Business Leaders,AI & Technology,14,138124,2022-06-14,Pending
B03671,C0440,2022-06-21,Leadership Excellence Program,Leadership & Management,14,84882,2022-06-25,Paid
B03672,C0440,2022-08-01,Business Communication,Communication Skills,22,109362,2022-08-04,Paid
B03673,C0440,2022-09-21,Performance Appraisal,Human Resources,16,130480,2022-09-21,Paid
B03674,C0440,2022-10-28,Employee Relations,Human Resources,10,58630,2022-11-03,Paid
B03675,C0440,2022-12-17,HR Analytics,Human Resources,23,154790,2022-12-31,Paid
B03676,C0440,2023-02-09,Change Management,Leadership & Management,13,116064,2023-03-06,Overdue
B03677,C0440,2023-04-01,Negotiation Skills,Communication Skills,10,44980,2023-04-28,Overdue
B03678,C0440,2023-05-27,Risk Management,Project Management,25,276100,2023-06-15,Paid
B03679,C0440,2023-07-17,Presentation Skills,Communication Skills,20,76840,2023-08-14,Pending
B03680,C0440,2023-08-18,HR Management Essentials,Human Resources,18,131994,2023-08-29,Paid
B03681,C0440,2023-09-20,Performance Appraisal,Human Resources,11,59092,2023-10-20,Pending
B03682,C0440,2023-10-23,Employee Relations,Human Resources,18,142920,2023-11-07,Paid
B03683,C0440,2023-11-23,Prince2 Foundation,Project Management,17,119017,2023-11-29,Paid
B03684,C0441,2025-07-02,Change Management,Leadership & Management,2,15488,2025-07-16,Paid
B03685,C0441,2025-08-09,Advanced Excel,Administration,4,16676,2025-08-30,Pending
B03686,C0441,2025-09-19,Financial Analysis,Finance & Accounting,2,19116,2025-09-20,Paid
B03687,C0441,2025-11-12,Service Quality Management,Customer Service,8,32480,2025-12-03,Overdue
B03688,C0441,2025-12-28,Team Building Workshop,Team Building,3,22218,2026-01-26,Overdue
B03689,C0442,2023-03-06,Emotional Intelligence,Personal Development,14,44604,2023-04-04,Overdue
B03690,C0442,2023-06-14,Executive Leadership,Leadership & Management,11,92994,2023-07-04,Paid
B03691,C0442,2023-09-17,Generative AI Essentials,AI & Technology,8,87176,2023-10-14,Overdue
B03692,C0442,2024-01-06,Risk Management,Project Management,15,150990,2024-01-26,Paid
B03693,C0442,2024-04-08,Risk Management,Project Management,10,103210,2024-05-05,Pending
B03694,C0442,2024-07-15,HR Management Essentials,Human Resources,7,51079,2024-08-03,Paid
B03695,C0442,2024-10-11,Team Management Essentials,Leadership & Management,14,116746,2024-10-23,Paid
B03696,C0443,2022-03-03,Talent Acquisition,Human Resources,29,205755,2022-03-27,Pending
B03697,C0443,2022-04-20,ISO 9001 Quality Management,Compliance & Quality,20,132860,2022-04-24,Paid
B03698,C0443,2022-06-20,Performance Management,Leadership & Management,17,106726,2022-06-23,Paid
B03699,C0443,2022-08-06,AI for Business Leaders,AI & Technology,29,263900,2022-08-07,Paid
B03700,C0443,2022-10-13,Compensation & Benefits,Human Resources,26,194896,2022-10-30,Paid
B03701,C0443,2022-12-07,Customer Service Excellence,Customer Service,34,92582,2022-12-28,Pending
B03702,C0443,2023-02-07,Sales Fundamentals,Sales & Marketing,16,116048,2023-03-05,Overdue
B03703,C0443,2023-04-10,Financial Analysis,Finance & Accounting,16,113504,2023-04-29,Paid
B03704,C0443,2023-05-23,Risk Management,Project Management,26,195520,2023-06-10,Paid
B03705,C0443,2023-07-31,Emotional Intelligence,Personal Development,34,116484,2023-08-22,Overdue
B03706,C0443,2023-09-15,HR Management Essentials,Human Resources,34,211038,2023-10-08,Pending
B03707,C0443,2023-11-08,Strategic Marketing,Sales & Marketing,18,87300,2023-11-13,Paid
B03708,C0443,2023-12-24,Risk Management,Project Management,30,284970,2024-01-16,Overdue
B03709,C0443,2024-02-21,Compensation & Benefits,Human Resources,22,154880,2024-03-06,Paid
B03710,C0444,2023-09-25,Office Management,Administration,20,107200,2023-10-20,Overdue
B03711,C0444,2023-10-26,Prompt Engineering for Professionals,AI & Technology,22,150986,2023-11-24,Pending
B03712,C0444,2023-12-12,Virtual Team Building,Team Building,10,58090,2023-12-29,Paid
B03713,C0444,2024-01-10,Internal Control Systems,Compliance & Quality,16,117728,2024-01-19,Paid
B03714,C0444,2024-02-03,Financial Analysis,Finance & Accounting,19,163533,2024-03-02,Pending
B03715,C0444,2024-02-27,Budgeting & Forecasting,Finance & Accounting,25,226650,2024-03-17,Paid
B03716,C0444,2024-03-21,Prompt Engineering for Professionals,AI & Technology,20,112120,2024-03-29,Paid
B03717,C0444,2024-04-22,Sales Fundamentals,Sales & Marketing,10,70490,2024-04-27,Paid
B03718,C0444,2024-05-17,Leadership Excellence Program,Leadership & Management,21,180138,2024-06-10,Overdue
B03719,C0444,2024-06-18,Change Management,Leadership & Management,20,145380,2024-07-13,Overdue
B03720,C0445,2023-12-31,Time Management,Personal Development,7,32872,2024-01-07,Paid
B03721,C0445,2024-03-23,Finance for Non-Finance,Finance & Accounting,4,40820,2024-04-21,Overdue
B03722,C0445,2024-06-20,Digital Marketing,Sales & Marketing,7,57785,2024-06-25,Paid
B03723,C0445,2024-08-25,Prince2 Foundation,Project Management,7,88522,2024-08-29,Paid
B03724,C0445,2024-11-06,Strategic Leadership,Leadership & Management,8,61272,2024-12-04,Overdue
B03725,C0445,2025-01-19,Presentation Skills,Communication Skills,10,32650,2025-01-23,Paid
B03726,C0445,2025-04-10,Risk & Compliance,Compliance & Quality,4,28908,2025-04-30,Paid
B03727,C0445,2025-07-01,Negotiation Skills,Communication Skills,4,16472,2025-07-19,Paid
B03728,C0445,2025-09-06,Financial Analysis,Finance & Accounting,3,21252,2025-09-16,Paid
B03729,C0446,2023-09-01,Internal Audit,Finance & Accounting,22,157168,2023-09-14,Paid
B03730,C0446,2023-09-23,Compensation & Benefits,Human Resources,24,178224,2023-10-16,Pending
B03731,C0446,2023-10-29,Problem Solving,Personal Development,23,72427,2023-11-24,Overdue
B03732,C0446,2023-11-26,Executive Assistant Excellence,Administration,15,46845,2023-12-09,Paid
B03733,C0447,2024-07-18,Strategic Leadership,Leadership & Management,35,342545,2024-07-28,Paid
B03734,C0447,2024-09-26,PMP Certification Prep,Project Management,21,172725,2024-10-19,Pending
B03735,C0447,2024-11-22,Employee Relations,Human Resources,35,244055,2024-12-16,Pending
B03736,C0447,2025-01-29,Team Management Essentials,Leadership & Management,23,228735,2025-02-15,Paid
B03737,C0447,2025-04-04,Employee Relations,Human Resources,20,106460,2025-04-30,Pending
B03738,C0448,2023-03-31,ISO 9001 Quality Management,Compliance & Quality,12,102480,2023-04-23,Overdue
B03739,C0448,2023-07-11,Key Account Management,Sales & Marketing,13,87438,2023-07-22,Paid
B03740,C0448,2023-11-17,Generative AI Essentials,AI & Technology,14,119784,2023-12-04,Paid
B03741,C0448,2024-03-21,Customer Service Excellence,Customer Service,25,98675,2024-03-30,Paid
B03742,C0448,2024-07-03,Leadership Excellence Program,Leadership & Management,13,130091,2024-07-06,Paid
B03743,C0449,2025-11-23,Generative AI Essentials,AI & Technology,5,48450,2025-12-02,Paid
B03744,C0450,2023-12-19,Strategic Marketing,Sales & Marketing,12,77652,2024-01-04,Paid
B03745,C0450,2024-02-22,Digital Marketing,Sales & Marketing,8,67256,2024-03-03,Paid
B03746,C0450,2024-04-27,AI for Business Leaders,AI & Technology,10,109270,2024-05-20,Overdue
B03747,C0450,2024-06-26,Critical Thinking,Personal Development,11,38830,2024-07-26,Overdue
B03748,C0450,2024-08-04,Virtual Team Building,Team Building,9,64566,2024-08-27,Pending
B03749,C0450,2024-09-13,Time Management,Personal Development,11,55781,2024-09-17,Paid
B03750,C0450,2024-11-16,Performance Appraisal,Human Resources,9,78273,2024-11-21,Paid
B03751,C0450,2025-01-06,Agile & Scrum Fundamentals,Project Management,14,108920,2025-01-28,Overdue
B03752,C0450,2025-02-19,Risk & Compliance,Compliance & Quality,7,59262,2025-02-21,Paid
B03753,C0450,2025-04-17,Talent Acquisition,Human Resources,7,42490,2025-04-26,Paid
B03754,C0450,2025-06-24,Business Writing,Administration,6,22116,2025-07-03,Paid
B03755,C0450,2025-08-18,Prince2 Foundation,Project Management,14,119854,2025-09-04,Paid
B03756,C0451,2024-08-30,Digital Transformation,AI & Technology,18,110718,2024-09-14,Paid
B03757,C0451,2024-12-12,Emotional Intelligence,Personal Development,29,89407,2025-01-07,Overdue
B03758,C0451,2025-04-09,Prompt Engineering for Professionals,AI & Technology,34,328474,2025-04-28,Paid
B03759,C0451,2025-07-28,Finance for Non-Finance,Finance & Accounting,33,303336,2025-07-31,Paid
B03760,C0451,2025-11-30,Problem Solving,Personal Development,20,86760,2025-12-22,Pending
B03761,C0452,2021-08-30,Customer Service Excellence,Customer Service,10,49450,2021-09-22,Pending
B03762,C0452,2021-11-10,Advanced Excel,Administration,10,31910,2021-11-10,Paid
B03763,C0452,2022-01-22,Presentation Skills,Communication Skills,16,89248,2022-01-27,Paid
B03764,C0452,2022-04-11,Generative AI Essentials,AI & Technology,20,137420,2022-04-28,Paid
B03765,C0452,2022-07-20,Email Writing Mastery,Communication Skills,16,52944,2022-07-20,Paid
B03766,C0452,2022-10-13,Internal Audit,Finance & Accounting,11,85778,2022-11-07,Pending
B03767,C0452,2023-01-06,Finance for Non-Finance,Finance & Accounting,17,156587,2023-02-03,Pending
B03768,C0453,2021-08-30,Digital Transformation,AI & Technology,34,202606,2021-08-31,Paid
B03769,C0453,2021-12-07,Service Quality Management,Customer Service,27,119016,2021-12-29,Overdue
B03770,C0453,2022-02-26,Prince2 Foundation,Project Management,29,349885,2022-03-11,Paid
B03771,C0453,2022-05-24,Compensation & Benefits,Human Resources,22,125774,2022-06-20,Pending
B03772,C0453,2022-08-24,Key Account Management,Sales & Marketing,34,250172,2022-09-05,Paid
B03773,C0453,2022-11-07,Office Management,Administration,21,78141,2022-12-03,Overdue
B03774,C0453,2023-02-14,Customer Service Excellence,Customer Service,17,73270,2023-02-24,Paid
B03775,C0453,2023-05-08,Critical Thinking,Personal Development,18,85446,2023-06-07,Overdue
B03776,C0453,2023-08-12,HR Management Essentials,Human Resources,27,180441,2023-08-15,Paid
B03777,C0453,2023-11-15,Compensation & Benefits,Human Resources,28,196588,2023-11-24,Paid
B03778,C0453,2024-02-12,Innovation Workshop,Team Building,18,61236,2024-02-14,Paid
B03779,C0453,2024-04-27,Talent Acquisition,Human Resources,19,140809,2024-05-13,Paid
B03780,C0453,2024-07-27,ISO 9001 Quality Management,Compliance & Quality,20,146980,2024-08-24,Pending
B03781,C0453,2024-10-29,Advanced Excel,Administration,34,119170,2024-11-01,Paid
B03782,C0454,2025-10-07,Virtual Team Building,Team Building,34,201790,2025-11-03,Pending
B03783,C0454,2025-11-17,AI for Business Leaders,AI & Technology,30,233700,2025-12-09,Pending
B03784,C0455,2025-11-25,Conflict Resolution,Communication Skills,13,68120,2025-11-26,Paid
B03785,C0456,2024-06-22,Leadership Excellence Program,Leadership & Management,15,145455,2024-07-08,Paid
B03786,C0456,2024-09-26,PMP Certification Prep,Project Management,15,186915,2024-10-04,Paid
B03787,C0456,2024-12-19,Compensation & Benefits,Human Resources,6,51264,2024-12-23,Paid
B03788,C0456,2025-03-28,Sales Fundamentals,Sales & Marketing,14,81158,2025-04-27,Overdue
B03789,C0456,2025-06-27,Agile & Scrum Fundamentals,Project Management,12,123624,2025-07-19,Pending
B03790,C0457,2021-09-24,Virtual Team Building,Team Building,15,51855,2021-10-16,Pending
B03791,C0457,2021-11-14,Business Writing,Administration,11,47146,2021-11-25,Paid
B03792,C0457,2022-01-13,Business Writing,Administration,11,53163,2022-01-25,Paid
B03793,C0457,2022-03-04,Leadership Team Offsite,Team Building,7,45535,2022-03-31,Overdue
B03794,C0457,2022-04-26,Digital Transformation,AI & Technology,6,45798,2022-05-06,Paid
B03795,C0457,2022-06-05,Service Quality Management,Customer Service,8,34088,2022-06-24,Paid
B03796,C0457,2022-07-25,Key Account Management,Sales & Marketing,14,87052,2022-08-22,Pending
B03797,C0457,2022-09-18,Business Communication,Communication Skills,10,37520,2022-10-07,Paid
B03798,C0457,2022-10-30,Finance for Non-Finance,Finance & Accounting,15,128310,2022-11-19,Paid
B03799,C0457,2022-12-13,Critical Thinking,Personal Development,5,24100,2023-01-05,Overdue
B03800,C0457,2023-02-05,Project Planning & Execution,Project Management,14,154448,2023-02-05,Paid
B03801,C0457,2023-03-25,Service Quality Management,Customer Service,9,50121,2023-04-09,Paid
B03802,C0457,2023-05-02,Risk Management,Project Management,14,135352,2023-05-15,Paid
B03803,C0458,2024-06-08,Data Literacy for Leaders,AI & Technology,9,81126,2024-06-29,Overdue
B03804,C0458,2024-08-15,HR Analytics,Human Resources,10,63240,2024-09-05,Overdue
B03805,C0458,2024-10-12,Email Writing Mastery,Communication Skills,6,22848,2024-11-11,Pending
B03806,C0458,2024-12-13,Risk & Compliance,Compliance & Quality,10,80540,2024-12-16,Paid
B03807,C0458,2025-02-14,Customer Service Excellence,Customer Service,9,35937,2025-02-23,Paid
B03808,C0458,2025-04-11,Sales Fundamentals,Sales & Marketing,10,75350,2025-05-01,Paid
B03809,C0458,2025-06-09,Business Communication,Communication Skills,5,25660,2025-07-02,Pending
B03810,C0458,2025-07-23,Conflict Resolution,Communication Skills,6,40080,2025-08-10,Paid
B03811,C0458,2025-09-22,Generative AI Essentials,AI & Technology,2,17344,2025-10-01,Paid
B03812,C0459,2023-02-23,Team Management Essentials,Leadership & Management,4,41056,2023-02-27,Paid
B03813,C0459,2023-03-15,Sales Fundamentals,Sales & Marketing,2,13248,2023-03-27,Paid
B03814,C0459,2023-04-20,Financial Analysis,Finance & Accounting,10,59500,2023-04-20,Paid
B03815,C0459,2023-05-25,Generative AI Essentials,AI & Technology,4,34864,2023-06-11,Paid
B03816,C0459,2023-06-25,HR Analytics,Human Resources,7,56910,2023-06-28,Paid
B03817,C0459,2023-08-04,Innovation Workshop,Team Building,5,20010,2023-08-21,Paid
B03818,C0459,2023-08-31,Generative AI Essentials,AI & Technology,10,68470,2023-09-27,Pending
B03819,C0459,2023-10-13,Business Communication,Communication Skills,9,42741,2023-11-03,Pending
B03820,C0459,2023-10-28,Emotional Intelligence,Personal Development,9,36648,2023-11-23,Pending
B03821,C0459,2023-11-22,Data Literacy for Leaders,AI & Technology,7,69349,2023-12-19,Pending
B03822,C0459,2024-01-06,Leadership Excellence Program,Leadership & Management,4,42648,2024-01-31,Overdue
B03823,C0459,2024-01-26,Leadership Excellence Program,Leadership & Management,2,14010,2024-02-01,Paid
B03824,C0459,2024-02-13,Team Management Essentials,Leadership & Management,7,71379,2024-03-08,Overdue
B03825,C0460,2022-01-28,Conflict Resolution,Communication Skills,19,62928,2022-02-14,Paid
B03826,C0460,2022-03-13,HR Analytics,Human Resources,16,127568,2022-03-27,Paid
B03827,C0460,2022-05-05,Generative AI Essentials,AI & Technology,19,162108,2022-05-19,Paid
B03828,C0460,2022-06-13,Digital Transformation,AI & Technology,11,99264,2022-07-07,Overdue
B03829,C0460,2022-07-16,Team Building Workshop,Team Building,10,56750,2022-07-19,Paid
B03830,C0460,2022-09-16,AI for Business Leaders,AI & Technology,25,166300,2022-09-29,Paid
B03831,C0460,2022-11-18,Problem Solving,Personal Development,11,29227,2022-11-21,Paid
B03832,C0460,2023-01-20,Critical Thinking,Personal Development,16,64608,2023-01-31,Paid
B03833,C0460,2023-03-05,Business Writing,Administration,13,40807,2023-03-12,Paid
B03834,C0461,2023-12-06,Executive Assistant Excellence,Administration,10,44430,2023-12-23,Paid
B03835,C0461,2024-01-28,Email Writing Mastery,Communication Skills,10,35480,2024-02-06,Paid
B03836,C0461,2024-04-11,Team Management Essentials,Leadership & Management,11,76296,2024-05-06,Pending
B03837,C0461,2024-06-02,Agile & Scrum Fundamentals,Project Management,10,91960,2024-06-21,Paid
B03838,C0461,2024-07-20,Time Management,Personal Development,11,46332,2024-07-24,Paid
B03839,C0461,2024-09-21,Internal Audit,Finance & Accounting,11,74426,2024-09-26,Paid
B03840,C0461,2024-11-23,HR Management Essentials,Human Resources,6,50964,2024-11-23,Paid
B03841,C0461,2025-02-05,Business Communication,Communication Skills,8,35056,2025-03-06,Overdue
B03842,C0461,2025-03-22,Service Quality Management,Customer Service,5,20295,2025-04-06,Paid
B03843,C0461,2025-05-17,Budgeting & Forecasting,Finance & Accounting,12,98784,2025-05-26,Paid
B03844,C0461,2025-07-15,Generative AI Essentials,AI & Technology,9,108981,2025-08-09,Overdue
B03845,C0461,2025-09-05,Negotiation Skills,Communication Skills,14,52500,2025-09-24,Paid
B03846,C0462,2022-04-22,Performance Management,Leadership & Management,19,151050,2022-05-02,Paid
B03847,C0462,2022-06-09,Team Building Workshop,Team Building,26,108134,2022-06-12,Paid
B03848,C0462,2022-08-20,Prince2 Foundation,Project Management,34,244494,2022-08-20,Paid
B03849,C0462,2022-10-30,Virtual Team Building,Team Building,22,104984,2022-11-03,Paid
B03850,C0462,2023-01-09,Executive Assistant Excellence,Administration,20,65840,2023-02-07,Pending
B03851,C0462,2023-03-02,Advanced Excel,Administration,30,113970,2023-03-31,Pending
B03852,C0462,2023-05-03,Critical Thinking,Personal Development,29,123888,2023-05-08,Paid
B03853,C0462,2023-06-24,Complaint Handling,Customer Service,23,101545,2023-07-14,Paid
B03854,C0462,2023-08-18,Generative AI Essentials,AI & Technology,22,216128,2023-08-29,Paid
B03855,C0462,2023-10-02,Data Literacy for Leaders,AI & Technology,25,262100,2023-10-23,Overdue
B03856,C0462,2023-12-01,Data Literacy for Leaders,AI & Technology,25,167875,2023-12-06,Paid
B03857,C0462,2024-02-10,Prompt Engineering for Professionals,AI & Technology,24,161040,2024-03-02,Overdue
B03858,C0463,2022-07-05,Key Account Management,Sales & Marketing,7,49021,2022-07-16,Paid
B03859,C0463,2022-10-13,Emotional Intelligence,Personal Development,3,14511,2022-10-15,Paid
B03860,C0463,2023-01-14,Executive Leadership,Leadership & Management,7,51989,2023-01-30,Paid
B03861,C0463,2023-04-26,Critical Thinking,Personal Development,2,8974,2023-05-05,Paid
B03862,C0463,2023-07-28,Time Management,Personal Development,3,12174,2023-08-11,Paid
B03863,C0464,2024-01-09,AI for Business Leaders,AI & Technology,24,151320,2024-02-04,Overdue
B03864,C0464,2024-03-08,Agile & Scrum Fundamentals,Project Management,26,281892,2024-03-17,Paid
B03865,C0464,2024-04-28,Business Writing,Administration,33,150909,2024-05-04,Paid
B03866,C0464,2024-07-05,HR Analytics,Human Resources,24,193176,2024-08-02,Pending
B03867,C0464,2024-08-29,Team Management Essentials,Leadership & Management,25,189000,2024-09-13,Paid
B03868,C0464,2024-11-01,Key Account Management,Sales & Marketing,32,139360,2024-11-08,Paid
B03869,C0464,2024-12-21,Talent Acquisition,Human Resources,18,124992,2024-12-27,Paid
B03870,C0464,2025-02-14,Customer Service Excellence,Customer Service,17,47396,2025-03-08,Pending
B03871,C0464,2025-04-23,Compensation & Benefits,Human Resources,35,241955,2025-05-22,Pending
B03872,C0464,2025-06-10,Complaint Handling,Customer Service,16,69360,2025-06-25,Paid
B03873,C0464,2025-08-02,Key Account Management,Sales & Marketing,32,235072,2025-08-07,Paid
B03874,C0465,2021-07-27,Talent Acquisition,Human Resources,2,14336,2021-08-22,Overdue
B03875,C0465,2021-11-09,HR Management Essentials,Human Resources,7,61614,2021-11-11,Paid
B03876,C0465,2022-03-03,Internal Audit,Finance & Accounting,4,30004,2022-03-17,Paid
B03877,C0465,2022-07-09,Business Writing,Administration,6,31038,2022-07-19,Paid
B03878,C0465,2022-10-25,Executive Assistant Excellence,Administration,5,24205,2022-11-17,Pending
B03879,C0465,2023-02-20,Digital Marketing,Sales & Marketing,10,44230,2023-02-23,Paid
B03880,C0465,2023-06-20,Key Account Management,Sales & Marketing,3,19377,2023-07-03,Paid
B03881,C0465,2023-10-16,Office Management,Administration,9,38430,2023-10-25,Paid
B03882,C0466,2024-08-19,Prompt Engineering for Professionals,AI & Technology,27,259848,2024-09-17,Pending
B03883,C0466,2024-10-15,Budgeting & Forecasting,Finance & Accounting,22,153692,2024-11-10,Overdue
B03884,C0466,2024-11-28,Project Planning & Execution,Project Management,33,363297,2024-12-16,Paid
B03885,C0466,2025-02-01,HR Analytics,Human Resources,27,196803,2025-02-26,Overdue
B03886,C0466,2025-03-30,HR Analytics,Human Resources,25,132050,2025-04-18,Paid
B03887,C0466,2025-05-25,Prompt Engineering for Professionals,AI & Technology,33,316932,2025-06-19,Pending
B03888,C0466,2025-07-29,Business Writing,Administration,16,53840,2025-07-30,Paid
B03889,C0466,2025-09-21,Generative AI Essentials,AI & Technology,34,319022,2025-10-01,Paid
B03890,C0466,2025-12-01,Digital Marketing,Sales & Marketing,22,137720,2025-12-01,Paid
B03891,C0467,2025-10-20,Office Management,Administration,25,88600,2025-10-23,Paid
B03892,C0468,2024-07-24,Customer Service Excellence,Customer Service,19,67450,2024-07-29,Paid
B03893,C0469,2023-05-01,Negotiation Skills,Communication Skills,29,103501,2023-05-18,Paid
B03894,C0469,2023-06-02,Negotiation Skills,Communication Skills,30,123540,2023-06-22,Paid
B03895,C0469,2023-07-19,Advanced Excel,Administration,33,138171,2023-08-12,Pending
B03896,C0469,2023-09-11,AI for Business Leaders,AI & Technology,18,173682,2023-09-12,Paid
B03897,C0469,2023-10-21,HR Management Essentials,Human Resources,19,101612,2023-11-04,Paid
B03898,C0469,2023-12-08,Virtual Team Building,Team Building,33,165330,2023-12-31,Pending
B03899,C0469,2024-01-17,Internal Control Systems,Compliance & Quality,19,152627,2024-02-02,Paid
B03900,C0469,2024-02-19,Generative AI Essentials,AI & Technology,21,209496,2024-03-09,Paid
B03901,C0469,2024-04-02,Service Quality Management,Customer Service,17,70686,2024-04-02,Paid
B03902,C0469,2024-05-20,Business Communication,Communication Skills,33,158928,2024-05-29,Paid
B03903,C0469,2024-07-13,HR Analytics,Human Resources,25,198050,2024-07-16,Paid
B03904,C0469,2024-09-03,ISO 9001 Quality Management,Compliance & Quality,23,169832,2024-09-16,Paid
B03905,C0469,2024-10-23,Strategic Marketing,Sales & Marketing,20,121400,2024-11-04,Paid
B03906,C0469,2024-12-07,AI for Business Leaders,AI & Technology,18,109836,2024-12-12,Paid
B03907,C0469,2025-01-19,Team Building Workshop,Team Building,21,118041,2025-01-19,Paid
B03908,C0469,2025-03-07,Performance Appraisal,Human Resources,31,212350,2025-03-17,Paid
B03909,C0469,2025-04-14,Leadership Team Offsite,Team Building,28,177940,2025-05-01,Paid
B03910,C0469,2025-05-26,Agile & Scrum Fundamentals,Project Management,17,184008,2025-06-02,Paid
B03911,C0470,2023-01-05,Business Communication,Communication Skills,2,13726,2023-01-05,Paid
B03912,C0470,2023-04-08,Virtual Team Building,Team Building,4,29652,2023-04-11,Paid
B03913,C0470,2023-06-25,Service Quality Management,Customer Service,9,48267,2023-06-26,Paid
B03914,C0470,2023-09-17,Negotiation Skills,Communication Skills,7,28735,2023-10-04,Paid
B03915,C0470,2024-01-01,Complaint Handling,Customer Service,8,43168,2024-01-07,Paid
B03916,C0470,2024-04-15,Employee Relations,Human Resources,7,44562,2024-05-05,Paid
B03917,C0471,2023-11-24,Strategic Leadership,Leadership & Management,13,88374,2023-12-12,Paid
B03918,C0471,2024-01-05,Compensation & Benefits,Human Resources,12,61620,2024-01-12,Paid
B03919,C0471,2024-02-23,Generative AI Essentials,AI & Technology,14,133252,2024-03-09,Paid
B03920,C0471,2024-03-19,Budgeting & Forecasting,Finance & Accounting,14,108052,2024-03-30,Paid
B03921,C0471,2024-05-07,Agile & Scrum Fundamentals,Project Management,17,201229,2024-05-20,Paid
B03922,C0471,2024-06-24,Team Management Essentials,Leadership & Management,11,106117,2024-07-04,Paid
B03923,C0471,2024-08-02,Internal Control Systems,Compliance & Quality,13,122798,2024-08-24,Pending
B03924,C0471,2024-09-26,Team Management Essentials,Leadership & Management,19,156389,2024-09-27,Paid
B03925,C0471,2024-11-13,Project Planning & Execution,Project Management,19,157263,2024-12-05,Overdue
B03926,C0471,2024-12-08,Performance Appraisal,Human Resources,22,117524,2025-01-05,Overdue
B03927,C0471,2025-01-26,Business Writing,Administration,25,92250,2025-02-07,Paid
B03928,C0471,2025-03-18,Leadership Team Offsite,Team Building,22,85492,2025-04-16,Overdue
B03929,C0471,2025-05-03,Performance Management,Leadership & Management,16,134032,2025-05-19,Paid
B03930,C0471,2025-06-07,Team Building Workshop,Team Building,22,118294,2025-06-14,Paid
B03931,C0471,2025-07-08,Performance Appraisal,Human Resources,21,124782,2025-08-02,Pending
B03932,C0471,2025-08-06,Advanced Excel,Administration,10,51560,2025-08-16,Paid
B03933,C0471,2025-09-21,Generative AI Essentials,AI & Technology,20,215100,2025-10-17,Overdue
B03934,C0471,2025-10-28,Performance Management,Leadership & Management,21,167622,2025-11-11,Paid
B03935,C0472,2025-11-25,Business Communication,Communication Skills,11,64141,2025-12-07,Paid
B03936,C0473,2023-11-08,Compensation & Benefits,Human Resources,27,227583,2023-11-29,Pending
B03937,C0473,2023-12-29,Executive Assistant Excellence,Administration,19,90117,2024-01-27,Pending
B03938,C0473,2024-02-05,Digital Marketing,Sales & Marketing,30,146460,2024-02-19,Paid
B03939,C0473,2024-03-20,Strategic Leadership,Leadership & Management,20,194840,2024-04-08,Paid
B03940,C0473,2024-05-03,Customer Service Excellence,Customer Service,35,135310,2024-05-16,Paid
B03941,C0473,2024-06-30,Leadership Excellence Program,Leadership & Management,25,192125,2024-07-09,Paid
B03942,C0473,2024-08-30,HR Management Essentials,Human Resources,31,166935,2024-09-11,Paid
B03943,C0473,2024-10-05,Risk & Compliance,Compliance & Quality,23,177905,2024-10-07,Paid
B03944,C0473,2024-11-10,Internal Control Systems,Compliance & Quality,28,181496,2024-11-11,Paid
B03945,C0473,2024-12-25,PMP Certification Prep,Project Management,34,396100,2025-01-08,Paid
B03946,C0473,2025-02-05,Internal Audit,Finance & Accounting,35,243250,2025-02-15,Paid
B03947,C0474,2024-06-22,Agile & Scrum Fundamentals,Project Management,11,89254,2024-07-13,Pending
B03948,C0474,2024-07-24,Project Planning & Execution,Project Management,25,207250,2024-07-24,Paid
B03949,C0474,2024-09-04,HR Analytics,Human Resources,14,95116,2024-09-17,Paid
B03950,C0475,2021-03-01,Office Management,Administration,18,81936,2021-03-04,Paid
B03951,C0475,2021-05-21,AI for Business Leaders,AI & Technology,17,163982,2021-05-31,Paid
B03952,C0475,2021-08-08,ISO 9001 Quality Management,Compliance & Quality,16,97600,2021-08-26,Paid
B03953,C0475,2021-10-15,Customer Service Excellence,Customer Service,11,44066,2021-10-30,Paid
B03954,C0475,2022-01-02,Email Writing Mastery,Communication Skills,18,97092,2022-01-26,Pending
B03955,C0475,2022-02-26,Digital Transformation,AI & Technology,15,100950,2022-03-14,Paid
B03956,C0475,2022-04-27,Generative AI Essentials,AI & Technology,18,176346,2022-05-13,Paid
B03957,C0475,2022-07-08,Sales Fundamentals,Sales & Marketing,18,131076,2022-07-18,Paid
B03958,C0475,2022-09-06,Leadership Team Offsite,Team Building,21,79569,2022-10-03,Pending
B03959,C0476,2024-11-23,Generative AI Essentials,AI & Technology,24,155280,2024-12-20,Overdue
B03960,C0477,2023-06-29,Data Literacy for Leaders,AI & Technology,13,143221,2023-07-02,Paid
B03961,C0477,2023-08-25,Leadership Team Offsite,Team Building,22,139062,2023-09-20,Overdue
B03962,C0477,2023-09-29,Innovation Workshop,Team Building,11,45166,2023-10-08,Paid
B03963,C0477,2023-10-28,Performance Appraisal,Human Resources,12,82380,2023-11-12,Paid
B03964,C0477,2023-12-16,Performance Appraisal,Human Resources,25,166050,2024-01-05,Paid
B03965,C0477,2024-02-13,Virtual Team Building,Team Building,21,141708,2024-02-29,Paid
B03966,C0477,2024-03-26,Employee Relations,Human Resources,17,99382,2024-04-07,Paid
B03967,C0477,2024-05-19,Financial Analysis,Finance & Accounting,25,216350,2024-05-19,Paid
B03968,C0477,2024-07-04,HR Analytics,Human Resources,13,76817,2024-07-26,Pending
B03969,C0478,2023-05-08,Project Planning & Execution,Project Management,27,208629,2023-05-19,Paid
B03970,C0478,2023-07-01,HR Analytics,Human Resources,20,169520,2023-07-02,Paid
B03971,C0478,2023-07-29,HR Analytics,Human Resources,17,125460,2023-08-25,Pending
B03972,C0478,2023-09-22,Employee Relations,Human Resources,17,122859,2023-09-23,Paid
B03973,C0478,2023-11-16,Team Building Workshop,Team Building,35,162365,2023-11-30,Paid
B03974,C0478,2023-12-22,Sales Fundamentals,Sales & Marketing,19,81206,2023-12-30,Paid
B03975,C0478,2024-01-22,Leadership Team Offsite,Team Building,23,83490,2024-01-22,Paid
B03976,C0478,2024-03-03,Executive Leadership,Leadership & Management,30,302070,2024-03-29,Overdue
B03977,C0478,2024-04-23,PMP Certification Prep,Project Management,33,273801,2024-04-28,Paid
B03978,C0478,2024-06-07,Finance for Non-Finance,Finance & Accounting,26,187096,2024-07-03,Pending
B03979,C0478,2024-07-29,Executive Leadership,Leadership & Management,34,316540,2024-08-20,Overdue
B03980,C0478,2024-09-05,PMP Certification Prep,Project Management,35,273175,2024-09-09,Paid
B03981,C0478,2024-09-30,Leadership Team Offsite,Team Building,23,121739,2024-10-30,Overdue
B03982,C0478,2024-10-30,Strategic Leadership,Leadership & Management,33,324555,2024-11-14,Paid
B03983,C0478,2024-12-11,Risk Management,Project Management,27,231660,2025-01-07,Overdue
B03984,C0479,2021-03-25,Strategic Marketing,Sales & Marketing,24,168264,2021-03-29,Paid
B03985,C0479,2021-05-31,HR Management Essentials,Human Resources,24,123552,2021-06-08,Paid
B03986,C0479,2021-07-28,Business Writing,Administration,35,186165,2021-08-03,Paid
B03987,C0480,2025-10-05,Generative AI Essentials,AI & Technology,11,63481,2025-10-11,Paid
B03988,C0481,2021-11-12,Generative AI Essentials,AI & Technology,11,95128,2021-12-04,Pending
B03989,C0481,2022-01-13,Executive Leadership,Leadership & Management,7,51009,2022-01-14,Paid
B03990,C0481,2022-03-06,Time Management,Personal Development,10,33720,2022-03-18,Paid
B03991,C0481,2022-05-16,Risk & Compliance,Compliance & Quality,11,75823,2022-05-18,Paid
B03992,C0481,2022-07-16,Digital Transformation,AI & Technology,10,68930,2022-07-29,Paid
B03993,C0481,2022-09-09,Generative AI Essentials,AI & Technology,14,80374,2022-09-09,Paid
B03994,C0481,2022-10-29,Business Communication,Communication Skills,12,55560,2022-11-17,Paid
B03995,C0481,2023-01-01,Internal Audit,Finance & Accounting,5,34950,2023-01-04,Paid
B03996,C0481,2023-02-19,Strategic Marketing,Sales & Marketing,8,44472,2023-03-01,Paid
B03997,C0481,2023-04-13,Risk & Compliance,Compliance & Quality,14,84490,2023-04-13,Paid
B03998,C0482,2021-02-08,Prince2 Foundation,Project Management,12,90708,2021-02-14,Paid
B03999,C0482,2021-04-21,Generative AI Essentials,AI & Technology,22,208296,2021-04-22,Paid
B04000,C0482,2021-06-20,Virtual Team Building,Team Building,25,161975,2021-06-22,Paid
B04001,C0482,2021-08-23,Problem Solving,Personal Development,22,94050,2021-08-27,Paid
B04002,C0482,2021-11-13,HR Management Essentials,Human Resources,13,67418,2021-12-08,Overdue
B04003,C0482,2022-02-03,Internal Audit,Finance & Accounting,18,150516,2022-02-28,Pending
B04004,C0482,2022-04-03,Strategic Marketing,Sales & Marketing,13,81016,2022-04-08,Paid
B04005,C0482,2022-06-20,Data Literacy for Leaders,AI & Technology,12,105888,2022-07-16,Pending
B04006,C0482,2022-08-31,Sales Fundamentals,Sales & Marketing,18,95670,2022-09-07,Paid
B04007,C0482,2022-11-02,Customer Service Excellence,Customer Service,11,33583,2022-11-28,Pending
B04008,C0483,2023-09-24,Leadership Excellence Program,Leadership & Management,4,39216,2023-09-29,Paid
B04009,C0483,2023-12-05,Performance Appraisal,Human Resources,6,54558,2023-12-07,Paid
B04010,C0483,2024-02-14,Risk Management,Project Management,2,25556,2024-02-22,Paid
B04011,C0483,2024-04-01,Budgeting & Forecasting,Finance & Accounting,9,93474,2024-04-29,Pending
B04012,C0483,2024-05-19,Conflict Resolution,Communication Skills,2,8704,2024-06-09,Pending
B04013,C0483,2024-07-12,Customer Service Excellence,Customer Service,7,30051,2024-07-15,Paid
B04014,C0483,2024-08-28,Employee Relations,Human Resources,4,31704,2024-09-10,Paid
B04015,C0483,2024-10-12,Performance Management,Leadership & Management,9,107433,2024-11-07,Overdue
B04016,C0483,2024-12-14,Team Building Workshop,Team Building,10,34830,2025-01-04,Pending
B04017,C0483,2025-02-07,Finance for Non-Finance,Finance & Accounting,7,66087,2025-02-25,Paid
B04018,C0484,2023-02-23,Performance Management,Leadership & Management,4,42084,2023-03-12,Paid
B04019,C0484,2023-04-23,Email Writing Mastery,Communication Skills,6,39000,2023-05-12,Paid
B04020,C0484,2023-06-10,Risk & Compliance,Compliance & Quality,10,88290,2023-06-18,Paid
B04021,C0484,2023-07-31,Digital Marketing,Sales & Marketing,10,57390,2023-08-25,Overdue
B04022,C0484,2023-09-19,Project Planning & Execution,Project Management,5,58985,2023-10-01,Paid
B04023,C0484,2023-11-08,Executive Leadership,Leadership & Management,2,22194,2023-11-24,Paid
B04024,C0484,2024-01-12,Finance for Non-Finance,Finance & Accounting,6,61422,2024-01-20,Paid
B04025,C0484,2024-03-20,Strategic Leadership,Leadership & Management,10,75560,2024-04-03,Paid
B04026,C0484,2024-05-09,Internal Control Systems,Compliance & Quality,10,65660,2024-05-27,Paid
B04027,C0484,2024-07-05,Agile & Scrum Fundamentals,Project Management,2,24038,2024-07-14,Paid
B04028,C0484,2024-09-20,Emotional Intelligence,Personal Development,4,13404,2024-10-03,Paid
B04029,C0484,2024-12-05,Budgeting & Forecasting,Finance & Accounting,2,13824,2024-12-17,Paid
B04030,C0484,2025-02-07,Digital Transformation,AI & Technology,10,108750,2025-03-07,Pending
B04031,C0484,2025-04-13,Email Writing Mastery,Communication Skills,4,27656,2025-04-19,Paid
B04032,C0485,2024-08-23,Team Management Essentials,Leadership & Management,13,91624,2024-08-26,Paid
B04033,C0485,2024-10-18,Employee Relations,Human Resources,14,118440,2024-11-03,Paid
B04034,C0485,2024-12-04,Customer Service Excellence,Customer Service,10,35040,2024-12-17,Paid
B04035,C0485,2025-01-28,HR Management Essentials,Human Resources,7,62482,2025-02-24,Pending
B04036,C0485,2025-03-21,Prince2 Foundation,Project Management,6,56178,2025-03-27,Paid
B04037,C0485,2025-05-07,Virtual Team Building,Team Building,12,69468,2025-06-06,Pending
B04038,C0485,2025-06-29,Leadership Excellence Program,Leadership & Management,10,82390,2025-06-29,Paid
B04039,C0485,2025-09-06,Performance Appraisal,Human Resources,8,48064,2025-09-07,Paid
B04040,C0486,2023-03-25,AI for Business Leaders,AI & Technology,22,159632,2023-04-19,Overdue
B04041,C0487,2023-04-28,Risk & Compliance,Compliance & Quality,10,61100,2023-05-16,Paid
B04042,C0487,2023-06-18,Performance Management,Leadership & Management,22,217844,2023-07-12,Pending
B04043,C0487,2023-08-01,Internal Control Systems,Compliance & Quality,17,117572,2023-08-22,Overdue
B04044,C0487,2023-09-25,Talent Acquisition,Human Resources,24,184392,2023-10-21,Overdue
B04045,C0487,2023-11-04,Virtual Team Building,Team Building,11,52261,2023-11-04,Paid
B04046,C0487,2023-12-30,Generative AI Essentials,AI & Technology,20,152300,2024-01-16,Paid
B04047,C0487,2024-02-05,Performance Management,Leadership & Management,23,213716,2024-02-13,Paid
B04048,C0487,2024-03-13,Conflict Resolution,Communication Skills,17,52972,2024-03-14,Paid
B04049,C0487,2024-05-05,Strategic Leadership,Leadership & Management,18,134550,2024-05-12,Paid
B04050,C0487,2024-06-27,Complaint Handling,Customer Service,13,37518,2024-07-20,Pending
B04051,C0487,2024-08-21,Service Quality Management,Customer Service,12,34608,2024-09-06,Paid
B04052,C0487,2024-10-21,Performance Management,Leadership & Management,20,131860,2024-11-11,Overdue
B04053,C0487,2024-12-21,Business Writing,Administration,18,74196,2025-01-06,Paid
B04054,C0487,2025-02-14,Risk Management,Project Management,19,149036,2025-02-14,Paid
B04055,C0487,2025-03-25,Talent Acquisition,Human Resources,18,142218,2025-04-21,Pending
B04056,C0487,2025-05-04,Change Management,Leadership & Management,21,154686,2025-05-14,Paid
B04057,C0487,2025-06-18,Leadership Team Offsite,Team Building,17,74222,2025-07-01,Paid
B04058,C0487,2025-07-28,Customer Service Excellence,Customer Service,10,41030,2025-08-07,Paid
B04059,C0487,2025-09-15,Conflict Resolution,Communication Skills,18,71298,2025-10-03,Paid
B04060,C0488,2023-11-22,Generative AI Essentials,AI & Technology,6,72846,2023-12-08,Paid
B04061,C0488,2023-12-28,Risk Management,Project Management,7,93422,2024-01-04,Paid
B04062,C0488,2024-02-03,Key Account Management,Sales & Marketing,12,75912,2024-03-03,Overdue
B04063,C0488,2024-03-01,Leadership Excellence Program,Leadership & Management,7,71421,2024-03-05,Paid
B04064,C0488,2024-04-15,Team Management Essentials,Leadership & Management,13,108719,2024-05-01,Paid
B04065,C0488,2024-05-09,Change Management,Leadership & Management,12,93288,2024-05-31,Overdue
B04066,C0488,2024-06-04,Project Planning & Execution,Project Management,12,100584,2024-06-29,Overdue
B04067,C0488,2024-06-28,Critical Thinking,Personal Development,8,37480,2024-07-07,Paid
B04068,C0488,2024-08-07,Prince2 Foundation,Project Management,8,86568,2024-08-21,Paid
B04069,C0488,2024-09-03,Strategic Leadership,Leadership & Management,5,47065,2024-09-05,Paid
B04070,C0488,2024-10-04,Prince2 Foundation,Project Management,14,104412,2024-10-28,Pending
B04071,C0488,2024-11-24,Data Literacy for Leaders,AI & Technology,10,62710,2024-12-11,Paid
B04072,C0488,2025-01-06,Agile & Scrum Fundamentals,Project Management,15,145710,2025-02-05,Pending
B04073,C0488,2025-02-21,Critical Thinking,Personal Development,7,39102,2025-03-03,Paid
B04074,C0488,2025-03-16,Presentation Skills,Communication Skills,14,42518,2025-03-25,Paid
B04075,C0488,2025-05-03,Executive Assistant Excellence,Administration,11,37092,2025-05-31,Pending
B04076,C0488,2025-05-30,Executive Leadership,Leadership & Management,12,121656,2025-06-04,Paid
B04077,C0488,2025-07-14,Employee Relations,Human Resources,5,35415,2025-07-27,Paid
B04078,C0488,2025-08-30,Customer Service Excellence,Customer Service,5,16100,2025-09-01,Paid
B04079,C0489,2025-08-05,Risk Management,Project Management,24,177648,2025-08-05,Paid
B04080,C0490,2022-05-10,Project Planning & Execution,Project Management,8,68496,2022-05-21,Paid
B04081,C0491,2023-03-24,Negotiation Skills,Communication Skills,10,47070,2023-04-16,Overdue
B04082,C0491,2023-05-16,Complaint Handling,Customer Service,20,66620,2023-06-15,Overdue
B04083,C0491,2023-07-16,Budgeting & Forecasting,Finance & Accounting,22,128568,2023-08-13,Overdue
B04084,C0491,2023-08-26,Problem Solving,Personal Development,15,45780,2023-09-09,Paid
B04085,C0491,2023-10-28,Customer Service Excellence,Customer Service,17,80852,2023-11-06,Paid
B04086,C0491,2023-12-17,Conflict Resolution,Communication Skills,10,33470,2024-01-05,Paid
B04087,C0491,2024-02-10,Performance Management,Leadership & Management,20,151940,2024-02-10,Paid
B04088,C0492,2024-09-16,Team Building Workshop,Team Building,6,36084,2024-10-13,Pending
B04089,C0492,2024-12-04,HR Analytics,Human Resources,5,37160,2024-12-21,Paid
B04090,C0492,2025-02-23,Customer Service Excellence,Customer Service,3,15033,2025-03-08,Paid
B04091,C0492,2025-05-10,Generative AI Essentials,AI & Technology,4,31344,2025-06-09,Overdue
B04092,C0492,2025-07-11,Leadership Team Offsite,Team Building,3,21207,2025-08-01,Pending
B04093,C0493,2021-10-12,ISO 9001 Quality Management,Compliance & Quality,8,66000,2021-11-08,Pending
B04094,C0493,2021-11-29,Finance for Non-Finance,Finance & Accounting,3,30360,2021-12-27,Overdue
B04095,C0493,2022-01-18,Generative AI Essentials,AI & Technology,9,96147,2022-02-14,Overdue
B04096,C0493,2022-02-23,ISO 9001 Quality Management,Compliance & Quality,6,65262,2022-03-09,Paid
B04097,C0493,2022-04-16,Performance Management,Leadership & Management,4,46944,2022-04-17,Paid
B04098,C0493,2022-06-03,Critical Thinking,Personal Development,5,22405,2022-06-03,Paid
B04099,C0493,2022-08-05,Team Management Essentials,Leadership & Management,8,63128,2022-08-30,Overdue
B04100,C0493,2022-09-23,Key Account Management,Sales & Marketing,9,56106,2022-09-27,Paid
B04101,C0493,2022-11-20,Project Planning & Execution,Project Management,5,52825,2022-12-17,Overdue
B04102,C0493,2023-01-20,Risk & Compliance,Compliance & Quality,5,47595,2023-01-21,Paid
B04103,C0493,2023-03-09,Budgeting & Forecasting,Finance & Accounting,8,76792,2023-03-26,Paid
B04104,C0493,2023-05-13,Risk Management,Project Management,3,27705,2023-05-15,Paid
B04105,C0493,2023-06-29,Business Communication,Communication Skills,8,55632,2023-07-07,Paid
B04106,C0493,2023-09-02,Time Management,Personal Development,7,25690,2023-09-13,Paid
B04107,C0493,2023-10-30,HR Analytics,Human Resources,4,24280,2023-11-11,Paid
B04108,C0494,2024-09-26,Advanced Excel,Administration,14,65674,2024-10-20,Pending
B04109,C0494,2024-11-27,Generative AI Essentials,AI & Technology,13,79079,2024-12-13,Paid
B04110,C0494,2025-01-12,Risk Management,Project Management,12,102408,2025-01-12,Paid
B04111,C0494,2025-03-10,Executive Assistant Excellence,Administration,11,41657,2025-03-19,Paid
B04112,C0494,2025-05-12,Employee Relations,Human Resources,10,74570,2025-05-30,Paid
B04113,C0494,2025-06-20,ISO 9001 Quality Management,Compliance & Quality,9,99891,2025-07-17,Pending
B04114,C0494,2025-08-20,Team Building Workshop,Team Building,6,36978,2025-09-05,Paid
B04115,C0494,2025-09-29,Finance for Non-Finance,Finance & Accounting,14,118258,2025-10-16,Paid
B04116,C0494,2025-11-08,Strategic Leadership,Leadership & Management,11,96481,2025-11-16,Paid
B04117,C0495,2024-12-11,Prince2 Foundation,Project Management,26,233064,2024-12-17,Paid
B04118,C0495,2025-02-22,Executive Assistant Excellence,Administration,23,74980,2025-03-19,Pending
B04119,C0495,2025-04-13,Compensation & Benefits,Human Resources,15,82680,2025-05-05,Overdue
B04120,C0495,2025-05-31,Executive Leadership,Leadership & Management,24,231000,2025-06-13,Paid
B04121,C0495,2025-07-22,Leadership Excellence Program,Leadership & Management,22,206954,2025-07-26,Paid
B04122,C0495,2025-09-09,PMP Certification Prep,Project Management,35,361095,2025-09-21,Paid
B04123,C0496,2025-01-05,Data Literacy for Leaders,AI & Technology,33,325413,2025-01-24,Paid
B04124,C0496,2025-01-26,Executive Leadership,Leadership & Management,17,111724,2025-02-20,Overdue
B04125,C0496,2025-02-12,Team Management Essentials,Leadership & Management,15,111165,2025-02-21,Paid
B04126,C0496,2025-03-22,Digital Marketing,Sales & Marketing,18,91566,2025-03-25,Paid
B04127,C0496,2025-04-13,Leadership Team Offsite,Team Building,30,180030,2025-04-16,Paid
B04128,C0496,2025-05-02,Prompt Engineering for Professionals,AI & Technology,29,314041,2025-05-22,Paid
B04129,C0496,2025-06-06,Data Literacy for Leaders,AI & Technology,28,163576,2025-06-30,Pending
B04130,C0496,2025-07-06,Critical Thinking,Personal Development,27,83457,2025-07-30,Overdue
B04131,C0497,2022-11-12,Business Communication,Communication Skills,10,30070,2022-12-02,Paid
B04132,C0497,2023-02-16,Agile & Scrum Fundamentals,Project Management,6,58122,2023-03-18,Overdue
B04133,C0497,2023-05-16,Business Communication,Communication Skills,8,39064,2023-06-01,Paid
B04134,C0497,2023-08-05,Prince2 Foundation,Project Management,6,49110,2023-08-20,Paid
B04135,C0497,2023-10-20,Prince2 Foundation,Project Management,13,136227,2023-11-10,Overdue
B04136,C0497,2024-01-19,AI for Business Leaders,AI & Technology,5,51815,2024-01-23,Paid
B04137,C0497,2024-04-21,Innovation Workshop,Team Building,12,65808,2024-05-15,Pending
B04138,C0497,2024-07-12,Advanced Excel,Administration,8,43328,2024-07-15,Paid
B04139,C0497,2024-10-20,Customer Service Excellence,Customer Service,6,28482,2024-10-20,Paid
B04140,C0497,2025-01-21,Data Literacy for Leaders,AI & Technology,13,81861,2025-02-14,Overdue
B04141,C0497,2025-04-18,Risk Management,Project Management,7,67627,2025-05-09,Overdue
B04142,C0497,2025-07-26,HR Analytics,Human Resources,12,81672,2025-08-19,Pending
B04143,C0498,2021-10-10,Financial Analysis,Finance & Accounting,10,56280,2021-10-31,Overdue
B04144,C0498,2021-11-10,ISO 9001 Quality Management,Compliance & Quality,7,75691,2021-12-07,Pending
B04145,C0498,2021-12-27,Leadership Excellence Program,Leadership & Management,4,36416,2022-01-17,Overdue
B04146,C0498,2022-01-24,Talent Acquisition,Human Resources,4,27492,2022-02-21,Overdue
B04147,C0498,2022-02-15,HR Management Essentials,Human Resources,4,39896,2022-03-13,Pending
B04148,C0498,2022-03-22,Email Writing Mastery,Communication Skills,2,13466,2022-04-03,Paid
B04149,C0498,2022-05-10,Time Management,Personal Development,8,42064,2022-05-21,Paid
B04150,C0498,2022-06-13,Sales Fundamentals,Sales & Marketing,6,39786,2022-07-04,Overdue
B04151,C0498,2022-07-21,Strategic Leadership,Leadership & Management,8,84992,2022-08-11,Overdue
B04152,C0498,2022-09-07,Change Management,Leadership & Management,8,63752,2022-09-14,Paid
B04153,C0498,2022-10-01,Digital Transformation,AI & Technology,7,85463,2022-10-24,Pending
B04154,C0498,2022-11-19,Performance Management,Leadership & Management,7,52143,2022-12-12,Pending
B04155,C0498,2023-01-07,Customer Service Excellence,Customer Service,6,21564,2023-01-19,Paid
B04156,C0498,2023-01-28,Change Management,Leadership & Management,2,21868,2023-02-26,Pending
B04157,C0498,2023-02-23,Performance Appraisal,Human Resources,5,37450,2023-02-24,Paid
B04158,C0498,2023-04-10,Internal Control Systems,Compliance & Quality,10,77460,2023-05-08,Pending
B04159,C0499,2024-04-03,Agile & Scrum Fundamentals,Project Management,14,147644,2024-04-30,Pending
B04160,C0499,2024-08-02,Digital Transformation,AI & Technology,7,62041,2024-08-19,Paid
B04161,C0499,2024-12-02,Financial Analysis,Finance & Accounting,13,77792,2024-12-09,Paid
B04162,C0499,2025-04-02,Strategic Leadership,Leadership & Management,5,47345,2025-05-01,Pending
B04163,C0500,2023-05-15,Employee Relations,Human Resources,11,61732,2023-05-18,Paid
B04164,C0500,2023-08-20,Negotiation Skills,Communication Skills,12,51444,2023-09-04,Paid
B04165,C0500,2023-11-25,Team Building Workshop,Team Building,21,127197,2023-12-20,Overdue
B04166,C0500,2024-02-07,Business Writing,Administration,19,83239,2024-02-29,Pending
B04167,C0500,2024-05-15,Employee Relations,Human Resources,20,118200,2024-05-24,Paid
B04168,C0500,2024-07-26,Data Literacy for Leaders,AI & Technology,12,74100,2024-07-26,Paid
B04169,C0500,2024-10-16,Internal Audit,Finance & Accounting,10,63490,2024-11-13,Overdue
