communication_id,client_id,contact_date,contact_type,contact_reason,contacted_by
COM06707,C0354,2021-02-09,Meeting,Course recommendation,Sara Hassan
COM04211,C0222,2021-02-14,Video Call,Course recommendation,Mohammed Ali
COM07953,C0419,2021-02-27,Email,Training needs assessment,Mohammed Ali
COM06709,C0354,2021-03-03,Meeting,Thank you message,Sara Hassan
COM05408,C0284,2021-03-11,Email,General inquiry,Mohammed Ali
COM00125,C0006,2021-03-12,WhatsApp,Satisfaction survey,Mohammed Ali
COM00955,C0049,2021-03-19,WhatsApp,Complaint resolution,Sara Hassan
COM06070,C0321,2021-03-27,Email,Renewal discussion,Ahmed Abdullah
COM07456,C0392,2021-03-29,Meeting,Feedback discussion,Mohammed Ali
COM05440,C0286,2021-03-29,Phone Call,Satisfaction survey,Fatima Ahmed
COM07447,C0392,2021-03-31,Email,Account review,Mohammed Ali
COM04221,C0222,2021-04-18,Meeting,Renewal discussion,Mohammed Ali
COM00131,C0006,2021-04-19,WhatsApp,General inquiry,Mohammed Ali
COM09002,C0482,2021-04-19,Phone Call,Renewal discussion,Noura Salem
COM01219,C0063,2021-04-20,Phone Call,Follow-up on booking,Fatima Ahmed
COM06084,C0321,2021-04-20,WhatsApp,General inquiry,Ahmed Abdullah
COM04925,C0255,2021-04-22,WhatsApp,Feedback discussion,Ahmed Abdullah
COM05463,C0286,2021-04-26,WhatsApp,Training needs assessment,Fatima Ahmed
COM05395,C0284,2021-05-01,Phone Call,Course recommendation,Mohammed Ali
COM08993,C0482,2021-05-04,Email,Follow-up on booking,Noura Salem
COM06619,C0349,2021-05-07,WhatsApp,Training needs assessment,Fatima Ahmed
COM06614,C0349,2021-05-07,Phone Call,Renewal discussion,Fatima Ahmed
COM04921,C0255,2021-05-17,WhatsApp,Feedback discussion,Ahmed Abdullah
COM03023,C0163,2021-05-18,Video Call,Renewal discussion,Ahmed Abdullah
COM02102,C0114,2021-05-18,Email,Thank you message,Fatima Ahmed
COM02916,C0158,2021-05-18,Video Call,New course announcement,Sara Hassan
COM06469,C0344,2021-05-19,Video Call,Satisfaction survey,Noura Salem
COM06078,C0321,2021-05-21,WhatsApp,General inquiry,Ahmed Abdullah
COM03255,C0174,2021-05-24,WhatsApp,Renewal discussion,Ahmed Abdullah
COM05462,C0286,2021-05-27,Phone Call,Training needs assessment,Fatima Ahmed
COM01920,C0102,2021-05-27,Meeting,Satisfaction survey,Noura Salem
COM03022,C0163,2021-05-29,Video Call,Invoice query,Ahmed Abdullah
COM04031,C0213,2021-05-31,Phone Call,Schedule confirmation,Fatima Ahmed
COM07460,C0392,2021-06-04,Meeting,Satisfaction survey,Mohammed Ali
COM06699,C0354,2021-06-05,WhatsApp,Training needs assessment,Sara Hassan
COM08901,C0475,2021-06-11,Email,Feedback discussion,Noura Salem
COM06595,C0349,2021-06-17,WhatsApp,Account review,Fatima Ahmed
COM00121,C0006,2021-06-19,Meeting,Feedback discussion,Mohammed Ali
COM05403,C0284,2021-06-20,Video Call,Follow-up on booking,Mohammed Ali
COM06292,C0333,2021-06-22,Email,Invoice query,Sara Hassan
COM07949,C0419,2021-06-25,Email,General inquiry,Mohammed Ali
COM05471,C0286,2021-06-27,WhatsApp,Schedule confirmation,Fatima Ahmed
COM05899,C0309,2021-06-27,Video Call,Invoice query,Sara Hassan
COM05665,C0296,2021-07-01,WhatsApp,New course announcement,Noura Salem
COM02967,C0159,2021-07-02,Phone Call,Course recommendation,Sara Hassan
COM02917,C0158,2021-07-02,Meeting,Training needs assessment,Sara Hassan
COM04812,C0251,2021-07-09,Meeting,New course announcement,Sara Hassan
COM02947,C0159,2021-07-11,Phone Call,Satisfaction survey,Sara Hassan
COM02797,C0152,2021-07-14,Phone Call,Feedback discussion,Mohammed Ali
COM08056,C0426,2021-07-15,Meeting,Complaint resolution,Fatima Ahmed
COM01954,C0104,2021-07-18,WhatsApp,Invoice query,Noura Salem
COM04027,C0213,2021-07-18,Video Call,Feedback discussion,Fatima Ahmed
COM07813,C0412,2021-07-26,Video Call,Renewal discussion,Noura Salem
COM03290,C0174,2021-07-27,Video Call,Training needs assessment,Ahmed Abdullah
COM05898,C0309,2021-07-28,Meeting,Schedule confirmation,Sara Hassan
COM05438,C0286,2021-07-28,Meeting,Schedule confirmation,Fatima Ahmed
COM08728,C0465,2021-07-29,Phone Call,Thank you message,Mohammed Ali
COM05411,C0284,2021-07-29,Meeting,New course announcement,Mohammed Ali
COM01355,C0072,2021-07-30,Email,Feedback discussion,Noura Salem
COM02904,C0158,2021-08-03,Email,Follow-up on booking,Sara Hassan
COM06382,C0338,2021-08-03,Meeting,Follow-up on booking,Noura Salem
COM05439,C0286,2021-08-04,Phone Call,Thank you message,Fatima Ahmed
COM06616,C0349,2021-08-04,Email,Renewal discussion,Fatima Ahmed
COM06482,C0344,2021-08-10,WhatsApp,Thank you message,Noura Salem
COM05458,C0286,2021-08-11,Video Call,Invoice query,Fatima Ahmed
COM02685,C0146,2021-08-13,Phone Call,Quotation request,Fatima Ahmed
COM04896,C0254,2021-08-14,WhatsApp,Satisfaction survey,Fatima Ahmed
COM02942,C0159,2021-08-16,Video Call,Satisfaction survey,Sara Hassan
COM06082,C0321,2021-08-16,Phone Call,Training needs assessment,Ahmed Abdullah
COM04516,C0233,2021-08-16,WhatsApp,Complaint resolution,Fatima Ahmed
COM05444,C0286,2021-08-17,Video Call,New course announcement,Fatima Ahmed
COM04783,C0251,2021-08-18,Phone Call,Thank you message,Sara Hassan
COM03304,C0174,2021-08-20,Video Call,Training needs assessment,Ahmed Abdullah
COM01230,C0063,2021-08-20,Email,Account review,Fatima Ahmed
COM02901,C0158,2021-08-20,Email,General inquiry,Sara Hassan
COM04781,C0251,2021-08-22,Video Call,Invoice query,Sara Hassan
COM05962,C0312,2021-08-27,WhatsApp,Follow-up on booking,Noura Salem
COM06296,C0333,2021-08-28,Meeting,Schedule confirmation,Sara Hassan
COM04244,C0222,2021-08-30,Email,Account review,Mohammed Ali
COM01135,C0060,2021-08-30,Phone Call,New course announcement,Sara Hassan
COM07006,C0370,2021-09-01,Video Call,Thank you message,Fatima Ahmed
COM01915,C0102,2021-09-02,WhatsApp,Thank you message,Noura Salem
COM04958,C0257,2021-09-05,Email,General inquiry,Ahmed Abdullah
COM03305,C0174,2021-09-05,Meeting,Course recommendation,Ahmed Abdullah
COM01926,C0102,2021-09-05,Video Call,Follow-up on booking,Noura Salem
COM00283,C0014,2021-09-05,Video Call,New course announcement,Sara Hassan
COM00945,C0049,2021-09-06,Meeting,Course recommendation,Sara Hassan
COM04802,C0251,2021-09-09,Meeting,Complaint resolution,Sara Hassan
COM02793,C0152,2021-09-09,Phone Call,General inquiry,Mohammed Ali
COM00280,C0013,2021-09-11,WhatsApp,Invoice query,Mohammed Ali
COM06060,C0321,2021-09-12,Meeting,General inquiry,Ahmed Abdullah
COM02884,C0157,2021-09-13,WhatsApp,General inquiry,Noura Salem
COM05076,C0266,2021-09-15,WhatsApp,Thank you message,Noura Salem
COM01961,C0104,2021-09-16,Video Call,Account review,Noura Salem
COM02968,C0159,2021-09-16,Phone Call,Follow-up on booking,Sara Hassan
COM04032,C0213,2021-09-19,Meeting,Thank you message,Fatima Ahmed
COM02733,C0148,2021-09-23,Phone Call,Schedule confirmation,Mohammed Ali
COM02961,C0159,2021-09-23,Video Call,Complaint resolution,Sara Hassan
COM07036,C0371,2021-09-25,Phone Call,New course announcement,Fatima Ahmed
COM04911,C0254,2021-09-25,Meeting,Quotation request,Fatima Ahmed
COM04692,C0243,2021-09-28,WhatsApp,New course announcement,Mohammed Ali
COM04957,C0257,2021-09-28,Video Call,Feedback discussion,Ahmed Abdullah
COM04629,C0238,2021-09-29,Phone Call,Feedback discussion,Sara Hassan
COM04245,C0222,2021-10-01,Email,Course recommendation,Mohammed Ali
COM08474,C0452,2021-10-06,Video Call,Schedule confirmation,Ahmed Abdullah
COM06083,C0321,2021-10-07,WhatsApp,General inquiry,Ahmed Abdullah
COM01956,C0104,2021-10-09,WhatsApp,Thank you message,Noura Salem
COM06077,C0321,2021-10-11,WhatsApp,Complaint resolution,Ahmed Abdullah
COM04036,C0213,2021-10-11,WhatsApp,Invoice query,Fatima Ahmed
COM05989,C0316,2021-10-12,Video Call,New course announcement,Fatima Ahmed
COM04513,C0233,2021-10-13,Email,New course announcement,Fatima Ahmed
COM09346,C0498,2021-10-14,WhatsApp,Training needs assessment,Noura Salem
COM09264,C0493,2021-10-14,WhatsApp,General inquiry,Sara Hassan
COM04940,C0255,2021-10-15,Phone Call,Schedule confirmation,Ahmed Abdullah
COM04231,C0222,2021-10-15,Meeting,Follow-up on booking,Mohammed Ali
COM04517,C0233,2021-10-15,Email,Follow-up on booking,Fatima Ahmed
COM08478,C0452,2021-10-16,Email,Satisfaction survey,Ahmed Abdullah
COM03260,C0174,2021-10-16,Phone Call,Quotation request,Ahmed Abdullah
COM04782,C0251,2021-10-21,WhatsApp,Schedule confirmation,Sara Hassan
COM05643,C0296,2021-10-21,Phone Call,Renewal discussion,Noura Salem
COM06059,C0321,2021-10-24,Video Call,Account review,Ahmed Abdullah
COM05082,C0266,2021-10-27,Meeting,Course recommendation,Noura Salem
COM06890,C0363,2021-10-27,Phone Call,Quotation request,Noura Salem
COM05093,C0267,2021-10-28,Meeting,Feedback discussion,Noura Salem
COM08061,C0426,2021-10-28,Meeting,Feedback discussion,Fatima Ahmed
COM04786,C0251,2021-10-28,Meeting,Complaint resolution,Sara Hassan
COM09374,C0498,2021-10-29,Video Call,Thank you message,Noura Salem
COM02970,C0159,2021-11-01,Video Call,Course recommendation,Sara Hassan
COM00133,C0006,2021-11-02,Email,Account review,Mohammed Ali
COM02908,C0158,2021-11-03,Phone Call,General inquiry,Sara Hassan
COM04695,C0243,2021-11-04,Video Call,Invoice query,Mohammed Ali
COM08961,C0479,2021-11-04,Phone Call,Training needs assessment,Mohammed Ali
COM09382,C0498,2021-11-04,Email,New course announcement,Noura Salem
COM04219,C0222,2021-11-07,Email,Course recommendation,Mohammed Ali
COM04499,C0232,2021-11-07,WhatsApp,Satisfaction survey,Fatima Ahmed
COM04803,C0251,2021-11-07,WhatsApp,New course announcement,Sara Hassan
COM03007,C0163,2021-11-07,Video Call,New course announcement,Ahmed Abdullah
COM05244,C0276,2021-11-08,Email,Quotation request,Fatima Ahmed
COM05103,C0268,2021-11-09,Meeting,Training needs assessment,Ahmed Abdullah
COM00292,C0014,2021-11-10,Phone Call,Follow-up on booking,Sara Hassan
COM00295,C0014,2021-11-11,Meeting,Follow-up on booking,Sara Hassan
COM02689,C0146,2021-11-12,Email,Quotation request,Fatima Ahmed
COM05963,C0312,2021-11-12,Phone Call,Thank you message,Noura Salem
COM00951,C0049,2021-11-14,WhatsApp,Satisfaction survey,Sara Hassan
COM00973,C0052,2021-11-16,Video Call,Course recommendation,Ahmed Abdullah
COM04933,C0255,2021-11-16,Meeting,Course recommendation,Ahmed Abdullah
COM08738,C0465,2021-11-17,Video Call,New course announcement,Mohammed Ali
COM04208,C0222,2021-11-17,WhatsApp,Feedback discussion,Mohammed Ali
COM07954,C0419,2021-11-18,Video Call,Satisfaction survey,Mohammed Ali
COM04792,C0251,2021-11-19,WhatsApp,General inquiry,Sara Hassan
COM01363,C0072,2021-11-19,Meeting,Schedule confirmation,Noura Salem
COM05662,C0296,2021-11-20,Meeting,Complaint resolution,Noura Salem
COM02775,C0152,2021-11-20,Email,Feedback discussion,Mohammed Ali
COM04962,C0257,2021-11-21,Video Call,Renewal discussion,Ahmed Abdullah
COM07047,C0371,2021-11-22,Email,General inquiry,Fatima Ahmed
COM02736,C0148,2021-11-23,Video Call,Thank you message,Mohammed Ali
COM02103,C0114,2021-11-23,Meeting,Satisfaction survey,Fatima Ahmed
COM01660,C0088,2021-11-23,WhatsApp,Course recommendation,Sara Hassan
COM03252,C0174,2021-11-29,Meeting,Follow-up on booking,Ahmed Abdullah
COM03274,C0174,2021-11-29,Phone Call,Invoice query,Ahmed Abdullah
COM04908,C0254,2021-11-30,Video Call,Follow-up on booking,Fatima Ahmed
COM05895,C0309,2021-12-01,Email,Follow-up on booking,Sara Hassan
COM09253,C0493,2021-12-01,WhatsApp,Renewal discussion,Sara Hassan
COM06473,C0344,2021-12-04,Phone Call,Satisfaction survey,Noura Salem
COM01141,C0060,2021-12-04,Meeting,Feedback discussion,Sara Hassan
COM08984,C0481,2021-12-06,Email,New course announcement,Sara Hassan
COM06146,C0324,2021-12-06,Phone Call,General inquiry,Noura Salem
COM01356,C0072,2021-12-06,Email,Training needs assessment,Noura Salem
COM03024,C0163,2021-12-07,Phone Call,Thank you message,Ahmed Abdullah
COM04691,C0243,2021-12-07,Email,New course announcement,Mohammed Ali
COM03266,C0174,2021-12-07,Email,Satisfaction survey,Ahmed Abdullah
COM04889,C0254,2021-12-07,Video Call,Course recommendation,Fatima Ahmed
COM02223,C0122,2021-12-10,Meeting,Feedback discussion,Noura Salem
COM02924,C0159,2021-12-14,Email,General inquiry,Sara Hassan
COM04784,C0251,2021-12-16,Meeting,Follow-up on booking,Sara Hassan
COM06120,C0324,2021-12-17,Email,Training needs assessment,Noura Salem
COM06221,C0328,2021-12-17,Phone Call,Follow-up on booking,Mohammed Ali
COM08212,C0435,2021-12-18,Email,Complaint resolution,Ahmed Abdullah
COM02964,C0159,2021-12-18,Video Call,Thank you message,Sara Hassan
COM08208,C0435,2021-12-19,WhatsApp,General inquiry,Ahmed Abdullah
COM07009,C0370,2021-12-21,Email,Training needs assessment,Fatima Ahmed
COM05659,C0296,2021-12-22,Email,Renewal discussion,Noura Salem
COM01653,C0088,2021-12-23,WhatsApp,Training needs assessment,Sara Hassan
COM08999,C0482,2021-12-23,Video Call,Quotation request,Noura Salem
COM04521,C0233,2021-12-24,WhatsApp,Thank you message,Fatima Ahmed
COM01927,C0102,2021-12-26,Video Call,Renewal discussion,Noura Salem
COM04206,C0221,2021-12-26,Meeting,Account review,Ahmed Abdullah
COM02897,C0158,2021-12-27,WhatsApp,Course recommendation,Sara Hassan
COM04914,C0254,2021-12-27,Email,Quotation request,Fatima Ahmed
COM05099,C0268,2021-12-27,Phone Call,Complaint resolution,Ahmed Abdullah
COM05234,C0276,2021-12-28,Meeting,Follow-up on booking,Fatima Ahmed
COM02934,C0159,2021-12-29,WhatsApp,Thank you message,Sara Hassan
COM06208,C0328,2021-12-31,Email,Training needs assessment,Mohammed Ali
COM00129,C0006,2022-01-03,Meeting,General inquiry,Mohammed Ali
COM02953,C0159,2022-01-03,Email,Renewal discussion,Sara Hassan
COM08996,C0482,2022-01-05,Phone Call,Quotation request,Noura Salem
COM00974,C0052,2022-01-06,WhatsApp,General inquiry,Ahmed Abdullah
COM05084,C0266,2022-01-09,Email,Feedback discussion,Noura Salem
COM03782,C0198,2022-01-10,Meeting,Training needs assessment,Noura Salem
COM02921,C0159,2022-01-10,Email,Account review,Sara Hassan
COM05442,C0286,2022-01-10,Video Call,Account review,Fatima Ahmed
COM03936,C0206,2022-01-12,WhatsApp,Training needs assessment,Fatima Ahmed
COM01953,C0104,2022-01-12,Email,Renewal discussion,Noura Salem
COM02605,C0140,2022-01-14,Phone Call,Follow-up on booking,Mohammed Ali
COM09332,C0498,2022-01-14,Meeting,New course announcement,Noura Salem
COM06057,C0321,2022-01-15,Email,Satisfaction survey,Ahmed Abdullah
COM01957,C0104,2022-01-16,Meeting,Training needs assessment,Noura Salem
COM05070,C0266,2022-01-16,Meeting,New course announcement,Noura Salem
COM07300,C0383,2022-01-16,WhatsApp,Feedback discussion,Fatima Ahmed
COM08204,C0435,2022-01-16,WhatsApp,General inquiry,Ahmed Abdullah
COM02690,C0146,2022-01-17,Meeting,Complaint resolution,Fatima Ahmed
COM06224,C0328,2022-01-19,WhatsApp,Quotation request,Mohammed Ali
COM02786,C0152,2022-01-20,Email,Satisfaction survey,Mohammed Ali
COM03555,C0188,2022-01-20,Phone Call,Account review,Fatima Ahmed
COM03121,C0168,2022-01-20,Meeting,Feedback discussion,Fatima Ahmed
COM05072,C0266,2022-01-20,Meeting,Feedback discussion,Noura Salem
COM07297,C0383,2022-01-20,Email,Complaint resolution,Fatima Ahmed
COM08525,C0457,2022-01-20,Meeting,New course announcement,Fatima Ahmed
COM09350,C0498,2022-01-23,Video Call,Thank you message,Noura Salem
COM06142,C0324,2022-01-24,Video Call,Schedule confirmation,Noura Salem
COM08486,C0453,2022-01-27,WhatsApp,Schedule confirmation,Ahmed Abdullah
COM02566,C0138,2022-01-27,Meeting,Schedule confirmation,Ahmed Abdullah
COM02222,C0122,2022-01-27,Email,Thank you message,Noura Salem
COM03773,C0198,2022-01-28,Phone Call,Quotation request,Noura Salem
COM03279,C0174,2022-01-29,WhatsApp,Thank you message,Ahmed Abdullah
COM02881,C0157,2022-01-29,Meeting,New course announcement,Noura Salem
COM05956,C0312,2022-01-29,Meeting,Quotation request,Noura Salem
COM04966,C0258,2022-01-31,WhatsApp,General inquiry,Ahmed Abdullah
COM02589,C0138,2022-02-01,WhatsApp,Complaint resolution,Ahmed Abdullah
COM06159,C0325,2022-02-02,Video Call,Account review,Sara Hassan
COM09348,C0498,2022-02-02,Video Call,Feedback discussion,Noura Salem
COM02606,C0140,2022-02-02,Email,General inquiry,Mohammed Ali
COM01773,C0094,2022-02-03,Email,Follow-up on booking,Mohammed Ali
COM06478,C0344,2022-02-03,Meeting,Follow-up on booking,Noura Salem
COM08068,C0426,2022-02-03,Email,Thank you message,Fatima Ahmed
COM04920,C0255,2022-02-03,Email,Schedule confirmation,Ahmed Abdullah
COM08066,C0426,2022-02-04,Phone Call,Account review,Fatima Ahmed
COM05953,C0312,2022-02-05,WhatsApp,Training needs assessment,Noura Salem
COM01912,C0102,2022-02-06,Video Call,Schedule confirmation,Noura Salem
COM03134,C0168,2022-02-06,WhatsApp,Renewal discussion,Fatima Ahmed
COM05469,C0286,2022-02-07,Phone Call,Schedule confirmation,Fatima Ahmed
COM01418,C0075,2022-02-08,Video Call,Thank you message,Fatima Ahmed
COM01738,C0092,2022-02-09,Email,Complaint resolution,Noura Salem
COM01770,C0094,2022-02-10,Email,Schedule confirmation,Mohammed Ali
COM02776,C0152,2022-02-11,Meeting,Satisfaction survey,Mohammed Ali
COM09257,C0493,2022-02-11,Email,Feedback discussion,Sara Hassan
COM08894,C0475,2022-02-14,Phone Call,Course recommendation,Noura Salem
COM03083,C0166,2022-02-15,Phone Call,Quotation request,Ahmed Abdullah
COM04934,C0255,2022-02-15,Video Call,Quotation request,Ahmed Abdullah
COM06130,C0324,2022-02-16,Meeting,Follow-up on booking,Noura Salem
COM00317,C0014,2022-02-18,Video Call,Satisfaction survey,Sara Hassan
COM00189,C0008,2022-02-18,Meeting,Quotation request,Fatima Ahmed
COM07293,C0383,2022-02-18,Video Call,Schedule confirmation,Fatima Ahmed
COM00118,C0006,2022-02-18,WhatsApp,Follow-up on booking,Mohammed Ali
COM07422,C0391,2022-02-19,Phone Call,Renewal discussion,Noura Salem
COM09357,C0498,2022-02-19,Video Call,Quotation request,Noura Salem
COM06493,C0344,2022-02-20,Email,Invoice query,Noura Salem
COM01931,C0102,2022-02-21,Video Call,Quotation request,Noura Salem
COM02887,C0157,2022-02-23,Phone Call,Training needs assessment,Noura Salem
COM03254,C0174,2022-02-24,Meeting,Schedule confirmation,Ahmed Abdullah
COM03129,C0168,2022-02-24,Meeting,Complaint resolution,Fatima Ahmed
COM07506,C0396,2022-02-24,Meeting,Complaint resolution,Fatima Ahmed
COM02779,C0152,2022-02-25,Email,Quotation request,Mohammed Ali
COM06838,C0361,2022-02-27,WhatsApp,Quotation request,Fatima Ahmed
COM09007,C0482,2022-02-27,Phone Call,Account review,Noura Salem
COM03635,C0191,2022-02-28,Phone Call,Schedule confirmation,Mohammed Ali
COM05673,C0296,2022-02-28,Meeting,General inquiry,Noura Salem
COM07971,C0420,2022-03-01,Video Call,Renewal discussion,Ahmed Abdullah
COM04175,C0219,2022-03-03,Meeting,Thank you message,Ahmed Abdullah
COM04222,C0222,2022-03-03,Email,Thank you message,Mohammed Ali
COM04504,C0232,2022-03-05,Video Call,Course recommendation,Fatima Ahmed
COM02608,C0140,2022-03-05,WhatsApp,Feedback discussion,Mohammed Ali
COM03814,C0201,2022-03-06,Video Call,General inquiry,Ahmed Abdullah
COM04787,C0251,2022-03-06,Video Call,Account review,Sara Hassan
COM02107,C0114,2022-03-06,Video Call,Feedback discussion,Fatima Ahmed
COM00970,C0052,2022-03-07,Phone Call,Course recommendation,Ahmed Abdullah
COM08227,C0437,2022-03-08,Email,Schedule confirmation,Noura Salem
COM03780,C0198,2022-03-08,Video Call,Quotation request,Noura Salem
COM03660,C0191,2022-03-08,Video Call,Complaint resolution,Mohammed Ali
COM01726,C0092,2022-03-08,Video Call,Feedback discussion,Noura Salem
COM06600,C0349,2022-03-08,Phone Call,Complaint resolution,Fatima Ahmed
COM08485,C0453,2022-03-09,Video Call,Training needs assessment,Ahmed Abdullah
COM02894,C0157,2022-03-09,Phone Call,Thank you message,Noura Salem
COM08983,C0481,2022-03-09,Meeting,New course announcement,Sara Hassan
COM00132,C0006,2022-03-10,Video Call,Course recommendation,Mohammed Ali
COM02770,C0151,2022-03-13,Video Call,General inquiry,Ahmed Abdullah
COM02105,C0114,2022-03-13,Video Call,Renewal discussion,Fatima Ahmed
COM03087,C0166,2022-03-13,Phone Call,Course recommendation,Ahmed Abdullah
COM03610,C0191,2022-03-13,WhatsApp,Thank you message,Mohammed Ali
COM07630,C0405,2022-03-14,Phone Call,Training needs assessment,Noura Salem
COM05255,C0276,2022-03-15,Video Call,Renewal discussion,Fatima Ahmed
COM02591,C0138,2022-03-15,Phone Call,New course announcement,Ahmed Abdullah
COM03774,C0198,2022-03-16,Email,Quotation request,Noura Salem
COM06486,C0344,2022-03-16,WhatsApp,Quotation request,Noura Salem
COM03673,C0192,2022-03-17,Meeting,Follow-up on booking,Sara Hassan
COM03672,C0192,2022-03-18,Meeting,General inquiry,Sara Hassan
COM06704,C0354,2022-03-18,Meeting,New course announcement,Sara Hassan
COM02932,C0159,2022-03-21,WhatsApp,Thank you message,Sara Hassan
COM00455,C0021,2022-03-21,Video Call,General inquiry,Mohammed Ali
COM01921,C0102,2022-03-24,Phone Call,Training needs assessment,Noura Salem
COM03137,C0168,2022-03-25,WhatsApp,Training needs assessment,Fatima Ahmed
COM03779,C0198,2022-03-25,Phone Call,Feedback discussion,Noura Salem
COM00445,C0021,2022-03-26,Email,Renewal discussion,Mohammed Ali
COM07946,C0419,2022-03-26,WhatsApp,Training needs assessment,Mohammed Ali
COM08988,C0481,2022-03-27,Video Call,Quotation request,Sara Hassan
COM07963,C0420,2022-03-27,WhatsApp,Renewal discussion,Ahmed Abdullah
COM05990,C0316,2022-03-29,Video Call,Course recommendation,Fatima Ahmed
COM01211,C0063,2022-03-31,Meeting,Quotation request,Fatima Ahmed
COM04906,C0254,2022-03-31,Phone Call,Training needs assessment,Fatima Ahmed
COM08470,C0452,2022-04-01,WhatsApp,General inquiry,Ahmed Abdullah
COM00291,C0014,2022-04-02,Email,Satisfaction survey,Sara Hassan
COM02911,C0158,2022-04-02,Video Call,Quotation request,Sara Hassan
COM06005,C0318,2022-04-03,WhatsApp,Renewal discussion,Noura Salem
COM03080,C0166,2022-04-03,Video Call,Satisfaction survey,Ahmed Abdullah
COM03105,C0167,2022-04-03,Video Call,Course recommendation,Sara Hassan
COM08196,C0435,2022-04-04,Email,Thank you message,Ahmed Abdullah
COM07814,C0412,2022-04-04,Meeting,New course announcement,Noura Salem
COM01733,C0092,2022-04-04,Email,General inquiry,Noura Salem
COM02610,C0140,2022-04-05,Video Call,Follow-up on booking,Mohammed Ali
COM08343,C0443,2022-04-05,Video Call,New course announcement,Sara Hassan
COM04243,C0222,2022-04-06,WhatsApp,General inquiry,Mohammed Ali
COM06850,C0361,2022-04-06,Video Call,Schedule confirmation,Fatima Ahmed
COM03540,C0188,2022-04-07,Phone Call,Feedback discussion,Fatima Ahmed
COM01772,C0094,2022-04-07,Video Call,Invoice query,Mohammed Ali
COM02599,C0139,2022-04-09,Email,Satisfaction survey,Sara Hassan
COM02111,C0114,2022-04-10,Video Call,Account review,Fatima Ahmed
COM06477,C0344,2022-04-10,Meeting,Invoice query,Noura Salem
COM05447,C0286,2022-04-12,WhatsApp,General inquiry,Fatima Ahmed
COM02899,C0158,2022-04-12,Video Call,New course announcement,Sara Hassan
COM08971,C0481,2022-04-12,WhatsApp,Quotation request,Sara Hassan
COM02687,C0146,2022-04-13,Email,Feedback discussion,Fatima Ahmed
COM04064,C0215,2022-04-14,WhatsApp,Renewal discussion,Mohammed Ali
COM05470,C0286,2022-04-15,Video Call,Feedback discussion,Fatima Ahmed
COM01227,C0063,2022-04-15,WhatsApp,New course announcement,Fatima Ahmed
COM05658,C0296,2022-04-16,Email,General inquiry,Noura Salem
COM01919,C0102,2022-04-16,Meeting,Renewal discussion,Noura Salem
COM04886,C0254,2022-04-16,Meeting,Training needs assessment,Fatima Ahmed
COM08989,C0481,2022-04-16,Meeting,New course announcement,Sara Hassan
COM05719,C0298,2022-04-17,WhatsApp,Renewal discussion,Fatima Ahmed
COM01214,C0063,2022-04-18,Phone Call,Training needs assessment,Fatima Ahmed
COM04247,C0222,2022-04-18,Email,Invoice query,Mohammed Ali
COM06497,C0344,2022-04-18,WhatsApp,Renewal discussion,Noura Salem
COM02699,C0146,2022-04-19,Email,Renewal discussion,Fatima Ahmed
COM06064,C0321,2022-04-20,Email,Complaint resolution,Ahmed Abdullah
COM08898,C0475,2022-04-20,Meeting,Feedback discussion,Noura Salem
COM07454,C0392,2022-04-20,Phone Call,Satisfaction survey,Mohammed Ali
COM01714,C0092,2022-04-21,Video Call,Quotation request,Noura Salem
COM04955,C0257,2022-04-21,Meeting,Feedback discussion,Ahmed Abdullah
COM01657,C0088,2022-04-21,Phone Call,Quotation request,Sara Hassan
COM07011,C0370,2022-04-22,Meeting,Follow-up on booking,Fatima Ahmed
COM08231,C0437,2022-04-22,Video Call,Feedback discussion,Noura Salem
COM00286,C0014,2022-04-23,Meeting,Renewal discussion,Sara Hassan
COM08489,C0453,2022-04-23,WhatsApp,Invoice query,Ahmed Abdullah
COM06291,C0333,2022-04-23,Meeting,Complaint resolution,Sara Hassan
COM06295,C0333,2022-04-24,Video Call,Invoice query,Sara Hassan
COM02879,C0157,2022-04-25,Video Call,Complaint resolution,Noura Salem
COM06833,C0361,2022-04-27,WhatsApp,Thank you message,Fatima Ahmed
COM03038,C0165,2022-04-28,Meeting,Renewal discussion,Sara Hassan
COM09244,C0493,2022-04-28,WhatsApp,Course recommendation,Sara Hassan
COM07055,C0372,2022-04-28,Email,Schedule confirmation,Sara Hassan
COM07504,C0396,2022-04-28,WhatsApp,Quotation request,Fatima Ahmed
COM08202,C0435,2022-04-29,Meeting,Satisfaction survey,Ahmed Abdullah
COM02578,C0138,2022-05-01,Email,Account review,Ahmed Abdullah
COM07442,C0391,2022-05-02,WhatsApp,Follow-up on booking,Noura Salem
COM08203,C0435,2022-05-03,Email,Schedule confirmation,Ahmed Abdullah
COM00187,C0008,2022-05-06,Email,Training needs assessment,Fatima Ahmed
COM00446,C0021,2022-05-06,Phone Call,Quotation request,Mohammed Ali
COM03806,C0201,2022-05-06,Phone Call,General inquiry,Ahmed Abdullah
COM04790,C0251,2022-05-07,Meeting,Follow-up on booking,Sara Hassan
COM09340,C0498,2022-05-07,WhatsApp,General inquiry,Noura Salem
COM06852,C0361,2022-05-07,Phone Call,Course recommendation,Fatima Ahmed
COM08990,C0481,2022-05-08,WhatsApp,Account review,Sara Hassan
COM06920,C0365,2022-05-08,Meeting,Account review,Mohammed Ali
COM02754,C0150,2022-05-09,Meeting,Renewal discussion,Mohammed Ali
COM03050,C0165,2022-05-12,Video Call,Quotation request,Sara Hassan
COM02795,C0152,2022-05-13,Video Call,Course recommendation,Mohammed Ali
COM00349,C0017,2022-05-14,Meeting,Follow-up on booking,Fatima Ahmed
COM00347,C0017,2022-05-14,Phone Call,Complaint resolution,Fatima Ahmed
COM02898,C0158,2022-05-15,WhatsApp,Feedback discussion,Sara Hassan
COM04467,C0231,2022-05-16,Meeting,Complaint resolution,Sara Hassan
COM07792,C0411,2022-05-16,Video Call,Complaint resolution,Noura Salem
COM07651,C0405,2022-05-18,Meeting,Invoice query,Noura Salem
COM06596,C0349,2022-05-18,Email,Complaint resolution,Fatima Ahmed
COM04816,C0252,2022-05-19,Meeting,Feedback discussion,Fatima Ahmed
COM04450,C0228,2022-05-19,Meeting,Thank you message,Fatima Ahmed
COM00028,C0001,2022-05-19,WhatsApp,Schedule confirmation,Noura Salem
COM00480,C0021,2022-05-20,WhatsApp,Follow-up on booking,Mohammed Ali
COM04893,C0254,2022-05-20,WhatsApp,Thank you message,Fatima Ahmed
COM03772,C0198,2022-05-21,Email,Complaint resolution,Noura Salem
COM00845,C0042,2022-05-21,Video Call,Complaint resolution,Noura Salem
COM08337,C0443,2022-05-21,Video Call,Follow-up on booking,Sara Hassan
COM08598,C0460,2022-05-21,Video Call,New course announcement,Sara Hassan
COM03041,C0165,2022-05-22,Phone Call,New course announcement,Sara Hassan
COM03204,C0171,2022-05-22,WhatsApp,Thank you message,Sara Hassan
COM01362,C0072,2022-05-22,Email,Invoice query,Noura Salem
COM06058,C0321,2022-05-23,Video Call,Follow-up on booking,Ahmed Abdullah
COM05428,C0286,2022-05-23,WhatsApp,Follow-up on booking,Fatima Ahmed
COM08905,C0475,2022-05-24,Meeting,Account review,Noura Salem
COM00113,C0006,2022-05-24,WhatsApp,New course announcement,Mohammed Ali
COM09224,C0493,2022-05-24,Video Call,Quotation request,Sara Hassan
COM06889,C0363,2022-05-24,Email,Course recommendation,Noura Salem
COM04234,C0222,2022-05-24,Phone Call,Feedback discussion,Mohammed Ali
COM03777,C0198,2022-05-26,Meeting,Account review,Noura Salem
COM03788,C0200,2022-05-27,WhatsApp,New course announcement,Sara Hassan
COM03189,C0171,2022-05-27,Meeting,Course recommendation,Sara Hassan
COM09225,C0493,2022-05-28,Meeting,Quotation request,Sara Hassan
COM02799,C0152,2022-05-29,WhatsApp,Account review,Mohammed Ali
COM00942,C0049,2022-05-30,WhatsApp,Course recommendation,Sara Hassan
COM03658,C0191,2022-05-30,Meeting,Follow-up on booking,Mohammed Ali
COM01045,C0057,2022-05-30,Phone Call,Schedule confirmation,Mohammed Ali
COM08660,C0462,2022-05-30,WhatsApp,Account review,Fatima Ahmed
COM06834,C0361,2022-05-31,Phone Call,Renewal discussion,Fatima Ahmed
COM04205,C0221,2022-06-01,Video Call,Training needs assessment,Ahmed Abdullah
COM08346,C0443,2022-06-01,Meeting,Invoice query,Sara Hassan
COM03974,C0209,2022-06-02,Meeting,Feedback discussion,Fatima Ahmed
COM08481,C0453,2022-06-02,Video Call,General inquiry,Ahmed Abdullah
COM01039,C0057,2022-06-02,Phone Call,General inquiry,Mohammed Ali
COM06210,C0328,2022-06-02,Phone Call,Satisfaction survey,Mohammed Ali
COM04693,C0243,2022-06-03,Meeting,Complaint resolution,Mohammed Ali
COM04214,C0222,2022-06-03,Meeting,Satisfaction survey,Mohammed Ali
COM02449,C0132,2022-06-03,Video Call,New course announcement,Sara Hassan
COM06189,C0327,2022-06-04,WhatsApp,Quotation request,Noura Salem
COM06213,C0328,2022-06-04,Video Call,Follow-up on booking,Mohammed Ali
COM04251,C0222,2022-06-05,Meeting,Follow-up on booking,Mohammed Ali
COM01853,C0100,2022-06-05,WhatsApp,Training needs assessment,Ahmed Abdullah
COM01663,C0088,2022-06-05,Meeting,Satisfaction survey,Sara Hassan
COM08626,C0462,2022-06-06,WhatsApp,Satisfaction survey,Fatima Ahmed
COM08717,C0465,2022-06-06,WhatsApp,New course announcement,Mohammed Ali
COM08734,C0465,2022-06-07,Phone Call,New course announcement,Mohammed Ali
COM04826,C0252,2022-06-07,Email,Renewal discussion,Fatima Ahmed
COM04505,C0232,2022-06-08,Video Call,Training needs assessment,Fatima Ahmed
COM05109,C0268,2022-06-08,Phone Call,Account review,Ahmed Abdullah
COM04481,C0231,2022-06-08,WhatsApp,Feedback discussion,Sara Hassan
COM04177,C0219,2022-06-10,Meeting,Feedback discussion,Ahmed Abdullah
COM03081,C0166,2022-06-10,WhatsApp,Account review,Ahmed Abdullah
COM03084,C0166,2022-06-11,Phone Call,Training needs assessment,Ahmed Abdullah
COM03027,C0163,2022-06-11,WhatsApp,Feedback discussion,Ahmed Abdullah
COM06706,C0354,2022-06-11,Meeting,New course announcement,Sara Hassan
COM01221,C0063,2022-06-12,WhatsApp,Satisfaction survey,Fatima Ahmed
COM03811,C0201,2022-06-13,Email,Schedule confirmation,Ahmed Abdullah
COM06185,C0327,2022-06-13,Video Call,Training needs assessment,Noura Salem
COM04167,C0219,2022-06-13,Video Call,Renewal discussion,Ahmed Abdullah
COM02600,C0139,2022-06-13,Meeting,Course recommendation,Sara Hassan
COM08643,C0462,2022-06-14,Video Call,Feedback discussion,Fatima Ahmed
COM04869,C0252,2022-06-14,Meeting,New course announcement,Fatima Ahmed
COM03297,C0174,2022-06-14,Meeting,Follow-up on booking,Ahmed Abdullah
COM03801,C0201,2022-06-15,Meeting,Renewal discussion,Ahmed Abdullah
COM06157,C0325,2022-06-16,Video Call,New course announcement,Sara Hassan
COM00885,C0045,2022-06-17,WhatsApp,Quotation request,Ahmed Abdullah
COM04514,C0233,2022-06-17,Meeting,General inquiry,Fatima Ahmed
COM09014,C0482,2022-06-17,Meeting,Training needs assessment,Noura Salem
COM06949,C0367,2022-06-18,Meeting,Satisfaction survey,Ahmed Abdullah
COM04626,C0238,2022-06-19,Video Call,Renewal discussion,Sara Hassan
COM00744,C0035,2022-06-20,Email,Complaint resolution,Mohammed Ali
COM02424,C0132,2022-06-20,Meeting,General inquiry,Sara Hassan
COM02038,C0109,2022-06-20,Video Call,Quotation request,Fatima Ahmed
COM06374,C0337,2022-06-21,Video Call,Thank you message,Fatima Ahmed
COM09265,C0493,2022-06-21,Phone Call,Follow-up on booking,Sara Hassan
COM08493,C0453,2022-06-22,Phone Call,Complaint resolution,Ahmed Abdullah
COM05065,C0266,2022-06-23,Video Call,Quotation request,Noura Salem
COM00311,C0014,2022-06-23,WhatsApp,General inquiry,Sara Hassan
COM01854,C0100,2022-06-23,Phone Call,General inquiry,Ahmed Abdullah
COM05110,C0268,2022-06-23,Email,Follow-up on booking,Ahmed Abdullah
COM09352,C0498,2022-06-23,Meeting,Course recommendation,Noura Salem
COM06152,C0325,2022-06-23,WhatsApp,Course recommendation,Sara Hassan
COM02756,C0150,2022-06-24,WhatsApp,Schedule confirmation,Mohammed Ali
COM07918,C0417,2022-06-24,WhatsApp,Training needs assessment,Noura Salem
COM08336,C0443,2022-06-25,Phone Call,Thank you message,Sara Hassan
COM06177,C0327,2022-06-25,Email,Complaint resolution,Noura Salem
COM06472,C0344,2022-06-25,Meeting,Renewal discussion,Noura Salem
COM07077,C0374,2022-06-25,Email,Quotation request,Mohammed Ali
COM04866,C0252,2022-06-25,WhatsApp,Training needs assessment,Fatima Ahmed
COM04846,C0252,2022-06-25,Video Call,Feedback discussion,Fatima Ahmed
COM08062,C0426,2022-06-26,WhatsApp,General inquiry,Fatima Ahmed
COM01091,C0058,2022-06-27,Video Call,Course recommendation,Mohammed Ali
COM07634,C0405,2022-06-27,Phone Call,New course announcement,Noura Salem
COM08201,C0435,2022-06-27,Email,Follow-up on booking,Ahmed Abdullah
COM01074,C0058,2022-06-29,Phone Call,Schedule confirmation,Mohammed Ali
COM02767,C0151,2022-06-29,Phone Call,Satisfaction survey,Ahmed Abdullah
COM09242,C0493,2022-06-29,Meeting,Course recommendation,Sara Hassan
COM03609,C0191,2022-06-30,Email,Thank you message,Mohammed Ali
COM00737,C0035,2022-06-30,Video Call,Course recommendation,Mohammed Ali
COM07835,C0414,2022-06-30,Email,Account review,Fatima Ahmed
COM06818,C0361,2022-06-30,Email,Thank you message,Fatima Ahmed
COM01213,C0063,2022-06-30,Phone Call,Invoice query,Fatima Ahmed
COM06540,C0345,2022-07-01,WhatsApp,General inquiry,Noura Salem
COM01360,C0072,2022-07-01,Video Call,Quotation request,Noura Salem
COM02000,C0109,2022-07-01,WhatsApp,Training needs assessment,Fatima Ahmed
COM06212,C0328,2022-07-01,WhatsApp,Training needs assessment,Mohammed Ali
COM09380,C0498,2022-07-02,Phone Call,New course announcement,Noura Salem
COM06168,C0327,2022-07-02,Email,Invoice query,Noura Salem
COM08324,C0443,2022-07-02,Email,Follow-up on booking,Sara Hassan
COM08479,C0452,2022-07-03,Video Call,Thank you message,Ahmed Abdullah
COM03623,C0191,2022-07-03,Video Call,General inquiry,Mohammed Ali
COM07796,C0411,2022-07-03,Meeting,Invoice query,Noura Salem
COM06137,C0324,2022-07-04,Email,New course announcement,Noura Salem
COM03135,C0168,2022-07-04,WhatsApp,Satisfaction survey,Fatima Ahmed
COM08995,C0482,2022-07-04,Email,Thank you message,Noura Salem
COM06939,C0367,2022-07-05,Email,Renewal discussion,Ahmed Abdullah
COM03127,C0168,2022-07-05,Phone Call,Quotation request,Fatima Ahmed
COM02035,C0109,2022-07-05,Phone Call,New course announcement,Fatima Ahmed
COM04173,C0219,2022-07-05,Email,Thank you message,Ahmed Abdullah
COM00019,C0001,2022-07-07,Email,Schedule confirmation,Noura Salem
COM03781,C0198,2022-07-07,Meeting,Course recommendation,Noura Salem
COM01119,C0058,2022-07-08,Meeting,Feedback discussion,Mohammed Ali
COM05253,C0276,2022-07-08,Email,Complaint resolution,Fatima Ahmed
COM02439,C0132,2022-07-08,Email,Complaint resolution,Sara Hassan
COM06932,C0366,2022-07-09,Email,General inquiry,Noura Salem
COM09218,C0493,2022-07-09,Phone Call,Course recommendation,Sara Hassan
COM07910,C0417,2022-07-10,Email,Schedule confirmation,Noura Salem
COM07944,C0419,2022-07-11,Meeting,General inquiry,Mohammed Ali
COM02594,C0139,2022-07-12,Email,New course announcement,Sara Hassan
COM03550,C0188,2022-07-13,Phone Call,General inquiry,Fatima Ahmed
COM02796,C0152,2022-07-13,Email,New course announcement,Mohammed Ali
COM08731,C0465,2022-07-13,Phone Call,General inquiry,Mohammed Ali
COM06172,C0327,2022-07-13,Phone Call,Complaint resolution,Noura Salem
COM04236,C0222,2022-07-13,Video Call,Course recommendation,Mohammed Ali
COM06156,C0325,2022-07-14,WhatsApp,Course recommendation,Sara Hassan
COM01107,C0058,2022-07-14,WhatsApp,Schedule confirmation,Mohammed Ali
COM04797,C0251,2022-07-14,Phone Call,Feedback discussion,Sara Hassan
COM06921,C0365,2022-07-14,Email,Satisfaction survey,Mohammed Ali
COM00745,C0035,2022-07-14,WhatsApp,New course announcement,Mohammed Ali
COM03726,C0195,2022-07-18,WhatsApp,Follow-up on booking,Sara Hassan
COM06501,C0345,2022-07-18,Video Call,New course announcement,Noura Salem
COM06232,C0328,2022-07-19,Video Call,Quotation request,Mohammed Ali
COM00029,C0001,2022-07-20,Email,Invoice query,Noura Salem
COM01877,C0100,2022-07-21,Email,Follow-up on booking,Ahmed Abdullah
COM01359,C0072,2022-07-22,Meeting,Renewal discussion,Noura Salem
COM09233,C0493,2022-07-23,Email,Course recommendation,Sara Hassan
COM03303,C0174,2022-07-24,WhatsApp,General inquiry,Ahmed Abdullah
COM06481,C0344,2022-07-24,Meeting,Complaint resolution,Noura Salem
COM05238,C0276,2022-07-24,Email,General inquiry,Fatima Ahmed
COM02024,C0109,2022-07-25,Video Call,Account review,Fatima Ahmed
COM08982,C0481,2022-07-25,Video Call,Schedule confirmation,Sara Hassan
COM08606,C0460,2022-07-25,Email,Account review,Sara Hassan
COM07169,C0378,2022-07-25,Phone Call,Course recommendation,Sara Hassan
COM07498,C0396,2022-07-25,WhatsApp,Thank you message,Fatima Ahmed
COM02791,C0152,2022-07-25,Phone Call,New course announcement,Mohammed Ali
COM03147,C0168,2022-07-25,Phone Call,Renewal discussion,Fatima Ahmed
COM00946,C0049,2022-07-26,Meeting,Schedule confirmation,Sara Hassan
COM03976,C0209,2022-07-26,WhatsApp,Quotation request,Fatima Ahmed
COM04519,C0233,2022-07-26,Video Call,Follow-up on booking,Fatima Ahmed
COM06810,C0361,2022-07-27,Phone Call,Satisfaction survey,Fatima Ahmed
COM01054,C0057,2022-07-27,Phone Call,Training needs assessment,Mohammed Ali
COM06617,C0349,2022-07-28,Video Call,Schedule confirmation,Fatima Ahmed
COM07038,C0371,2022-07-29,WhatsApp,Quotation request,Fatima Ahmed
COM06607,C0349,2022-07-29,WhatsApp,Thank you message,Fatima Ahmed
COM01913,C0102,2022-07-30,WhatsApp,Account review,Noura Salem
COM00372,C0017,2022-07-30,WhatsApp,General inquiry,Fatima Ahmed
COM01743,C0093,2022-07-30,Meeting,Training needs assessment,Ahmed Abdullah
COM08674,C0463,2022-07-30,Email,Course recommendation,Fatima Ahmed
COM02025,C0109,2022-07-30,Email,Complaint resolution,Fatima Ahmed
COM04874,C0252,2022-07-30,WhatsApp,Complaint resolution,Fatima Ahmed
COM01023,C0057,2022-08-01,Phone Call,Course recommendation,Mohammed Ali
COM05071,C0266,2022-08-03,Email,Schedule confirmation,Noura Salem
COM04074,C0215,2022-08-04,WhatsApp,Renewal discussion,Mohammed Ali
COM07028,C0370,2022-08-04,Email,Follow-up on booking,Fatima Ahmed
COM08228,C0437,2022-08-04,Video Call,New course announcement,Noura Salem
COM06950,C0367,2022-08-06,Phone Call,Satisfaction survey,Ahmed Abdullah
COM08224,C0437,2022-08-07,Video Call,Satisfaction survey,Noura Salem
COM07434,C0391,2022-08-08,Email,Complaint resolution,Noura Salem
COM01528,C0080,2022-08-08,Email,Feedback discussion,Ahmed Abdullah
COM00038,C0001,2022-08-09,Meeting,Schedule confirmation,Noura Salem
COM01223,C0063,2022-08-10,Email,Satisfaction survey,Fatima Ahmed
COM07179,C0378,2022-08-10,WhatsApp,Invoice query,Sara Hassan
COM07896,C0417,2022-08-10,Email,General inquiry,Noura Salem
COM01651,C0087,2022-08-11,WhatsApp,Quotation request,Fatima Ahmed
COM07066,C0374,2022-08-11,Email,Renewal discussion,Mohammed Ali
COM07832,C0414,2022-08-11,Email,New course announcement,Fatima Ahmed
COM06602,C0349,2022-08-11,WhatsApp,Course recommendation,Fatima Ahmed
COM09347,C0498,2022-08-12,Video Call,New course announcement,Noura Salem
COM03943,C0206,2022-08-13,Video Call,Renewal discussion,Fatima Ahmed
COM06035,C0320,2022-08-13,Phone Call,Training needs assessment,Noura Salem
COM05425,C0286,2022-08-13,Phone Call,Satisfaction survey,Fatima Ahmed
COM05454,C0286,2022-08-13,Email,Complaint resolution,Fatima Ahmed
COM09381,C0498,2022-08-14,WhatsApp,Complaint resolution,Noura Salem
COM02032,C0109,2022-08-14,WhatsApp,Complaint resolution,Fatima Ahmed
COM02840,C0155,2022-08-14,Meeting,Account review,Mohammed Ali
COM03664,C0191,2022-08-16,Email,Course recommendation,Mohammed Ali
COM02137,C0117,2022-08-16,Email,Complaint resolution,Mohammed Ali
COM04960,C0257,2022-08-17,Phone Call,Thank you message,Ahmed Abdullah
COM03250,C0174,2022-08-17,Video Call,Satisfaction survey,Ahmed Abdullah
COM07901,C0417,2022-08-17,Phone Call,New course announcement,Noura Salem
COM03144,C0168,2022-08-18,Email,New course announcement,Fatima Ahmed
COM04897,C0254,2022-08-18,Video Call,Course recommendation,Fatima Ahmed
COM01142,C0060,2022-08-18,Email,Complaint resolution,Sara Hassan
COM04806,C0251,2022-08-19,Meeting,General inquiry,Sara Hassan
COM09247,C0493,2022-08-19,Phone Call,New course announcement,Sara Hassan
COM06951,C0367,2022-08-20,WhatsApp,Course recommendation,Ahmed Abdullah
COM01365,C0072,2022-08-20,WhatsApp,General inquiry,Noura Salem
COM08290,C0440,2022-08-22,Meeting,Schedule confirmation,Mohammed Ali
COM07809,C0411,2022-08-22,Meeting,Quotation request,Noura Salem
COM04482,C0231,2022-08-22,Email,New course announcement,Sara Hassan
COM02446,C0132,2022-08-23,Phone Call,Follow-up on booking,Sara Hassan
COM05711,C0298,2022-08-23,Meeting,Schedule confirmation,Fatima Ahmed
COM02224,C0122,2022-08-23,Phone Call,Follow-up on booking,Noura Salem
COM08970,C0481,2022-08-24,Phone Call,General inquiry,Sara Hassan
COM03545,C0188,2022-08-24,Phone Call,New course announcement,Fatima Ahmed
COM08284,C0440,2022-08-25,Email,Feedback discussion,Mohammed Ali
COM03710,C0195,2022-08-25,Phone Call,Thank you message,Sara Hassan
COM07962,C0420,2022-08-26,Phone Call,Training needs assessment,Ahmed Abdullah
COM03074,C0165,2022-08-26,Email,Thank you message,Sara Hassan
COM02423,C0132,2022-08-27,Meeting,Training needs assessment,Sara Hassan
COM04489,C0231,2022-08-27,Email,Schedule confirmation,Sara Hassan
COM06123,C0324,2022-08-28,Phone Call,New course announcement,Noura Salem
COM05430,C0286,2022-08-28,Email,Account review,Fatima Ahmed
COM08165,C0432,2022-08-28,Video Call,Account review,Ahmed Abdullah
COM02903,C0158,2022-08-29,Video Call,Thank you message,Sara Hassan
COM09260,C0493,2022-08-29,Email,Invoice query,Sara Hassan
COM00899,C0046,2022-08-30,Email,Renewal discussion,Fatima Ahmed
COM05113,C0268,2022-08-30,Phone Call,Feedback discussion,Ahmed Abdullah
COM06541,C0345,2022-08-30,Video Call,Course recommendation,Noura Salem
COM01767,C0094,2022-08-30,Meeting,Invoice query,Mohammed Ali
COM05352,C0282,2022-08-31,Video Call,Invoice query,Sara Hassan
COM04973,C0258,2022-08-31,Meeting,Course recommendation,Ahmed Abdullah
COM00374,C0017,2022-09-01,Video Call,Schedule confirmation,Fatima Ahmed
COM06503,C0345,2022-09-02,Email,Thank you message,Noura Salem
COM00306,C0014,2022-09-02,Phone Call,Follow-up on booking,Sara Hassan
COM02414,C0132,2022-09-03,Phone Call,General inquiry,Sara Hassan
COM07295,C0383,2022-09-04,Video Call,Training needs assessment,Fatima Ahmed
COM01759,C0093,2022-09-04,Email,Quotation request,Ahmed Abdullah
COM09005,C0482,2022-09-04,WhatsApp,Complaint resolution,Noura Salem
COM02890,C0157,2022-09-04,Video Call,Follow-up on booking,Noura Salem
COM06592,C0349,2022-09-04,Meeting,Satisfaction survey,Fatima Ahmed
COM08341,C0443,2022-09-04,Video Call,Account review,Sara Hassan
COM03037,C0165,2022-09-05,Phone Call,Feedback discussion,Sara Hassan
COM04277,C0223,2022-09-06,Phone Call,Thank you message,Sara Hassan
COM08649,C0462,2022-09-06,Video Call,Quotation request,Fatima Ahmed
COM05707,C0298,2022-09-07,Phone Call,Training needs assessment,Fatima Ahmed
COM04201,C0221,2022-09-07,Phone Call,Quotation request,Ahmed Abdullah
COM02938,C0159,2022-09-08,Meeting,Invoice query,Sara Hassan
COM06518,C0345,2022-09-08,Phone Call,Schedule confirmation,Noura Salem
COM05652,C0296,2022-09-08,Phone Call,Course recommendation,Noura Salem
COM09365,C0498,2022-09-08,Email,Follow-up on booking,Noura Salem
COM05461,C0286,2022-09-09,Email,Schedule confirmation,Fatima Ahmed
COM01928,C0102,2022-09-09,Video Call,Feedback discussion,Noura Salem
COM03049,C0165,2022-09-09,WhatsApp,Satisfaction survey,Sara Hassan
COM04265,C0223,2022-09-09,Email,Complaint resolution,Sara Hassan
COM03654,C0191,2022-09-10,Video Call,Account review,Mohammed Ali
COM07805,C0411,2022-09-10,Phone Call,General inquiry,Noura Salem
COM01666,C0088,2022-09-10,Meeting,General inquiry,Sara Hassan
COM08992,C0482,2022-09-10,Meeting,Satisfaction survey,Noura Salem
COM02403,C0132,2022-09-11,Email,Course recommendation,Sara Hassan
COM05701,C0298,2022-09-11,Meeting,Renewal discussion,Fatima Ahmed
COM03945,C0206,2022-09-11,Meeting,Course recommendation,Fatima Ahmed
COM06702,C0354,2022-09-12,Phone Call,Training needs assessment,Sara Hassan
COM05672,C0296,2022-09-12,Meeting,Feedback discussion,Noura Salem
COM05332,C0282,2022-09-13,WhatsApp,Schedule confirmation,Sara Hassan
COM01212,C0063,2022-09-13,Phone Call,Schedule confirmation,Fatima Ahmed
COM00443,C0021,2022-09-13,WhatsApp,Schedule confirmation,Mohammed Ali
COM08534,C0457,2022-09-13,Phone Call,Account review,Fatima Ahmed
COM02109,C0114,2022-09-14,Video Call,Complaint resolution,Fatima Ahmed
COM05645,C0296,2022-09-14,Email,Account review,Noura Salem
COM05328,C0282,2022-09-14,Video Call,New course announcement,Sara Hassan
COM08720,C0465,2022-09-14,Meeting,Account review,Mohammed Ali
COM03647,C0191,2022-09-15,Email,Schedule confirmation,Mohammed Ali
COM07040,C0371,2022-09-15,Email,Satisfaction survey,Fatima Ahmed
COM06530,C0345,2022-09-16,Email,Feedback discussion,Noura Salem
COM01101,C0058,2022-09-16,Email,Satisfaction survey,Mohammed Ali
COM03301,C0174,2022-09-16,Email,Thank you message,Ahmed Abdullah
COM03142,C0168,2022-09-16,WhatsApp,Schedule confirmation,Fatima Ahmed
COM09378,C0498,2022-09-17,Phone Call,Renewal discussion,Noura Salem
COM01967,C0104,2022-09-17,Video Call,New course announcement,Noura Salem
COM09015,C0482,2022-09-18,Meeting,Course recommendation,Noura Salem
COM08657,C0462,2022-09-18,Phone Call,Training needs assessment,Fatima Ahmed
COM07629,C0405,2022-09-18,Email,Renewal discussion,Noura Salem
COM02929,C0159,2022-09-19,Phone Call,New course announcement,Sara Hassan
COM01104,C0058,2022-09-19,Meeting,Follow-up on booking,Mohammed Ali
COM06827,C0361,2022-09-19,Email,Training needs assessment,Fatima Ahmed
COM05710,C0298,2022-09-19,Phone Call,Feedback discussion,Fatima Ahmed
COM00297,C0014,2022-09-19,Email,Account review,Sara Hassan
COM06631,C0350,2022-09-20,Email,Complaint resolution,Sara Hassan
COM09013,C0482,2022-09-20,WhatsApp,Course recommendation,Noura Salem
COM03982,C0209,2022-09-21,Video Call,Quotation request,Fatima Ahmed
COM01716,C0092,2022-09-21,Email,New course announcement,Noura Salem
COM01856,C0100,2022-09-21,Meeting,Quotation request,Ahmed Abdullah
COM06841,C0361,2022-09-21,WhatsApp,Training needs assessment,Fatima Ahmed
COM06997,C0370,2022-09-22,WhatsApp,Complaint resolution,Fatima Ahmed
COM07069,C0374,2022-09-22,WhatsApp,Feedback discussion,Mohammed Ali
COM04241,C0222,2022-09-23,Email,Renewal discussion,Mohammed Ali
COM01646,C0087,2022-09-24,Phone Call,General inquiry,Fatima Ahmed
COM02033,C0109,2022-09-24,Phone Call,Schedule confirmation,Fatima Ahmed
COM00117,C0006,2022-09-24,Video Call,Quotation request,Mohammed Ali
COM01929,C0102,2022-09-25,Meeting,General inquiry,Noura Salem
COM00448,C0021,2022-09-25,Phone Call,New course announcement,Mohammed Ali
COM07643,C0405,2022-09-25,Phone Call,Feedback discussion,Noura Salem
COM05081,C0266,2022-09-26,Video Call,Training needs assessment,Noura Salem
COM00012,C0001,2022-09-26,Phone Call,Schedule confirmation,Noura Salem
COM04034,C0213,2022-09-26,Email,Thank you message,Fatima Ahmed
COM06629,C0350,2022-09-26,Email,Complaint resolution,Sara Hassan
COM01056,C0057,2022-09-27,WhatsApp,Quotation request,Mohammed Ali
COM00739,C0035,2022-09-27,Phone Call,Course recommendation,Mohammed Ali
COM06896,C0363,2022-09-27,WhatsApp,Satisfaction survey,Noura Salem
COM06134,C0324,2022-09-27,Phone Call,Invoice query,Noura Salem
COM02443,C0132,2022-09-28,Meeting,Training needs assessment,Sara Hassan
COM01534,C0080,2022-09-28,Email,Schedule confirmation,Ahmed Abdullah
COM00981,C0054,2022-09-28,Email,Renewal discussion,Noura Salem
COM03935,C0206,2022-09-29,Phone Call,Invoice query,Fatima Ahmed
COM07932,C0417,2022-09-29,Video Call,Invoice query,Noura Salem
COM04452,C0228,2022-09-29,Meeting,Follow-up on booking,Fatima Ahmed
COM07900,C0417,2022-09-29,Email,Quotation request,Noura Salem
COM03054,C0165,2022-09-30,WhatsApp,Account review,Sara Hassan
COM08067,C0426,2022-10-01,WhatsApp,Thank you message,Fatima Ahmed
COM05980,C0315,2022-10-01,Email,Satisfaction survey,Noura Salem
COM08899,C0475,2022-10-01,WhatsApp,Training needs assessment,Noura Salem
COM07030,C0371,2022-10-01,Phone Call,Thank you message,Fatima Ahmed
COM00314,C0014,2022-10-02,Video Call,General inquiry,Sara Hassan
COM03830,C0201,2022-10-02,WhatsApp,Quotation request,Ahmed Abdullah
COM05703,C0298,2022-10-04,Phone Call,New course announcement,Fatima Ahmed
COM06523,C0345,2022-10-04,WhatsApp,Thank you message,Noura Salem
COM06824,C0361,2022-10-04,Phone Call,New course announcement,Fatima Ahmed
COM06808,C0361,2022-10-05,Phone Call,Renewal discussion,Fatima Ahmed
COM05669,C0296,2022-10-05,WhatsApp,Satisfaction survey,Noura Salem
COM07922,C0417,2022-10-06,WhatsApp,New course announcement,Noura Salem
COM04440,C0227,2022-10-07,WhatsApp,Feedback discussion,Mohammed Ali
COM05978,C0315,2022-10-07,Email,Follow-up on booking,Noura Salem
COM09010,C0482,2022-10-07,Phone Call,Quotation request,Noura Salem
COM07952,C0419,2022-10-07,Phone Call,General inquiry,Mohammed Ali
COM04495,C0232,2022-10-08,WhatsApp,Renewal discussion,Fatima Ahmed
COM02955,C0159,2022-10-08,Meeting,Renewal discussion,Sara Hassan
COM09000,C0482,2022-10-09,Meeting,Satisfaction survey,Noura Salem
COM00968,C0052,2022-10-09,WhatsApp,Thank you message,Ahmed Abdullah
COM03396,C0180,2022-10-11,Email,Account review,Fatima Ahmed
COM06442,C0341,2022-10-11,WhatsApp,Renewal discussion,Noura Salem
COM01858,C0100,2022-10-11,Email,Training needs assessment,Ahmed Abdullah
COM01032,C0057,2022-10-12,Email,Satisfaction survey,Mohammed Ali
COM04165,C0219,2022-10-12,WhatsApp,New course announcement,Ahmed Abdullah
COM04927,C0255,2022-10-12,WhatsApp,New course announcement,Ahmed Abdullah
COM05427,C0286,2022-10-12,Meeting,Account review,Fatima Ahmed
COM08976,C0481,2022-10-13,WhatsApp,Account review,Sara Hassan
COM07301,C0383,2022-10-15,WhatsApp,Thank you message,Fatima Ahmed
COM07165,C0378,2022-10-16,WhatsApp,Invoice query,Sara Hassan
COM07164,C0378,2022-10-17,Phone Call,Satisfaction survey,Sara Hassan
COM03714,C0195,2022-10-18,Email,Training needs assessment,Sara Hassan
COM01955,C0104,2022-10-18,Meeting,Invoice query,Noura Salem
COM05205,C0274,2022-10-18,Phone Call,Complaint resolution,Ahmed Abdullah
COM04844,C0252,2022-10-18,WhatsApp,Invoice query,Fatima Ahmed
COM00116,C0006,2022-10-18,Phone Call,Course recommendation,Mohammed Ali
COM03116,C0168,2022-10-18,Meeting,Account review,Fatima Ahmed
COM03184,C0171,2022-10-19,Phone Call,Invoice query,Sara Hassan
COM08536,C0457,2022-10-19,Video Call,Feedback discussion,Fatima Ahmed
COM07966,C0420,2022-10-20,Meeting,Satisfaction survey,Ahmed Abdullah
COM06504,C0345,2022-10-20,Video Call,Training needs assessment,Noura Salem
COM00216,C0010,2022-10-21,Meeting,Thank you message,Mohammed Ali
COM09250,C0493,2022-10-21,Phone Call,Quotation request,Sara Hassan
COM06954,C0367,2022-10-21,Video Call,Schedule confirmation,Ahmed Abdullah
COM01914,C0102,2022-10-21,WhatsApp,Thank you message,Noura Salem
COM03616,C0191,2022-10-21,Phone Call,Training needs assessment,Mohammed Ali
COM06067,C0321,2022-10-22,Email,Renewal discussion,Ahmed Abdullah
COM04446,C0228,2022-10-22,Email,Invoice query,Fatima Ahmed
COM06372,C0337,2022-10-22,Video Call,Invoice query,Fatima Ahmed
COM04491,C0231,2022-10-23,WhatsApp,Quotation request,Sara Hassan
COM08889,C0475,2022-10-23,Email,Follow-up on booking,Noura Salem
COM06040,C0320,2022-10-23,Video Call,Feedback discussion,Noura Salem
COM00190,C0008,2022-10-23,Meeting,Complaint resolution,Fatima Ahmed
COM03684,C0193,2022-10-23,Meeting,New course announcement,Fatima Ahmed
COM00969,C0052,2022-10-24,Meeting,Satisfaction survey,Ahmed Abdullah
COM07086,C0374,2022-10-25,Email,New course announcement,Mohammed Ali
COM05642,C0296,2022-10-25,WhatsApp,Complaint resolution,Noura Salem
COM03125,C0168,2022-10-26,WhatsApp,New course announcement,Fatima Ahmed
COM00215,C0010,2022-10-26,WhatsApp,Thank you message,Mohammed Ali
COM01760,C0094,2022-10-26,Video Call,Satisfaction survey,Mohammed Ali
COM01044,C0057,2022-10-26,Email,Follow-up on booking,Mohammed Ali
COM00364,C0017,2022-10-27,Phone Call,Invoice query,Fatima Ahmed
COM05431,C0286,2022-10-28,Meeting,General inquiry,Fatima Ahmed
COM01312,C0068,2022-10-28,Video Call,New course announcement,Fatima Ahmed
COM04378,C0225,2022-10-28,Phone Call,Training needs assessment,Sara Hassan
COM00021,C0001,2022-10-28,Meeting,Account review,Noura Salem
COM09239,C0493,2022-10-28,Email,Follow-up on booking,Sara Hassan
COM03628,C0191,2022-10-29,Email,Complaint resolution,Mohammed Ali
COM04361,C0225,2022-10-29,Video Call,Account review,Sara Hassan
COM00207,C0009,2022-10-29,Phone Call,Schedule confirmation,Noura Salem
COM06041,C0320,2022-10-29,WhatsApp,Training needs assessment,Noura Salem
COM00057,C0003,2022-10-29,WhatsApp,Thank you message,Fatima Ahmed
COM06290,C0333,2022-10-29,WhatsApp,Renewal discussion,Sara Hassan
COM00362,C0017,2022-10-30,Email,Account review,Fatima Ahmed
COM09234,C0493,2022-10-30,Email,Follow-up on booking,Sara Hassan
COM07646,C0405,2022-10-30,WhatsApp,Renewal discussion,Noura Salem
COM01752,C0093,2022-10-30,Video Call,General inquiry,Ahmed Abdullah
COM02420,C0132,2022-10-30,WhatsApp,Feedback discussion,Sara Hassan
COM04876,C0252,2022-10-30,WhatsApp,Account review,Fatima Ahmed
COM05473,C0286,2022-10-30,Phone Call,Schedule confirmation,Fatima Ahmed
COM07768,C0410,2022-10-30,Video Call,Feedback discussion,Mohammed Ali
COM04913,C0254,2022-11-01,Phone Call,Feedback discussion,Fatima Ahmed
COM08651,C0462,2022-11-01,Meeting,Training needs assessment,Fatima Ahmed
COM04387,C0225,2022-11-01,WhatsApp,Feedback discussion,Sara Hassan
COM04870,C0252,2022-11-03,Meeting,Feedback discussion,Fatima Ahmed
COM06937,C0366,2022-11-03,Email,Invoice query,Noura Salem
COM04242,C0222,2022-11-03,Phone Call,Follow-up on booking,Mohammed Ali
COM02429,C0132,2022-11-03,Meeting,Account review,Sara Hassan
COM04370,C0225,2022-11-03,Video Call,Account review,Sara Hassan
COM06820,C0361,2022-11-04,Phone Call,New course announcement,Fatima Ahmed
COM04281,C0223,2022-11-04,Meeting,Complaint resolution,Sara Hassan
COM03136,C0168,2022-11-05,Email,Invoice query,Fatima Ahmed
COM01042,C0057,2022-11-06,Video Call,Quotation request,Mohammed Ali
COM01655,C0088,2022-11-06,Meeting,General inquiry,Sara Hassan
COM05896,C0309,2022-11-06,Meeting,Course recommendation,Sara Hassan
COM01734,C0092,2022-11-06,WhatsApp,Thank you message,Noura Salem
COM04041,C0213,2022-11-07,WhatsApp,Quotation request,Fatima Ahmed
COM05950,C0312,2022-11-07,WhatsApp,Invoice query,Noura Salem
COM00948,C0049,2022-11-07,WhatsApp,Training needs assessment,Sara Hassan
COM01725,C0092,2022-11-09,WhatsApp,Course recommendation,Noura Salem
COM07739,C0410,2022-11-10,Video Call,Course recommendation,Mohammed Ali
COM01779,C0094,2022-11-11,Meeting,Course recommendation,Mohammed Ali
COM03191,C0171,2022-11-12,Video Call,Schedule confirmation,Sara Hassan
COM06927,C0366,2022-11-12,Video Call,Training needs assessment,Noura Salem
COM07969,C0420,2022-11-12,Phone Call,Account review,Ahmed Abdullah
COM04842,C0252,2022-11-12,Video Call,Training needs assessment,Fatima Ahmed
COM07537,C0399,2022-11-14,Meeting,Complaint resolution,Ahmed Abdullah
COM06010,C0318,2022-11-14,Video Call,Follow-up on booking,Noura Salem
COM02106,C0114,2022-11-14,Phone Call,Feedback discussion,Fatima Ahmed
COM05653,C0296,2022-11-14,Email,Quotation request,Noura Salem
COM03072,C0165,2022-11-14,Meeting,Account review,Sara Hassan
COM03551,C0188,2022-11-15,Email,Account review,Fatima Ahmed
COM07920,C0417,2022-11-15,Phone Call,Invoice query,Noura Salem
COM01866,C0100,2022-11-15,Meeting,Invoice query,Ahmed Abdullah
COM02842,C0155,2022-11-16,Phone Call,New course announcement,Mohammed Ali
COM06226,C0328,2022-11-16,WhatsApp,Invoice query,Mohammed Ali
COM04388,C0225,2022-11-16,Video Call,Feedback discussion,Sara Hassan
COM03723,C0195,2022-11-16,Phone Call,Course recommendation,Sara Hassan
COM05097,C0268,2022-11-16,Meeting,Quotation request,Ahmed Abdullah
COM07471,C0393,2022-11-16,Email,Satisfaction survey,Sara Hassan
COM03713,C0195,2022-11-16,Meeting,Training needs assessment,Sara Hassan
COM08625,C0462,2022-11-17,Video Call,Complaint resolution,Fatima Ahmed
COM00475,C0021,2022-11-17,Phone Call,Training needs assessment,Mohammed Ali
COM02759,C0150,2022-11-17,Phone Call,Course recommendation,Mohammed Ali
COM04518,C0233,2022-11-18,WhatsApp,Quotation request,Fatima Ahmed
COM06048,C0320,2022-11-19,Video Call,Invoice query,Noura Salem
COM02445,C0132,2022-11-19,Phone Call,Thank you message,Sara Hassan
COM00054,C0003,2022-11-19,Meeting,New course announcement,Fatima Ahmed
COM06182,C0327,2022-11-20,WhatsApp,Account review,Noura Salem
COM08994,C0482,2022-11-20,Meeting,Thank you message,Noura Salem
COM05298,C0279,2022-11-20,Meeting,New course announcement,Mohammed Ali
COM01731,C0092,2022-11-21,Video Call,Thank you message,Noura Salem
COM00267,C0012,2022-11-21,Phone Call,Follow-up on booking,Fatima Ahmed
COM08642,C0462,2022-11-21,Email,Feedback discussion,Fatima Ahmed
COM00308,C0014,2022-11-21,Email,Satisfaction survey,Sara Hassan
COM07968,C0420,2022-11-22,Video Call,Invoice query,Ahmed Abdullah
COM07008,C0370,2022-11-22,Phone Call,Renewal discussion,Fatima Ahmed
COM04574,C0235,2022-11-22,Phone Call,Satisfaction survey,Sara Hassan
COM00289,C0014,2022-11-22,Video Call,Course recommendation,Sara Hassan
COM09008,C0482,2022-11-23,Phone Call,New course announcement,Noura Salem
COM00188,C0008,2022-11-23,Video Call,Account review,Fatima Ahmed
COM00462,C0021,2022-11-23,Phone Call,Feedback discussion,Mohammed Ali
COM05336,C0282,2022-11-23,Email,Schedule confirmation,Sara Hassan
COM04627,C0238,2022-11-23,Email,Feedback discussion,Sara Hassan
COM01317,C0068,2022-11-24,WhatsApp,New course announcement,Fatima Ahmed
COM01080,C0058,2022-11-24,Phone Call,Schedule confirmation,Mohammed Ali
COM07746,C0410,2022-11-25,Phone Call,Account review,Mohammed Ali
COM01035,C0057,2022-11-25,Video Call,Schedule confirmation,Mohammed Ali
COM00690,C0031,2022-11-25,WhatsApp,Follow-up on booking,Noura Salem
COM00950,C0049,2022-11-25,Phone Call,Invoice query,Sara Hassan
COM06494,C0344,2022-11-26,WhatsApp,New course announcement,Noura Salem
COM09006,C0482,2022-11-26,Phone Call,New course announcement,Noura Salem
COM04621,C0238,2022-11-26,WhatsApp,Quotation request,Sara Hassan
COM05718,C0298,2022-11-27,WhatsApp,General inquiry,Fatima Ahmed
COM00476,C0021,2022-11-27,Meeting,Quotation request,Mohammed Ali
COM06826,C0361,2022-11-28,Email,Account review,Fatima Ahmed
COM01304,C0067,2022-11-28,WhatsApp,Quotation request,Sara Hassan
COM00041,C0001,2022-11-28,Video Call,Complaint resolution,Noura Salem
COM08963,C0479,2022-11-29,Meeting,Quotation request,Mohammed Ali
COM05338,C0282,2022-11-29,Video Call,Invoice query,Sara Hassan
COM04827,C0252,2022-11-30,Email,Feedback discussion,Fatima Ahmed
COM01318,C0068,2022-11-30,WhatsApp,Account review,Fatima Ahmed
COM07926,C0417,2022-11-30,WhatsApp,Satisfaction survey,Noura Salem
COM00993,C0055,2022-12-01,Email,Satisfaction survey,Mohammed Ali
COM00393,C0018,2022-12-01,WhatsApp,Feedback discussion,Sara Hassan
COM07183,C0378,2022-12-01,Email,Satisfaction survey,Sara Hassan
COM08646,C0462,2022-12-02,WhatsApp,General inquiry,Fatima Ahmed
COM00972,C0052,2022-12-02,Video Call,Quotation request,Ahmed Abdullah
COM01527,C0080,2022-12-03,WhatsApp,Quotation request,Ahmed Abdullah
COM08978,C0481,2022-12-04,Phone Call,Thank you message,Sara Hassan
COM07627,C0405,2022-12-04,WhatsApp,Renewal discussion,Noura Salem
COM03131,C0168,2022-12-05,Video Call,Satisfaction survey,Fatima Ahmed
COM08656,C0462,2022-12-05,Phone Call,General inquiry,Fatima Ahmed
COM06546,C0345,2022-12-05,Meeting,Account review,Noura Salem
COM01999,C0109,2022-12-05,WhatsApp,Complaint resolution,Fatima Ahmed
COM01971,C0105,2022-12-05,Video Call,Thank you message,Ahmed Abdullah
COM01024,C0057,2022-12-05,WhatsApp,Renewal discussion,Mohammed Ali
COM01532,C0080,2022-12-06,Video Call,Feedback discussion,Ahmed Abdullah
COM02415,C0132,2022-12-06,Video Call,Renewal discussion,Sara Hassan
COM07079,C0374,2022-12-06,Email,Feedback discussion,Mohammed Ali
COM03059,C0165,2022-12-06,Video Call,Satisfaction survey,Sara Hassan
COM02972,C0159,2022-12-06,Email,General inquiry,Sara Hassan
COM07795,C0411,2022-12-06,WhatsApp,Training needs assessment,Noura Salem
COM02931,C0159,2022-12-07,WhatsApp,Account review,Sara Hassan
COM01059,C0057,2022-12-08,Email,Quotation request,Mohammed Ali
COM01300,C0067,2022-12-09,Video Call,Invoice query,Sara Hassan
COM00666,C0031,2022-12-09,Video Call,Thank you message,Noura Salem
COM02596,C0139,2022-12-09,WhatsApp,Follow-up on booking,Sara Hassan
COM06942,C0367,2022-12-10,Video Call,Feedback discussion,Ahmed Abdullah
COM08980,C0481,2022-12-11,WhatsApp,Training needs assessment,Sara Hassan
COM03265,C0174,2022-12-11,WhatsApp,Course recommendation,Ahmed Abdullah
COM02900,C0158,2022-12-12,Meeting,General inquiry,Sara Hassan
COM07797,C0411,2022-12-12,Meeting,Training needs assessment,Noura Salem
COM05489,C0288,2022-12-12,Video Call,Thank you message,Noura Salem
COM02401,C0132,2022-12-13,WhatsApp,Invoice query,Sara Hassan
COM04427,C0227,2022-12-13,Video Call,Account review,Mohammed Ali
COM05399,C0284,2022-12-13,Video Call,Schedule confirmation,Mohammed Ali
COM07656,C0406,2022-12-14,Video Call,Follow-up on booking,Ahmed Abdullah
COM06465,C0344,2022-12-14,Video Call,Follow-up on booking,Noura Salem
COM03716,C0195,2022-12-15,Video Call,Satisfaction survey,Sara Hassan
COM04631,C0238,2022-12-15,Video Call,New course announcement,Sara Hassan
COM03107,C0167,2022-12-15,Meeting,Account review,Sara Hassan
COM04438,C0227,2022-12-15,Video Call,Account review,Mohammed Ali
COM04922,C0255,2022-12-16,Email,Quotation request,Ahmed Abdullah
COM01041,C0057,2022-12-16,Phone Call,Feedback discussion,Mohammed Ali
COM02607,C0140,2022-12-17,WhatsApp,Complaint resolution,Mohammed Ali
COM01231,C0063,2022-12-19,WhatsApp,Schedule confirmation,Fatima Ahmed
COM00388,C0018,2022-12-19,Video Call,Complaint resolution,Sara Hassan
COM00010,C0001,2022-12-19,WhatsApp,Schedule confirmation,Noura Salem
COM06183,C0327,2022-12-19,WhatsApp,Follow-up on booking,Noura Salem
COM00005,C0001,2022-12-19,Email,Invoice query,Noura Salem
COM03166,C0169,2022-12-19,Meeting,New course announcement,Ahmed Abdullah
COM04829,C0252,2022-12-20,Meeting,Follow-up on booking,Fatima Ahmed
COM01019,C0057,2022-12-20,Phone Call,Training needs assessment,Mohammed Ali
COM00472,C0021,2022-12-21,Email,General inquiry,Mohammed Ali
COM05203,C0274,2022-12-21,WhatsApp,Renewal discussion,Ahmed Abdullah
COM02567,C0138,2022-12-21,Meeting,General inquiry,Ahmed Abdullah
COM02397,C0131,2022-12-22,Email,Satisfaction survey,Fatima Ahmed
COM02398,C0131,2022-12-22,Phone Call,Account review,Fatima Ahmed
COM06128,C0324,2022-12-23,WhatsApp,Training needs assessment,Noura Salem
COM00691,C0031,2022-12-23,Phone Call,Complaint resolution,Noura Salem
COM09376,C0498,2022-12-23,Phone Call,Invoice query,Noura Salem
COM08321,C0443,2022-12-23,Phone Call,Renewal discussion,Sara Hassan
COM04625,C0238,2022-12-24,WhatsApp,Account review,Sara Hassan
COM00109,C0005,2022-12-24,Email,Schedule confirmation,Sara Hassan
COM00733,C0034,2022-12-24,Phone Call,Quotation request,Fatima Ahmed
COM05041,C0263,2022-12-25,Email,Training needs assessment,Sara Hassan
COM07647,C0405,2022-12-26,Phone Call,Complaint resolution,Noura Salem
COM05044,C0263,2022-12-26,Email,Quotation request,Sara Hassan
COM00304,C0014,2022-12-26,Email,Course recommendation,Sara Hassan
COM05102,C0268,2022-12-27,WhatsApp,Follow-up on booking,Ahmed Abdullah
COM03794,C0201,2022-12-27,Email,Feedback discussion,Ahmed Abdullah
COM07993,C0423,2022-12-27,Video Call,Satisfaction survey,Noura Salem
COM02458,C0132,2022-12-28,WhatsApp,Schedule confirmation,Sara Hassan
COM06038,C0320,2022-12-29,Phone Call,Account review,Noura Salem
COM07427,C0391,2022-12-29,Meeting,Thank you message,Noura Salem
COM01086,C0058,2022-12-29,Meeting,New course announcement,Mohammed Ali
COM02450,C0132,2022-12-29,Video Call,Thank you message,Sara Hassan
COM08529,C0457,2022-12-30,WhatsApp,Thank you message,Fatima Ahmed
COM03167,C0169,2022-12-31,WhatsApp,Course recommendation,Ahmed Abdullah
COM07074,C0374,2022-12-31,Meeting,Training needs assessment,Mohammed Ali
COM00369,C0017,2022-12-31,Phone Call,Account review,Fatima Ahmed
COM06071,C0321,2022-12-31,Phone Call,Renewal discussion,Ahmed Abdullah
COM05331,C0282,2022-12-31,Email,Course recommendation,Sara Hassan
COM04570,C0235,2023-01-01,Phone Call,Thank you message,Sara Hassan
COM04013,C0212,2023-01-01,Phone Call,Thank you message,Noura Salem
COM07777,C0410,2023-01-01,Meeting,New course announcement,Mohammed Ali
COM07800,C0411,2023-01-02,Video Call,Invoice query,Noura Salem
COM04025,C0213,2023-01-03,Email,Complaint resolution,Fatima Ahmed
COM05961,C0312,2023-01-03,Email,Training needs assessment,Noura Salem
COM04476,C0231,2023-01-03,Meeting,Thank you message,Sara Hassan
COM01668,C0088,2023-01-03,WhatsApp,Quotation request,Sara Hassan
COM00482,C0021,2023-01-03,Email,General inquiry,Mohammed Ali
COM09337,C0498,2023-01-04,Meeting,New course announcement,Noura Salem
COM04014,C0212,2023-01-04,Video Call,Complaint resolution,Noura Salem
COM02005,C0109,2023-01-04,Video Call,Quotation request,Fatima Ahmed
COM00273,C0012,2023-01-04,Email,Account review,Fatima Ahmed
COM04811,C0251,2023-01-04,Meeting,Account review,Sara Hassan
COM04063,C0215,2023-01-04,Video Call,Invoice query,Mohammed Ali
COM04193,C0220,2023-01-04,Email,Course recommendation,Fatima Ahmed
COM07765,C0410,2023-01-04,Email,Training needs assessment,Mohammed Ali
COM06441,C0341,2023-01-04,WhatsApp,Training needs assessment,Noura Salem
COM01226,C0063,2023-01-05,WhatsApp,Quotation request,Fatima Ahmed
COM05246,C0276,2023-01-05,Email,Quotation request,Fatima Ahmed
COM00220,C0010,2023-01-05,Phone Call,New course announcement,Mohammed Ali
COM05651,C0296,2023-01-05,Phone Call,Thank you message,Noura Salem
COM04798,C0251,2023-01-05,Email,Thank you message,Sara Hassan
COM04498,C0232,2023-01-05,Email,Complaint resolution,Fatima Ahmed
COM08491,C0453,2023-01-06,Email,Follow-up on booking,Ahmed Abdullah
COM08059,C0426,2023-01-06,Email,Quotation request,Fatima Ahmed
COM04040,C0213,2023-01-06,Email,Thank you message,Fatima Ahmed
COM06605,C0349,2023-01-06,Video Call,Account review,Fatima Ahmed
COM01089,C0058,2023-01-07,Meeting,Course recommendation,Mohammed Ali
COM04078,C0215,2023-01-07,Email,General inquiry,Mohammed Ali
COM04562,C0235,2023-01-07,Email,Schedule confirmation,Sara Hassan
COM01314,C0068,2023-01-08,Email,Satisfaction survey,Fatima Ahmed
COM02015,C0109,2023-01-08,Phone Call,Schedule confirmation,Fatima Ahmed
COM07778,C0410,2023-01-09,Email,Complaint resolution,Mohammed Ali
COM02765,C0151,2023-01-09,Email,General inquiry,Ahmed Abdullah
COM06599,C0349,2023-01-09,WhatsApp,Training needs assessment,Fatima Ahmed
COM08667,C0463,2023-01-09,Video Call,Renewal discussion,Fatima Ahmed
COM03832,C0201,2023-01-10,Email,General inquiry,Ahmed Abdullah
COM06552,C0345,2023-01-10,Phone Call,Follow-up on booking,Noura Salem
COM00001,C0001,2023-01-10,Meeting,Feedback discussion,Noura Salem
COM05252,C0276,2023-01-11,Phone Call,Satisfaction survey,Fatima Ahmed
COM04464,C0231,2023-01-11,Phone Call,New course announcement,Sara Hassan
COM03095,C0166,2023-01-11,Phone Call,Account review,Ahmed Abdullah
COM04857,C0252,2023-01-11,Video Call,Follow-up on booking,Fatima Ahmed
COM02907,C0158,2023-01-11,WhatsApp,General inquiry,Sara Hassan
COM03100,C0167,2023-01-13,Email,New course announcement,Sara Hassan
COM02410,C0132,2023-01-13,Phone Call,New course announcement,Sara Hassan
COM01589,C0084,2023-01-13,Phone Call,Course recommendation,Sara Hassan
COM03720,C0195,2023-01-14,WhatsApp,Account review,Sara Hassan
COM06520,C0345,2023-01-14,Video Call,Invoice query,Noura Salem
COM05235,C0276,2023-01-14,Phone Call,Thank you message,Fatima Ahmed
COM07902,C0417,2023-01-14,Meeting,Satisfaction survey,Noura Salem
COM05085,C0267,2023-01-14,Video Call,Renewal discussion,Noura Salem
COM05977,C0315,2023-01-15,WhatsApp,Follow-up on booking,Noura Salem
COM00272,C0012,2023-01-15,Video Call,Invoice query,Fatima Ahmed
COM00965,C0052,2023-01-15,Phone Call,Quotation request,Ahmed Abdullah
COM03929,C0206,2023-01-16,Email,Account review,Fatima Ahmed
COM08164,C0432,2023-01-16,Phone Call,New course announcement,Ahmed Abdullah
COM04179,C0219,2023-01-16,Email,Training needs assessment,Ahmed Abdullah
COM06069,C0321,2023-01-17,Meeting,Account review,Ahmed Abdullah
COM07027,C0370,2023-01-17,Video Call,Course recommendation,Fatima Ahmed
COM03640,C0191,2023-01-18,Phone Call,Renewal discussion,Mohammed Ali
COM07840,C0414,2023-01-18,Meeting,Course recommendation,Fatima Ahmed
COM05664,C0296,2023-01-18,Video Call,New course announcement,Noura Salem
COM01361,C0072,2023-01-18,WhatsApp,Thank you message,Noura Salem
COM01533,C0080,2023-01-19,Email,Feedback discussion,Ahmed Abdullah
COM01966,C0104,2023-01-19,Meeting,Feedback discussion,Noura Salem
COM03101,C0167,2023-01-19,Video Call,Feedback discussion,Sara Hassan
COM03836,C0201,2023-01-20,Phone Call,Course recommendation,Ahmed Abdullah
COM01516,C0080,2023-01-20,WhatsApp,New course announcement,Ahmed Abdullah
COM01274,C0065,2023-01-20,Email,Feedback discussion,Ahmed Abdullah
COM07924,C0417,2023-01-20,Video Call,Schedule confirmation,Noura Salem
COM00138,C0006,2023-01-21,Meeting,Training needs assessment,Mohammed Ali
COM01860,C0100,2023-01-21,Video Call,Thank you message,Ahmed Abdullah
COM02616,C0141,2023-01-21,Phone Call,Feedback discussion,Ahmed Abdullah
COM00213,C0010,2023-01-23,Meeting,General inquiry,Mohammed Ali
COM04815,C0251,2023-01-23,Phone Call,New course announcement,Sara Hassan
COM04557,C0235,2023-01-24,WhatsApp,Schedule confirmation,Sara Hassan
COM06844,C0361,2023-01-24,WhatsApp,Feedback discussion,Fatima Ahmed
COM00100,C0005,2023-01-24,WhatsApp,Schedule confirmation,Sara Hassan
COM03619,C0191,2023-01-24,Meeting,Feedback discussion,Mohammed Ali
COM04895,C0254,2023-01-26,Email,Complaint resolution,Fatima Ahmed
COM03925,C0206,2023-01-26,WhatsApp,Follow-up on booking,Fatima Ahmed
COM03283,C0174,2023-01-26,Phone Call,Satisfaction survey,Ahmed Abdullah
COM00978,C0053,2023-01-27,WhatsApp,Complaint resolution,Ahmed Abdullah
COM00966,C0052,2023-01-28,Email,Quotation request,Ahmed Abdullah
COM06528,C0345,2023-01-28,Video Call,Quotation request,Noura Salem
COM08677,C0463,2023-01-28,Meeting,Renewal discussion,Fatima Ahmed
COM06373,C0337,2023-01-28,WhatsApp,Follow-up on booking,Fatima Ahmed
COM03199,C0171,2023-01-29,Meeting,Course recommendation,Sara Hassan
COM00376,C0017,2023-01-29,Meeting,Account review,Fatima Ahmed
COM09358,C0498,2023-01-29,WhatsApp,Quotation request,Noura Salem
COM06125,C0324,2023-01-29,WhatsApp,Satisfaction survey,Noura Salem
COM06174,C0327,2023-01-31,Email,Follow-up on booking,Noura Salem
COM06037,C0320,2023-01-31,Email,Account review,Noura Salem
COM01216,C0063,2023-02-01,Meeting,Renewal discussion,Fatima Ahmed
COM08147,C0430,2023-02-01,Video Call,Follow-up on booking,Mohammed Ali
COM09333,C0498,2023-02-01,Video Call,Satisfaction survey,Noura Salem
COM03682,C0193,2023-02-01,Video Call,Renewal discussion,Fatima Ahmed
COM05296,C0279,2023-02-01,WhatsApp,General inquiry,Mohammed Ali
COM05322,C0282,2023-02-01,Phone Call,Course recommendation,Sara Hassan
COM05320,C0282,2023-02-02,Phone Call,Satisfaction survey,Sara Hassan
COM02108,C0114,2023-02-02,Meeting,Satisfaction survey,Fatima Ahmed
COM00986,C0054,2023-02-02,Email,Renewal discussion,Noura Salem
COM05487,C0288,2023-02-03,Video Call,Thank you message,Noura Salem
COM07783,C0410,2023-02-03,Meeting,Follow-up on booking,Mohammed Ali
COM07084,C0374,2023-02-03,Video Call,Feedback discussion,Mohammed Ali
COM04477,C0231,2023-02-03,WhatsApp,Training needs assessment,Sara Hassan
COM05506,C0288,2023-02-04,Meeting,Account review,Noura Salem
COM00312,C0014,2023-02-04,WhatsApp,Complaint resolution,Sara Hassan
COM04552,C0235,2023-02-04,Meeting,General inquiry,Sara Hassan
COM03066,C0165,2023-02-05,Video Call,General inquiry,Sara Hassan
COM03789,C0200,2023-02-06,Video Call,Satisfaction survey,Sara Hassan
COM00230,C0010,2023-02-06,Video Call,Training needs assessment,Mohammed Ali
COM07508,C0396,2023-02-07,Phone Call,New course announcement,Fatima Ahmed
COM04225,C0222,2023-02-07,Meeting,Feedback discussion,Mohammed Ali
COM01031,C0057,2023-02-08,WhatsApp,Feedback discussion,Mohammed Ali
COM01588,C0084,2023-02-09,Meeting,Follow-up on booking,Sara Hassan
COM00065,C0003,2023-02-09,Phone Call,Follow-up on booking,Fatima Ahmed
COM02735,C0148,2023-02-09,Meeting,Account review,Mohammed Ali
COM04470,C0231,2023-02-09,Meeting,Complaint resolution,Sara Hassan
COM03668,C0192,2023-02-10,Phone Call,Account review,Sara Hassan
COM00135,C0006,2023-02-11,Video Call,Account review,Mohammed Ali
COM08484,C0453,2023-02-11,Phone Call,Thank you message,Ahmed Abdullah
COM03115,C0167,2023-02-11,Meeting,Training needs assessment,Sara Hassan
COM07147,C0377,2023-02-11,Video Call,Follow-up on booking,Mohammed Ali
COM04850,C0252,2023-02-12,WhatsApp,Course recommendation,Fatima Ahmed
COM03299,C0174,2023-02-12,WhatsApp,New course announcement,Ahmed Abdullah
COM00391,C0018,2023-02-13,Phone Call,Satisfaction survey,Sara Hassan
COM04820,C0252,2023-02-13,Video Call,Renewal discussion,Fatima Ahmed
COM07530,C0399,2023-02-13,WhatsApp,Feedback discussion,Ahmed Abdullah
COM05104,C0268,2023-02-14,Phone Call,Quotation request,Ahmed Abdullah
COM06961,C0367,2023-02-14,Meeting,Course recommendation,Ahmed Abdullah
COM04847,C0252,2023-02-14,Video Call,Training needs assessment,Fatima Ahmed
COM07648,C0405,2023-02-15,Video Call,Invoice query,Noura Salem
COM07655,C0405,2023-02-15,Meeting,Training needs assessment,Noura Salem
COM01654,C0088,2023-02-15,Phone Call,Quotation request,Sara Hassan
COM00351,C0017,2023-02-15,Phone Call,General inquiry,Fatima Ahmed
COM04434,C0227,2023-02-15,Meeting,Course recommendation,Mohammed Ali
COM08986,C0481,2023-02-16,Video Call,Renewal discussion,Sara Hassan
COM07463,C0392,2023-02-16,Meeting,Course recommendation,Mohammed Ali
COM06507,C0345,2023-02-16,WhatsApp,Invoice query,Noura Salem
COM08823,C0470,2023-02-17,WhatsApp,Follow-up on booking,Ahmed Abdullah
COM04060,C0215,2023-02-17,Email,Satisfaction survey,Mohammed Ali
COM08896,C0475,2023-02-18,Email,Invoice query,Noura Salem
COM04274,C0223,2023-02-18,Meeting,Complaint resolution,Sara Hassan
COM04298,C0223,2023-02-19,Meeting,Thank you message,Sara Hassan
COM02892,C0157,2023-02-19,Meeting,Schedule confirmation,Noura Salem
COM03287,C0174,2023-02-19,Video Call,Training needs assessment,Ahmed Abdullah
COM02913,C0158,2023-02-19,Video Call,Account review,Sara Hassan
COM03652,C0191,2023-02-19,Phone Call,New course announcement,Mohammed Ali
COM07566,C0400,2023-02-19,Email,Complaint resolution,Mohammed Ali
COM07501,C0396,2023-02-19,Phone Call,General inquiry,Fatima Ahmed
COM05316,C0281,2023-02-20,Meeting,Quotation request,Mohammed Ali
COM01188,C0061,2023-02-20,Video Call,General inquiry,Mohammed Ali
COM09368,C0498,2023-02-21,Email,New course announcement,Noura Salem
COM08670,C0463,2023-02-21,Phone Call,Follow-up on booking,Fatima Ahmed
COM07292,C0383,2023-02-21,Meeting,Complaint resolution,Fatima Ahmed
COM06799,C0361,2023-02-21,Video Call,Schedule confirmation,Fatima Ahmed
COM03951,C0207,2023-02-22,Video Call,Training needs assessment,Noura Salem
COM02531,C0136,2023-02-22,Meeting,Schedule confirmation,Noura Salem
COM03148,C0168,2023-02-22,Email,Follow-up on booking,Fatima Ahmed
COM07834,C0414,2023-02-22,Video Call,Complaint resolution,Fatima Ahmed
COM01177,C0061,2023-02-23,Video Call,Follow-up on booking,Mohammed Ali
COM07464,C0392,2023-02-23,Phone Call,Complaint resolution,Mohammed Ali
COM09306,C0497,2023-02-23,Email,Thank you message,Ahmed Abdullah
COM05704,C0298,2023-02-23,Phone Call,Invoice query,Fatima Ahmed
COM04522,C0233,2023-02-23,Meeting,Thank you message,Fatima Ahmed
COM03804,C0201,2023-02-23,Meeting,Complaint resolution,Ahmed Abdullah
COM02737,C0148,2023-02-24,Phone Call,Feedback discussion,Mohammed Ali
COM01087,C0058,2023-02-24,Email,Invoice query,Mohammed Ali
COM06918,C0365,2023-02-24,Email,Training needs assessment,Mohammed Ali
COM03259,C0174,2023-02-24,Email,Invoice query,Ahmed Abdullah
COM00201,C0009,2023-02-24,Email,Training needs assessment,Noura Salem
COM04508,C0232,2023-02-25,Meeting,Training needs assessment,Fatima Ahmed
COM00140,C0006,2023-02-26,Meeting,Quotation request,Mohammed Ali
COM08494,C0453,2023-02-26,Video Call,Satisfaction survey,Ahmed Abdullah
COM06549,C0345,2023-02-26,Video Call,Renewal discussion,Noura Salem
COM03712,C0195,2023-02-26,Meeting,Complaint resolution,Sara Hassan
COM07753,C0410,2023-02-26,Meeting,Training needs assessment,Mohammed Ali
COM01457,C0078,2023-02-27,Email,Account review,Fatima Ahmed
COM01067,C0057,2023-02-27,WhatsApp,Quotation request,Mohammed Ali
COM08917,C0475,2023-02-28,Video Call,Course recommendation,Noura Salem
COM05038,C0263,2023-02-28,Video Call,Schedule confirmation,Sara Hassan
COM07989,C0423,2023-03-01,Phone Call,Satisfaction survey,Noura Salem
COM07361,C0387,2023-03-01,Phone Call,Course recommendation,Mohammed Ali
COM00731,C0034,2023-03-01,Email,General inquiry,Fatima Ahmed
COM02006,C0109,2023-03-01,Phone Call,Satisfaction survey,Fatima Ahmed
COM07294,C0383,2023-03-01,WhatsApp,New course announcement,Fatima Ahmed
COM07786,C0410,2023-03-01,Email,Quotation request,Mohammed Ali
COM03649,C0191,2023-03-02,WhatsApp,Invoice query,Mohammed Ali
COM04501,C0232,2023-03-02,WhatsApp,Renewal discussion,Fatima Ahmed
COM00687,C0031,2023-03-02,Phone Call,Training needs assessment,Noura Salem
COM07771,C0410,2023-03-02,Phone Call,Quotation request,Mohammed Ali
COM08826,C0470,2023-03-02,Meeting,New course announcement,Ahmed Abdullah
COM01062,C0057,2023-03-02,Video Call,Quotation request,Mohammed Ali
COM06787,C0359,2023-03-03,WhatsApp,Feedback discussion,Ahmed Abdullah
COM00268,C0012,2023-03-03,Phone Call,Follow-up on booking,Fatima Ahmed
COM00481,C0021,2023-03-03,Meeting,General inquiry,Mohammed Ali
COM06462,C0344,2023-03-04,Email,Account review,Noura Salem
COM02926,C0159,2023-03-04,Phone Call,Invoice query,Sara Hassan
COM07775,C0410,2023-03-04,Email,General inquiry,Mohammed Ali
COM02780,C0152,2023-03-04,Phone Call,Schedule confirmation,Mohammed Ali
COM01446,C0078,2023-03-04,Email,Renewal discussion,Fatima Ahmed
COM01519,C0080,2023-03-05,Email,Schedule confirmation,Ahmed Abdullah
COM00418,C0019,2023-03-05,WhatsApp,Feedback discussion,Ahmed Abdullah
COM00588,C0025,2023-03-05,Video Call,Thank you message,Fatima Ahmed
COM07053,C0372,2023-03-05,Email,Feedback discussion,Sara Hassan
COM01848,C0100,2023-03-06,WhatsApp,Account review,Ahmed Abdullah
COM07633,C0405,2023-03-06,Meeting,Complaint resolution,Noura Salem
COM01851,C0100,2023-03-07,Email,New course announcement,Ahmed Abdullah
COM07017,C0370,2023-03-07,Meeting,Invoice query,Fatima Ahmed
COM09192,C0490,2023-03-07,WhatsApp,Follow-up on booking,Mohammed Ali
COM00093,C0005,2023-03-07,WhatsApp,Feedback discussion,Sara Hassan
COM01669,C0089,2023-03-09,Video Call,Training needs assessment,Ahmed Abdullah
COM01872,C0100,2023-03-09,Meeting,Schedule confirmation,Ahmed Abdullah
COM00672,C0031,2023-03-09,Phone Call,Account review,Noura Salem
COM03659,C0191,2023-03-09,WhatsApp,Course recommendation,Mohammed Ali
COM09344,C0498,2023-03-10,Email,Training needs assessment,Noura Salem
COM01460,C0078,2023-03-10,Email,Renewal discussion,Fatima Ahmed
COM00886,C0045,2023-03-11,Email,Course recommendation,Ahmed Abdullah
COM05315,C0281,2023-03-11,Meeting,Satisfaction survey,Mohammed Ali
COM01151,C0061,2023-03-11,Video Call,Complaint resolution,Mohammed Ali
COM00106,C0005,2023-03-11,Email,Training needs assessment,Sara Hassan
COM05204,C0274,2023-03-12,Meeting,Feedback discussion,Ahmed Abdullah
COM06956,C0367,2023-03-12,WhatsApp,Course recommendation,Ahmed Abdullah
COM03060,C0165,2023-03-12,Meeting,Complaint resolution,Sara Hassan
COM01670,C0089,2023-03-12,Email,Quotation request,Ahmed Abdullah
COM02760,C0150,2023-03-14,Email,Quotation request,Mohammed Ali
COM08559,C0459,2023-03-14,Email,Thank you message,Ahmed Abdullah
COM02847,C0155,2023-03-14,Meeting,Schedule confirmation,Mohammed Ali
COM01832,C0099,2023-03-14,WhatsApp,Thank you message,Fatima Ahmed
COM02037,C0109,2023-03-15,Video Call,Follow-up on booking,Fatima Ahmed
COM07567,C0400,2023-03-16,Video Call,Quotation request,Mohammed Ali
COM07155,C0378,2023-03-16,Phone Call,Schedule confirmation,Sara Hassan
COM01309,C0067,2023-03-16,Video Call,Invoice query,Sara Hassan
COM09327,C0497,2023-03-16,Email,Invoice query,Ahmed Abdullah
COM00985,C0054,2023-03-16,Video Call,Feedback discussion,Noura Salem
COM01729,C0092,2023-03-17,WhatsApp,Renewal discussion,Noura Salem
COM08269,C0440,2023-03-17,Meeting,General inquiry,Mohammed Ali
COM01611,C0084,2023-03-17,Meeting,Complaint resolution,Sara Hassan
COM06200,C0327,2023-03-18,Meeting,Follow-up on booking,Noura Salem
COM00894,C0046,2023-03-18,Meeting,Complaint resolution,Fatima Ahmed
COM04539,C0235,2023-03-19,WhatsApp,New course announcement,Sara Hassan
COM07744,C0410,2023-03-19,WhatsApp,Thank you message,Mohammed Ali
COM00107,C0005,2023-03-19,Phone Call,New course announcement,Sara Hassan
COM01368,C0072,2023-03-19,WhatsApp,Feedback discussion,Noura Salem
COM07151,C0377,2023-03-19,Meeting,Thank you message,Mohammed Ali
COM02696,C0146,2023-03-19,Phone Call,Quotation request,Fatima Ahmed
COM05768,C0301,2023-03-19,Meeting,Thank you message,Mohammed Ali
COM01026,C0057,2023-03-20,Meeting,Course recommendation,Mohammed Ali
COM03618,C0191,2023-03-20,Email,Training needs assessment,Mohammed Ali
COM05392,C0284,2023-03-20,Meeting,Course recommendation,Mohammed Ali
COM06931,C0366,2023-03-20,Phone Call,Feedback discussion,Noura Salem
COM05344,C0282,2023-03-20,WhatsApp,Follow-up on booking,Sara Hassan
COM01260,C0065,2023-03-21,Email,Quotation request,Ahmed Abdullah
COM03298,C0174,2023-03-21,Email,Invoice query,Ahmed Abdullah
COM03542,C0188,2023-03-21,WhatsApp,Quotation request,Fatima Ahmed
COM08637,C0462,2023-03-21,Phone Call,Feedback discussion,Fatima Ahmed
COM05492,C0288,2023-03-22,Email,Course recommendation,Noura Salem
COM01103,C0058,2023-03-22,Meeting,Follow-up on booking,Mohammed Ali
COM02436,C0132,2023-03-22,Meeting,Complaint resolution,Sara Hassan
COM03975,C0209,2023-03-22,Email,Complaint resolution,Fatima Ahmed
COM00111,C0006,2023-03-22,Video Call,Thank you message,Mohammed Ali
COM03715,C0195,2023-03-22,Email,Satisfaction survey,Sara Hassan
COM01835,C0099,2023-03-22,Email,Quotation request,Fatima Ahmed
COM01442,C0078,2023-03-22,Meeting,Feedback discussion,Fatima Ahmed
COM02925,C0159,2023-03-22,WhatsApp,Schedule confirmation,Sara Hassan
COM07420,C0391,2023-03-22,Email,Follow-up on booking,Noura Salem
COM03069,C0165,2023-03-23,WhatsApp,Thank you message,Sara Hassan
COM07580,C0400,2023-03-23,WhatsApp,Invoice query,Mohammed Ali
COM08264,C0440,2023-03-23,Video Call,Thank you message,Mohammed Ali
COM00565,C0025,2023-03-23,Phone Call,Renewal discussion,Fatima Ahmed
COM01144,C0061,2023-03-23,Email,Course recommendation,Mohammed Ali
COM05958,C0312,2023-03-23,Meeting,Feedback discussion,Noura Salem
COM00281,C0013,2023-03-23,WhatsApp,Feedback discussion,Mohammed Ali
COM07772,C0410,2023-03-24,Phone Call,Course recommendation,Mohammed Ali
COM02003,C0109,2023-03-24,Video Call,Thank you message,Fatima Ahmed
COM07505,C0396,2023-03-24,Video Call,Training needs assessment,Fatima Ahmed
COM01917,C0102,2023-03-24,Phone Call,Renewal discussion,Noura Salem
COM08488,C0453,2023-03-24,Phone Call,Thank you message,Ahmed Abdullah
COM01178,C0061,2023-03-24,Email,Follow-up on booking,Mohammed Ali
COM00360,C0017,2023-03-24,Video Call,General inquiry,Fatima Ahmed
COM00352,C0017,2023-03-25,Meeting,Schedule confirmation,Fatima Ahmed
COM08106,C0430,2023-03-26,WhatsApp,Quotation request,Mohammed Ali
COM08306,C0442,2023-03-26,Video Call,Account review,Noura Salem
COM07766,C0410,2023-03-27,WhatsApp,Thank you message,Mohammed Ali
COM04280,C0223,2023-03-27,Phone Call,Course recommendation,Sara Hassan
COM01867,C0100,2023-03-27,Phone Call,General inquiry,Ahmed Abdullah
COM04506,C0232,2023-03-27,Phone Call,Quotation request,Fatima Ahmed
COM04904,C0254,2023-03-27,Phone Call,Invoice query,Fatima Ahmed
COM07903,C0417,2023-03-28,Video Call,Account review,Noura Salem
COM07650,C0405,2023-03-29,WhatsApp,General inquiry,Noura Salem
COM01020,C0057,2023-03-29,Meeting,General inquiry,Mohammed Ali
COM04181,C0219,2023-03-29,WhatsApp,New course announcement,Ahmed Abdullah
COM03040,C0165,2023-03-30,WhatsApp,Renewal discussion,Sara Hassan
COM00134,C0006,2023-03-30,WhatsApp,Training needs assessment,Mohammed Ali
COM04805,C0251,2023-03-30,Phone Call,New course announcement,Sara Hassan
COM00954,C0049,2023-03-30,Meeting,Account review,Sara Hassan
COM02177,C0119,2023-03-30,Phone Call,Thank you message,Noura Salem
COM06814,C0361,2023-03-30,Phone Call,Thank you message,Fatima Ahmed
COM02611,C0141,2023-03-31,Video Call,New course announcement,Ahmed Abdullah
COM05644,C0296,2023-03-31,Meeting,Training needs assessment,Noura Salem
COM03272,C0174,2023-04-01,WhatsApp,Thank you message,Ahmed Abdullah
COM00995,C0055,2023-04-01,WhatsApp,Training needs assessment,Mohammed Ali
COM04918,C0254,2023-04-02,WhatsApp,Feedback discussion,Fatima Ahmed
COM01580,C0084,2023-04-02,Meeting,New course announcement,Sara Hassan
COM03651,C0191,2023-04-03,Email,Invoice query,Mohammed Ali
COM04855,C0252,2023-04-03,Phone Call,Renewal discussion,Fatima Ahmed
COM00563,C0025,2023-04-03,WhatsApp,Invoice query,Fatima Ahmed
COM06832,C0361,2023-04-03,Phone Call,Feedback discussion,Fatima Ahmed
COM03102,C0167,2023-04-03,WhatsApp,Schedule confirmation,Sara Hassan
COM02572,C0138,2023-04-03,Phone Call,Follow-up on booking,Ahmed Abdullah
COM09304,C0497,2023-04-04,Video Call,Satisfaction survey,Ahmed Abdullah
COM08331,C0443,2023-04-04,Meeting,Account review,Sara Hassan
COM02971,C0159,2023-04-04,Video Call,Satisfaction survey,Sara Hassan
COM06815,C0361,2023-04-04,Email,Invoice query,Fatima Ahmed
COM04680,C0241,2023-04-04,Email,Renewal discussion,Fatima Ahmed
COM09236,C0493,2023-04-04,Email,Follow-up on booking,Sara Hassan
COM04907,C0254,2023-04-04,Video Call,Feedback discussion,Fatima Ahmed
COM05254,C0276,2023-04-04,WhatsApp,New course announcement,Fatima Ahmed
COM09262,C0493,2023-04-05,WhatsApp,Complaint resolution,Sara Hassan
COM02562,C0137,2023-04-05,Email,Feedback discussion,Fatima Ahmed
COM01016,C0057,2023-04-05,Meeting,Course recommendation,Mohammed Ali
COM07051,C0372,2023-04-05,Phone Call,Course recommendation,Sara Hassan
COM02040,C0109,2023-04-05,Phone Call,Feedback discussion,Fatima Ahmed
COM06485,C0344,2023-04-06,Phone Call,Account review,Noura Salem
COM01916,C0102,2023-04-07,Email,Course recommendation,Noura Salem
COM05356,C0282,2023-04-07,Phone Call,Invoice query,Sara Hassan
COM01570,C0084,2023-04-07,Email,Renewal discussion,Sara Hassan
COM07735,C0410,2023-04-07,Video Call,Invoice query,Mohammed Ali
COM08250,C0438,2023-04-08,Meeting,Schedule confirmation,Ahmed Abdullah
COM00689,C0031,2023-04-08,Meeting,Invoice query,Noura Salem
COM01287,C0065,2023-04-08,WhatsApp,Satisfaction survey,Ahmed Abdullah
COM05216,C0275,2023-04-09,Meeting,Satisfaction survey,Sara Hassan
COM08719,C0465,2023-04-09,Meeting,Training needs assessment,Mohammed Ali
COM05349,C0282,2023-04-09,Email,New course announcement,Sara Hassan
COM08292,C0440,2023-04-09,Email,Thank you message,Mohammed Ali
COM02603,C0140,2023-04-09,Video Call,Quotation request,Mohammed Ali
COM08968,C0481,2023-04-10,Phone Call,Quotation request,Sara Hassan
COM06148,C0324,2023-04-10,Meeting,Satisfaction survey,Noura Salem
COM01713,C0092,2023-04-10,Video Call,Course recommendation,Noura Salem
COM06597,C0349,2023-04-10,Video Call,Complaint resolution,Fatima Ahmed
COM00469,C0021,2023-04-11,Phone Call,Course recommendation,Mohammed Ali
COM05402,C0284,2023-04-11,WhatsApp,Thank you message,Mohammed Ali
COM07554,C0400,2023-04-11,Phone Call,Follow-up on booking,Mohammed Ali
COM08287,C0440,2023-04-11,WhatsApp,Training needs assessment,Mohammed Ali
COM01055,C0057,2023-04-12,WhatsApp,Satisfaction survey,Mohammed Ali
COM07878,C0416,2023-04-12,Meeting,Training needs assessment,Sara Hassan
COM01712,C0092,2023-04-13,Email,Invoice query,Noura Salem
COM01066,C0057,2023-04-13,Meeting,Quotation request,Mohammed Ali
COM08607,C0460,2023-04-13,Meeting,Course recommendation,Sara Hassan
COM08009,C0423,2023-04-14,Phone Call,Renewal discussion,Noura Salem
COM03669,C0192,2023-04-14,WhatsApp,Satisfaction survey,Sara Hassan
COM01003,C0055,2023-04-14,Meeting,Complaint resolution,Mohammed Ali
COM04487,C0231,2023-04-15,Phone Call,Follow-up on booking,Sara Hassan
COM01002,C0055,2023-04-15,Meeting,Feedback discussion,Mohammed Ali
COM04161,C0219,2023-04-15,WhatsApp,New course announcement,Ahmed Abdullah
COM08163,C0432,2023-04-16,Email,New course announcement,Ahmed Abdullah
COM01599,C0084,2023-04-16,Video Call,Satisfaction survey,Sara Hassan
COM03402,C0180,2023-04-17,Video Call,Invoice query,Fatima Ahmed
COM01028,C0057,2023-04-17,Email,General inquiry,Mohammed Ali
COM05656,C0296,2023-04-18,Email,Follow-up on booking,Noura Salem
COM01968,C0104,2023-04-18,Phone Call,Follow-up on booking,Noura Salem
COM07054,C0372,2023-04-19,Video Call,Renewal discussion,Sara Hassan
COM06489,C0344,2023-04-20,WhatsApp,Satisfaction survey,Noura Salem
COM02845,C0155,2023-04-20,Email,Thank you message,Mohammed Ali
COM02175,C0118,2023-04-20,Meeting,Satisfaction survey,Noura Salem
COM07884,C0416,2023-04-20,Meeting,Feedback discussion,Sara Hassan
COM06711,C0354,2023-04-20,Phone Call,Training needs assessment,Sara Hassan
COM08236,C0437,2023-04-21,WhatsApp,Training needs assessment,Noura Salem
COM01594,C0084,2023-04-21,Phone Call,Course recommendation,Sara Hassan
COM03005,C0163,2023-04-21,Video Call,Schedule confirmation,Ahmed Abdullah
COM07075,C0374,2023-04-21,Phone Call,New course announcement,Mohammed Ali
COM06479,C0344,2023-04-22,Meeting,Renewal discussion,Noura Salem
COM03942,C0206,2023-04-22,Meeting,General inquiry,Fatima Ahmed
COM03067,C0165,2023-04-22,Meeting,Follow-up on booking,Sara Hassan
COM08160,C0432,2023-04-22,WhatsApp,New course announcement,Ahmed Abdullah
COM04872,C0252,2023-04-22,Video Call,Feedback discussion,Fatima Ahmed
COM02392,C0131,2023-04-23,Video Call,Course recommendation,Fatima Ahmed
COM08567,C0459,2023-04-23,Phone Call,Feedback discussion,Ahmed Abdullah
COM07477,C0393,2023-04-23,Email,Schedule confirmation,Sara Hassan
COM07360,C0387,2023-04-23,Email,Invoice query,Mohammed Ali
COM02704,C0147,2023-04-23,WhatsApp,Course recommendation,Noura Salem
COM01184,C0061,2023-04-24,Email,Account review,Mohammed Ali
COM04854,C0252,2023-04-24,Email,Feedback discussion,Fatima Ahmed
COM07659,C0406,2023-04-25,Email,New course announcement,Ahmed Abdullah
COM04971,C0258,2023-04-26,Email,Follow-up on booking,Ahmed Abdullah
COM00315,C0014,2023-04-26,Phone Call,Renewal discussion,Sara Hassan
COM06178,C0327,2023-04-26,Meeting,Account review,Noura Salem
COM08492,C0453,2023-04-26,Meeting,Complaint resolution,Ahmed Abdullah
COM04475,C0231,2023-04-26,WhatsApp,Complaint resolution,Sara Hassan
COM03156,C0169,2023-04-27,Email,General inquiry,Ahmed Abdullah
COM05250,C0276,2023-04-27,Video Call,Complaint resolution,Fatima Ahmed
COM08238,C0437,2023-04-27,WhatsApp,Complaint resolution,Noura Salem
COM00671,C0031,2023-04-27,Email,Renewal discussion,Noura Salem
COM02552,C0136,2023-04-27,WhatsApp,Satisfaction survey,Noura Salem
COM02021,C0109,2023-04-28,Meeting,Satisfaction survey,Fatima Ahmed
COM01461,C0078,2023-04-28,WhatsApp,Schedule confirmation,Fatima Ahmed
COM01755,C0093,2023-04-29,Phone Call,Quotation request,Ahmed Abdullah
COM03140,C0168,2023-04-29,Video Call,Quotation request,Fatima Ahmed
COM07589,C0401,2023-04-29,Video Call,Account review,Fatima Ahmed
COM04930,C0255,2023-04-30,Phone Call,Complaint resolution,Ahmed Abdullah
COM07888,C0416,2023-04-30,Meeting,Renewal discussion,Sara Hassan
COM08335,C0443,2023-04-30,Video Call,Schedule confirmation,Sara Hassan
COM08568,C0459,2023-04-30,WhatsApp,New course announcement,Ahmed Abdullah
COM05448,C0286,2023-04-30,WhatsApp,General inquiry,Fatima Ahmed
COM03510,C0186,2023-05-01,Phone Call,Invoice query,Noura Salem
COM00398,C0018,2023-05-01,Meeting,Quotation request,Sara Hassan
COM04863,C0252,2023-05-01,Meeting,Invoice query,Fatima Ahmed
COM00034,C0001,2023-05-01,Meeting,Thank you message,Noura Salem
COM08248,C0438,2023-05-01,Email,Course recommendation,Ahmed Abdullah
COM01311,C0068,2023-05-01,Email,Course recommendation,Fatima Ahmed
COM02387,C0131,2023-05-01,Meeting,Quotation request,Fatima Ahmed
COM03981,C0209,2023-05-02,Email,Feedback discussion,Fatima Ahmed
COM01154,C0061,2023-05-02,Email,Training needs assessment,Mohammed Ali
COM06066,C0321,2023-05-02,Meeting,Satisfaction survey,Ahmed Abdullah
COM07296,C0383,2023-05-02,WhatsApp,Thank you message,Fatima Ahmed
COM05054,C0263,2023-05-02,Phone Call,New course announcement,Sara Hassan
COM01736,C0092,2023-05-03,WhatsApp,Thank you message,Noura Salem
COM00350,C0017,2023-05-03,Meeting,Schedule confirmation,Fatima Ahmed
COM03090,C0166,2023-05-03,Meeting,Training needs assessment,Ahmed Abdullah
COM06613,C0349,2023-05-03,Meeting,Thank you message,Fatima Ahmed
COM02574,C0138,2023-05-03,Meeting,Invoice query,Ahmed Abdullah
COM01077,C0058,2023-05-03,Video Call,Quotation request,Mohammed Ali
COM02138,C0118,2023-05-03,Email,Quotation request,Noura Salem
COM03626,C0191,2023-05-04,Email,Course recommendation,Mohammed Ali
COM07767,C0410,2023-05-04,Phone Call,Feedback discussion,Mohammed Ali
COM09195,C0491,2023-05-04,Meeting,General inquiry,Fatima Ahmed
COM00451,C0021,2023-05-04,Video Call,Invoice query,Mohammed Ali
COM00191,C0008,2023-05-05,Phone Call,Thank you message,Fatima Ahmed
COM05350,C0282,2023-05-05,Phone Call,Feedback discussion,Sara Hassan
COM00229,C0010,2023-05-06,WhatsApp,Renewal discussion,Mohammed Ali
COM03538,C0188,2023-05-06,Phone Call,Schedule confirmation,Fatima Ahmed
COM07336,C0387,2023-05-07,Phone Call,Renewal discussion,Mohammed Ali
COM04553,C0235,2023-05-07,Video Call,Quotation request,Sara Hassan
COM06198,C0327,2023-05-08,Phone Call,Satisfaction survey,Noura Salem
COM03940,C0206,2023-05-08,Meeting,Course recommendation,Fatima Ahmed
COM01369,C0072,2023-05-09,WhatsApp,Thank you message,Noura Salem
COM01167,C0061,2023-05-09,Email,Schedule confirmation,Mohammed Ali
COM04263,C0223,2023-05-09,WhatsApp,Quotation request,Sara Hassan
COM07548,C0399,2023-05-09,Phone Call,New course announcement,Ahmed Abdullah
COM03823,C0201,2023-05-09,Video Call,Satisfaction survey,Ahmed Abdullah
COM07143,C0377,2023-05-10,Email,Invoice query,Mohammed Ali
COM03809,C0201,2023-05-10,Video Call,Account review,Ahmed Abdullah
COM07440,C0391,2023-05-11,Email,Training needs assessment,Noura Salem
COM06544,C0345,2023-05-11,Meeting,Feedback discussion,Noura Salem
COM06708,C0354,2023-05-11,Phone Call,Course recommendation,Sara Hassan
COM06124,C0324,2023-05-11,Email,Quotation request,Noura Salem
COM01371,C0072,2023-05-12,Meeting,Renewal discussion,Noura Salem
COM08314,C0442,2023-05-12,Video Call,Invoice query,Noura Salem
COM03051,C0165,2023-05-12,Email,Invoice query,Sara Hassan
COM07807,C0411,2023-05-13,Meeting,Account review,Noura Salem
COM00532,C0022,2023-05-14,Video Call,Complaint resolution,Fatima Ahmed
COM07166,C0378,2023-05-14,Email,Thank you message,Sara Hassan
COM07879,C0416,2023-05-14,Phone Call,Course recommendation,Sara Hassan
COM04465,C0231,2023-05-14,Email,Complaint resolution,Sara Hassan
COM05981,C0315,2023-05-15,Video Call,General inquiry,Noura Salem
COM07459,C0392,2023-05-15,Video Call,Renewal discussion,Mohammed Ali
COM06053,C0321,2023-05-15,Meeting,Invoice query,Ahmed Abdullah
COM08333,C0443,2023-05-15,Video Call,Follow-up on booking,Sara Hassan
COM07994,C0423,2023-05-15,Email,Feedback discussion,Noura Salem
COM08578,C0459,2023-05-16,Email,General inquiry,Ahmed Abdullah
COM00468,C0021,2023-05-16,Phone Call,Thank you message,Mohammed Ali
COM08952,C0478,2023-05-17,Video Call,Account review,Mohammed Ali
COM06724,C0356,2023-05-17,Video Call,Satisfaction survey,Ahmed Abdullah
COM02577,C0138,2023-05-17,Phone Call,Account review,Ahmed Abdullah
COM03293,C0174,2023-05-17,Phone Call,Feedback discussion,Ahmed Abdullah
COM05237,C0276,2023-05-17,Email,Training needs assessment,Fatima Ahmed
COM07587,C0401,2023-05-17,WhatsApp,Invoice query,Fatima Ahmed
COM00237,C0010,2023-05-18,Video Call,Feedback discussion,Mohammed Ali
COM03617,C0191,2023-05-18,Meeting,Invoice query,Mohammed Ali
COM09119,C0487,2023-05-18,Video Call,Complaint resolution,Sara Hassan
COM08732,C0465,2023-05-18,Email,Invoice query,Mohammed Ali
COM05951,C0312,2023-05-19,Meeting,Invoice query,Noura Salem
COM05443,C0286,2023-05-19,Phone Call,Complaint resolution,Fatima Ahmed
COM04204,C0221,2023-05-19,Meeting,Satisfaction survey,Ahmed Abdullah
COM01057,C0057,2023-05-19,Video Call,Feedback discussion,Mohammed Ali
COM07150,C0377,2023-05-19,Meeting,General inquiry,Mohammed Ali
COM07658,C0406,2023-05-20,Meeting,Thank you message,Ahmed Abdullah
COM06439,C0341,2023-05-20,Video Call,Course recommendation,Noura Salem
COM04022,C0212,2023-05-21,Video Call,Feedback discussion,Noura Salem
COM03547,C0188,2023-05-21,Meeting,New course announcement,Fatima Ahmed
COM01717,C0092,2023-05-21,Phone Call,Quotation request,Noura Salem
COM06802,C0361,2023-05-21,Email,Complaint resolution,Fatima Ahmed
COM00526,C0022,2023-05-21,Meeting,Course recommendation,Fatima Ahmed
COM04160,C0219,2023-05-22,Email,Schedule confirmation,Ahmed Abdullah
COM00474,C0021,2023-05-22,Meeting,Quotation request,Mohammed Ali
COM02338,C0129,2023-05-23,WhatsApp,New course announcement,Sara Hassan
COM08137,C0430,2023-05-23,Phone Call,New course announcement,Mohammed Ali
COM02156,C0118,2023-05-23,Meeting,Invoice query,Noura Salem
COM05337,C0282,2023-05-23,Meeting,General inquiry,Sara Hassan
COM06686,C0353,2023-05-23,Video Call,Account review,Mohammed Ali
COM01850,C0100,2023-05-24,Meeting,Account review,Ahmed Abdullah
COM00194,C0009,2023-05-24,Video Call,Training needs assessment,Noura Salem
COM06019,C0318,2023-05-24,Email,Training needs assessment,Noura Salem
COM00098,C0005,2023-05-24,Meeting,Renewal discussion,Sara Hassan
COM07345,C0387,2023-05-24,Meeting,New course announcement,Mohammed Ali
COM04550,C0235,2023-05-24,Phone Call,Account review,Sara Hassan
COM05511,C0288,2023-05-24,Video Call,General inquiry,Noura Salem
COM04777,C0250,2023-05-24,Phone Call,Training needs assessment,Noura Salem
COM02010,C0109,2023-05-25,Phone Call,Thank you message,Fatima Ahmed
COM06039,C0320,2023-05-25,Meeting,General inquiry,Noura Salem
COM04898,C0254,2023-05-25,Video Call,Course recommendation,Fatima Ahmed
COM01138,C0060,2023-05-26,Email,Satisfaction survey,Sara Hassan
COM01169,C0061,2023-05-26,Email,Complaint resolution,Mohammed Ali
COM02099,C0114,2023-05-26,Video Call,Renewal discussion,Fatima Ahmed
COM03506,C0186,2023-05-27,Phone Call,Renewal discussion,Noura Salem
COM08913,C0475,2023-05-27,Phone Call,Schedule confirmation,Noura Salem
COM03126,C0168,2023-05-27,Video Call,Invoice query,Fatima Ahmed
COM00746,C0035,2023-05-27,WhatsApp,Follow-up on booking,Mohammed Ali
COM01768,C0094,2023-05-28,WhatsApp,Schedule confirmation,Mohammed Ali
COM07552,C0399,2023-05-28,WhatsApp,Thank you message,Ahmed Abdullah
COM01958,C0104,2023-05-28,Phone Call,Renewal discussion,Noura Salem
COM03111,C0167,2023-05-28,Video Call,Follow-up on booking,Sara Hassan
COM07904,C0417,2023-05-29,Email,General inquiry,Noura Salem
COM03513,C0186,2023-05-30,Video Call,Satisfaction survey,Noura Salem
COM06233,C0328,2023-05-30,Video Call,Satisfaction survey,Mohammed Ali
COM01288,C0065,2023-05-30,Video Call,Feedback discussion,Ahmed Abdullah
COM04061,C0215,2023-05-30,Video Call,Thank you message,Mohammed Ali
COM00967,C0052,2023-05-30,Email,New course announcement,Ahmed Abdullah
COM05694,C0298,2023-05-30,Phone Call,Course recommendation,Fatima Ahmed
COM00199,C0009,2023-05-30,Email,Complaint resolution,Noura Salem
COM02716,C0147,2023-05-30,WhatsApp,Course recommendation,Noura Salem
COM04916,C0254,2023-05-30,Video Call,Course recommendation,Fatima Ahmed
COM08408,C0448,2023-05-30,Phone Call,Schedule confirmation,Noura Salem
COM09098,C0487,2023-05-31,Email,Quotation request,Sara Hassan
COM04367,C0225,2023-05-31,Phone Call,Training needs assessment,Sara Hassan
COM03748,C0196,2023-05-31,Phone Call,Renewal discussion,Mohammed Ali
COM06712,C0354,2023-05-31,Video Call,Satisfaction survey,Sara Hassan
COM08573,C0459,2023-05-31,Phone Call,Account review,Ahmed Abdullah
COM02014,C0109,2023-05-31,Meeting,Account review,Fatima Ahmed
COM08946,C0478,2023-06-01,Phone Call,Thank you message,Mohammed Ali
COM09196,C0491,2023-06-01,WhatsApp,Feedback discussion,Fatima Ahmed
COM02002,C0109,2023-06-01,Email,Follow-up on booking,Fatima Ahmed
COM02714,C0147,2023-06-01,WhatsApp,Follow-up on booking,Noura Salem
COM08010,C0423,2023-06-01,Video Call,General inquiry,Noura Salem
COM01313,C0068,2023-06-02,Phone Call,Complaint resolution,Fatima Ahmed
COM03106,C0167,2023-06-02,Phone Call,Invoice query,Sara Hassan
COM07078,C0374,2023-06-02,Phone Call,Feedback discussion,Mohammed Ali
COM06550,C0345,2023-06-02,Email,Training needs assessment,Noura Salem
COM00489,C0022,2023-06-03,Meeting,Invoice query,Fatima Ahmed
COM01870,C0100,2023-06-04,Phone Call,Renewal discussion,Ahmed Abdullah
COM05532,C0290,2023-06-04,WhatsApp,Quotation request,Mohammed Ali
COM03168,C0169,2023-06-04,Meeting,Satisfaction survey,Ahmed Abdullah
COM01831,C0099,2023-06-05,Meeting,Schedule confirmation,Fatima Ahmed
COM00205,C0009,2023-06-05,Meeting,Thank you message,Noura Salem
COM02948,C0159,2023-06-05,WhatsApp,Follow-up on booking,Sara Hassan
COM08530,C0457,2023-06-05,Meeting,Feedback discussion,Fatima Ahmed
COM06526,C0345,2023-06-06,WhatsApp,Renewal discussion,Noura Salem
COM04196,C0220,2023-06-06,Email,Follow-up on booking,Fatima Ahmed
COM01413,C0075,2023-06-07,WhatsApp,Renewal discussion,Fatima Ahmed
COM09142,C0487,2023-06-07,Phone Call,New course announcement,Sara Hassan
COM06225,C0328,2023-06-07,Meeting,Feedback discussion,Mohammed Ali
COM01149,C0061,2023-06-07,Phone Call,Schedule confirmation,Mohammed Ali
COM03632,C0191,2023-06-07,Phone Call,Training needs assessment,Mohammed Ali
COM02789,C0152,2023-06-07,WhatsApp,New course announcement,Mohammed Ali
COM06032,C0320,2023-06-08,Phone Call,Invoice query,Noura Salem
COM01283,C0065,2023-06-09,Meeting,Feedback discussion,Ahmed Abdullah
COM01096,C0058,2023-06-09,Email,Training needs assessment,Mohammed Ali
COM02346,C0129,2023-06-09,Video Call,Quotation request,Sara Hassan
COM01071,C0058,2023-06-10,Email,Schedule confirmation,Mohammed Ali
COM02788,C0152,2023-06-10,WhatsApp,Thank you message,Mohammed Ali
COM08482,C0453,2023-06-11,Phone Call,Thank you message,Ahmed Abdullah
COM09051,C0484,2023-06-11,Email,Renewal discussion,Mohammed Ali
COM06593,C0349,2023-06-12,WhatsApp,Thank you message,Fatima Ahmed
COM05300,C0279,2023-06-12,Meeting,Training needs assessment,Mohammed Ali
COM03133,C0168,2023-06-12,Video Call,New course announcement,Fatima Ahmed
COM05534,C0290,2023-06-13,Video Call,Complaint resolution,Mohammed Ali
COM03253,C0174,2023-06-13,WhatsApp,Invoice query,Ahmed Abdullah
COM01603,C0084,2023-06-14,Video Call,Quotation request,Sara Hassan
COM06065,C0321,2023-06-14,Meeting,Training needs assessment,Ahmed Abdullah
COM01590,C0084,2023-06-14,Video Call,Follow-up on booking,Sara Hassan
COM04237,C0222,2023-06-14,Video Call,Invoice query,Mohammed Ali
COM09255,C0493,2023-06-14,Phone Call,Invoice query,Sara Hassan
COM01826,C0099,2023-06-14,Meeting,Course recommendation,Fatima Ahmed
COM09190,C0490,2023-06-14,Email,General inquiry,Mohammed Ali
COM02694,C0146,2023-06-14,Meeting,General inquiry,Fatima Ahmed
COM09379,C0498,2023-06-15,Meeting,Renewal discussion,Noura Salem
COM00056,C0003,2023-06-15,WhatsApp,Follow-up on booking,Fatima Ahmed
COM07774,C0410,2023-06-15,Email,Follow-up on booking,Mohammed Ali
COM04972,C0258,2023-06-16,WhatsApp,General inquiry,Ahmed Abdullah
COM00096,C0005,2023-06-16,Video Call,Satisfaction survey,Sara Hassan
COM05047,C0263,2023-06-16,Phone Call,Renewal discussion,Sara Hassan
COM08805,C0469,2023-06-16,Video Call,Renewal discussion,Noura Salem
COM01061,C0057,2023-06-16,Email,Follow-up on booking,Mohammed Ali
COM06016,C0318,2023-06-17,Video Call,Course recommendation,Noura Salem
COM07558,C0400,2023-06-17,Meeting,General inquiry,Mohammed Ali
COM04232,C0222,2023-06-17,Phone Call,Course recommendation,Mohammed Ali
COM00004,C0001,2023-06-18,Phone Call,Training needs assessment,Noura Salem
COM07617,C0403,2023-06-18,Email,Quotation request,Noura Salem
COM04910,C0254,2023-06-18,WhatsApp,Feedback discussion,Fatima Ahmed
COM01285,C0065,2023-06-18,Email,Invoice query,Ahmed Abdullah
COM09068,C0484,2023-06-19,Video Call,General inquiry,Mohammed Ali
COM00030,C0001,2023-06-19,Meeting,Feedback discussion,Noura Salem
COM00980,C0054,2023-06-20,Meeting,Quotation request,Noura Salem
COM03655,C0191,2023-06-20,Video Call,Follow-up on booking,Mohammed Ali
COM03262,C0174,2023-06-20,Email,Follow-up on booking,Ahmed Abdullah
COM00399,C0018,2023-06-20,Phone Call,Satisfaction survey,Sara Hassan
COM02405,C0132,2023-06-21,Meeting,Feedback discussion,Sara Hassan
COM04932,C0255,2023-06-21,Phone Call,Satisfaction survey,Ahmed Abdullah
COM00384,C0018,2023-06-22,Meeting,Account review,Sara Hassan
COM05459,C0286,2023-06-22,Phone Call,Account review,Fatima Ahmed
COM01839,C0099,2023-06-22,Meeting,Follow-up on booking,Fatima Ahmed
COM05032,C0263,2023-06-22,Video Call,Course recommendation,Sara Hassan
COM03150,C0169,2023-06-22,WhatsApp,Feedback discussion,Ahmed Abdullah
COM04573,C0235,2023-06-23,Video Call,New course announcement,Sara Hassan
COM04037,C0213,2023-06-23,Meeting,Follow-up on booking,Fatima Ahmed
COM08788,C0469,2023-06-23,Meeting,Follow-up on booking,Noura Salem
COM05466,C0286,2023-06-23,Video Call,Quotation request,Fatima Ahmed
COM08311,C0442,2023-06-24,Video Call,Schedule confirmation,Noura Salem
COM04059,C0215,2023-06-24,Meeting,Schedule confirmation,Mohammed Ali
COM01092,C0058,2023-06-24,Video Call,Training needs assessment,Mohammed Ali
COM00341,C0016,2023-06-24,Meeting,General inquiry,Sara Hassan
COM03821,C0201,2023-06-24,Phone Call,Feedback discussion,Ahmed Abdullah
COM06165,C0327,2023-06-25,WhatsApp,General inquiry,Noura Salem
COM02145,C0118,2023-06-25,Phone Call,Renewal discussion,Noura Salem
COM05318,C0282,2023-06-25,WhatsApp,Thank you message,Sara Hassan
COM01925,C0102,2023-06-26,Email,Account review,Noura Salem
COM03679,C0193,2023-06-26,WhatsApp,Training needs assessment,Fatima Ahmed
COM03544,C0188,2023-06-26,Video Call,Training needs assessment,Fatima Ahmed
COM06175,C0327,2023-06-27,Video Call,General inquiry,Noura Salem
COM02560,C0137,2023-06-27,Video Call,Course recommendation,Fatima Ahmed
COM01277,C0065,2023-06-27,Meeting,Thank you message,Ahmed Abdullah
COM00466,C0021,2023-06-27,Phone Call,General inquiry,Mohammed Ali
COM03776,C0198,2023-06-27,WhatsApp,Follow-up on booking,Noura Salem
COM02533,C0136,2023-06-27,WhatsApp,Satisfaction survey,Noura Salem
COM02265,C0125,2023-06-27,Video Call,Invoice query,Sara Hassan
COM01673,C0089,2023-06-27,Video Call,Thank you message,Ahmed Abdullah
COM02752,C0150,2023-06-28,Phone Call,General inquiry,Mohammed Ali
COM05303,C0279,2023-06-28,Video Call,Training needs assessment,Mohammed Ali
COM02136,C0117,2023-06-28,Email,Quotation request,Mohammed Ali
COM00723,C0033,2023-06-28,Meeting,Training needs assessment,Sara Hassan
COM03352,C0176,2023-06-28,Meeting,Complaint resolution,Sara Hassan
COM09303,C0497,2023-06-28,Meeting,Quotation request,Ahmed Abdullah
COM02725,C0147,2023-06-29,WhatsApp,Quotation request,Noura Salem
COM08577,C0459,2023-06-29,WhatsApp,Course recommendation,Ahmed Abdullah
COM03152,C0169,2023-06-29,Video Call,General inquiry,Ahmed Abdullah
COM06926,C0366,2023-06-30,Email,Satisfaction survey,Noura Salem
COM02886,C0157,2023-06-30,Video Call,Invoice query,Noura Salem
COM01522,C0080,2023-06-30,Video Call,General inquiry,Ahmed Abdullah
COM06129,C0324,2023-07-01,Video Call,Schedule confirmation,Noura Salem
COM05406,C0284,2023-07-01,WhatsApp,General inquiry,Mohammed Ali
COM03118,C0168,2023-07-01,WhatsApp,Training needs assessment,Fatima Ahmed
COM03342,C0176,2023-07-01,Video Call,Complaint resolution,Sara Hassan
COM08339,C0443,2023-07-02,Video Call,Schedule confirmation,Sara Hassan
COM02728,C0147,2023-07-02,WhatsApp,Renewal discussion,Noura Salem
COM01715,C0092,2023-07-02,Phone Call,Schedule confirmation,Noura Salem
COM07457,C0392,2023-07-02,Phone Call,Course recommendation,Mohammed Ali
COM02520,C0134,2023-07-03,Email,Feedback discussion,Noura Salem
COM05765,C0301,2023-07-03,Phone Call,Follow-up on booking,Mohammed Ali
COM04801,C0251,2023-07-03,Meeting,Quotation request,Sara Hassan
COM07451,C0392,2023-07-03,Meeting,Course recommendation,Mohammed Ali
COM08586,C0459,2023-07-03,Email,Satisfaction survey,Ahmed Abdullah
COM03077,C0166,2023-07-03,Meeting,New course announcement,Ahmed Abdullah
COM05641,C0296,2023-07-03,Phone Call,Invoice query,Noura Salem
COM03117,C0168,2023-07-03,WhatsApp,Schedule confirmation,Fatima Ahmed
COM02266,C0125,2023-07-03,Email,Schedule confirmation,Sara Hassan
COM03959,C0207,2023-07-04,Phone Call,Renewal discussion,Noura Salem
COM03728,C0195,2023-07-05,Video Call,Renewal discussion,Sara Hassan
COM08787,C0469,2023-07-05,Phone Call,Complaint resolution,Noura Salem
COM02353,C0129,2023-07-06,Phone Call,Account review,Sara Hassan
COM08942,C0477,2023-07-06,WhatsApp,Complaint resolution,Ahmed Abdullah
COM01173,C0061,2023-07-06,WhatsApp,Follow-up on booking,Mohammed Ali
COM00574,C0025,2023-07-07,WhatsApp,General inquiry,Fatima Ahmed
COM08329,C0443,2023-07-07,Phone Call,Renewal discussion,Sara Hassan
COM05050,C0263,2023-07-07,Email,Complaint resolution,Sara Hassan
COM05342,C0282,2023-07-08,Email,Invoice query,Sara Hassan
COM08011,C0423,2023-07-08,Video Call,Training needs assessment,Noura Salem
COM08213,C0435,2023-07-08,Meeting,Feedback discussion,Ahmed Abdullah
COM01233,C0064,2023-07-08,Video Call,Account review,Noura Salem
COM04030,C0213,2023-07-09,Meeting,Renewal discussion,Fatima Ahmed
COM03306,C0175,2023-07-09,WhatsApp,Satisfaction survey,Fatima Ahmed
COM06043,C0320,2023-07-09,Phone Call,General inquiry,Noura Salem
COM02161,C0118,2023-07-09,WhatsApp,Thank you message,Noura Salem
COM05034,C0263,2023-07-09,WhatsApp,Schedule confirmation,Sara Hassan
COM00741,C0035,2023-07-10,WhatsApp,Quotation request,Mohammed Ali
COM04365,C0225,2023-07-10,WhatsApp,Course recommendation,Sara Hassan
COM01644,C0087,2023-07-10,Video Call,Renewal discussion,Fatima Ahmed
COM09393,C0500,2023-07-10,Phone Call,Satisfaction survey,Fatima Ahmed
COM02310,C0129,2023-07-11,Phone Call,Course recommendation,Sara Hassan
COM09085,C0486,2023-07-11,Meeting,Feedback discussion,Sara Hassan
COM06627,C0350,2023-07-11,Phone Call,Invoice query,Sara Hassan
COM03045,C0165,2023-07-12,Email,Renewal discussion,Sara Hassan
COM05686,C0298,2023-07-12,Email,Complaint resolution,Fatima Ahmed
COM08785,C0469,2023-07-12,WhatsApp,Schedule confirmation,Noura Salem
COM09199,C0491,2023-07-12,Video Call,Renewal discussion,Fatima Ahmed
COM05654,C0296,2023-07-12,WhatsApp,Thank you message,Noura Salem
COM08315,C0442,2023-07-12,Video Call,Invoice query,Noura Salem
COM06800,C0361,2023-07-12,WhatsApp,Course recommendation,Fatima Ahmed
COM03408,C0180,2023-07-12,Meeting,Thank you message,Fatima Ahmed
COM00027,C0001,2023-07-12,Phone Call,Follow-up on booking,Noura Salem
COM03132,C0168,2023-07-12,Phone Call,Renewal discussion,Fatima Ahmed
COM03815,C0201,2023-07-13,Video Call,New course announcement,Ahmed Abdullah
COM03309,C0175,2023-07-13,WhatsApp,Quotation request,Fatima Ahmed
COM01880,C0100,2023-07-13,WhatsApp,Training needs assessment,Ahmed Abdullah
COM03350,C0176,2023-07-13,Phone Call,New course announcement,Sara Hassan
COM03964,C0207,2023-07-14,Email,Quotation request,Noura Salem
COM03360,C0176,2023-07-14,Meeting,Complaint resolution,Sara Hassan
COM06008,C0318,2023-07-14,Phone Call,Complaint resolution,Noura Salem
COM00346,C0016,2023-07-14,Meeting,Feedback discussion,Sara Hassan
COM08662,C0462,2023-07-14,Email,Satisfaction survey,Fatima Ahmed
COM07182,C0378,2023-07-14,WhatsApp,Feedback discussion,Sara Hassan
COM00928,C0048,2023-07-14,Email,Feedback discussion,Mohammed Ali
COM08476,C0452,2023-07-15,Video Call,Invoice query,Ahmed Abdullah
COM01220,C0063,2023-07-15,Email,New course announcement,Fatima Ahmed
COM00313,C0014,2023-07-15,WhatsApp,Complaint resolution,Sara Hassan
COM09232,C0493,2023-07-15,Email,Thank you message,Sara Hassan
COM01185,C0061,2023-07-16,WhatsApp,Training needs assessment,Mohammed Ali
COM06615,C0349,2023-07-16,Email,Account review,Fatima Ahmed
COM05074,C0266,2023-07-16,WhatsApp,Complaint resolution,Noura Salem
COM00494,C0022,2023-07-16,Video Call,Training needs assessment,Fatima Ahmed
COM07923,C0417,2023-07-16,Video Call,Schedule confirmation,Noura Salem
COM04567,C0235,2023-07-16,Meeting,Complaint resolution,Sara Hassan
COM07815,C0412,2023-07-16,Phone Call,Thank you message,Noura Salem
COM04184,C0220,2023-07-16,Meeting,Invoice query,Fatima Ahmed
COM08004,C0423,2023-07-16,WhatsApp,Invoice query,Noura Salem
COM08829,C0470,2023-07-16,Phone Call,General inquiry,Ahmed Abdullah
COM00024,C0001,2023-07-17,WhatsApp,Course recommendation,Noura Salem
COM03355,C0176,2023-07-17,WhatsApp,Training needs assessment,Sara Hassan
COM09395,C0500,2023-07-17,Meeting,Renewal discussion,Fatima Ahmed
COM00042,C0001,2023-07-17,Phone Call,New course announcement,Noura Salem
COM04371,C0225,2023-07-17,Email,Account review,Sara Hassan
COM02158,C0118,2023-07-17,Phone Call,Thank you message,Noura Salem
COM00722,C0033,2023-07-18,Phone Call,Quotation request,Sara Hassan
COM00103,C0005,2023-07-18,Video Call,Account review,Sara Hassan
COM05488,C0288,2023-07-18,Meeting,Follow-up on booking,Noura Salem
COM02882,C0157,2023-07-18,Meeting,Thank you message,Noura Salem
COM03960,C0207,2023-07-18,Phone Call,Training needs assessment,Noura Salem
COM02587,C0138,2023-07-18,Video Call,General inquiry,Ahmed Abdullah
COM05455,C0286,2023-07-19,Email,Thank you message,Fatima Ahmed
COM07291,C0383,2023-07-19,Video Call,Quotation request,Fatima Ahmed
COM08167,C0432,2023-07-19,Phone Call,Complaint resolution,Ahmed Abdullah
COM06287,C0332,2023-07-19,Meeting,New course announcement,Noura Salem
COM01728,C0092,2023-07-19,Video Call,Schedule confirmation,Noura Salem
COM08109,C0430,2023-07-19,Meeting,Invoice query,Mohammed Ali
COM02355,C0129,2023-07-19,Phone Call,Follow-up on booking,Sara Hassan
COM07429,C0391,2023-07-19,Meeting,Satisfaction survey,Noura Salem
COM07849,C0414,2023-07-20,Meeting,New course announcement,Fatima Ahmed
COM05952,C0312,2023-07-20,Email,Invoice query,Noura Salem
COM01710,C0092,2023-07-20,Video Call,Renewal discussion,Noura Salem
COM06842,C0361,2023-07-20,Phone Call,Feedback discussion,Fatima Ahmed
COM07478,C0393,2023-07-20,Video Call,Training needs assessment,Sara Hassan
COM07557,C0400,2023-07-20,WhatsApp,Quotation request,Mohammed Ali
COM08142,C0430,2023-07-20,Video Call,Feedback discussion,Mohammed Ali
COM07586,C0401,2023-07-20,Video Call,Thank you message,Fatima Ahmed
COM02539,C0136,2023-07-20,Video Call,New course announcement,Noura Salem
COM07435,C0391,2023-07-20,Phone Call,Account review,Noura Salem
COM03825,C0201,2023-07-20,WhatsApp,New course announcement,Ahmed Abdullah
COM06089,C0321,2023-07-21,Meeting,Schedule confirmation,Ahmed Abdullah
COM01864,C0100,2023-07-21,Phone Call,Follow-up on booking,Ahmed Abdullah
COM04548,C0235,2023-07-21,Video Call,Course recommendation,Sara Hassan
COM04822,C0252,2023-07-22,Phone Call,Thank you message,Fatima Ahmed
COM08569,C0459,2023-07-22,Phone Call,Quotation request,Ahmed Abdullah
COM03354,C0176,2023-07-23,Video Call,Course recommendation,Sara Hassan
COM02718,C0147,2023-07-23,Video Call,Quotation request,Noura Salem
COM08531,C0457,2023-07-23,Meeting,Account review,Fatima Ahmed
COM08596,C0459,2023-07-23,WhatsApp,New course announcement,Ahmed Abdullah
COM08973,C0481,2023-07-24,Meeting,Training needs assessment,Sara Hassan
COM05243,C0276,2023-07-25,Meeting,Account review,Fatima Ahmed
COM03183,C0171,2023-07-25,Video Call,Renewal discussion,Sara Hassan
COM04995,C0259,2023-07-26,WhatsApp,Course recommendation,Sara Hassan
COM03092,C0166,2023-07-26,Video Call,Account review,Ahmed Abdullah
COM00371,C0017,2023-07-26,WhatsApp,Course recommendation,Fatima Ahmed
COM04198,C0221,2023-07-26,Phone Call,Invoice query,Ahmed Abdullah
COM00975,C0052,2023-07-27,Phone Call,Account review,Ahmed Abdullah
COM04856,C0252,2023-07-27,Phone Call,Satisfaction survey,Fatima Ahmed
COM08131,C0430,2023-07-27,WhatsApp,Feedback discussion,Mohammed Ali
COM07972,C0420,2023-07-27,Video Call,Schedule confirmation,Ahmed Abdullah
COM05226,C0275,2023-07-27,Video Call,Account review,Sara Hassan
COM09367,C0498,2023-07-28,Meeting,Invoice query,Noura Salem
COM08909,C0475,2023-07-28,Phone Call,Schedule confirmation,Noura Salem
COM05979,C0315,2023-07-28,Meeting,Quotation request,Noura Salem
COM04992,C0259,2023-07-28,Email,Satisfaction survey,Sara Hassan
COM03294,C0174,2023-07-28,Phone Call,Invoice query,Ahmed Abdullah
COM04547,C0235,2023-07-29,Phone Call,Invoice query,Sara Hassan
COM03620,C0191,2023-07-29,Phone Call,Schedule confirmation,Mohammed Ali
COM02124,C0116,2023-07-29,WhatsApp,Complaint resolution,Ahmed Abdullah
COM04223,C0222,2023-07-30,Video Call,Quotation request,Mohammed Ali
COM00094,C0005,2023-07-30,Email,Invoice query,Sara Hassan
COM06284,C0332,2023-07-31,Phone Call,Training needs assessment,Noura Salem
COM02930,C0159,2023-07-31,Phone Call,Training needs assessment,Sara Hassan
COM09054,C0484,2023-07-31,Meeting,Account review,Mohammed Ali
COM09238,C0493,2023-08-01,Meeting,Renewal discussion,Sara Hassan
COM03677,C0192,2023-08-01,Email,Invoice query,Sara Hassan
COM08814,C0469,2023-08-01,Meeting,Follow-up on booking,Noura Salem
COM07031,C0371,2023-08-02,Email,Course recommendation,Fatima Ahmed
COM03807,C0201,2023-08-02,WhatsApp,Account review,Ahmed Abdullah
COM09012,C0482,2023-08-02,Email,Schedule confirmation,Noura Salem
COM08223,C0437,2023-08-03,WhatsApp,Feedback discussion,Noura Salem
COM05500,C0288,2023-08-03,Meeting,Course recommendation,Noura Salem
COM07159,C0378,2023-08-03,WhatsApp,Course recommendation,Sara Hassan
COM05031,C0263,2023-08-04,Email,Satisfaction survey,Sara Hassan
COM06854,C0361,2023-08-04,Phone Call,Feedback discussion,Fatima Ahmed
COM02561,C0137,2023-08-04,Meeting,Quotation request,Fatima Ahmed
COM06092,C0321,2023-08-04,Video Call,Satisfaction survey,Ahmed Abdullah
COM01469,C0078,2023-08-05,Video Call,General inquiry,Fatima Ahmed
COM03269,C0174,2023-08-05,Meeting,Account review,Ahmed Abdullah
COM07547,C0399,2023-08-05,Meeting,Account review,Ahmed Abdullah
COM06502,C0345,2023-08-05,Phone Call,Feedback discussion,Noura Salem
COM03335,C0176,2023-08-06,Phone Call,Course recommendation,Sara Hassan
COM07529,C0399,2023-08-06,Video Call,Thank you message,Ahmed Abdullah
COM02159,C0118,2023-08-06,Phone Call,General inquiry,Noura Salem
COM00032,C0001,2023-08-07,Phone Call,Satisfaction survey,Noura Salem
COM02548,C0136,2023-08-07,Meeting,Training needs assessment,Noura Salem
COM04386,C0225,2023-08-07,Email,New course announcement,Sara Hassan
COM08180,C0433,2023-08-07,Meeting,General inquiry,Ahmed Abdullah
COM06403,C0339,2023-08-07,Phone Call,Renewal discussion,Fatima Ahmed
COM07803,C0411,2023-08-08,Meeting,Renewal discussion,Noura Salem
COM03146,C0168,2023-08-08,WhatsApp,New course announcement,Fatima Ahmed
COM02757,C0150,2023-08-08,Meeting,Complaint resolution,Mohammed Ali
COM06223,C0328,2023-08-09,Email,Satisfaction survey,Mohammed Ali
COM04178,C0219,2023-08-09,WhatsApp,Invoice query,Ahmed Abdullah
COM06945,C0367,2023-08-09,WhatsApp,General inquiry,Ahmed Abdullah
COM03917,C0205,2023-08-10,WhatsApp,Schedule confirmation,Mohammed Ali
COM01063,C0057,2023-08-10,Video Call,Follow-up on booking,Mohammed Ali
COM03621,C0191,2023-08-10,Video Call,Schedule confirmation,Mohammed Ali
COM04076,C0215,2023-08-10,Meeting,New course announcement,Mohammed Ali
COM01279,C0065,2023-08-10,Meeting,Training needs assessment,Ahmed Abdullah
COM07252,C0380,2023-08-10,Video Call,Renewal discussion,Fatima Ahmed
COM02428,C0132,2023-08-10,Email,New course announcement,Sara Hassan
COM04534,C0235,2023-08-11,WhatsApp,Quotation request,Sara Hassan
COM09329,C0497,2023-08-11,Video Call,Follow-up on booking,Ahmed Abdullah
COM07657,C0406,2023-08-11,Meeting,Complaint resolution,Ahmed Abdullah
COM01471,C0078,2023-08-11,WhatsApp,Satisfaction survey,Fatima Ahmed
COM00892,C0045,2023-08-11,WhatsApp,Invoice query,Ahmed Abdullah
COM04775,C0250,2023-08-11,Meeting,Account review,Noura Salem
COM04270,C0223,2023-08-11,Phone Call,Training needs assessment,Sara Hassan
COM06184,C0327,2023-08-12,Meeting,Feedback discussion,Noura Salem
COM01238,C0064,2023-08-12,Meeting,Account review,Noura Salem
COM05713,C0298,2023-08-12,Email,Schedule confirmation,Fatima Ahmed
COM01261,C0065,2023-08-12,Meeting,Feedback discussion,Ahmed Abdullah
COM06786,C0359,2023-08-12,Email,Quotation request,Ahmed Abdullah
COM08610,C0460,2023-08-12,Meeting,Schedule confirmation,Sara Hassan
COM05217,C0275,2023-08-13,Video Call,Quotation request,Sara Hassan
COM07916,C0417,2023-08-13,Email,Thank you message,Noura Salem
COM07810,C0411,2023-08-13,Phone Call,New course announcement,Noura Salem
COM02812,C0153,2023-08-13,Phone Call,Training needs assessment,Noura Salem
COM07163,C0378,2023-08-13,Phone Call,Training needs assessment,Sara Hassan
COM07235,C0380,2023-08-13,Video Call,Complaint resolution,Fatima Ahmed
COM03629,C0191,2023-08-14,Meeting,Satisfaction survey,Mohammed Ali
COM00740,C0035,2023-08-14,WhatsApp,New course announcement,Mohammed Ali
COM03657,C0191,2023-08-14,Phone Call,Follow-up on booking,Mohammed Ali
COM01605,C0084,2023-08-14,Email,New course announcement,Sara Hassan
COM02920,C0159,2023-08-14,Video Call,Account review,Sara Hassan
COM01521,C0080,2023-08-14,WhatsApp,Feedback discussion,Ahmed Abdullah
COM06895,C0363,2023-08-14,Meeting,Quotation request,Noura Salem
COM03351,C0176,2023-08-14,Video Call,Invoice query,Sara Hassan
COM09302,C0497,2023-08-15,Meeting,Follow-up on booking,Ahmed Abdullah
COM05045,C0263,2023-08-15,Email,Follow-up on booking,Sara Hassan
COM00284,C0014,2023-08-15,Email,Schedule confirmation,Sara Hassan
COM00926,C0048,2023-08-16,Phone Call,New course announcement,Mohammed Ali
COM00718,C0033,2023-08-16,Phone Call,Invoice query,Sara Hassan
COM08827,C0470,2023-08-16,WhatsApp,Invoice query,Ahmed Abdullah
COM03797,C0201,2023-08-16,Meeting,Thank you message,Ahmed Abdullah
COM01078,C0058,2023-08-17,Video Call,Schedule confirmation,Mohammed Ali
COM08475,C0452,2023-08-17,Email,Thank you message,Ahmed Abdullah
COM02385,C0131,2023-08-17,Video Call,Account review,Fatima Ahmed
COM08900,C0475,2023-08-17,Email,Thank you message,Noura Salem
COM04843,C0252,2023-08-17,Video Call,Thank you message,Fatima Ahmed
COM07021,C0370,2023-08-17,Meeting,Thank you message,Fatima Ahmed
COM03790,C0200,2023-08-18,Email,Complaint resolution,Sara Hassan
COM02906,C0158,2023-08-18,Email,Invoice query,Sara Hassan
COM06461,C0344,2023-08-18,Phone Call,Schedule confirmation,Noura Salem
COM04968,C0258,2023-08-18,Phone Call,Schedule confirmation,Ahmed Abdullah
COM01465,C0078,2023-08-18,Meeting,Quotation request,Fatima Ahmed
COM08951,C0478,2023-08-18,Phone Call,Feedback discussion,Mohammed Ali
COM00223,C0010,2023-08-18,Meeting,Course recommendation,Mohammed Ali
COM01049,C0057,2023-08-18,WhatsApp,Course recommendation,Mohammed Ali
COM04273,C0223,2023-08-18,WhatsApp,Satisfaction survey,Sara Hassan
COM06924,C0365,2023-08-18,Phone Call,Training needs assessment,Mohammed Ali
COM01718,C0092,2023-08-19,WhatsApp,New course announcement,Noura Salem
COM07037,C0371,2023-08-19,Phone Call,Thank you message,Fatima Ahmed
COM00676,C0031,2023-08-19,Meeting,General inquiry,Noura Salem
COM04120,C0217,2023-08-19,Email,Follow-up on booking,Noura Salem
COM03157,C0169,2023-08-19,WhatsApp,Account review,Ahmed Abdullah
COM00520,C0022,2023-08-20,Phone Call,Feedback discussion,Fatima Ahmed
COM00525,C0022,2023-08-20,Video Call,Account review,Fatima Ahmed
COM07437,C0391,2023-08-20,Video Call,Account review,Noura Salem
COM06011,C0318,2023-08-20,WhatsApp,General inquiry,Noura Salem
COM06055,C0321,2023-08-21,Phone Call,Satisfaction survey,Ahmed Abdullah
COM04865,C0252,2023-08-22,Phone Call,Training needs assessment,Fatima Ahmed
COM05706,C0298,2023-08-22,Email,Feedback discussion,Fatima Ahmed
COM01298,C0067,2023-08-22,Video Call,General inquiry,Sara Hassan
COM04131,C0217,2023-08-22,Phone Call,Account review,Noura Salem
COM07785,C0410,2023-08-23,Meeting,Follow-up on booking,Mohammed Ali
COM07754,C0410,2023-08-23,Phone Call,New course announcement,Mohammed Ali
COM02575,C0138,2023-08-23,Meeting,Schedule confirmation,Ahmed Abdullah
COM03803,C0201,2023-08-23,Meeting,Quotation request,Ahmed Abdullah
COM00392,C0018,2023-08-24,Video Call,Invoice query,Sara Hassan
COM03319,C0176,2023-08-24,Email,Account review,Sara Hassan
COM04485,C0231,2023-08-24,Video Call,Renewal discussion,Sara Hassan
COM00265,C0012,2023-08-24,Phone Call,General inquiry,Fatima Ahmed
COM08526,C0457,2023-08-24,WhatsApp,Feedback discussion,Fatima Ahmed
COM01661,C0088,2023-08-24,Meeting,New course announcement,Sara Hassan
COM08634,C0462,2023-08-24,Phone Call,Follow-up on booking,Fatima Ahmed
COM07570,C0400,2023-08-24,Phone Call,Invoice query,Mohammed Ali
COM05497,C0288,2023-08-25,Email,Follow-up on booking,Noura Salem
COM05397,C0284,2023-08-25,WhatsApp,New course announcement,Mohammed Ali
COM02838,C0153,2023-08-25,Phone Call,General inquiry,Noura Salem
COM08157,C0432,2023-08-26,Meeting,Follow-up on booking,Ahmed Abdullah
COM03356,C0176,2023-08-26,Video Call,General inquiry,Sara Hassan
COM06853,C0361,2023-08-26,Video Call,Course recommendation,Fatima Ahmed
COM06147,C0324,2023-08-27,Phone Call,General inquiry,Noura Salem
COM07265,C0381,2023-08-27,WhatsApp,Thank you message,Noura Salem
COM00610,C0027,2023-08-27,Phone Call,Invoice query,Mohammed Ali
COM05394,C0284,2023-08-27,Meeting,Feedback discussion,Mohammed Ali
COM06626,C0350,2023-08-27,Meeting,Invoice query,Sara Hassan
COM08316,C0442,2023-08-27,Phone Call,Schedule confirmation,Noura Salem
COM00414,C0019,2023-08-27,Video Call,Training needs assessment,Ahmed Abdullah
COM05436,C0286,2023-08-28,WhatsApp,Complaint resolution,Fatima Ahmed
COM00535,C0022,2023-08-28,Video Call,Satisfaction survey,Fatima Ahmed
COM01112,C0058,2023-08-28,Meeting,Course recommendation,Mohammed Ali
COM04439,C0227,2023-08-29,WhatsApp,Course recommendation,Mohammed Ali
COM04435,C0227,2023-08-29,Meeting,Feedback discussion,Mohammed Ali
COM04859,C0252,2023-08-29,Phone Call,General inquiry,Fatima Ahmed
COM05048,C0263,2023-08-29,Phone Call,Feedback discussion,Sara Hassan
COM06726,C0356,2023-08-29,Video Call,Invoice query,Ahmed Abdullah
COM09113,C0487,2023-08-30,WhatsApp,Renewal discussion,Sara Hassan
COM00999,C0055,2023-08-30,Phone Call,Feedback discussion,Mohammed Ali
COM02342,C0129,2023-08-30,Meeting,Course recommendation,Sara Hassan
COM05996,C0317,2023-08-30,Video Call,Renewal discussion,Mohammed Ali
COM05354,C0282,2023-08-30,Video Call,Renewal discussion,Sara Hassan
COM02028,C0109,2023-08-30,Email,New course announcement,Fatima Ahmed
COM03201,C0171,2023-08-30,Meeting,New course announcement,Sara Hassan
COM08813,C0469,2023-08-30,Phone Call,Follow-up on booking,Noura Salem
COM05256,C0276,2023-08-30,Phone Call,Training needs assessment,Fatima Ahmed
COM02815,C0153,2023-08-31,Email,Follow-up on booking,Noura Salem
COM00522,C0022,2023-08-31,Phone Call,Schedule confirmation,Fatima Ahmed
COM02150,C0118,2023-08-31,Email,New course announcement,Noura Salem
COM02841,C0155,2023-08-31,Email,Schedule confirmation,Mohammed Ali
COM04224,C0222,2023-08-31,Phone Call,Quotation request,Mohammed Ali
COM08095,C0429,2023-08-31,WhatsApp,New course announcement,Noura Salem
COM04218,C0222,2023-08-31,Meeting,Thank you message,Mohammed Ali
COM03018,C0163,2023-09-01,Meeting,Complaint resolution,Ahmed Abdullah
COM07366,C0387,2023-09-01,Phone Call,Course recommendation,Mohammed Ali
COM02507,C0134,2023-09-01,WhatsApp,Schedule confirmation,Noura Salem
COM04894,C0254,2023-09-01,Email,Thank you message,Fatima Ahmed
COM00095,C0005,2023-09-02,WhatsApp,Course recommendation,Sara Hassan
COM07804,C0411,2023-09-02,Meeting,Complaint resolution,Noura Salem
COM03390,C0179,2023-09-03,Phone Call,Invoice query,Mohammed Ali
COM01642,C0087,2023-09-03,Phone Call,Follow-up on booking,Fatima Ahmed
COM02885,C0157,2023-09-03,Video Call,Satisfaction survey,Noura Salem
COM03810,C0201,2023-09-03,Phone Call,Quotation request,Ahmed Abdullah
COM00088,C0005,2023-09-03,Meeting,Account review,Sara Hassan
COM07026,C0370,2023-09-04,WhatsApp,Invoice query,Fatima Ahmed
COM00269,C0012,2023-09-04,Email,Follow-up on booking,Fatima Ahmed
COM01452,C0078,2023-09-04,WhatsApp,Complaint resolution,Fatima Ahmed
COM01225,C0063,2023-09-04,Video Call,Course recommendation,Fatima Ahmed
COM01610,C0084,2023-09-04,Meeting,Thank you message,Sara Hassan
COM00617,C0027,2023-09-04,Video Call,New course announcement,Mohammed Ali
COM02412,C0132,2023-09-04,Email,Schedule confirmation,Sara Hassan
COM07898,C0417,2023-09-04,WhatsApp,Quotation request,Noura Salem
COM04220,C0222,2023-09-05,Video Call,Follow-up on booking,Mohammed Ali
COM07160,C0378,2023-09-05,Email,Complaint resolution,Sara Hassan
COM02601,C0139,2023-09-05,Email,Invoice query,Sara Hassan
COM04947,C0256,2023-09-05,Meeting,Course recommendation,Fatima Ahmed
COM03158,C0169,2023-09-05,Phone Call,Feedback discussion,Ahmed Abdullah
COM02937,C0159,2023-09-05,WhatsApp,Schedule confirmation,Sara Hassan
COM01484,C0078,2023-09-05,Meeting,Course recommendation,Fatima Ahmed
COM06938,C0366,2023-09-05,Phone Call,Follow-up on booking,Noura Salem
COM07610,C0403,2023-09-06,Email,Quotation request,Noura Salem
COM01302,C0067,2023-09-06,Video Call,Thank you message,Sara Hassan
COM07458,C0392,2023-09-07,Email,New course announcement,Mohammed Ali
COM01456,C0078,2023-09-07,Video Call,Invoice query,Fatima Ahmed
COM06086,C0321,2023-09-08,Meeting,New course announcement,Ahmed Abdullah
COM07999,C0423,2023-09-08,Video Call,Renewal discussion,Noura Salem
COM08583,C0459,2023-09-09,Email,Follow-up on booking,Ahmed Abdullah
COM08326,C0443,2023-09-09,Meeting,Follow-up on booking,Sara Hassan
COM03071,C0165,2023-09-09,Phone Call,Account review,Sara Hassan
COM04053,C0214,2023-09-10,Video Call,Follow-up on booking,Noura Salem
COM08580,C0459,2023-09-10,WhatsApp,Quotation request,Ahmed Abdullah
COM05999,C0317,2023-09-10,Phone Call,Schedule confirmation,Mohammed Ali
COM00275,C0012,2023-09-11,WhatsApp,General inquiry,Fatima Ahmed
COM02370,C0130,2023-09-11,Phone Call,New course announcement,Mohammed Ali
COM01234,C0064,2023-09-11,Video Call,Quotation request,Noura Salem
COM01280,C0065,2023-09-11,Email,Invoice query,Ahmed Abdullah
COM06443,C0341,2023-09-12,Meeting,Follow-up on booking,Noura Salem
COM04807,C0251,2023-09-12,WhatsApp,Quotation request,Sara Hassan
COM00876,C0044,2023-09-12,Video Call,Follow-up on booking,Fatima Ahmed
COM07583,C0401,2023-09-12,Meeting,Satisfaction survey,Fatima Ahmed
COM04400,C0225,2023-09-12,Meeting,Account review,Sara Hassan
COM08288,C0440,2023-09-12,Video Call,Quotation request,Mohammed Ali
COM00483,C0021,2023-09-12,Email,Follow-up on booking,Mohammed Ali
COM05227,C0275,2023-09-12,Email,General inquiry,Sara Hassan
COM05501,C0288,2023-09-13,Email,Training needs assessment,Noura Salem
COM07652,C0405,2023-09-13,Meeting,Follow-up on booking,Noura Salem
COM01399,C0073,2023-09-13,Email,Training needs assessment,Mohammed Ali
COM04901,C0254,2023-09-13,Email,General inquiry,Fatima Ahmed
COM07742,C0410,2023-09-14,WhatsApp,Renewal discussion,Mohammed Ali
COM01163,C0061,2023-09-14,Video Call,Satisfaction survey,Mohammed Ali
COM02835,C0153,2023-09-14,Video Call,Renewal discussion,Noura Salem
COM00578,C0025,2023-09-14,Meeting,New course announcement,Fatima Ahmed
COM02425,C0132,2023-09-14,Email,Thank you message,Sara Hassan
COM02501,C0134,2023-09-14,Meeting,Follow-up on booking,Noura Salem
COM00055,C0003,2023-09-15,WhatsApp,Course recommendation,Fatima Ahmed
COM01416,C0075,2023-09-15,Meeting,Course recommendation,Fatima Ahmed
COM08611,C0460,2023-09-15,Meeting,Feedback discussion,Sara Hassan
COM06535,C0345,2023-09-15,Meeting,Training needs assessment,Noura Salem
COM01595,C0084,2023-09-15,Meeting,Training needs assessment,Sara Hassan
COM00298,C0014,2023-09-15,Email,New course announcement,Sara Hassan
COM09128,C0487,2023-09-16,Meeting,Follow-up on booking,Sara Hassan
COM04899,C0254,2023-09-17,Video Call,Invoice query,Fatima Ahmed
COM08087,C0429,2023-09-17,Video Call,Thank you message,Noura Salem
COM01246,C0065,2023-09-17,Phone Call,New course announcement,Ahmed Abdullah
COM00002,C0001,2023-09-17,Video Call,Follow-up on booking,Noura Salem
COM02396,C0131,2023-09-17,Phone Call,Thank you message,Fatima Ahmed
COM06013,C0318,2023-09-17,Meeting,Account review,Noura Salem
COM03065,C0165,2023-09-17,Email,Schedule confirmation,Sara Hassan
COM02723,C0147,2023-09-18,Phone Call,New course announcement,Noura Salem
COM06703,C0354,2023-09-18,WhatsApp,Invoice query,Sara Hassan
COM00932,C0048,2023-09-18,WhatsApp,Training needs assessment,Mohammed Ali
COM00396,C0018,2023-09-18,WhatsApp,Follow-up on booking,Sara Hassan
COM04512,C0233,2023-09-19,Email,Renewal discussion,Fatima Ahmed
COM04444,C0228,2023-09-19,Meeting,Quotation request,Fatima Ahmed
COM02382,C0130,2023-09-19,Meeting,General inquiry,Mohammed Ali
COM09106,C0487,2023-09-19,WhatsApp,Invoice query,Sara Hassan
COM01146,C0061,2023-09-19,WhatsApp,General inquiry,Mohammed Ali
COM06283,C0332,2023-09-19,Meeting,Satisfaction survey,Noura Salem
COM06943,C0367,2023-09-20,Email,Training needs assessment,Ahmed Abdullah
COM01845,C0100,2023-09-20,WhatsApp,Training needs assessment,Ahmed Abdullah
COM07022,C0370,2023-09-20,Video Call,New course announcement,Fatima Ahmed
COM02768,C0151,2023-09-20,Video Call,Follow-up on booking,Ahmed Abdullah
COM08471,C0452,2023-09-20,Email,General inquiry,Ahmed Abdullah
COM06499,C0345,2023-09-21,Phone Call,Thank you message,Noura Salem
COM01419,C0075,2023-09-21,Meeting,Account review,Fatima Ahmed
COM05722,C0298,2023-09-21,WhatsApp,Schedule confirmation,Fatima Ahmed
COM04817,C0252,2023-09-21,WhatsApp,Course recommendation,Fatima Ahmed
COM08124,C0430,2023-09-21,Phone Call,Account review,Mohammed Ali
COM00685,C0031,2023-09-22,Phone Call,Renewal discussion,Noura Salem
COM00091,C0005,2023-09-22,WhatsApp,Renewal discussion,Sara Hassan
COM07446,C0392,2023-09-23,Video Call,Satisfaction survey,Mohammed Ali
COM03011,C0163,2023-09-23,Email,Thank you message,Ahmed Abdullah
COM09402,C0500,2023-09-24,Phone Call,New course announcement,Fatima Ahmed
COM03315,C0176,2023-09-24,Phone Call,Satisfaction survey,Sara Hassan
COM02935,C0159,2023-09-24,Email,Thank you message,Sara Hassan
COM05112,C0268,2023-09-24,WhatsApp,Schedule confirmation,Ahmed Abdullah
COM02534,C0136,2023-09-24,WhatsApp,Satisfaction survey,Noura Salem
COM08627,C0462,2023-09-24,WhatsApp,Training needs assessment,Fatima Ahmed
COM08958,C0478,2023-09-24,Meeting,Schedule confirmation,Mohammed Ali
COM05957,C0312,2023-09-24,Video Call,Quotation request,Noura Salem
COM04171,C0219,2023-09-25,Meeting,Invoice query,Ahmed Abdullah
COM01857,C0100,2023-09-25,Phone Call,Quotation request,Ahmed Abdullah
COM01454,C0078,2023-09-26,WhatsApp,Renewal discussion,Fatima Ahmed
COM03834,C0201,2023-09-26,WhatsApp,Follow-up on booking,Ahmed Abdullah
COM02363,C0130,2023-09-26,Meeting,Follow-up on booking,Mohammed Ali
COM08179,C0433,2023-09-26,WhatsApp,Follow-up on booking,Ahmed Abdullah
COM01241,C0065,2023-09-27,Video Call,Course recommendation,Ahmed Abdullah
COM03141,C0168,2023-09-27,WhatsApp,Feedback discussion,Fatima Ahmed
COM06407,C0339,2023-09-27,Phone Call,Feedback discussion,Fatima Ahmed
COM08098,C0429,2023-09-27,Phone Call,Complaint resolution,Noura Salem
COM04266,C0223,2023-09-27,Phone Call,Satisfaction survey,Sara Hassan
COM08477,C0452,2023-09-27,Phone Call,Course recommendation,Ahmed Abdullah
COM02825,C0153,2023-09-27,Video Call,Training needs assessment,Noura Salem
COM05281,C0278,2023-09-28,Video Call,Training needs assessment,Fatima Ahmed
COM06393,C0339,2023-09-28,Phone Call,Training needs assessment,Fatima Ahmed
COM07192,C0378,2023-09-28,Email,Account review,Sara Hassan
COM07226,C0380,2023-09-28,Video Call,Training needs assessment,Fatima Ahmed
COM00569,C0025,2023-09-28,WhatsApp,Complaint resolution,Fatima Ahmed
COM03063,C0165,2023-09-28,Phone Call,Schedule confirmation,Sara Hassan
COM04186,C0220,2023-09-29,Email,Thank you message,Fatima Ahmed
COM02905,C0158,2023-09-29,Meeting,Feedback discussion,Sara Hassan
COM03318,C0176,2023-09-29,WhatsApp,Renewal discussion,Sara Hassan
COM03015,C0163,2023-09-29,Meeting,Renewal discussion,Ahmed Abdullah
COM08385,C0446,2023-09-30,Video Call,Follow-up on booking,Noura Salem
COM05228,C0275,2023-09-30,Phone Call,General inquiry,Sara Hassan
COM08737,C0465,2023-10-01,Phone Call,Course recommendation,Mohammed Ali
COM08156,C0432,2023-10-01,WhatsApp,Account review,Ahmed Abdullah
COM08528,C0457,2023-10-01,WhatsApp,Schedule confirmation,Fatima Ahmed
COM04941,C0256,2023-10-01,Video Call,Schedule confirmation,Fatima Ahmed
COM01084,C0058,2023-10-01,Meeting,Satisfaction survey,Mohammed Ali
COM05437,C0286,2023-10-02,Phone Call,Renewal discussion,Fatima Ahmed
COM05994,C0317,2023-10-02,Phone Call,Schedule confirmation,Mohammed Ali
COM02127,C0116,2023-10-03,WhatsApp,New course announcement,Ahmed Abdullah
COM01070,C0058,2023-10-03,Video Call,Schedule confirmation,Mohammed Ali
COM04147,C0217,2023-10-03,Email,General inquiry,Noura Salem
COM03650,C0191,2023-10-03,Meeting,New course announcement,Mohammed Ali
COM04283,C0223,2023-10-03,Video Call,Quotation request,Sara Hassan
COM04542,C0235,2023-10-03,Email,Quotation request,Sara Hassan
COM05212,C0275,2023-10-03,Phone Call,Quotation request,Sara Hassan
COM03692,C0194,2023-10-03,Video Call,Invoice query,Mohammed Ali
COM01959,C0104,2023-10-04,Phone Call,Course recommendation,Noura Salem
COM09009,C0482,2023-10-04,Video Call,Thank you message,Noura Salem
COM00887,C0045,2023-10-04,WhatsApp,Course recommendation,Ahmed Abdullah
COM00112,C0006,2023-10-04,Phone Call,Quotation request,Mohammed Ali
COM02411,C0132,2023-10-04,Meeting,Schedule confirmation,Sara Hassan
COM06689,C0353,2023-10-04,Video Call,Feedback discussion,Mohammed Ali
COM07798,C0411,2023-10-05,Video Call,New course announcement,Noura Salem
COM00716,C0033,2023-10-05,Video Call,General inquiry,Sara Hassan
COM00936,C0048,2023-10-05,Meeting,Course recommendation,Mohammed Ali
COM05697,C0298,2023-10-05,Meeting,Account review,Fatima Ahmed
COM02152,C0118,2023-10-05,Meeting,New course announcement,Noura Salem
COM08602,C0460,2023-10-06,Meeting,Thank you message,Sara Hassan
COM01643,C0087,2023-10-06,WhatsApp,Quotation request,Fatima Ahmed
COM06632,C0350,2023-10-06,Meeting,New course announcement,Sara Hassan
COM08815,C0469,2023-10-06,Video Call,Training needs assessment,Noura Salem
COM06996,C0370,2023-10-07,Video Call,Complaint resolution,Fatima Ahmed
COM01180,C0061,2023-10-07,Phone Call,New course announcement,Mohammed Ali
COM07640,C0405,2023-10-07,Meeting,Thank you message,Noura Salem
COM00061,C0003,2023-10-07,WhatsApp,New course announcement,Fatima Ahmed
COM04018,C0212,2023-10-08,Phone Call,Complaint resolution,Noura Salem
COM08135,C0430,2023-10-08,Phone Call,Invoice query,Mohammed Ali
COM05964,C0312,2023-10-08,Meeting,Complaint resolution,Noura Salem
COM06604,C0349,2023-10-08,WhatsApp,Course recommendation,Fatima Ahmed
COM08286,C0440,2023-10-08,Meeting,Account review,Mohammed Ali
COM04192,C0220,2023-10-08,Email,Satisfaction survey,Fatima Ahmed
COM03185,C0171,2023-10-08,Email,Course recommendation,Sara Hassan
COM02729,C0147,2023-10-08,Email,Quotation request,Noura Salem
COM01377,C0073,2023-10-09,Video Call,Training needs assessment,Mohammed Ali
COM04875,C0252,2023-10-09,Meeting,General inquiry,Fatima Ahmed
COM06897,C0363,2023-10-09,Email,Complaint resolution,Noura Salem
COM01217,C0063,2023-10-09,Video Call,Training needs assessment,Fatima Ahmed
COM07337,C0387,2023-10-09,Video Call,Complaint resolution,Mohammed Ali
COM00407,C0019,2023-10-09,WhatsApp,Feedback discussion,Ahmed Abdullah
COM07848,C0414,2023-10-09,WhatsApp,Feedback discussion,Fatima Ahmed
COM02701,C0146,2023-10-10,WhatsApp,Satisfaction survey,Fatima Ahmed
COM01076,C0058,2023-10-10,Phone Call,Account review,Mohammed Ali
COM04478,C0231,2023-10-10,WhatsApp,Feedback discussion,Sara Hassan
COM09359,C0498,2023-10-10,Phone Call,Schedule confirmation,Noura Salem
COM04954,C0256,2023-10-10,Video Call,Quotation request,Fatima Ahmed
COM09311,C0497,2023-10-10,Meeting,Renewal discussion,Ahmed Abdullah
COM02492,C0134,2023-10-11,WhatsApp,New course announcement,Noura Salem
COM03358,C0176,2023-10-11,Video Call,Complaint resolution,Sara Hassan
COM00422,C0019,2023-10-12,Phone Call,General inquiry,Ahmed Abdullah
COM09366,C0498,2023-10-12,Video Call,Account review,Noura Salem
COM04837,C0252,2023-10-13,Video Call,Invoice query,Fatima Ahmed
COM04286,C0223,2023-10-13,Video Call,Feedback discussion,Sara Hassan
COM05496,C0288,2023-10-13,Phone Call,Account review,Noura Salem
COM06304,C0334,2023-10-13,WhatsApp,Follow-up on booking,Mohammed Ali
COM02384,C0130,2023-10-13,Phone Call,General inquiry,Mohammed Ali
COM05284,C0278,2023-10-13,Meeting,Schedule confirmation,Fatima Ahmed
COM03289,C0174,2023-10-13,Video Call,Follow-up on booking,Ahmed Abdullah
COM03163,C0169,2023-10-13,WhatsApp,Account review,Ahmed Abdullah
COM04376,C0225,2023-10-14,Phone Call,Quotation request,Sara Hassan
COM03320,C0176,2023-10-14,Email,Schedule confirmation,Sara Hassan
COM02270,C0125,2023-10-14,Meeting,Training needs assessment,Sara Hassan
COM06122,C0324,2023-10-15,Email,Thank you message,Noura Salem
COM03829,C0201,2023-10-15,Video Call,Schedule confirmation,Ahmed Abdullah
COM02149,C0118,2023-10-15,Video Call,Quotation request,Noura Salem
COM07731,C0410,2023-10-15,Phone Call,Follow-up on booking,Mohammed Ali
COM04295,C0223,2023-10-15,Email,Thank you message,Sara Hassan
COM06495,C0344,2023-10-16,Phone Call,Account review,Noura Salem
COM03923,C0205,2023-10-16,Video Call,General inquiry,Mohammed Ali
COM03357,C0176,2023-10-16,Email,Complaint resolution,Sara Hassan
COM04808,C0251,2023-10-16,WhatsApp,Schedule confirmation,Sara Hassan
COM04428,C0227,2023-10-16,WhatsApp,Schedule confirmation,Mohammed Ali
COM05754,C0301,2023-10-16,WhatsApp,Satisfaction survey,Mohammed Ali
COM06378,C0337,2023-10-16,WhatsApp,Schedule confirmation,Fatima Ahmed
COM03019,C0163,2023-10-16,Video Call,Schedule confirmation,Ahmed Abdullah
COM05844,C0306,2023-10-16,Video Call,Feedback discussion,Fatima Ahmed
COM04824,C0252,2023-10-17,Email,Quotation request,Fatima Ahmed
COM09243,C0493,2023-10-17,Email,Schedule confirmation,Sara Hassan
COM08575,C0459,2023-10-18,Meeting,Thank you message,Ahmed Abdullah
COM03151,C0169,2023-10-18,Meeting,Invoice query,Ahmed Abdullah
COM03267,C0174,2023-10-19,Email,Invoice query,Ahmed Abdullah
COM03704,C0194,2023-10-19,Video Call,Renewal discussion,Mohammed Ali
COM08892,C0475,2023-10-19,Phone Call,Complaint resolution,Noura Salem
COM02827,C0153,2023-10-19,Meeting,General inquiry,Noura Salem
COM04451,C0228,2023-10-20,WhatsApp,Training needs assessment,Fatima Ahmed
COM05220,C0275,2023-10-20,Email,New course announcement,Sara Hassan
COM08141,C0430,2023-10-20,Phone Call,Follow-up on booking,Mohammed Ali
COM07043,C0371,2023-10-20,Phone Call,Renewal discussion,Fatima Ahmed
COM09375,C0498,2023-10-20,WhatsApp,New course announcement,Noura Salem
COM07881,C0416,2023-10-20,Video Call,General inquiry,Sara Hassan
COM00743,C0035,2023-10-21,Meeting,Schedule confirmation,Mohammed Ali
COM04185,C0220,2023-10-21,Email,Follow-up on booking,Fatima Ahmed
COM09004,C0482,2023-10-21,Video Call,Thank you message,Noura Salem
COM04134,C0217,2023-10-21,Email,Quotation request,Noura Salem
COM04447,C0228,2023-10-21,Email,Schedule confirmation,Fatima Ahmed
COM08239,C0438,2023-10-22,Email,Quotation request,Ahmed Abdullah
COM08729,C0465,2023-10-22,Phone Call,Thank you message,Mohammed Ali
COM06047,C0320,2023-10-22,Phone Call,Follow-up on booking,Noura Salem
COM04796,C0251,2023-10-22,WhatsApp,New course announcement,Sara Hassan
COM08780,C0469,2023-10-22,Phone Call,New course announcement,Noura Salem
COM02337,C0129,2023-10-23,Phone Call,Schedule confirmation,Sara Hassan
COM09135,C0487,2023-10-23,Video Call,Renewal discussion,Sara Hassan
COM04965,C0257,2023-10-23,Phone Call,Complaint resolution,Ahmed Abdullah
COM01417,C0075,2023-10-23,Phone Call,Follow-up on booking,Fatima Ahmed
COM00631,C0028,2023-10-23,Email,Quotation request,Fatima Ahmed
COM07621,C0403,2023-10-23,Video Call,Schedule confirmation,Noura Salem
COM00465,C0021,2023-10-24,Email,Account review,Mohammed Ali
COM02334,C0129,2023-10-24,Video Call,Renewal discussion,Sara Hassan
COM08085,C0429,2023-10-24,Phone Call,Thank you message,Noura Salem
COM07574,C0400,2023-10-24,Email,Schedule confirmation,Mohammed Ali
COM03978,C0209,2023-10-24,Video Call,Complaint resolution,Fatima Ahmed
COM09039,C0483,2023-10-24,Phone Call,Satisfaction survey,Mohammed Ali
COM04610,C0237,2023-10-25,Email,Quotation request,Sara Hassan
COM05526,C0289,2023-10-25,Meeting,Follow-up on booking,Ahmed Abdullah
COM08715,C0465,2023-10-25,Video Call,Schedule confirmation,Mohammed Ali
COM07649,C0405,2023-10-26,Email,Satisfaction survey,Noura Salem
COM03314,C0176,2023-10-26,Meeting,Feedback discussion,Sara Hassan
COM09361,C0498,2023-10-26,Meeting,New course announcement,Noura Salem
COM01380,C0073,2023-10-26,WhatsApp,Schedule confirmation,Mohammed Ali
COM09356,C0498,2023-10-26,Email,General inquiry,Noura Salem
COM07384,C0388,2023-10-26,WhatsApp,Schedule confirmation,Sara Hassan
COM01847,C0100,2023-10-26,Phone Call,General inquiry,Ahmed Abdullah
COM07092,C0375,2023-10-27,Meeting,Complaint resolution,Fatima Ahmed
COM00225,C0010,2023-10-28,Video Call,Schedule confirmation,Mohammed Ali
COM04795,C0251,2023-10-28,Meeting,Thank you message,Sara Hassan
COM02182,C0119,2023-10-28,Phone Call,Satisfaction survey,Noura Salem
COM06090,C0321,2023-10-28,Email,Thank you message,Ahmed Abdullah
COM04057,C0214,2023-10-28,Video Call,Quotation request,Noura Salem
COM07110,C0375,2023-10-28,Meeting,Thank you message,Fatima Ahmed
COM07085,C0374,2023-10-28,Email,Quotation request,Mohammed Ali
COM05453,C0286,2023-10-29,Meeting,Feedback discussion,Fatima Ahmed
COM04402,C0225,2023-10-29,Phone Call,General inquiry,Sara Hassan
COM07312,C0385,2023-10-29,Video Call,New course announcement,Mohammed Ali
COM00925,C0048,2023-10-29,WhatsApp,Quotation request,Mohammed Ali
COM00403,C0018,2023-10-29,Phone Call,Thank you message,Sara Hassan
COM00488,C0022,2023-10-29,Video Call,Training needs assessment,Fatima Ahmed
COM01450,C0078,2023-10-29,WhatsApp,Feedback discussion,Fatima Ahmed
COM01373,C0072,2023-10-30,Phone Call,New course announcement,Noura Salem
COM06624,C0350,2023-10-31,Video Call,Follow-up on booking,Sara Hassan
COM00997,C0055,2023-10-31,Phone Call,Satisfaction survey,Mohammed Ali
COM09050,C0483,2023-10-31,Meeting,Satisfaction survey,Mohammed Ali
COM00355,C0017,2023-10-31,WhatsApp,Satisfaction survey,Fatima Ahmed
COM09127,C0487,2023-10-31,Meeting,Invoice query,Sara Hassan
COM05677,C0296,2023-10-31,Phone Call,Training needs assessment,Noura Salem
COM03625,C0191,2023-10-31,Meeting,Follow-up on booking,Mohammed Ali
COM00401,C0018,2023-10-31,Video Call,Account review,Sara Hassan
COM04139,C0217,2023-11-01,WhatsApp,General inquiry,Noura Salem
COM08332,C0443,2023-11-01,Phone Call,Thank you message,Sara Hassan
COM04213,C0222,2023-11-01,Phone Call,New course announcement,Mohammed Ali
COM07398,C0388,2023-11-02,Phone Call,Schedule confirmation,Sara Hassan
COM04919,C0254,2023-11-02,Video Call,General inquiry,Fatima Ahmed
COM09330,C0498,2023-11-02,Meeting,General inquiry,Noura Salem
COM07737,C0410,2023-11-03,Email,Follow-up on booking,Mohammed Ali
COM06310,C0334,2023-11-03,Phone Call,New course announcement,Mohammed Ali
COM06843,C0361,2023-11-03,WhatsApp,Schedule confirmation,Fatima Ahmed
COM03094,C0166,2023-11-03,Email,Satisfaction survey,Ahmed Abdullah
COM02377,C0130,2023-11-03,WhatsApp,New course announcement,Mohammed Ali
COM09017,C0483,2023-11-03,Meeting,Invoice query,Mohammed Ali
COM04472,C0231,2023-11-04,Meeting,Training needs assessment,Sara Hassan
COM06548,C0345,2023-11-04,Email,Satisfaction survey,Noura Salem
COM08798,C0469,2023-11-04,Email,Quotation request,Noura Salem
COM01463,C0078,2023-11-05,Phone Call,Schedule confirmation,Fatima Ahmed
COM08795,C0469,2023-11-05,Video Call,Follow-up on booking,Noura Salem
COM04284,C0223,2023-11-05,Email,General inquiry,Sara Hassan
COM03519,C0186,2023-11-05,Meeting,Schedule confirmation,Noura Salem
COM04924,C0255,2023-11-05,Meeting,Satisfaction survey,Ahmed Abdullah
COM06930,C0366,2023-11-05,Phone Call,Schedule confirmation,Noura Salem
COM00624,C0028,2023-11-05,Meeting,Training needs assessment,Fatima Ahmed
COM06440,C0341,2023-11-06,Video Call,General inquiry,Noura Salem
COM08103,C0429,2023-11-06,Email,Satisfaction survey,Noura Salem
COM03955,C0207,2023-11-06,Meeting,New course announcement,Noura Salem
COM04466,C0231,2023-11-06,Video Call,Schedule confirmation,Sara Hassan
COM09089,C0487,2023-11-06,Video Call,Thank you message,Sara Hassan
COM01822,C0098,2023-11-07,WhatsApp,Account review,Noura Salem
COM03680,C0193,2023-11-07,Video Call,Thank you message,Fatima Ahmed
COM09345,C0498,2023-11-07,Phone Call,Thank you message,Noura Salem
COM05018,C0263,2023-11-07,Phone Call,Satisfaction survey,Sara Hassan
COM03026,C0163,2023-11-07,Phone Call,Account review,Ahmed Abdullah
COM06804,C0361,2023-11-07,Meeting,Quotation request,Fatima Ahmed
COM06723,C0356,2023-11-08,Video Call,Follow-up on booking,Ahmed Abdullah
COM07773,C0410,2023-11-08,Video Call,Invoice query,Mohammed Ali
COM00006,C0001,2023-11-08,WhatsApp,Invoice query,Noura Salem
COM09316,C0497,2023-11-08,WhatsApp,Training needs assessment,Ahmed Abdullah
COM06894,C0363,2023-11-09,Meeting,Renewal discussion,Noura Salem
COM06139,C0324,2023-11-09,Phone Call,Quotation request,Noura Salem
COM00074,C0004,2023-11-09,Meeting,Follow-up on booking,Ahmed Abdullah
COM02168,C0118,2023-11-09,Phone Call,Invoice query,Noura Salem
COM08409,C0448,2023-11-09,Meeting,Quotation request,Noura Salem
COM00026,C0001,2023-11-10,WhatsApp,General inquiry,Noura Salem
COM00266,C0012,2023-11-10,Phone Call,Renewal discussion,Fatima Ahmed
COM04996,C0259,2023-11-10,Phone Call,Renewal discussion,Sara Hassan
COM00264,C0012,2023-11-10,Phone Call,Satisfaction survey,Fatima Ahmed
COM08289,C0440,2023-11-11,Phone Call,Satisfaction survey,Mohammed Ali
COM05353,C0282,2023-11-11,WhatsApp,Training needs assessment,Sara Hassan
COM09099,C0487,2023-11-11,Meeting,General inquiry,Sara Hassan
COM08140,C0430,2023-11-11,Email,Thank you message,Mohammed Ali
COM00938,C0049,2023-11-11,Meeting,Satisfaction survey,Sara Hassan
COM05414,C0285,2023-11-12,Phone Call,General inquiry,Mohammed Ali
COM01602,C0084,2023-11-12,Email,Follow-up on booking,Sara Hassan
COM06611,C0349,2023-11-12,Video Call,Training needs assessment,Fatima Ahmed
COM05763,C0301,2023-11-12,Email,Training needs assessment,Mohammed Ali
COM01970,C0105,2023-11-12,Video Call,Thank you message,Ahmed Abdullah
COM01963,C0104,2023-11-13,Email,Account review,Noura Salem
COM03193,C0171,2023-11-13,Email,Follow-up on booking,Sara Hassan
COM03200,C0171,2023-11-13,WhatsApp,Satisfaction survey,Sara Hassan
COM07539,C0399,2023-11-13,WhatsApp,General inquiry,Ahmed Abdullah
COM08308,C0442,2023-11-13,Email,Schedule confirmation,Noura Salem
COM04366,C0225,2023-11-13,Video Call,Renewal discussion,Sara Hassan
COM07377,C0388,2023-11-14,Phone Call,Course recommendation,Sara Hassan
COM00318,C0014,2023-11-14,Video Call,Thank you message,Sara Hassan
COM01586,C0084,2023-11-14,Email,Follow-up on booking,Sara Hassan
COM00626,C0028,2023-11-14,WhatsApp,Quotation request,Fatima Ahmed
COM08320,C0443,2023-11-14,Email,Invoice query,Sara Hassan
COM09101,C0487,2023-11-15,WhatsApp,Course recommendation,Sara Hassan
COM04163,C0219,2023-11-15,WhatsApp,Thank you message,Ahmed Abdullah
COM07476,C0393,2023-11-15,Email,Renewal discussion,Sara Hassan
COM06171,C0327,2023-11-15,Phone Call,Training needs assessment,Noura Salem
COM08721,C0465,2023-11-15,Email,Complaint resolution,Mohammed Ali
COM09219,C0493,2023-11-15,Meeting,Quotation request,Sara Hassan
COM07897,C0417,2023-11-15,WhatsApp,Renewal discussion,Noura Salem
COM06697,C0354,2023-11-15,WhatsApp,Complaint resolution,Sara Hassan
COM00628,C0028,2023-11-16,WhatsApp,Quotation request,Fatima Ahmed
COM06789,C0359,2023-11-16,Email,Follow-up on booking,Ahmed Abdullah
COM05959,C0312,2023-11-16,Video Call,General inquiry,Noura Salem
COM07563,C0400,2023-11-17,Email,Satisfaction survey,Mohammed Ali
COM00072,C0004,2023-11-17,WhatsApp,Invoice query,Ahmed Abdullah
COM01464,C0078,2023-11-17,Meeting,Complaint resolution,Fatima Ahmed
COM09261,C0493,2023-11-17,Meeting,Quotation request,Sara Hassan
COM07175,C0378,2023-11-17,WhatsApp,Satisfaction survey,Sara Hassan
COM08576,C0459,2023-11-17,WhatsApp,Follow-up on booking,Ahmed Abdullah
COM09031,C0483,2023-11-18,WhatsApp,Account review,Mohammed Ali
COM02549,C0136,2023-11-18,Meeting,Invoice query,Noura Salem
COM04915,C0254,2023-11-18,Meeting,New course announcement,Fatima Ahmed
COM02832,C0153,2023-11-18,Video Call,Feedback discussion,Noura Salem
COM07018,C0370,2023-11-19,Phone Call,New course announcement,Fatima Ahmed
COM07449,C0392,2023-11-19,Email,Complaint resolution,Mohammed Ali
COM09045,C0483,2023-11-19,Video Call,Course recommendation,Mohammed Ali
COM07738,C0410,2023-11-19,Phone Call,Quotation request,Mohammed Ali
COM01272,C0065,2023-11-19,Email,Satisfaction survey,Ahmed Abdullah
COM07992,C0423,2023-11-20,Phone Call,Satisfaction survey,Noura Salem
COM02313,C0129,2023-11-20,Email,Quotation request,Sara Hassan
COM00457,C0021,2023-11-20,Meeting,Complaint resolution,Mohammed Ali
COM08924,C0477,2023-11-20,Video Call,Account review,Ahmed Abdullah
COM04868,C0252,2023-11-20,WhatsApp,New course announcement,Fatima Ahmed
COM03052,C0165,2023-11-20,Phone Call,Satisfaction survey,Sara Hassan
COM02511,C0134,2023-11-21,Phone Call,Complaint resolution,Noura Salem
COM07385,C0388,2023-11-21,WhatsApp,Complaint resolution,Sara Hassan
COM09309,C0497,2023-11-21,Meeting,Satisfaction survey,Ahmed Abdullah
COM01315,C0068,2023-11-22,Meeting,New course announcement,Fatima Ahmed
COM03020,C0163,2023-11-22,Phone Call,New course announcement,Ahmed Abdullah
COM06018,C0318,2023-11-22,WhatsApp,Training needs assessment,Noura Salem
COM02171,C0118,2023-11-22,WhatsApp,Follow-up on booking,Noura Salem
COM07115,C0375,2023-11-22,WhatsApp,Renewal discussion,Fatima Ahmed
COM02023,C0109,2023-11-22,Phone Call,Schedule confirmation,Fatima Ahmed
COM07403,C0388,2023-11-23,Phone Call,Invoice query,Sara Hassan
COM01357,C0072,2023-11-23,Meeting,Training needs assessment,Noura Salem
COM09235,C0493,2023-11-23,Email,Training needs assessment,Sara Hassan
COM01562,C0083,2023-11-23,Email,Course recommendation,Mohammed Ali
COM06922,C0365,2023-11-23,Phone Call,Thank you message,Mohammed Ali
COM07880,C0416,2023-11-23,Video Call,Thank you message,Sara Hassan
COM02817,C0153,2023-11-24,Email,Invoice query,Noura Salem
COM09406,C0500,2023-11-24,Phone Call,Course recommendation,Fatima Ahmed
COM03120,C0168,2023-11-24,Email,Complaint resolution,Fatima Ahmed
COM05027,C0263,2023-11-25,Meeting,Complaint resolution,Sara Hassan
COM00667,C0031,2023-11-25,WhatsApp,Quotation request,Noura Salem
COM02263,C0125,2023-11-25,Meeting,Course recommendation,Sara Hassan
COM02452,C0132,2023-11-25,Video Call,Course recommendation,Sara Hassan
COM08877,C0473,2023-11-26,Phone Call,Account review,Ahmed Abdullah
COM03735,C0196,2023-11-27,Meeting,Account review,Mohammed Ali
COM01209,C0063,2023-11-27,Meeting,Complaint resolution,Fatima Ahmed
COM00680,C0031,2023-11-27,Meeting,Course recommendation,Noura Salem
COM04633,C0238,2023-11-27,Email,Course recommendation,Sara Hassan
COM06788,C0359,2023-11-27,WhatsApp,General inquiry,Ahmed Abdullah
COM09403,C0500,2023-11-27,Meeting,Training needs assessment,Fatima Ahmed
COM08969,C0481,2023-11-27,Meeting,Complaint resolution,Sara Hassan
COM08114,C0430,2023-11-27,Video Call,Renewal discussion,Mohammed Ali
COM05695,C0298,2023-11-28,Video Call,Training needs assessment,Fatima Ahmed
COM03902,C0205,2023-11-28,Meeting,Account review,Mohammed Ali
COM01782,C0095,2023-11-28,Meeting,New course announcement,Ahmed Abdullah
COM09141,C0487,2023-11-28,Video Call,Feedback discussion,Sara Hassan
COM00633,C0028,2023-11-28,Email,Course recommendation,Fatima Ahmed
COM00452,C0021,2023-11-29,Email,Satisfaction survey,Mohammed Ali
COM06929,C0366,2023-11-29,WhatsApp,Account review,Noura Salem
COM00130,C0006,2023-11-29,Phone Call,Training needs assessment,Mohammed Ali
COM00039,C0001,2023-11-29,WhatsApp,New course announcement,Noura Salem
COM05505,C0288,2023-11-29,Email,General inquiry,Noura Salem
COM07654,C0405,2023-11-29,Meeting,Feedback discussion,Noura Salem
COM00233,C0010,2023-11-29,Meeting,Account review,Mohammed Ali
COM02206,C0121,2023-11-29,WhatsApp,Satisfaction survey,Noura Salem
COM08597,C0459,2023-11-29,Video Call,Complaint resolution,Ahmed Abdullah
COM08496,C0453,2023-11-29,Email,Schedule confirmation,Ahmed Abdullah
COM01164,C0061,2023-11-30,Video Call,Invoice query,Mohammed Ali
COM09252,C0493,2023-11-30,Video Call,General inquiry,Sara Hassan
COM00485,C0021,2023-11-30,WhatsApp,Feedback discussion,Mohammed Ali
COM08908,C0475,2023-11-30,Meeting,Follow-up on booking,Noura Salem
COM09205,C0491,2023-11-30,Phone Call,Feedback discussion,Fatima Ahmed
COM00738,C0035,2023-12-01,Phone Call,Training needs assessment,Mohammed Ali
COM02409,C0132,2023-12-01,Email,Renewal discussion,Sara Hassan
COM04545,C0235,2023-12-01,Video Call,Follow-up on booking,Sara Hassan
COM07381,C0388,2023-12-01,Video Call,Schedule confirmation,Sara Hassan
COM05242,C0276,2023-12-01,Email,Course recommendation,Fatima Ahmed
COM02221,C0122,2023-12-01,Email,General inquiry,Noura Salem
COM02218,C0122,2023-12-02,Video Call,Invoice query,Noura Salem
COM08735,C0465,2023-12-02,Email,Quotation request,Mohammed Ali
COM04473,C0231,2023-12-02,Video Call,General inquiry,Sara Hassan
COM07550,C0399,2023-12-02,Phone Call,Schedule confirmation,Ahmed Abdullah
COM04168,C0219,2023-12-03,Email,Quotation request,Ahmed Abdullah
COM01316,C0068,2023-12-03,Email,Course recommendation,Fatima Ahmed
COM02323,C0129,2023-12-03,Email,Satisfaction survey,Sara Hassan
COM08532,C0457,2023-12-03,WhatsApp,Training needs assessment,Fatima Ahmed
COM05206,C0274,2023-12-03,Phone Call,Feedback discussion,Ahmed Abdullah
COM07334,C0387,2023-12-03,Meeting,Satisfaction survey,Mohammed Ali
COM00079,C0004,2023-12-03,Meeting,Renewal discussion,Ahmed Abdullah
COM08058,C0426,2023-12-03,WhatsApp,Training needs assessment,Fatima Ahmed
COM08903,C0475,2023-12-04,Email,Invoice query,Noura Salem
COM09400,C0500,2023-12-04,Email,Renewal discussion,Fatima Ahmed
COM08930,C0477,2023-12-04,Meeting,Account review,Ahmed Abdullah
COM09314,C0497,2023-12-05,Email,Satisfaction survey,Ahmed Abdullah
COM07035,C0371,2023-12-05,Email,Satisfaction survey,Fatima Ahmed
COM03122,C0168,2023-12-05,Email,Account review,Fatima Ahmed
COM08801,C0469,2023-12-06,Phone Call,New course announcement,Noura Salem
COM02208,C0121,2023-12-06,WhatsApp,Schedule confirmation,Noura Salem
COM07383,C0388,2023-12-06,Video Call,Follow-up on booking,Sara Hassan
COM05524,C0289,2023-12-07,Email,Quotation request,Ahmed Abdullah
COM04804,C0251,2023-12-07,Meeting,Training needs assessment,Sara Hassan
COM04835,C0252,2023-12-07,Phone Call,Follow-up on booking,Fatima Ahmed
COM02275,C0125,2023-12-07,Video Call,Quotation request,Sara Hassan
COM08959,C0478,2023-12-07,WhatsApp,Satisfaction survey,Mohammed Ali
COM04296,C0223,2023-12-07,Video Call,Satisfaction survey,Sara Hassan
COM08874,C0473,2023-12-07,WhatsApp,Invoice query,Ahmed Abdullah
COM02433,C0132,2023-12-08,Meeting,Course recommendation,Sara Hassan
COM09349,C0498,2023-12-08,Video Call,Quotation request,Noura Salem
COM02173,C0118,2023-12-08,Meeting,Training needs assessment,Noura Salem
COM00490,C0022,2023-12-08,Meeting,Training needs assessment,Fatima Ahmed
COM04282,C0223,2023-12-08,WhatsApp,Schedule confirmation,Sara Hassan
COM05762,C0301,2023-12-08,Email,General inquiry,Mohammed Ali
COM08940,C0477,2023-12-08,Video Call,New course announcement,Ahmed Abdullah
COM09104,C0487,2023-12-09,Meeting,Follow-up on booking,Sara Hassan
COM05209,C0275,2023-12-09,Meeting,Feedback discussion,Sara Hassan
COM02418,C0132,2023-12-09,Video Call,Renewal discussion,Sara Hassan
COM03093,C0166,2023-12-09,Meeting,Course recommendation,Ahmed Abdullah
COM05219,C0275,2023-12-10,Email,Quotation request,Sara Hassan
COM01583,C0084,2023-12-10,Meeting,Renewal discussion,Sara Hassan
COM08022,C0424,2023-12-10,Video Call,Feedback discussion,Ahmed Abdullah
COM09048,C0483,2023-12-10,Email,Invoice query,Mohammed Ali
COM03905,C0205,2023-12-10,Meeting,Feedback discussion,Mohammed Ali
COM07170,C0378,2023-12-11,Email,Invoice query,Sara Hassan
COM03820,C0201,2023-12-11,Video Call,Account review,Ahmed Abdullah
COM07369,C0387,2023-12-11,Email,Invoice query,Mohammed Ali
COM06151,C0325,2023-12-11,WhatsApp,Account review,Sara Hassan
COM02324,C0129,2023-12-11,Phone Call,Invoice query,Sara Hassan
COM04623,C0238,2023-12-11,WhatsApp,Schedule confirmation,Sara Hassan
COM02020,C0109,2023-12-11,Meeting,Training needs assessment,Fatima Ahmed
COM08241,C0438,2023-12-12,Phone Call,Thank you message,Ahmed Abdullah
COM04549,C0235,2023-12-12,Video Call,Training needs assessment,Sara Hassan
COM07499,C0396,2023-12-12,Email,Complaint resolution,Fatima Ahmed
COM08591,C0459,2023-12-12,WhatsApp,General inquiry,Ahmed Abdullah
COM04028,C0213,2023-12-12,Phone Call,Quotation request,Fatima Ahmed
COM00500,C0022,2023-12-12,Phone Call,Thank you message,Fatima Ahmed
COM00043,C0001,2023-12-13,Email,Account review,Noura Salem
COM05468,C0286,2023-12-13,Phone Call,Feedback discussion,Fatima Ahmed
COM02592,C0138,2023-12-13,Video Call,New course announcement,Ahmed Abdullah
COM02368,C0130,2023-12-13,WhatsApp,Quotation request,Mohammed Ali
COM02442,C0132,2023-12-13,Meeting,Follow-up on booking,Sara Hassan
COM01179,C0061,2023-12-13,Phone Call,Quotation request,Mohammed Ali
COM09062,C0484,2023-12-13,Email,Invoice query,Mohammed Ali
COM07837,C0414,2023-12-14,Video Call,Invoice query,Fatima Ahmed
COM08017,C0424,2023-12-14,Email,Course recommendation,Ahmed Abdullah
COM05666,C0296,2023-12-14,Phone Call,Account review,Noura Salem
COM04929,C0255,2023-12-14,WhatsApp,Feedback discussion,Ahmed Abdullah
COM04598,C0237,2023-12-15,Phone Call,General inquiry,Sara Hassan
COM04316,C0224,2023-12-15,Email,New course announcement,Ahmed Abdullah
COM01451,C0078,2023-12-16,Video Call,Training needs assessment,Fatima Ahmed
COM09114,C0487,2023-12-16,Video Call,Renewal discussion,Sara Hassan
COM08024,C0424,2023-12-16,WhatsApp,Follow-up on booking,Ahmed Abdullah
COM04152,C0217,2023-12-16,Video Call,New course announcement,Noura Salem
COM06206,C0327,2023-12-16,Email,Schedule confirmation,Noura Salem
COM02604,C0140,2023-12-16,Meeting,Schedule confirmation,Mohammed Ali
COM05214,C0275,2023-12-16,Meeting,Renewal discussion,Sara Hassan
COM01656,C0088,2023-12-16,Email,Course recommendation,Sara Hassan
COM08665,C0463,2023-12-17,Phone Call,Schedule confirmation,Fatima Ahmed
COM04860,C0252,2023-12-17,Email,Quotation request,Fatima Ahmed
COM04325,C0224,2023-12-17,Meeting,Course recommendation,Ahmed Abdullah
COM00898,C0046,2023-12-17,Email,General inquiry,Fatima Ahmed
COM05671,C0296,2023-12-17,Video Call,Renewal discussion,Noura Salem
COM00338,C0016,2023-12-17,Meeting,Thank you message,Sara Hassan
COM00302,C0014,2023-12-17,Email,Invoice query,Sara Hassan
COM00889,C0045,2023-12-17,Email,Complaint resolution,Ahmed Abdullah
COM09197,C0491,2023-12-18,Phone Call,Schedule confirmation,Fatima Ahmed
COM05208,C0275,2023-12-18,WhatsApp,General inquiry,Sara Hassan
COM03271,C0174,2023-12-18,Phone Call,New course announcement,Ahmed Abdullah
COM01918,C0102,2023-12-19,Phone Call,Schedule confirmation,Noura Salem
COM08497,C0453,2023-12-19,Email,Training needs assessment,Ahmed Abdullah
COM01367,C0072,2023-12-19,Email,Feedback discussion,Noura Salem
COM06170,C0327,2023-12-19,Phone Call,Course recommendation,Noura Salem
COM07364,C0387,2023-12-19,Phone Call,New course announcement,Mohammed Ali
COM00382,C0018,2023-12-20,Phone Call,General inquiry,Sara Hassan
COM02755,C0150,2023-12-20,WhatsApp,Quotation request,Mohammed Ali
COM06219,C0328,2023-12-20,WhatsApp,Course recommendation,Mohammed Ali
COM02381,C0130,2023-12-20,Phone Call,General inquiry,Mohammed Ali
COM05343,C0282,2023-12-20,Email,Invoice query,Sara Hassan
COM07371,C0388,2023-12-20,Phone Call,Thank you message,Sara Hassan
COM01578,C0084,2023-12-20,Meeting,Course recommendation,Sara Hassan
COM03725,C0195,2023-12-20,Video Call,New course announcement,Sara Hassan
COM03536,C0188,2023-12-20,Video Call,Quotation request,Fatima Ahmed
COM06809,C0361,2023-12-21,Email,Course recommendation,Fatima Ahmed
COM06400,C0339,2023-12-21,Meeting,Schedule confirmation,Fatima Ahmed
COM07763,C0410,2023-12-21,Phone Call,Account review,Mohammed Ali
COM07397,C0388,2023-12-21,Phone Call,Feedback discussion,Sara Hassan
COM00224,C0010,2023-12-21,Video Call,Complaint resolution,Mohammed Ali
COM00568,C0025,2023-12-21,Email,Feedback discussion,Fatima Ahmed
COM04982,C0259,2023-12-21,WhatsApp,Follow-up on booking,Sara Hassan
COM08726,C0465,2023-12-22,Meeting,Account review,Mohammed Ali
COM03249,C0174,2023-12-22,Email,Follow-up on booking,Ahmed Abdullah
COM01582,C0084,2023-12-23,WhatsApp,Thank you message,Sara Hassan
COM03634,C0191,2023-12-23,Meeting,Invoice query,Mohammed Ali
COM06186,C0327,2023-12-23,WhatsApp,Satisfaction survey,Noura Salem
COM04349,C0224,2023-12-23,Email,Complaint resolution,Ahmed Abdullah
COM00778,C0038,2023-12-24,Phone Call,Follow-up on booking,Noura Salem
COM06001,C0317,2023-12-24,Video Call,Complaint resolution,Mohammed Ali
COM04569,C0235,2023-12-24,WhatsApp,Feedback discussion,Sara Hassan
COM06049,C0320,2023-12-24,WhatsApp,General inquiry,Noura Salem
COM04507,C0232,2023-12-24,Meeting,Follow-up on booking,Fatima Ahmed
COM06201,C0327,2023-12-25,Video Call,Course recommendation,Noura Salem
COM07882,C0416,2023-12-25,Phone Call,General inquiry,Sara Hassan
COM07653,C0405,2023-12-25,Meeting,General inquiry,Noura Salem
COM05767,C0301,2023-12-25,Video Call,Training needs assessment,Mohammed Ali
COM00952,C0049,2023-12-25,WhatsApp,Thank you message,Sara Hassan
COM05211,C0275,2023-12-25,Video Call,Complaint resolution,Sara Hassan
COM02229,C0123,2023-12-25,Meeting,Training needs assessment,Mohammed Ali
COM07305,C0384,2023-12-25,Meeting,Feedback discussion,Mohammed Ali
COM02358,C0129,2023-12-25,WhatsApp,Training needs assessment,Sara Hassan
COM03143,C0168,2023-12-25,Video Call,New course announcement,Fatima Ahmed
COM01744,C0093,2023-12-26,WhatsApp,Follow-up on booking,Ahmed Abdullah
COM04614,C0237,2023-12-26,Phone Call,Feedback discussion,Sara Hassan
COM07762,C0410,2023-12-26,Email,Invoice query,Mohammed Ali
COM06222,C0328,2023-12-26,Phone Call,Training needs assessment,Mohammed Ali
COM00115,C0006,2023-12-26,Meeting,Training needs assessment,Mohammed Ali
COM00463,C0021,2023-12-26,Meeting,Course recommendation,Mohammed Ali
COM06696,C0354,2023-12-27,WhatsApp,Invoice query,Sara Hassan
COM08835,C0471,2023-12-27,Phone Call,Complaint resolution,Ahmed Abdullah
COM03096,C0167,2023-12-28,WhatsApp,Training needs assessment,Sara Hassan
COM07302,C0384,2023-12-28,Phone Call,Thank you message,Mohammed Ali
COM06923,C0365,2023-12-28,Meeting,Complaint resolution,Mohammed Ali
COM06033,C0320,2023-12-28,WhatsApp,Thank you message,Noura Salem
COM04302,C0224,2023-12-28,Video Call,Invoice query,Ahmed Abdullah
COM03322,C0176,2023-12-28,Meeting,Account review,Sara Hassan
COM01972,C0105,2023-12-28,Email,Invoice query,Ahmed Abdullah
COM04949,C0256,2023-12-28,Email,Satisfaction survey,Fatima Ahmed
COM08860,C0473,2023-12-28,Video Call,General inquiry,Ahmed Abdullah
COM05224,C0275,2023-12-28,Meeting,Satisfaction survey,Sara Hassan
COM00069,C0004,2023-12-28,Video Call,Course recommendation,Ahmed Abdullah
COM09042,C0483,2023-12-29,Phone Call,Schedule confirmation,Mohammed Ali
COM02029,C0109,2023-12-29,Email,Course recommendation,Fatima Ahmed
COM01147,C0061,2023-12-29,WhatsApp,Account review,Mohammed Ali
COM02326,C0129,2023-12-29,Phone Call,Complaint resolution,Sara Hassan
COM03612,C0191,2023-12-30,Meeting,Complaint resolution,Mohammed Ali
COM04637,C0238,2023-12-30,Email,Thank you message,Sara Hassan
COM02853,C0156,2023-12-30,Email,Follow-up on booking,Fatima Ahmed
COM00773,C0038,2023-12-30,Video Call,Feedback discussion,Noura Salem
COM02966,C0159,2023-12-31,Email,Training needs assessment,Sara Hassan
COM00604,C0027,2023-12-31,WhatsApp,Invoice query,Mohammed Ali
COM04303,C0224,2023-12-31,Meeting,Schedule confirmation,Ahmed Abdullah
COM06545,C0345,2023-12-31,Video Call,Training needs assessment,Noura Salem
COM05639,C0296,2023-12-31,Email,Complaint resolution,Noura Salem
COM02379,C0130,2023-12-31,Video Call,Feedback discussion,Mohammed Ali
COM00496,C0022,2023-12-31,Phone Call,Satisfaction survey,Fatima Ahmed
COM03161,C0169,2023-12-31,Email,Invoice query,Ahmed Abdullah
COM04155,C0217,2024-01-01,Phone Call,Feedback discussion,Noura Salem
COM08675,C0463,2024-01-01,WhatsApp,Thank you message,Fatima Ahmed
COM07578,C0400,2024-01-01,Video Call,Follow-up on booking,Mohammed Ali
COM08244,C0438,2024-01-01,Phone Call,Course recommendation,Ahmed Abdullah
COM03110,C0167,2024-01-01,Phone Call,Schedule confirmation,Sara Hassan
COM07549,C0399,2024-01-01,Video Call,Feedback discussion,Ahmed Abdullah
COM07271,C0381,2024-01-01,WhatsApp,Satisfaction survey,Noura Salem
COM04683,C0241,2024-01-02,Email,New course announcement,Fatima Ahmed
COM02498,C0134,2024-01-02,Video Call,Quotation request,Noura Salem
COM00013,C0001,2024-01-02,Email,General inquiry,Noura Salem
COM04135,C0217,2024-01-02,WhatsApp,Training needs assessment,Noura Salem
COM08407,C0448,2024-01-02,WhatsApp,New course announcement,Noura Salem
COM00354,C0017,2024-01-03,Video Call,Follow-up on booking,Fatima Ahmed
COM05009,C0261,2024-01-03,Phone Call,Renewal discussion,Mohammed Ali
COM03931,C0206,2024-01-03,Phone Call,General inquiry,Fatima Ahmed
COM07495,C0395,2024-01-03,Meeting,Course recommendation,Mohammed Ali
COM03911,C0205,2024-01-03,Video Call,General inquiry,Mohammed Ali
COM02819,C0153,2024-01-03,Email,Renewal discussion,Noura Salem
COM07430,C0391,2024-01-04,Meeting,Quotation request,Noura Salem
COM07048,C0372,2024-01-04,WhatsApp,Thank you message,Sara Hassan
COM02854,C0156,2024-01-04,Email,Feedback discussion,Fatima Ahmed
COM02128,C0117,2024-01-04,WhatsApp,Schedule confirmation,Mohammed Ali
COM08635,C0462,2024-01-04,Email,Satisfaction survey,Fatima Ahmed
COM04142,C0217,2024-01-05,WhatsApp,Satisfaction survey,Noura Salem
COM08890,C0475,2024-01-05,Email,Complaint resolution,Noura Salem
COM07309,C0385,2024-01-05,WhatsApp,Schedule confirmation,Mohammed Ali
COM08280,C0440,2024-01-05,Meeting,General inquiry,Mohammed Ali
COM06566,C0346,2024-01-06,Video Call,Follow-up on booking,Mohammed Ali
COM01447,C0078,2024-01-06,Email,Renewal discussion,Fatima Ahmed
COM01264,C0065,2024-01-06,Phone Call,Quotation request,Ahmed Abdullah
COM00108,C0005,2024-01-06,Phone Call,New course announcement,Sara Hassan
COM02267,C0125,2024-01-06,Phone Call,General inquiry,Sara Hassan
COM04215,C0222,2024-01-06,Phone Call,Renewal discussion,Mohammed Ali
COM06705,C0354,2024-01-06,Meeting,Schedule confirmation,Sara Hassan
COM01748,C0093,2024-01-07,Phone Call,Account review,Ahmed Abdullah
COM04535,C0235,2024-01-07,Meeting,Complaint resolution,Sara Hassan
COM03961,C0207,2024-01-07,Video Call,Feedback discussion,Noura Salem
COM07402,C0388,2024-01-07,Video Call,Complaint resolution,Sara Hassan
COM02509,C0134,2024-01-07,Email,Account review,Noura Salem
COM01730,C0092,2024-01-07,Video Call,Satisfaction survey,Noura Salem
COM04892,C0254,2024-01-09,Video Call,Invoice query,Fatima Ahmed
COM02550,C0136,2024-01-09,Video Call,Satisfaction survey,Noura Salem
COM04648,C0239,2024-01-09,Email,Thank you message,Fatima Ahmed
COM08876,C0473,2024-01-09,Meeting,Schedule confirmation,Ahmed Abdullah
COM00735,C0035,2024-01-09,WhatsApp,Complaint resolution,Mohammed Ali
COM01252,C0065,2024-01-09,Video Call,Satisfaction survey,Ahmed Abdullah
COM08621,C0461,2024-01-09,Video Call,Quotation request,Noura Salem
COM09034,C0483,2024-01-09,Video Call,Training needs assessment,Mohammed Ali
COM03053,C0165,2024-01-09,Meeting,Complaint resolution,Sara Hassan
COM09191,C0490,2024-01-09,Meeting,Invoice query,Mohammed Ali
COM08944,C0477,2024-01-09,WhatsApp,Complaint resolution,Ahmed Abdullah
COM07186,C0378,2024-01-09,Phone Call,Quotation request,Sara Hassan
COM04902,C0254,2024-01-10,Phone Call,Feedback discussion,Fatima Ahmed
COM09305,C0497,2024-01-10,WhatsApp,Training needs assessment,Ahmed Abdullah
COM03410,C0180,2024-01-10,Email,Account review,Fatima Ahmed
COM02872,C0156,2024-01-10,Meeting,Complaint resolution,Fatima Ahmed
COM00122,C0006,2024-01-10,WhatsApp,Satisfaction survey,Mohammed Ali
COM07181,C0378,2024-01-10,WhatsApp,Training needs assessment,Sara Hassan
COM07211,C0380,2024-01-10,Meeting,Complaint resolution,Fatima Ahmed
COM05040,C0263,2024-01-10,Email,New course announcement,Sara Hassan
COM00527,C0022,2024-01-11,Phone Call,General inquiry,Fatima Ahmed
COM07158,C0378,2024-01-11,Meeting,Feedback discussion,Sara Hassan
COM01550,C0082,2024-01-11,WhatsApp,Satisfaction survey,Noura Salem
COM02738,C0148,2024-01-11,Email,Follow-up on booking,Mohammed Ali
COM02730,C0147,2024-01-11,Email,Quotation request,Noura Salem
COM03822,C0201,2024-01-11,Phone Call,Renewal discussion,Ahmed Abdullah
COM08934,C0477,2024-01-11,Video Call,General inquiry,Ahmed Abdullah
COM06812,C0361,2024-01-11,Meeting,Renewal discussion,Fatima Ahmed
COM05640,C0296,2024-01-12,WhatsApp,Satisfaction survey,Noura Salem
COM08089,C0429,2024-01-12,Meeting,Thank you message,Noura Salem
COM04207,C0221,2024-01-12,Video Call,Feedback discussion,Ahmed Abdullah
COM08245,C0438,2024-01-12,Phone Call,Feedback discussion,Ahmed Abdullah
COM08358,C0444,2024-01-12,WhatsApp,Course recommendation,Noura Salem
COM08783,C0469,2024-01-12,Meeting,Course recommendation,Noura Salem
COM05543,C0291,2024-01-12,Email,Thank you message,Sara Hassan
COM01228,C0063,2024-01-12,WhatsApp,Follow-up on booking,Fatima Ahmed
COM05560,C0291,2024-01-12,Meeting,Quotation request,Sara Hassan
COM04401,C0225,2024-01-12,Meeting,Follow-up on booking,Sara Hassan
COM02279,C0125,2024-01-12,Video Call,General inquiry,Sara Hassan
COM04129,C0217,2024-01-13,Video Call,New course announcement,Noura Salem
COM00373,C0017,2024-01-13,Video Call,Schedule confirmation,Fatima Ahmed
COM05063,C0265,2024-01-13,Video Call,Course recommendation,Noura Salem
COM06531,C0345,2024-01-13,Email,Follow-up on booking,Noura Salem
COM06791,C0359,2024-01-13,Phone Call,Account review,Ahmed Abdullah
COM08282,C0440,2024-01-13,Video Call,Thank you message,Mohammed Ali
COM03181,C0170,2024-01-13,Phone Call,Course recommendation,Mohammed Ali
COM00071,C0004,2024-01-13,Phone Call,Course recommendation,Ahmed Abdullah
COM00238,C0010,2024-01-13,Email,Thank you message,Mohammed Ali
COM03721,C0195,2024-01-13,Phone Call,Feedback discussion,Sara Hassan
COM03738,C0196,2024-01-14,Email,General inquiry,Mohammed Ali
COM05525,C0289,2024-01-14,Phone Call,Account review,Ahmed Abdullah
COM03195,C0171,2024-01-15,Email,Schedule confirmation,Sara Hassan
COM03754,C0196,2024-01-15,Video Call,Renewal discussion,Mohammed Ali
COM07273,C0381,2024-01-15,Video Call,Training needs assessment,Noura Salem
COM01524,C0080,2024-01-15,Email,Follow-up on booking,Ahmed Abdullah
COM03312,C0175,2024-01-15,Phone Call,Schedule confirmation,Fatima Ahmed
COM03180,C0170,2024-01-15,Phone Call,Feedback discussion,Mohammed Ali
COM07109,C0375,2024-01-15,Meeting,Training needs assessment,Fatima Ahmed
COM08690,C0464,2024-01-16,WhatsApp,New course announcement,Sara Hassan
COM04848,C0252,2024-01-16,Video Call,Feedback discussion,Fatima Ahmed
COM08564,C0459,2024-01-16,Meeting,Course recommendation,Ahmed Abdullah
COM04233,C0222,2024-01-16,Phone Call,General inquiry,Mohammed Ali
COM00599,C0027,2024-01-16,Email,Invoice query,Mohammed Ali
COM02950,C0159,2024-01-17,Meeting,Schedule confirmation,Sara Hassan
COM08060,C0426,2024-01-17,Video Call,Follow-up on booking,Fatima Ahmed
COM06230,C0328,2024-01-17,Meeting,Quotation request,Mohammed Ali
COM04239,C0222,2024-01-17,Email,Satisfaction survey,Mohammed Ali
COM01386,C0073,2024-01-17,Video Call,Thank you message,Mohammed Ali
COM02709,C0147,2024-01-18,Video Call,Training needs assessment,Noura Salem
COM02190,C0120,2024-01-18,WhatsApp,Training needs assessment,Sara Hassan
COM00037,C0001,2024-01-18,WhatsApp,General inquiry,Noura Salem
COM02380,C0130,2024-01-18,Phone Call,Renewal discussion,Mohammed Ali
COM02009,C0109,2024-01-18,Email,Course recommendation,Fatima Ahmed
COM08955,C0478,2024-01-18,Video Call,New course announcement,Mohammed Ali
COM07039,C0371,2024-01-18,WhatsApp,Account review,Fatima Ahmed
COM09203,C0491,2024-01-18,Meeting,Thank you message,Fatima Ahmed
COM08000,C0423,2024-01-19,Video Call,General inquiry,Noura Salem
COM00519,C0022,2024-01-19,Video Call,Invoice query,Fatima Ahmed
COM07725,C0409,2024-01-19,WhatsApp,Renewal discussion,Fatima Ahmed
COM04604,C0237,2024-01-20,Phone Call,Feedback discussion,Sara Hassan
COM03686,C0193,2024-01-20,Phone Call,Follow-up on booking,Fatima Ahmed
COM02332,C0129,2024-01-20,WhatsApp,Account review,Sara Hassan
COM00380,C0018,2024-01-20,Phone Call,Thank you message,Sara Hassan
COM05555,C0291,2024-01-20,Meeting,Invoice query,Sara Hassan
COM08842,C0471,2024-01-21,Meeting,Schedule confirmation,Ahmed Abdullah
COM04119,C0217,2024-01-21,WhatsApp,Training needs assessment,Noura Salem
COM05248,C0276,2024-01-21,Video Call,General inquiry,Fatima Ahmed
COM07948,C0419,2024-01-21,Phone Call,Quotation request,Mohammed Ali
COM01869,C0100,2024-01-21,Video Call,Feedback discussion,Ahmed Abdullah
COM03338,C0176,2024-01-21,Email,Course recommendation,Sara Hassan
COM08623,C0461,2024-01-21,Email,Renewal discussion,Noura Salem
COM07087,C0375,2024-01-21,Video Call,Account review,Fatima Ahmed
COM07546,C0399,2024-01-21,WhatsApp,Account review,Ahmed Abdullah
COM06436,C0341,2024-01-21,WhatsApp,Training needs assessment,Noura Salem
COM06237,C0329,2024-01-22,Meeting,Course recommendation,Mohammed Ali
COM02711,C0147,2024-01-22,Meeting,Course recommendation,Noura Salem
COM07255,C0380,2024-01-22,Meeting,New course announcement,Fatima Ahmed
COM00842,C0042,2024-01-22,WhatsApp,Account review,Noura Salem
COM03403,C0180,2024-01-22,WhatsApp,Account review,Fatima Ahmed
COM07635,C0405,2024-01-22,WhatsApp,Quotation request,Noura Salem
COM00420,C0019,2024-01-22,Video Call,Quotation request,Ahmed Abdullah
COM01165,C0061,2024-01-22,Video Call,Course recommendation,Mohammed Ali
COM07102,C0375,2024-01-23,Video Call,Schedule confirmation,Fatima Ahmed
COM07323,C0386,2024-01-23,Video Call,Feedback discussion,Ahmed Abdullah
COM07367,C0387,2024-01-24,Phone Call,Invoice query,Mohammed Ali
COM09245,C0493,2024-01-24,Meeting,Feedback discussion,Sara Hassan
COM02693,C0146,2024-01-25,Meeting,Account review,Fatima Ahmed
COM04480,C0231,2024-01-25,Phone Call,Complaint resolution,Sara Hassan
COM02170,C0118,2024-01-25,Email,Satisfaction survey,Noura Salem
COM05988,C0316,2024-01-25,Meeting,Quotation request,Fatima Ahmed
COM02590,C0138,2024-01-25,Email,Training needs assessment,Ahmed Abdullah
COM00508,C0022,2024-01-25,Meeting,Satisfaction survey,Fatima Ahmed
COM07193,C0378,2024-01-26,WhatsApp,Account review,Sara Hassan
COM07353,C0387,2024-01-26,Video Call,Complaint resolution,Mohammed Ali
COM09231,C0493,2024-01-26,Phone Call,Account review,Sara Hassan
COM03282,C0174,2024-01-26,Email,Invoice query,Ahmed Abdullah
COM05010,C0261,2024-01-26,Phone Call,Quotation request,Mohammed Ali
COM05570,C0291,2024-01-26,Phone Call,Account review,Sara Hassan
COM00897,C0046,2024-01-26,Phone Call,Quotation request,Fatima Ahmed
COM06925,C0365,2024-01-26,WhatsApp,Invoice query,Mohammed Ali
COM04858,C0252,2024-01-26,WhatsApp,Course recommendation,Fatima Ahmed
COM01085,C0058,2024-01-27,Phone Call,Satisfaction survey,Mohammed Ali
COM04509,C0233,2024-01-27,Meeting,Account review,Fatima Ahmed
COM09176,C0488,2024-01-27,Video Call,New course announcement,Sara Hassan
COM01591,C0084,2024-01-28,Video Call,New course announcement,Sara Hassan
COM08668,C0463,2024-01-28,Email,Invoice query,Fatima Ahmed
COM08423,C0450,2024-01-29,Meeting,Renewal discussion,Sara Hassan
COM08328,C0443,2024-01-29,Video Call,Schedule confirmation,Sara Hassan
COM04437,C0227,2024-01-29,Video Call,General inquiry,Mohammed Ali
COM00668,C0031,2024-01-29,Email,Renewal discussion,Noura Salem
COM01134,C0060,2024-01-29,Email,Follow-up on booking,Sara Hassan
COM04394,C0225,2024-01-29,Video Call,Feedback discussion,Sara Hassan
COM06463,C0344,2024-01-29,Phone Call,Satisfaction survey,Noura Salem
COM03124,C0168,2024-01-30,Phone Call,Complaint resolution,Fatima Ahmed
COM07280,C0381,2024-01-30,Video Call,Thank you message,Noura Salem
COM07180,C0378,2024-01-30,Meeting,Invoice query,Sara Hassan
COM09109,C0487,2024-01-30,WhatsApp,Account review,Sara Hassan
COM07088,C0375,2024-01-30,Email,New course announcement,Fatima Ahmed
COM00444,C0021,2024-01-30,Meeting,General inquiry,Mohammed Ali
COM08307,C0442,2024-01-30,Video Call,Training needs assessment,Noura Salem
COM00843,C0042,2024-01-31,WhatsApp,Quotation request,Noura Salem
COM07450,C0392,2024-01-31,Phone Call,Complaint resolution,Mohammed Ali
COM02597,C0139,2024-01-31,Video Call,Satisfaction survey,Sara Hassan
COM08370,C0445,2024-01-31,Meeting,Thank you message,Sara Hassan
COM02129,C0117,2024-02-01,WhatsApp,Schedule confirmation,Mohammed Ali
COM07743,C0410,2024-02-01,Video Call,Satisfaction survey,Mohammed Ali
COM08023,C0424,2024-02-01,Video Call,Renewal discussion,Ahmed Abdullah
COM02432,C0132,2024-02-01,Phone Call,Follow-up on booking,Sara Hassan
COM00838,C0042,2024-02-01,Email,Quotation request,Noura Salem
COM01883,C0100,2024-02-01,Meeting,Feedback discussion,Ahmed Abdullah
COM07956,C0419,2024-02-01,WhatsApp,General inquiry,Mohammed Ali
COM00186,C0008,2024-02-01,Phone Call,Quotation request,Fatima Ahmed
COM07356,C0387,2024-02-01,WhatsApp,Account review,Mohammed Ali
COM01229,C0063,2024-02-01,Phone Call,Complaint resolution,Fatima Ahmed
COM01075,C0058,2024-02-02,Phone Call,Invoice query,Mohammed Ali
COM03182,C0170,2024-02-02,Video Call,Feedback discussion,Mohammed Ali
COM07327,C0386,2024-02-02,Meeting,Satisfaction survey,Ahmed Abdullah
COM07238,C0380,2024-02-02,WhatsApp,Quotation request,Fatima Ahmed
COM06085,C0321,2024-02-02,Email,Invoice query,Ahmed Abdullah
COM05764,C0301,2024-02-03,WhatsApp,Complaint resolution,Mohammed Ali
COM08628,C0462,2024-02-03,Phone Call,General inquiry,Fatima Ahmed
COM02871,C0156,2024-02-03,Email,Follow-up on booking,Fatima Ahmed
COM03904,C0205,2024-02-03,Phone Call,Training needs assessment,Mohammed Ali
COM05409,C0284,2024-02-03,Phone Call,Thank you message,Mohammed Ali
COM04344,C0224,2024-02-03,Meeting,Account review,Ahmed Abdullah
COM05561,C0291,2024-02-04,Email,Renewal discussion,Sara Hassan
COM03174,C0170,2024-02-04,Email,Schedule confirmation,Mohammed Ali
COM01761,C0094,2024-02-04,Email,Account review,Mohammed Ali
COM07875,C0416,2024-02-04,WhatsApp,Renewal discussion,Sara Hassan
COM01749,C0093,2024-02-04,Meeting,Feedback discussion,Ahmed Abdullah
COM00127,C0006,2024-02-04,Email,Schedule confirmation,Mohammed Ali
COM08410,C0448,2024-02-05,WhatsApp,Thank you message,Noura Salem
COM05551,C0291,2024-02-05,Meeting,Thank you message,Sara Hassan
COM04249,C0222,2024-02-05,Email,Account review,Mohammed Ali
COM04789,C0251,2024-02-05,Email,Renewal discussion,Sara Hassan
COM00585,C0025,2024-02-05,Meeting,Complaint resolution,Fatima Ahmed
COM02233,C0123,2024-02-05,Video Call,Thank you message,Mohammed Ali
COM00076,C0004,2024-02-06,Phone Call,New course announcement,Ahmed Abdullah
COM06725,C0356,2024-02-06,Meeting,Quotation request,Ahmed Abdullah
COM04682,C0241,2024-02-06,WhatsApp,Complaint resolution,Fatima Ahmed
COM08702,C0464,2024-02-06,Email,Course recommendation,Sara Hassan
COM05132,C0269,2024-02-06,Email,Satisfaction survey,Mohammed Ali
COM05326,C0282,2024-02-06,WhatsApp,Training needs assessment,Sara Hassan
COM03631,C0191,2024-02-07,Meeting,Invoice query,Mohammed Ali
COM03395,C0180,2024-02-07,WhatsApp,Account review,Fatima Ahmed
COM03138,C0168,2024-02-08,Phone Call,Feedback discussion,Fatima Ahmed
COM09167,C0488,2024-02-08,Email,New course announcement,Sara Hassan
COM02211,C0121,2024-02-08,Email,General inquiry,Noura Salem
COM04543,C0235,2024-02-08,Meeting,Complaint resolution,Sara Hassan
COM01727,C0092,2024-02-09,Video Call,Quotation request,Noura Salem
COM01776,C0094,2024-02-09,WhatsApp,Invoice query,Mohammed Ali
COM00084,C0004,2024-02-09,Email,Account review,Ahmed Abdullah
COM08631,C0462,2024-02-09,Email,General inquiry,Fatima Ahmed
COM08563,C0459,2024-02-09,Video Call,Satisfaction survey,Ahmed Abdullah
COM07343,C0387,2024-02-09,Email,Training needs assessment,Mohammed Ali
COM07185,C0378,2024-02-09,WhatsApp,Course recommendation,Sara Hassan
COM01815,C0098,2024-02-09,WhatsApp,Training needs assessment,Noura Salem
COM01406,C0073,2024-02-10,Video Call,Feedback discussion,Mohammed Ali
COM04313,C0224,2024-02-10,Video Call,Training needs assessment,Ahmed Abdullah
COM01641,C0087,2024-02-10,WhatsApp,New course announcement,Fatima Ahmed
COM03192,C0171,2024-02-10,Phone Call,Course recommendation,Sara Hassan
COM06470,C0344,2024-02-10,Phone Call,Training needs assessment,Noura Salem
COM00982,C0054,2024-02-11,WhatsApp,Feedback discussion,Noura Salem
COM06034,C0320,2024-02-11,Meeting,General inquiry,Noura Salem
COM05452,C0286,2024-02-11,Email,Thank you message,Fatima Ahmed
COM08862,C0473,2024-02-11,Meeting,Invoice query,Ahmed Abdullah
COM07104,C0375,2024-02-12,WhatsApp,Account review,Fatima Ahmed
COM01099,C0058,2024-02-12,Phone Call,Complaint resolution,Mohammed Ali
COM00343,C0016,2024-02-12,WhatsApp,Account review,Sara Hassan
COM07886,C0416,2024-02-12,Meeting,Training needs assessment,Sara Hassan
COM01873,C0100,2024-02-13,Video Call,Renewal discussion,Ahmed Abdullah
COM04346,C0224,2024-02-13,Email,Renewal discussion,Ahmed Abdullah
COM07362,C0387,2024-02-13,Email,Account review,Mohammed Ali
COM09036,C0483,2024-02-13,Meeting,Training needs assessment,Mohammed Ali
COM00571,C0025,2024-02-13,Meeting,Feedback discussion,Fatima Ahmed
COM02965,C0159,2024-02-14,Email,General inquiry,Sara Hassan
COM08882,C0473,2024-02-15,Meeting,Account review,Ahmed Abdullah
COM08881,C0473,2024-02-15,Email,Feedback discussion,Ahmed Abdullah
COM04187,C0220,2024-02-15,WhatsApp,Renewal discussion,Fatima Ahmed
COM07595,C0401,2024-02-15,Video Call,Renewal discussion,Fatima Ahmed
COM05046,C0263,2024-02-15,Video Call,Course recommendation,Sara Hassan
COM01299,C0067,2024-02-15,Phone Call,Satisfaction survey,Sara Hassan
COM07067,C0374,2024-02-15,Meeting,Thank you message,Mohammed Ali
COM07585,C0401,2024-02-16,Video Call,Training needs assessment,Fatima Ahmed
COM02936,C0159,2024-02-16,Meeting,Thank you message,Sara Hassan
COM08707,C0464,2024-02-16,Video Call,Training needs assessment,Sara Hassan
COM03270,C0174,2024-02-16,Video Call,Feedback discussion,Ahmed Abdullah
COM01567,C0083,2024-02-17,WhatsApp,Course recommendation,Mohammed Ali
COM06845,C0361,2024-02-17,WhatsApp,New course announcement,Fatima Ahmed
COM03670,C0192,2024-02-17,WhatsApp,Course recommendation,Sara Hassan
COM01068,C0057,2024-02-17,Meeting,Account review,Mohammed Ali
COM01307,C0067,2024-02-17,Email,Training needs assessment,Sara Hassan
COM02357,C0129,2024-02-18,Phone Call,Thank you message,Sara Hassan
COM06241,C0329,2024-02-18,WhatsApp,Complaint resolution,Mohammed Ali
COM05249,C0276,2024-02-18,Meeting,Schedule confirmation,Fatima Ahmed
COM03775,C0198,2024-02-18,WhatsApp,Training needs assessment,Noura Salem
COM06399,C0339,2024-02-18,WhatsApp,Renewal discussion,Fatima Ahmed
COM05036,C0263,2024-02-18,Video Call,Training needs assessment,Sara Hassan
COM06623,C0349,2024-02-18,Email,Training needs assessment,Fatima Ahmed
COM09407,C0500,2024-02-18,Email,Thank you message,Fatima Ahmed
COM03740,C0196,2024-02-19,Phone Call,Satisfaction survey,Mohammed Ali
COM06825,C0361,2024-02-19,Phone Call,New course announcement,Fatima Ahmed
COM04226,C0222,2024-02-19,Phone Call,General inquiry,Mohammed Ali
COM06188,C0327,2024-02-19,Meeting,Invoice query,Noura Salem
COM05533,C0290,2024-02-19,Video Call,Course recommendation,Mohammed Ali
COM05297,C0279,2024-02-19,Video Call,Schedule confirmation,Mohammed Ali
COM08585,C0459,2024-02-20,Meeting,Complaint resolution,Ahmed Abdullah
COM08115,C0430,2024-02-20,Phone Call,Satisfaction survey,Mohammed Ali
COM06678,C0353,2024-02-21,Phone Call,Account review,Mohammed Ali
COM07727,C0409,2024-02-21,WhatsApp,Thank you message,Fatima Ahmed
COM06242,C0329,2024-02-21,Video Call,Thank you message,Mohammed Ali
COM06559,C0346,2024-02-21,WhatsApp,Complaint resolution,Mohammed Ali
COM00461,C0021,2024-02-21,Email,New course announcement,Mohammed Ali
COM01581,C0084,2024-02-21,Email,Invoice query,Sara Hassan
COM05276,C0278,2024-02-22,Phone Call,General inquiry,Fatima Ahmed
COM05761,C0301,2024-02-22,Phone Call,Invoice query,Mohammed Ali
COM01098,C0058,2024-02-22,Video Call,Account review,Mohammed Ali
COM03206,C0171,2024-02-22,Meeting,General inquiry,Sara Hassan
COM03693,C0194,2024-02-23,Video Call,Course recommendation,Mohammed Ali
COM00721,C0033,2024-02-23,WhatsApp,Training needs assessment,Sara Hassan
COM07072,C0374,2024-02-23,Email,Training needs assessment,Mohammed Ali
COM07405,C0389,2024-02-23,Video Call,Quotation request,Noura Salem
COM08614,C0461,2024-02-23,Phone Call,Schedule confirmation,Noura Salem
COM02734,C0148,2024-02-23,Meeting,Follow-up on booking,Mohammed Ali
COM08437,C0450,2024-02-24,Meeting,Quotation request,Sara Hassan
COM07965,C0420,2024-02-24,Phone Call,Training needs assessment,Ahmed Abdullah
COM01358,C0072,2024-02-24,Phone Call,Thank you message,Noura Salem
COM06042,C0320,2024-02-24,Email,Course recommendation,Noura Salem
COM04304,C0224,2024-02-25,Email,New course announcement,Ahmed Abdullah
COM04970,C0258,2024-02-25,Video Call,Feedback discussion,Ahmed Abdullah
COM04425,C0227,2024-02-25,Video Call,Schedule confirmation,Mohammed Ali
COM05024,C0263,2024-02-25,WhatsApp,Renewal discussion,Sara Hassan
COM01117,C0058,2024-02-25,Meeting,Quotation request,Mohammed Ali
COM06656,C0351,2024-02-25,Phone Call,Account review,Sara Hassan
COM03112,C0167,2024-02-25,Video Call,Complaint resolution,Sara Hassan
COM06095,C0322,2024-02-26,Phone Call,Renewal discussion,Ahmed Abdullah
COM05572,C0291,2024-02-26,Email,Thank you message,Sara Hassan
COM03922,C0205,2024-02-26,WhatsApp,Quotation request,Mohammed Ali
COM04639,C0239,2024-02-26,Email,Follow-up on booking,Fatima Ahmed
COM02846,C0155,2024-02-26,WhatsApp,Account review,Mohammed Ali
COM06484,C0344,2024-02-26,Meeting,Satisfaction survey,Noura Salem
COM08425,C0450,2024-02-26,WhatsApp,Feedback discussion,Sara Hassan
COM09229,C0493,2024-02-27,Phone Call,Training needs assessment,Sara Hassan
COM01248,C0065,2024-02-27,Meeting,Quotation request,Ahmed Abdullah
COM06638,C0351,2024-02-27,Email,Follow-up on booking,Sara Hassan
COM03276,C0174,2024-02-27,Meeting,Renewal discussion,Ahmed Abdullah
COM00397,C0018,2024-02-27,Phone Call,General inquiry,Sara Hassan
COM08848,C0471,2024-02-27,Video Call,Follow-up on booking,Ahmed Abdullah
COM02537,C0136,2024-02-27,Video Call,Quotation request,Noura Salem
COM07821,C0413,2024-02-27,Video Call,Account review,Ahmed Abdullah
COM06806,C0361,2024-02-27,Meeting,Course recommendation,Fatima Ahmed
COM03397,C0180,2024-02-28,Email,New course announcement,Fatima Ahmed
COM06729,C0356,2024-02-28,Video Call,Account review,Ahmed Abdullah
COM03088,C0166,2024-02-28,Email,Account review,Ahmed Abdullah
COM02018,C0109,2024-02-28,Phone Call,Complaint resolution,Fatima Ahmed
COM01881,C0100,2024-02-28,Video Call,Account review,Ahmed Abdullah
COM03752,C0196,2024-02-28,Video Call,Renewal discussion,Mohammed Ali
COM04007,C0211,2024-02-29,Phone Call,Invoice query,Fatima Ahmed
COM02199,C0121,2024-02-29,WhatsApp,Thank you message,Noura Salem
COM03196,C0171,2024-02-29,Phone Call,Satisfaction survey,Sara Hassan
COM08021,C0424,2024-02-29,Phone Call,Follow-up on booking,Ahmed Abdullah
COM07947,C0419,2024-02-29,Video Call,Satisfaction survey,Mohammed Ali
COM03973,C0209,2024-03-01,Phone Call,Follow-up on booking,Fatima Ahmed
COM05277,C0278,2024-03-01,Meeting,Account review,Fatima Ahmed
COM04888,C0254,2024-03-01,Email,Renewal discussion,Fatima Ahmed
COM00977,C0053,2024-03-01,Phone Call,Quotation request,Ahmed Abdullah
COM00099,C0005,2024-03-01,Phone Call,Course recommendation,Sara Hassan
COM00673,C0031,2024-03-01,WhatsApp,Renewal discussion,Noura Salem
COM01476,C0078,2024-03-01,Meeting,Invoice query,Fatima Ahmed
COM06416,C0340,2024-03-01,Video Call,New course announcement,Ahmed Abdullah
COM02790,C0152,2024-03-02,Phone Call,Schedule confirmation,Mohammed Ali
COM00453,C0021,2024-03-02,Phone Call,Schedule confirmation,Mohammed Ali
COM08935,C0477,2024-03-02,Email,New course announcement,Ahmed Abdullah
COM03798,C0201,2024-03-02,Meeting,Course recommendation,Ahmed Abdullah
COM08211,C0435,2024-03-03,Phone Call,Training needs assessment,Ahmed Abdullah
COM03946,C0206,2024-03-03,Video Call,Account review,Fatima Ahmed
COM07190,C0378,2024-03-03,Phone Call,General inquiry,Sara Hassan
COM07996,C0423,2024-03-03,Phone Call,Schedule confirmation,Noura Salem
COM02210,C0121,2024-03-03,Meeting,Complaint resolution,Noura Salem
COM05346,C0282,2024-03-04,Video Call,Satisfaction survey,Sara Hassan
COM04311,C0224,2024-03-04,Meeting,Renewal discussion,Ahmed Abdullah
COM04276,C0223,2024-03-04,Phone Call,New course announcement,Sara Hassan
COM07177,C0378,2024-03-04,Meeting,Account review,Sara Hassan
COM07890,C0416,2024-03-04,Phone Call,Training needs assessment,Sara Hassan
COM02612,C0141,2024-03-04,Email,Thank you message,Ahmed Abdullah
COM01156,C0061,2024-03-04,Email,Satisfaction survey,Mohammed Ali
COM03479,C0185,2024-03-05,Email,Quotation request,Noura Salem
COM03321,C0176,2024-03-05,WhatsApp,Quotation request,Sara Hassan
COM00460,C0021,2024-03-05,WhatsApp,General inquiry,Mohammed Ali
COM06154,C0325,2024-03-05,Email,Course recommendation,Sara Hassan
COM09313,C0497,2024-03-05,WhatsApp,Follow-up on booking,Ahmed Abdullah
COM00390,C0018,2024-03-06,Email,Follow-up on booking,Sara Hassan
COM02376,C0130,2024-03-06,Meeting,Account review,Mohammed Ali
COM09355,C0498,2024-03-06,Video Call,Course recommendation,Noura Salem
COM05052,C0263,2024-03-07,Meeting,Thank you message,Sara Hassan
COM08122,C0430,2024-03-07,Email,Training needs assessment,Mohammed Ali
COM08811,C0469,2024-03-07,Email,Training needs assessment,Noura Salem
COM07492,C0395,2024-03-07,Email,Training needs assessment,Mohammed Ali
COM06014,C0318,2024-03-07,Phone Call,Satisfaction survey,Noura Salem
COM06664,C0351,2024-03-07,Video Call,Course recommendation,Sara Hassan
COM04990,C0259,2024-03-08,Meeting,Quotation request,Sara Hassan
COM08928,C0477,2024-03-08,Email,Follow-up on booking,Ahmed Abdullah
COM07827,C0413,2024-03-08,Phone Call,Follow-up on booking,Ahmed Abdullah
COM06409,C0339,2024-03-08,WhatsApp,Account review,Fatima Ahmed
COM00356,C0017,2024-03-08,Email,Training needs assessment,Fatima Ahmed
COM01010,C0056,2024-03-08,WhatsApp,Thank you message,Sara Hassan
COM04997,C0259,2024-03-09,WhatsApp,Complaint resolution,Sara Hassan
COM07071,C0374,2024-03-09,Meeting,Training needs assessment,Mohammed Ali
COM02535,C0136,2024-03-09,WhatsApp,Schedule confirmation,Noura Salem
COM02532,C0136,2024-03-09,Video Call,Complaint resolution,Noura Salem
COM04986,C0259,2024-03-10,Video Call,New course announcement,Sara Hassan
COM08669,C0463,2024-03-10,WhatsApp,Invoice query,Fatima Ahmed
COM03104,C0167,2024-03-10,Meeting,Follow-up on booking,Sara Hassan
COM05067,C0266,2024-03-10,Meeting,Thank you message,Noura Salem
COM08457,C0450,2024-03-10,Meeting,Renewal discussion,Sara Hassan
COM04657,C0239,2024-03-10,Email,Renewal discussion,Fatima Ahmed
COM02510,C0134,2024-03-10,Phone Call,Course recommendation,Noura Salem
COM04836,C0252,2024-03-10,Phone Call,Course recommendation,Fatima Ahmed
COM03175,C0170,2024-03-10,Video Call,Quotation request,Mohammed Ali
COM05279,C0278,2024-03-10,Email,Feedback discussion,Fatima Ahmed
COM07816,C0413,2024-03-10,Meeting,Renewal discussion,Ahmed Abdullah
COM08090,C0429,2024-03-11,Email,Account review,Noura Salem
COM01793,C0097,2024-03-11,Email,Account review,Fatima Ahmed
COM01396,C0073,2024-03-11,Meeting,Training needs assessment,Mohammed Ali
COM01609,C0084,2024-03-11,Email,Feedback discussion,Sara Hassan
COM02339,C0129,2024-03-11,Phone Call,Quotation request,Sara Hassan
COM04632,C0238,2024-03-11,Phone Call,New course announcement,Sara Hassan
COM02540,C0136,2024-03-11,Video Call,General inquiry,Noura Salem
COM04373,C0225,2024-03-12,Meeting,Thank you message,Sara Hassan
COM01649,C0087,2024-03-12,Meeting,General inquiry,Fatima Ahmed
COM01674,C0089,2024-03-12,WhatsApp,Complaint resolution,Ahmed Abdullah
COM09108,C0487,2024-03-12,Meeting,Training needs assessment,Sara Hassan
COM01635,C0087,2024-03-12,Video Call,Invoice query,Fatima Ahmed
COM00674,C0031,2024-03-12,Video Call,Complaint resolution,Noura Salem
COM00984,C0054,2024-03-12,WhatsApp,Satisfaction survey,Noura Salem
COM08830,C0471,2024-03-12,Email,Quotation request,Ahmed Abdullah
COM08195,C0435,2024-03-13,Email,Satisfaction survey,Ahmed Abdullah
COM07152,C0378,2024-03-13,WhatsApp,Satisfaction survey,Sara Hassan
COM04137,C0217,2024-03-13,Video Call,Invoice query,Noura Salem
COM00128,C0006,2024-03-13,Phone Call,Schedule confirmation,Mohammed Ali
COM00694,C0031,2024-03-13,WhatsApp,Invoice query,Noura Salem
COM04558,C0235,2024-03-14,Video Call,Training needs assessment,Sara Hassan
COM04323,C0224,2024-03-14,Video Call,Complaint resolution,Ahmed Abdullah
COM02818,C0153,2024-03-14,Phone Call,New course announcement,Noura Salem
COM09308,C0497,2024-03-14,Phone Call,New course announcement,Ahmed Abdullah
COM03337,C0176,2024-03-14,WhatsApp,Complaint resolution,Sara Hassan
COM04306,C0224,2024-03-15,Email,General inquiry,Ahmed Abdullah
COM03817,C0201,2024-03-15,WhatsApp,Invoice query,Ahmed Abdullah
COM02393,C0131,2024-03-15,Video Call,Schedule confirmation,Fatima Ahmed
COM04228,C0222,2024-03-15,Phone Call,Quotation request,Mohammed Ali
COM03614,C0191,2024-03-16,WhatsApp,Invoice query,Mohammed Ali
COM01043,C0057,2024-03-16,Video Call,Invoice query,Mohammed Ali
COM07319,C0386,2024-03-16,Meeting,Satisfaction survey,Ahmed Abdullah
COM07841,C0414,2024-03-16,Phone Call,Satisfaction survey,Fatima Ahmed
COM02350,C0129,2024-03-16,WhatsApp,Complaint resolution,Sara Hassan
COM08691,C0464,2024-03-16,Phone Call,Renewal discussion,Sara Hassan
COM08566,C0459,2024-03-16,Phone Call,Course recommendation,Ahmed Abdullah
COM02505,C0134,2024-03-16,WhatsApp,Follow-up on booking,Noura Salem
COM04121,C0217,2024-03-16,Phone Call,New course announcement,Noura Salem
COM06133,C0324,2024-03-17,Phone Call,Complaint resolution,Noura Salem
COM04739,C0246,2024-03-17,Meeting,Renewal discussion,Noura Salem
COM03903,C0205,2024-03-17,Video Call,Satisfaction survey,Mohammed Ali
COM00471,C0021,2024-03-17,Phone Call,Schedule confirmation,Mohammed Ali
COM02525,C0135,2024-03-17,Phone Call,Account review,Noura Salem
COM04469,C0231,2024-03-17,Video Call,Training needs assessment,Sara Hassan
COM07806,C0411,2024-03-17,Phone Call,Schedule confirmation,Noura Salem
COM06121,C0324,2024-03-17,WhatsApp,Course recommendation,Noura Salem
COM03717,C0195,2024-03-17,Video Call,Course recommendation,Sara Hassan
COM01375,C0073,2024-03-17,Phone Call,Thank you message,Mohammed Ali
COM03808,C0201,2024-03-17,Email,Renewal discussion,Ahmed Abdullah
COM04963,C0257,2024-03-18,Phone Call,Thank you message,Ahmed Abdullah
COM00597,C0027,2024-03-18,Email,Course recommendation,Mohammed Ali
COM08878,C0473,2024-03-18,Video Call,Account review,Ahmed Abdullah
COM02918,C0158,2024-03-18,Video Call,Complaint resolution,Sara Hassan
COM06412,C0340,2024-03-19,Video Call,Renewal discussion,Ahmed Abdullah
COM02873,C0156,2024-03-19,Email,Renewal discussion,Fatima Ahmed
COM00040,C0001,2024-03-19,Meeting,Invoice query,Noura Salem
COM05552,C0291,2024-03-19,Email,Complaint resolution,Sara Hassan
COM04799,C0251,2024-03-20,Email,New course announcement,Sara Hassan
COM05668,C0296,2024-03-20,Video Call,Invoice query,Noura Salem
COM02213,C0121,2024-03-20,Video Call,Follow-up on booking,Noura Salem
COM03637,C0191,2024-03-20,Email,Invoice query,Mohammed Ali
COM03568,C0189,2024-03-21,Meeting,Follow-up on booking,Mohammed Ali
COM02969,C0159,2024-03-21,Phone Call,Schedule confirmation,Sara Hassan
COM08234,C0437,2024-03-21,WhatsApp,Course recommendation,Noura Salem
COM08118,C0430,2024-03-21,Video Call,Thank you message,Mohammed Ali
COM05426,C0286,2024-03-22,Video Call,Renewal discussion,Fatima Ahmed
COM02225,C0123,2024-03-22,Meeting,Schedule confirmation,Mohammed Ali
COM03552,C0188,2024-03-22,Video Call,General inquiry,Fatima Ahmed
COM05434,C0286,2024-03-22,Email,Invoice query,Fatima Ahmed
COM00377,C0017,2024-03-22,WhatsApp,Account review,Fatima Ahmed
COM06312,C0334,2024-03-23,Phone Call,New course announcement,Mohammed Ali
COM06547,C0345,2024-03-23,Meeting,Quotation request,Noura Salem
COM06690,C0353,2024-03-23,Phone Call,Renewal discussion,Mohammed Ali
COM03325,C0176,2024-03-23,WhatsApp,Account review,Sara Hassan
COM01745,C0093,2024-03-23,WhatsApp,Satisfaction survey,Ahmed Abdullah
COM05721,C0298,2024-03-23,Email,New course announcement,Fatima Ahmed
COM01652,C0088,2024-03-23,Meeting,Feedback discussion,Sara Hassan
COM03162,C0169,2024-03-24,Meeting,Schedule confirmation,Ahmed Abdullah
COM01224,C0063,2024-03-24,Video Call,General inquiry,Fatima Ahmed
COM01816,C0098,2024-03-24,Video Call,Follow-up on booking,Noura Salem
COM06692,C0353,2024-03-24,Phone Call,Schedule confirmation,Mohammed Ali
COM07114,C0375,2024-03-24,Email,Thank you message,Fatima Ahmed
COM04355,C0224,2024-03-25,Phone Call,Training needs assessment,Ahmed Abdullah
COM01485,C0078,2024-03-25,Video Call,Quotation request,Fatima Ahmed
COM00333,C0016,2024-03-25,Video Call,Training needs assessment,Sara Hassan
COM07313,C0386,2024-03-25,Email,Account review,Ahmed Abdullah
COM03086,C0166,2024-03-25,Email,Invoice query,Ahmed Abdullah
COM09160,C0488,2024-03-25,Meeting,Quotation request,Sara Hassan
COM09228,C0493,2024-03-26,Email,General inquiry,Sara Hassan
COM03004,C0163,2024-03-26,Email,Quotation request,Ahmed Abdullah
COM05559,C0291,2024-03-26,WhatsApp,Feedback discussion,Sara Hassan
COM09172,C0488,2024-03-26,Video Call,Schedule confirmation,Sara Hassan
COM03967,C0207,2024-03-26,Phone Call,Invoice query,Noura Salem
COM01781,C0095,2024-03-26,Phone Call,Quotation request,Ahmed Abdullah
COM05088,C0267,2024-03-26,WhatsApp,Invoice query,Noura Salem
COM00310,C0014,2024-03-27,Phone Call,Quotation request,Sara Hassan
COM01250,C0065,2024-03-27,Phone Call,Renewal discussion,Ahmed Abdullah
COM03160,C0169,2024-03-27,Phone Call,Invoice query,Ahmed Abdullah
COM05124,C0269,2024-03-27,Phone Call,Course recommendation,Mohammed Ali
COM02228,C0123,2024-03-27,Phone Call,Training needs assessment,Mohammed Ali
COM05068,C0266,2024-03-28,Phone Call,Follow-up on booking,Noura Salem
COM04396,C0225,2024-03-28,WhatsApp,Account review,Sara Hassan
COM05301,C0279,2024-03-28,Phone Call,New course announcement,Mohammed Ali
COM08864,C0473,2024-03-28,Phone Call,Complaint resolution,Ahmed Abdullah
COM03463,C0183,2024-03-28,Email,Renewal discussion,Noura Salem
COM07410,C0389,2024-03-28,Video Call,Renewal discussion,Noura Salem
COM03177,C0170,2024-03-28,WhatsApp,Schedule confirmation,Mohammed Ali
COM07029,C0371,2024-03-29,Phone Call,Feedback discussion,Fatima Ahmed
COM01658,C0088,2024-03-29,Video Call,Course recommendation,Sara Hassan
COM04292,C0223,2024-03-29,Video Call,Account review,Sara Hassan
COM03323,C0176,2024-03-29,Phone Call,Quotation request,Sara Hassan
COM05366,C0283,2024-03-30,Video Call,Thank you message,Fatima Ahmed
COM07239,C0380,2024-03-30,WhatsApp,Thank you message,Fatima Ahmed
COM01383,C0073,2024-03-30,Phone Call,Thank you message,Mohammed Ali
COM03043,C0165,2024-03-31,Meeting,Satisfaction survey,Sara Hassan
COM00788,C0038,2024-03-31,Meeting,Renewal discussion,Noura Salem
COM09181,C0488,2024-03-31,Phone Call,Feedback discussion,Sara Hassan
COM00139,C0006,2024-03-31,Meeting,Complaint resolution,Mohammed Ali
COM01720,C0092,2024-03-31,Meeting,Training needs assessment,Noura Salem
COM00087,C0005,2024-03-31,WhatsApp,Schedule confirmation,Sara Hassan
COM02042,C0109,2024-04-01,Video Call,Complaint resolution,Fatima Ahmed
COM02132,C0117,2024-04-01,Email,Complaint resolution,Mohammed Ali
COM06398,C0339,2024-04-01,WhatsApp,Account review,Fatima Ahmed
COM04150,C0217,2024-04-01,Meeting,Renewal discussion,Noura Salem
COM06650,C0351,2024-04-01,Video Call,Feedback discussion,Sara Hassan
COM02036,C0109,2024-04-02,Meeting,Account review,Fatima Ahmed
COM07468,C0393,2024-04-02,Meeting,Invoice query,Sara Hassan
COM00279,C0013,2024-04-02,Phone Call,Quotation request,Mohammed Ali
COM05539,C0291,2024-04-02,WhatsApp,Schedule confirmation,Sara Hassan
COM01665,C0088,2024-04-03,Video Call,Quotation request,Sara Hassan
COM07838,C0414,2024-04-03,Email,New course announcement,Fatima Ahmed
COM01566,C0083,2024-04-03,Phone Call,Invoice query,Mohammed Ali
COM07247,C0380,2024-04-03,Video Call,General inquiry,Fatima Ahmed
COM06522,C0345,2024-04-03,Phone Call,Satisfaction survey,Noura Salem
COM08353,C0444,2024-04-03,WhatsApp,General inquiry,Noura Salem
COM09175,C0488,2024-04-03,Phone Call,Complaint resolution,Sara Hassan
COM06811,C0361,2024-04-03,Phone Call,Quotation request,Fatima Ahmed
COM01006,C0056,2024-04-03,WhatsApp,Thank you message,Sara Hassan
COM08349,C0444,2024-04-04,Meeting,Course recommendation,Noura Salem
COM03956,C0207,2024-04-04,Email,Renewal discussion,Noura Salem
COM06099,C0322,2024-04-04,Email,Account review,Ahmed Abdullah
COM04257,C0223,2024-04-04,Phone Call,Quotation request,Sara Hassan
COM03778,C0198,2024-04-04,Phone Call,Satisfaction survey,Noura Salem
COM04652,C0239,2024-04-04,Phone Call,Thank you message,Fatima Ahmed
COM07338,C0387,2024-04-05,Meeting,Thank you message,Mohammed Ali
COM07321,C0386,2024-04-05,Video Call,Schedule confirmation,Ahmed Abdullah
COM04166,C0219,2024-04-05,Phone Call,Thank you message,Ahmed Abdullah
COM09125,C0487,2024-04-05,Phone Call,Complaint resolution,Sara Hassan
COM04039,C0213,2024-04-05,Meeting,Renewal discussion,Fatima Ahmed
COM03501,C0185,2024-04-05,Email,Account review,Noura Salem
COM00502,C0022,2024-04-05,Meeting,Training needs assessment,Fatima Ahmed
COM09363,C0498,2024-04-06,Video Call,Thank you message,Noura Salem
COM06383,C0338,2024-04-06,Phone Call,Follow-up on booking,Noura Salem
COM03734,C0196,2024-04-06,Video Call,Complaint resolution,Mohammed Ali
COM01569,C0084,2024-04-06,WhatsApp,Schedule confirmation,Sara Hassan
COM02559,C0137,2024-04-06,WhatsApp,General inquiry,Fatima Ahmed
COM00869,C0043,2024-04-07,Email,Renewal discussion,Ahmed Abdullah
COM02214,C0121,2024-04-07,Meeting,Feedback discussion,Noura Salem
COM03747,C0196,2024-04-07,WhatsApp,Thank you message,Mohammed Ali
COM07776,C0410,2024-04-07,Meeting,Quotation request,Mohammed Ali
COM04559,C0235,2024-04-07,Video Call,Complaint resolution,Sara Hassan
COM08736,C0465,2024-04-08,WhatsApp,Course recommendation,Mohammed Ali
COM08422,C0450,2024-04-08,Phone Call,Complaint resolution,Sara Hassan
COM08433,C0450,2024-04-08,WhatsApp,Thank you message,Sara Hassan
COM00486,C0022,2024-04-08,Email,Renewal discussion,Fatima Ahmed
COM01724,C0092,2024-04-08,Email,Feedback discussion,Noura Salem
COM06316,C0334,2024-04-08,Email,Quotation request,Mohammed Ali
COM04660,C0239,2024-04-08,Meeting,Feedback discussion,Fatima Ahmed
COM00988,C0054,2024-04-08,Email,New course announcement,Noura Salem
COM01470,C0078,2024-04-08,Email,Feedback discussion,Fatima Ahmed
COM07157,C0378,2024-04-08,Phone Call,Feedback discussion,Sara Hassan
COM08799,C0469,2024-04-08,WhatsApp,Account review,Noura Salem
COM01689,C0090,2024-04-08,Video Call,Satisfaction survey,Fatima Ahmed
COM08800,C0469,2024-04-08,Phone Call,Invoice query,Noura Salem
COM01073,C0058,2024-04-08,Meeting,Complaint resolution,Mohammed Ali
COM01558,C0083,2024-04-09,Phone Call,Schedule confirmation,Mohammed Ali
COM06346,C0336,2024-04-09,Phone Call,Invoice query,Fatima Ahmed
COM04073,C0215,2024-04-09,Meeting,Training needs assessment,Mohammed Ali
COM07612,C0403,2024-04-09,Phone Call,Feedback discussion,Noura Salem
COM03097,C0167,2024-04-10,Meeting,New course announcement,Sara Hassan
COM04849,C0252,2024-04-10,Meeting,Course recommendation,Fatima Ahmed
COM02636,C0142,2024-04-10,WhatsApp,Thank you message,Mohammed Ali
COM09150,C0488,2024-04-10,WhatsApp,Thank you message,Sara Hassan
COM05655,C0296,2024-04-10,Meeting,Satisfaction survey,Noura Salem
COM02375,C0130,2024-04-10,Video Call,Satisfaction survey,Mohammed Ali
COM04950,C0256,2024-04-10,Meeting,Feedback discussion,Fatima Ahmed
COM02192,C0121,2024-04-10,Meeting,Thank you message,Noura Salem
COM00211,C0010,2024-04-10,Video Call,New course announcement,Mohammed Ali
COM03498,C0185,2024-04-10,Email,Follow-up on booking,Noura Salem
COM03739,C0196,2024-04-10,WhatsApp,General inquiry,Mohammed Ali
COM07483,C0395,2024-04-10,Meeting,Schedule confirmation,Mohammed Ali
COM05198,C0273,2024-04-10,Email,Invoice query,Ahmed Abdullah
COM02963,C0159,2024-04-11,Email,Renewal discussion,Sara Hassan
COM02829,C0153,2024-04-11,Video Call,Account review,Noura Salem
COM05536,C0290,2024-04-11,Meeting,Course recommendation,Mohammed Ali
COM08600,C0460,2024-04-12,Meeting,Quotation request,Sara Hassan
COM02571,C0138,2024-04-12,Phone Call,General inquiry,Ahmed Abdullah
COM08318,C0442,2024-04-12,Video Call,Follow-up on booking,Noura Salem
COM04903,C0254,2024-04-12,Phone Call,Schedule confirmation,Fatima Ahmed
COM08950,C0478,2024-04-12,WhatsApp,Course recommendation,Mohammed Ali
COM07851,C0414,2024-04-12,Meeting,Quotation request,Fatima Ahmed
COM00375,C0017,2024-04-12,Video Call,Quotation request,Fatima Ahmed
COM02974,C0159,2024-04-12,Meeting,Thank you message,Sara Hassan
COM03333,C0176,2024-04-12,Phone Call,Schedule confirmation,Sara Hassan
COM01592,C0084,2024-04-12,Phone Call,Feedback discussion,Sara Hassan
COM03186,C0171,2024-04-12,Phone Call,Renewal discussion,Sara Hassan
COM08230,C0437,2024-04-13,Phone Call,New course announcement,Noura Salem
COM02101,C0114,2024-04-13,WhatsApp,Satisfaction survey,Fatima Ahmed
COM06209,C0328,2024-04-13,Email,Satisfaction survey,Mohammed Ali
COM05833,C0304,2024-04-13,Email,Quotation request,Mohammed Ali
COM06539,C0345,2024-04-13,Email,Account review,Noura Salem
COM05986,C0315,2024-04-13,Meeting,Training needs assessment,Noura Salem
COM01671,C0089,2024-04-13,Meeting,Renewal discussion,Ahmed Abdullah
COM04328,C0224,2024-04-13,Email,Complaint resolution,Ahmed Abdullah
COM03861,C0203,2024-04-13,Phone Call,Satisfaction survey,Fatima Ahmed
COM05299,C0279,2024-04-14,Email,Course recommendation,Mohammed Ali
COM05291,C0278,2024-04-14,Meeting,Feedback discussion,Fatima Ahmed
COM08843,C0471,2024-04-14,WhatsApp,New course announcement,Ahmed Abdullah
COM00781,C0038,2024-04-14,Phone Call,Satisfaction survey,Noura Salem
COM00299,C0014,2024-04-14,Meeting,Training needs assessment,Sara Hassan
COM01114,C0058,2024-04-14,WhatsApp,General inquiry,Mohammed Ali
COM07600,C0402,2024-04-14,Email,Course recommendation,Noura Salem
COM04315,C0224,2024-04-14,WhatsApp,General inquiry,Ahmed Abdullah
COM07214,C0380,2024-04-14,Email,General inquiry,Fatima Ahmed
COM02034,C0109,2024-04-15,Video Call,Course recommendation,Fatima Ahmed
COM03194,C0171,2024-04-15,Video Call,Complaint resolution,Sara Hassan
COM01273,C0065,2024-04-15,WhatsApp,Renewal discussion,Ahmed Abdullah
COM05547,C0291,2024-04-15,Video Call,Invoice query,Sara Hassan
COM04210,C0222,2024-04-15,Email,General inquiry,Mohammed Ali
COM09206,C0491,2024-04-15,Email,Thank you message,Fatima Ahmed
COM06377,C0337,2024-04-16,Meeting,Renewal discussion,Fatima Ahmed
COM03238,C0173,2024-04-16,Phone Call,Quotation request,Noura Salem
COM00853,C0043,2024-04-16,Phone Call,New course announcement,Ahmed Abdullah
COM08658,C0462,2024-04-16,Email,Satisfaction survey,Fatima Ahmed
COM00033,C0001,2024-04-16,Video Call,New course announcement,Noura Salem
COM01639,C0087,2024-04-16,WhatsApp,Thank you message,Fatima Ahmed
COM03503,C0185,2024-04-16,Meeting,Complaint resolution,Noura Salem
COM02406,C0132,2024-04-16,WhatsApp,Schedule confirmation,Sara Hassan
COM02178,C0119,2024-04-16,Video Call,Thank you message,Noura Salem
COM08910,C0475,2024-04-17,Meeting,Feedback discussion,Noura Salem
COM05364,C0283,2024-04-17,Email,Course recommendation,Fatima Ahmed
COM04917,C0254,2024-04-17,Meeting,Thank you message,Fatima Ahmed
COM00971,C0052,2024-04-17,Phone Call,Quotation request,Ahmed Abdullah
COM09177,C0488,2024-04-18,Video Call,Follow-up on booking,Sara Hassan
COM01402,C0073,2024-04-18,Email,Quotation request,Mohammed Ali
COM06554,C0346,2024-04-18,Email,Satisfaction survey,Mohammed Ali
COM07818,C0413,2024-04-18,Email,Renewal discussion,Ahmed Abdullah
COM03991,C0210,2024-04-18,WhatsApp,Course recommendation,Ahmed Abdullah
COM08680,C0464,2024-04-18,Phone Call,Thank you message,Sara Hassan
COM08309,C0442,2024-04-18,Email,Complaint resolution,Noura Salem
COM06229,C0328,2024-04-19,WhatsApp,New course announcement,Mohammed Ali
COM04707,C0244,2024-04-19,Meeting,Quotation request,Fatima Ahmed
COM04331,C0224,2024-04-19,Phone Call,Quotation request,Ahmed Abdullah
COM05692,C0298,2024-04-19,Meeting,Satisfaction survey,Fatima Ahmed
COM06141,C0324,2024-04-20,Phone Call,Satisfaction survey,Noura Salem
COM00611,C0027,2024-04-20,Video Call,Schedule confirmation,Mohammed Ali
COM01758,C0093,2024-04-20,Phone Call,Feedback discussion,Ahmed Abdullah
COM03508,C0186,2024-04-20,Phone Call,General inquiry,Noura Salem
COM03724,C0195,2024-04-20,WhatsApp,Quotation request,Sara Hassan
COM07682,C0408,2024-04-21,WhatsApp,Complaint resolution,Mohammed Ali
COM04681,C0241,2024-04-21,Video Call,Satisfaction survey,Fatima Ahmed
COM05568,C0291,2024-04-21,Phone Call,Renewal discussion,Sara Hassan
COM03858,C0203,2024-04-21,Phone Call,Complaint resolution,Fatima Ahmed
COM00600,C0027,2024-04-21,Meeting,New course announcement,Mohammed Ali
COM06056,C0321,2024-04-21,Video Call,Course recommendation,Ahmed Abdullah
COM08018,C0424,2024-04-22,WhatsApp,Thank you message,Ahmed Abdullah
COM04937,C0255,2024-04-22,WhatsApp,Account review,Ahmed Abdullah
COM04838,C0252,2024-04-22,Email,Satisfaction survey,Fatima Ahmed
COM05334,C0282,2024-04-22,WhatsApp,Schedule confirmation,Sara Hassan
COM09038,C0483,2024-04-22,Email,Thank you message,Mohammed Ali
COM04684,C0241,2024-04-22,Video Call,Thank you message,Fatima Ahmed
COM05369,C0283,2024-04-22,WhatsApp,Invoice query,Fatima Ahmed
COM07628,C0405,2024-04-22,Phone Call,Renewal discussion,Noura Salem
COM07194,C0378,2024-04-22,Meeting,Follow-up on booking,Sara Hassan
COM03224,C0173,2024-04-22,Video Call,Thank you message,Noura Salem
COM04299,C0223,2024-04-22,Phone Call,Complaint resolution,Sara Hassan
COM07885,C0416,2024-04-22,Email,Training needs assessment,Sara Hassan
COM01036,C0057,2024-04-23,Email,Training needs assessment,Mohammed Ali
COM02308,C0129,2024-04-23,Email,Schedule confirmation,Sara Hassan
COM09032,C0483,2024-04-23,Phone Call,New course announcement,Mohammed Ali
COM02400,C0132,2024-04-23,Email,Account review,Sara Hassan
COM03251,C0174,2024-04-24,Email,General inquiry,Ahmed Abdullah
COM01774,C0094,2024-04-24,WhatsApp,Account review,Mohammed Ali
COM08421,C0450,2024-04-24,Email,Quotation request,Sara Hassan
COM04740,C0246,2024-04-24,WhatsApp,Training needs assessment,Noura Salem
COM04383,C0225,2024-04-24,Meeting,Training needs assessment,Sara Hassan
COM02710,C0147,2024-04-25,Video Call,Follow-up on booking,Noura Salem
COM06662,C0351,2024-04-25,Meeting,Complaint resolution,Sara Hassan
COM02201,C0121,2024-04-25,Meeting,Satisfaction survey,Noura Salem
COM00686,C0031,2024-04-25,WhatsApp,Quotation request,Noura Salem
COM08379,C0445,2024-04-25,Meeting,Complaint resolution,Sara Hassan
COM09055,C0484,2024-04-25,WhatsApp,Feedback discussion,Mohammed Ali
COM04200,C0221,2024-04-25,WhatsApp,Schedule confirmation,Ahmed Abdullah
COM09124,C0487,2024-04-25,Phone Call,Account review,Sara Hassan
COM08593,C0459,2024-04-25,Email,New course announcement,Ahmed Abdullah
COM04343,C0224,2024-04-25,Email,New course announcement,Ahmed Abdullah
COM03492,C0185,2024-04-25,Video Call,Satisfaction survey,Noura Salem
COM06136,C0324,2024-04-26,Video Call,Quotation request,Noura Salem
COM04778,C0250,2024-04-26,Meeting,Feedback discussion,Noura Salem
COM01400,C0073,2024-04-26,Video Call,Satisfaction survey,Mohammed Ali
COM08630,C0462,2024-04-26,Phone Call,General inquiry,Fatima Ahmed
COM09194,C0490,2024-04-27,WhatsApp,Account review,Mohammed Ali
COM03197,C0171,2024-04-27,Phone Call,Quotation request,Sara Hassan
COM05139,C0269,2024-04-27,Phone Call,Satisfaction survey,Mohammed Ali
COM04010,C0211,2024-04-27,Video Call,Quotation request,Fatima Ahmed
COM06309,C0334,2024-04-27,Video Call,Course recommendation,Mohammed Ali
COM09028,C0483,2024-04-27,WhatsApp,Satisfaction survey,Mohammed Ali
COM03035,C0165,2024-04-27,Phone Call,Training needs assessment,Sara Hassan
COM09353,C0498,2024-04-27,Email,Account review,Noura Salem
COM00511,C0022,2024-04-28,Video Call,Training needs assessment,Fatima Ahmed
COM08016,C0424,2024-04-28,Meeting,General inquiry,Ahmed Abdullah
COM01795,C0097,2024-04-28,Email,Satisfaction survey,Fatima Ahmed
COM06101,C0322,2024-04-28,Meeting,Follow-up on booking,Ahmed Abdullah
COM08345,C0443,2024-04-28,Video Call,Follow-up on booking,Sara Hassan
COM08911,C0475,2024-04-28,WhatsApp,Account review,Noura Salem
COM04336,C0224,2024-04-28,Email,Quotation request,Ahmed Abdullah
COM02984,C0161,2024-04-29,WhatsApp,Quotation request,Sara Hassan
COM01799,C0097,2024-04-29,Email,General inquiry,Fatima Ahmed
COM06652,C0351,2024-04-29,WhatsApp,Thank you message,Sara Hassan
COM09331,C0498,2024-04-29,Phone Call,Follow-up on booking,Noura Salem
COM07299,C0383,2024-04-29,WhatsApp,Satisfaction survey,Fatima Ahmed
COM09058,C0484,2024-04-29,Video Call,Course recommendation,Mohammed Ali
COM02179,C0119,2024-04-29,Phone Call,Complaint resolution,Noura Salem
COM02581,C0138,2024-04-29,Email,General inquiry,Ahmed Abdullah
COM05179,C0271,2024-04-30,Meeting,Quotation request,Mohammed Ali
COM05092,C0267,2024-04-30,WhatsApp,Satisfaction survey,Noura Salem
COM00497,C0022,2024-04-30,Meeting,General inquiry,Fatima Ahmed
COM07070,C0374,2024-04-30,Meeting,Follow-up on booking,Mohammed Ali
COM07241,C0380,2024-04-30,Meeting,Feedback discussion,Fatima Ahmed
COM04250,C0222,2024-04-30,WhatsApp,Satisfaction survey,Mohammed Ali
COM02588,C0138,2024-04-30,Email,General inquiry,Ahmed Abdullah
COM03558,C0189,2024-05-01,Video Call,Invoice query,Mohammed Ali
COM01346,C0070,2024-05-01,Email,New course announcement,Sara Hassan
COM01182,C0061,2024-05-01,WhatsApp,Follow-up on booking,Mohammed Ali
COM06052,C0321,2024-05-02,Email,Schedule confirmation,Ahmed Abdullah
COM09065,C0484,2024-05-02,Phone Call,Invoice query,Mohammed Ali
COM03866,C0203,2024-05-02,Meeting,Renewal discussion,Fatima Ahmed
COM06510,C0345,2024-05-02,Video Call,Thank you message,Noura Salem
COM06126,C0324,2024-05-02,WhatsApp,Complaint resolution,Noura Salem
COM01667,C0088,2024-05-02,Video Call,Follow-up on booking,Sara Hassan
COM02609,C0140,2024-05-02,Email,Invoice query,Mohammed Ali
COM08523,C0457,2024-05-03,Email,Follow-up on booking,Fatima Ahmed
COM04560,C0235,2024-05-03,WhatsApp,Feedback discussion,Sara Hassan
COM03952,C0207,2024-05-03,Video Call,Schedule confirmation,Noura Salem
COM01064,C0057,2024-05-03,Email,Schedule confirmation,Mohammed Ali
COM02231,C0123,2024-05-03,WhatsApp,Course recommendation,Mohammed Ali
COM00850,C0043,2024-05-04,Video Call,Follow-up on booking,Ahmed Abdullah
COM07335,C0387,2024-05-04,WhatsApp,General inquiry,Mohammed Ali
COM01633,C0086,2024-05-04,Phone Call,Complaint resolution,Ahmed Abdullah
COM01140,C0060,2024-05-04,Meeting,General inquiry,Sara Hassan
COM08418,C0450,2024-05-04,Video Call,Account review,Sara Hassan
COM06104,C0322,2024-05-04,Email,Renewal discussion,Ahmed Abdullah
COM06303,C0334,2024-05-04,Meeting,Training needs assessment,Mohammed Ali
COM03703,C0194,2024-05-04,Email,General inquiry,Mohammed Ali
COM01011,C0056,2024-05-04,Video Call,Feedback discussion,Sara Hassan
COM04592,C0237,2024-05-04,WhatsApp,Thank you message,Sara Hassan
COM03246,C0173,2024-05-05,Phone Call,Quotation request,Noura Salem
COM05456,C0286,2024-05-05,WhatsApp,General inquiry,Fatima Ahmed
COM03113,C0167,2024-05-05,Video Call,General inquiry,Sara Hassan
COM06557,C0346,2024-05-05,Phone Call,Satisfaction survey,Mohammed Ali
COM07507,C0396,2024-05-05,Email,Quotation request,Fatima Ahmed
COM02166,C0118,2024-05-05,Email,Course recommendation,Noura Salem
COM04278,C0223,2024-05-05,Video Call,General inquiry,Sara Hassan
COM01878,C0100,2024-05-05,WhatsApp,Complaint resolution,Ahmed Abdullah
COM04389,C0225,2024-05-05,Meeting,Feedback discussion,Sara Hassan
COM03409,C0180,2024-05-06,Phone Call,Follow-up on booking,Fatima Ahmed
COM01335,C0069,2024-05-06,Email,Training needs assessment,Fatima Ahmed
COM06490,C0344,2024-05-06,Meeting,Invoice query,Noura Salem
COM07116,C0375,2024-05-06,Phone Call,New course announcement,Fatima Ahmed
COM01395,C0073,2024-05-06,WhatsApp,Account review,Mohammed Ali
COM07502,C0396,2024-05-06,Phone Call,Satisfaction survey,Fatima Ahmed
COM01482,C0078,2024-05-06,WhatsApp,Training needs assessment,Fatima Ahmed
COM08953,C0478,2024-05-06,Video Call,Satisfaction survey,Mohammed Ali
COM05393,C0284,2024-05-06,Phone Call,Course recommendation,Mohammed Ali
COM06282,C0332,2024-05-06,Email,Feedback discussion,Noura Salem
COM09003,C0482,2024-05-06,Phone Call,Course recommendation,Noura Salem
COM03488,C0185,2024-05-06,Email,Invoice query,Noura Salem
COM08419,C0450,2024-05-07,WhatsApp,Training needs assessment,Sara Hassan
COM03924,C0205,2024-05-07,Video Call,Satisfaction survey,Mohammed Ali
COM08718,C0465,2024-05-07,Phone Call,Complaint resolution,Mohammed Ali
COM02004,C0109,2024-05-07,Phone Call,New course announcement,Fatima Ahmed
COM05698,C0298,2024-05-07,Phone Call,New course announcement,Fatima Ahmed
COM04356,C0224,2024-05-07,Meeting,Course recommendation,Ahmed Abdullah
COM05432,C0286,2024-05-07,Meeting,Invoice query,Fatima Ahmed
COM01385,C0073,2024-05-07,Email,Invoice query,Mohammed Ali
COM06747,C0357,2024-05-07,Email,Satisfaction survey,Sara Hassan
COM06766,C0357,2024-05-08,Email,Follow-up on booking,Sara Hassan
COM05417,C0285,2024-05-08,Email,Training needs assessment,Mohammed Ali
COM08714,C0464,2024-05-08,Phone Call,Training needs assessment,Sara Hassan
COM00083,C0004,2024-05-09,Meeting,Renewal discussion,Ahmed Abdullah
COM00786,C0038,2024-05-09,Video Call,Schedule confirmation,Noura Salem
COM03149,C0168,2024-05-09,Phone Call,Account review,Fatima Ahmed
COM01052,C0057,2024-05-09,WhatsApp,Training needs assessment,Mohammed Ali
COM01275,C0065,2024-05-09,Video Call,Thank you message,Ahmed Abdullah
COM02843,C0155,2024-05-09,Email,New course announcement,Mohammed Ali
COM04116,C0217,2024-05-09,Video Call,Complaint resolution,Noura Salem
COM02623,C0142,2024-05-09,Video Call,Thank you message,Mohammed Ali
COM01152,C0061,2024-05-09,Phone Call,New course announcement,Mohammed Ali
COM03639,C0191,2024-05-09,Email,General inquiry,Mohammed Ali
COM05066,C0266,2024-05-09,WhatsApp,Satisfaction survey,Noura Salem
COM09383,C0499,2024-05-10,Video Call,Feedback discussion,Fatima Ahmed
COM04327,C0224,2024-05-10,Video Call,Renewal discussion,Ahmed Abdullah
COM04605,C0237,2024-05-10,Meeting,Satisfaction survey,Sara Hassan
COM02824,C0153,2024-05-10,Video Call,Schedule confirmation,Noura Salem
COM01449,C0078,2024-05-10,WhatsApp,Renewal discussion,Fatima Ahmed
COM01235,C0064,2024-05-11,Video Call,Follow-up on booking,Noura Salem
COM03676,C0192,2024-05-11,WhatsApp,Satisfaction survey,Sara Hassan
COM00068,C0003,2024-05-11,WhatsApp,Invoice query,Fatima Ahmed
COM04483,C0231,2024-05-11,WhatsApp,Schedule confirmation,Sara Hassan
COM00679,C0031,2024-05-11,Email,Training needs assessment,Noura Salem
COM00499,C0022,2024-05-11,Meeting,Account review,Fatima Ahmed
COM00136,C0006,2024-05-12,WhatsApp,New course announcement,Mohammed Ali
COM07699,C0408,2024-05-12,Meeting,Satisfaction survey,Mohammed Ali
COM00419,C0019,2024-05-12,Video Call,New course announcement,Ahmed Abdullah
COM06396,C0339,2024-05-13,WhatsApp,Feedback discussion,Fatima Ahmed
COM03002,C0163,2024-05-13,Video Call,Renewal discussion,Ahmed Abdullah
COM03300,C0174,2024-05-13,Video Call,Schedule confirmation,Ahmed Abdullah
COM05759,C0301,2024-05-13,Phone Call,Schedule confirmation,Mohammed Ali
COM03009,C0163,2024-05-13,Phone Call,New course announcement,Ahmed Abdullah
COM08831,C0471,2024-05-13,Phone Call,Training needs assessment,Ahmed Abdullah
COM03033,C0165,2024-05-14,Meeting,Account review,Sara Hassan
COM02954,C0159,2024-05-14,Meeting,Account review,Sara Hassan
COM05757,C0301,2024-05-14,Phone Call,Quotation request,Mohammed Ali
COM08960,C0478,2024-05-14,Email,Schedule confirmation,Mohammed Ali
COM00003,C0001,2024-05-14,Video Call,Course recommendation,Noura Salem
COM08334,C0443,2024-05-15,Phone Call,Follow-up on booking,Sara Hassan
COM09018,C0483,2024-05-15,WhatsApp,Invoice query,Mohammed Ali
COM04369,C0225,2024-05-15,WhatsApp,Thank you message,Sara Hassan
COM06940,C0367,2024-05-15,Video Call,Account review,Ahmed Abdullah
COM05853,C0306,2024-05-15,Meeting,Invoice query,Fatima Ahmed
COM00847,C0042,2024-05-15,WhatsApp,Account review,Noura Salem
COM07358,C0387,2024-05-16,Video Call,Complaint resolution,Mohammed Ali
COM06636,C0351,2024-05-16,Meeting,Satisfaction survey,Sara Hassan
COM08132,C0430,2024-05-16,Phone Call,Feedback discussion,Mohammed Ali
COM05280,C0278,2024-05-16,Phone Call,Course recommendation,Fatima Ahmed
COM06694,C0353,2024-05-16,Meeting,Schedule confirmation,Mohammed Ali
COM06756,C0357,2024-05-16,Meeting,Thank you message,Sara Hassan
COM08107,C0430,2024-05-17,Video Call,General inquiry,Mohammed Ali
COM00777,C0038,2024-05-17,Video Call,Invoice query,Noura Salem
COM07917,C0417,2024-05-17,Email,Training needs assessment,Noura Salem
COM05674,C0296,2024-05-17,Email,Satisfaction survey,Noura Salem
COM01354,C0072,2024-05-17,Video Call,Satisfaction survey,Noura Salem
COM02785,C0152,2024-05-17,Phone Call,New course announcement,Mohammed Ali
COM04492,C0231,2024-05-17,WhatsApp,General inquiry,Sara Hassan
COM00090,C0005,2024-05-17,Meeting,Training needs assessment,Sara Hassan
COM03543,C0188,2024-05-17,Video Call,Satisfaction survey,Fatima Ahmed
COM06357,C0336,2024-05-17,Meeting,Feedback discussion,Fatima Ahmed
COM02328,C0129,2024-05-17,Email,Training needs assessment,Sara Hassan
COM08998,C0482,2024-05-17,Phone Call,Feedback discussion,Noura Salem
COM03399,C0180,2024-05-18,Meeting,Course recommendation,Fatima Ahmed
COM04700,C0244,2024-05-18,Meeting,Complaint resolution,Fatima Ahmed
COM03939,C0206,2024-05-18,Meeting,Thank you message,Fatima Ahmed
COM03709,C0194,2024-05-18,Email,Follow-up on booking,Mohammed Ali
COM01453,C0078,2024-05-18,WhatsApp,Account review,Fatima Ahmed
COM07560,C0400,2024-05-18,Meeting,New course announcement,Mohammed Ali
COM08116,C0430,2024-05-18,Phone Call,Satisfaction survey,Mohammed Ali
COM03223,C0173,2024-05-19,WhatsApp,Quotation request,Noura Salem
COM03730,C0196,2024-05-19,Video Call,New course announcement,Mohammed Ali
COM07050,C0372,2024-05-19,Email,Quotation request,Sara Hassan
COM05404,C0284,2024-05-19,Video Call,Course recommendation,Mohammed Ali
COM03633,C0191,2024-05-19,WhatsApp,Account review,Mohammed Ali
COM04704,C0244,2024-05-19,WhatsApp,Course recommendation,Fatima Ahmed
COM06246,C0330,2024-05-19,Video Call,Thank you message,Noura Salem
COM05816,C0304,2024-05-19,Meeting,Renewal discussion,Mohammed Ali
COM06388,C0339,2024-05-19,Email,Feedback discussion,Fatima Ahmed
COM02860,C0156,2024-05-20,Meeting,Account review,Fatima Ahmed
COM05657,C0296,2024-05-20,WhatsApp,Complaint resolution,Noura Salem
COM00359,C0017,2024-05-20,Phone Call,Quotation request,Fatima Ahmed
COM00591,C0025,2024-05-20,WhatsApp,Schedule confirmation,Fatima Ahmed
COM04596,C0237,2024-05-20,Email,Course recommendation,Sara Hassan
COM03897,C0203,2024-05-20,WhatsApp,General inquiry,Fatima Ahmed
COM02198,C0121,2024-05-20,Email,Complaint resolution,Noura Salem
COM02219,C0122,2024-05-20,Video Call,Quotation request,Noura Salem
COM09246,C0493,2024-05-20,Email,Complaint resolution,Sara Hassan
COM01571,C0084,2024-05-20,WhatsApp,Quotation request,Sara Hassan
COM05474,C0286,2024-05-20,WhatsApp,Training needs assessment,Fatima Ahmed
COM07484,C0395,2024-05-21,Email,Quotation request,Mohammed Ali
COM03234,C0173,2024-05-21,Phone Call,General inquiry,Noura Salem
COM08612,C0461,2024-05-21,WhatsApp,Training needs assessment,Noura Salem
COM05026,C0263,2024-05-21,Phone Call,General inquiry,Sara Hassan
COM09408,C0500,2024-05-21,WhatsApp,Satisfaction survey,Fatima Ahmed
COM05520,C0289,2024-05-21,Video Call,Satisfaction survey,Ahmed Abdullah
COM08139,C0430,2024-05-22,Video Call,Feedback discussion,Mohammed Ali
COM03575,C0189,2024-05-22,Video Call,New course announcement,Mohammed Ali
COM01551,C0082,2024-05-22,Email,Follow-up on booking,Noura Salem
COM04770,C0248,2024-05-22,Video Call,Account review,Ahmed Abdullah
COM05514,C0289,2024-05-22,Video Call,Satisfaction survey,Ahmed Abdullah
COM01038,C0057,2024-05-22,Meeting,Course recommendation,Mohammed Ali
COM00655,C0030,2024-05-22,Video Call,Thank you message,Fatima Ahmed
COM01808,C0097,2024-05-22,WhatsApp,Complaint resolution,Fatima Ahmed
COM06288,C0332,2024-05-23,Phone Call,Training needs assessment,Noura Salem
COM03222,C0173,2024-05-23,WhatsApp,Account review,Noura Salem
COM05450,C0286,2024-05-23,Video Call,Course recommendation,Fatima Ahmed
COM00717,C0033,2024-05-23,WhatsApp,Complaint resolution,Sara Hassan
COM06491,C0344,2024-05-24,Meeting,Invoice query,Noura Salem
COM03331,C0176,2024-05-24,Email,General inquiry,Sara Hassan
COM08166,C0432,2024-05-24,Phone Call,Feedback discussion,Ahmed Abdullah
COM03343,C0176,2024-05-24,Video Call,Complaint resolution,Sara Hassan
COM07256,C0380,2024-05-24,Email,Feedback discussion,Fatima Ahmed
COM04256,C0223,2024-05-24,WhatsApp,Thank you message,Sara Hassan
COM02011,C0109,2024-05-24,Email,Invoice query,Fatima Ahmed
COM08850,C0471,2024-05-24,WhatsApp,Thank you message,Ahmed Abdullah
COM08703,C0464,2024-05-24,Phone Call,Invoice query,Sara Hassan
COM00219,C0010,2024-05-24,Meeting,Follow-up on booking,Mohammed Ali
COM06859,C0362,2024-05-25,Phone Call,Complaint resolution,Ahmed Abdullah
COM04708,C0244,2024-05-25,Meeting,General inquiry,Fatima Ahmed
COM08588,C0459,2024-05-25,Meeting,New course announcement,Ahmed Abdullah
COM05716,C0298,2024-05-26,Video Call,General inquiry,Fatima Ahmed
COM02031,C0109,2024-05-26,Meeting,Training needs assessment,Fatima Ahmed
COM01836,C0099,2024-05-26,Meeting,Follow-up on booking,Fatima Ahmed
COM03064,C0165,2024-05-26,Email,Complaint resolution,Sara Hassan
COM01796,C0097,2024-05-27,WhatsApp,Account review,Fatima Ahmed
COM07945,C0419,2024-05-27,Email,Account review,Mohammed Ali
COM01960,C0104,2024-05-27,Meeting,Follow-up on booking,Noura Salem
COM03979,C0209,2024-05-27,Video Call,Schedule confirmation,Fatima Ahmed
COM06349,C0336,2024-05-27,Phone Call,Thank you message,Fatima Ahmed
COM02558,C0137,2024-05-27,WhatsApp,Training needs assessment,Fatima Ahmed
COM00025,C0001,2024-05-27,Phone Call,Thank you message,Noura Salem
COM06091,C0321,2024-05-27,WhatsApp,Schedule confirmation,Ahmed Abdullah
COM07408,C0389,2024-05-28,Meeting,Renewal discussion,Noura Salem
COM08242,C0438,2024-05-28,Phone Call,Thank you message,Ahmed Abdullah
COM05170,C0271,2024-05-28,WhatsApp,Satisfaction survey,Mohammed Ali
COM07107,C0375,2024-05-28,Email,Account review,Fatima Ahmed
COM00943,C0049,2024-05-28,Email,Course recommendation,Sara Hassan
COM05825,C0304,2024-05-28,Phone Call,Feedback discussion,Mohammed Ali
COM07168,C0378,2024-05-28,WhatsApp,Renewal discussion,Sara Hassan
COM00934,C0048,2024-05-29,Meeting,Course recommendation,Mohammed Ali
COM07389,C0388,2024-05-29,Meeting,Invoice query,Sara Hassan
COM00271,C0012,2024-05-29,Email,General inquiry,Fatima Ahmed
COM00227,C0010,2024-05-29,WhatsApp,Satisfaction survey,Mohammed Ali
COM07220,C0380,2024-05-30,WhatsApp,Quotation request,Fatima Ahmed
COM02239,C0124,2024-05-30,Meeting,Account review,Fatima Ahmed
COM01882,C0100,2024-05-30,Email,Training needs assessment,Ahmed Abdullah
COM05947,C0311,2024-05-30,Email,New course announcement,Ahmed Abdullah
COM06214,C0328,2024-05-31,Video Call,Quotation request,Mohammed Ali
COM09120,C0487,2024-05-31,Meeting,Course recommendation,Sara Hassan
COM05295,C0279,2024-05-31,Video Call,Quotation request,Mohammed Ali
COM01812,C0097,2024-05-31,Email,Renewal discussion,Fatima Ahmed
COM08472,C0452,2024-05-31,Phone Call,Training needs assessment,Ahmed Abdullah
COM06375,C0337,2024-05-31,Video Call,Invoice query,Fatima Ahmed
COM06551,C0345,2024-05-31,WhatsApp,Training needs assessment,Noura Salem
COM05512,C0289,2024-05-31,Email,Course recommendation,Ahmed Abdullah
COM02982,C0161,2024-05-31,Meeting,Thank you message,Sara Hassan
COM03482,C0185,2024-06-01,Video Call,Schedule confirmation,Noura Salem
COM05528,C0289,2024-06-01,WhatsApp,Complaint resolution,Ahmed Abdullah
COM02804,C0153,2024-06-01,WhatsApp,New course announcement,Noura Salem
COM07401,C0388,2024-06-01,Email,Renewal discussion,Sara Hassan
COM00587,C0025,2024-06-01,Meeting,Satisfaction survey,Fatima Ahmed
COM02372,C0130,2024-06-01,Email,Satisfaction survey,Mohammed Ali
COM05095,C0267,2024-06-01,Meeting,Training needs assessment,Noura Salem
COM06821,C0361,2024-06-01,Video Call,New course announcement,Fatima Ahmed
COM07012,C0370,2024-06-02,Phone Call,Training needs assessment,Fatima Ahmed
COM03753,C0196,2024-06-02,Video Call,New course announcement,Mohammed Ali
COM00579,C0025,2024-06-02,Phone Call,General inquiry,Fatima Ahmed
COM08064,C0426,2024-06-02,Phone Call,Account review,Fatima Ahmed
COM07846,C0414,2024-06-02,Email,Complaint resolution,Fatima Ahmed
COM03928,C0206,2024-06-02,Video Call,Renewal discussion,Fatima Ahmed
COM03496,C0185,2024-06-03,Video Call,Satisfaction survey,Noura Salem
COM01830,C0099,2024-06-03,Email,Account review,Fatima Ahmed
COM01162,C0061,2024-06-03,Video Call,Feedback discussion,Mohammed Ali
COM01784,C0095,2024-06-03,Email,Feedback discussion,Ahmed Abdullah
COM08435,C0450,2024-06-03,Phone Call,Quotation request,Sara Hassan
COM07244,C0380,2024-06-03,Video Call,Quotation request,Fatima Ahmed
COM02144,C0118,2024-06-04,Phone Call,General inquiry,Noura Salem
COM07931,C0417,2024-06-04,Meeting,New course announcement,Noura Salem
COM00381,C0018,2024-06-04,Email,Renewal discussion,Sara Hassan
COM05127,C0269,2024-06-04,Meeting,General inquiry,Mohammed Ali
COM05390,C0283,2024-06-04,Email,Invoice query,Fatima Ahmed
COM08824,C0470,2024-06-04,WhatsApp,New course announcement,Ahmed Abdullah
COM01544,C0081,2024-06-04,Meeting,Account review,Noura Salem
COM06642,C0351,2024-06-04,Meeting,Feedback discussion,Sara Hassan
COM08480,C0452,2024-06-04,Email,Schedule confirmation,Ahmed Abdullah
COM00294,C0014,2024-06-05,Video Call,New course announcement,Sara Hassan
COM06480,C0344,2024-06-05,Video Call,Quotation request,Noura Salem
COM07488,C0395,2024-06-05,Meeting,General inquiry,Mohammed Ali
COM01012,C0056,2024-06-05,Video Call,Feedback discussion,Sara Hassan
COM06837,C0361,2024-06-05,Email,Quotation request,Fatima Ahmed
COM08914,C0475,2024-06-05,Phone Call,Course recommendation,Noura Salem
COM00016,C0001,2024-06-05,WhatsApp,Course recommendation,Noura Salem
COM02975,C0159,2024-06-05,Email,Follow-up on booking,Sara Hassan
COM07380,C0388,2024-06-05,Email,Thank you message,Sara Hassan
COM02494,C0134,2024-06-05,WhatsApp,Satisfaction survey,Noura Salem
COM03571,C0189,2024-06-06,Meeting,Schedule confirmation,Mohammed Ali
COM02165,C0118,2024-06-06,Meeting,Quotation request,Noura Salem
COM06860,C0362,2024-06-06,Video Call,Invoice query,Ahmed Abdullah
COM01322,C0069,2024-06-06,Meeting,Renewal discussion,Fatima Ahmed
COM02639,C0142,2024-06-06,WhatsApp,General inquiry,Mohammed Ali
COM04647,C0239,2024-06-07,Phone Call,Follow-up on booking,Fatima Ahmed
COM06045,C0320,2024-06-07,Meeting,Account review,Noura Salem
COM04635,C0238,2024-06-07,Video Call,Training needs assessment,Sara Hassan
COM02272,C0125,2024-06-07,Phone Call,Schedule confirmation,Sara Hassan
COM05286,C0278,2024-06-07,Meeting,Follow-up on booking,Fatima Ahmed
COM07213,C0380,2024-06-07,Video Call,Account review,Fatima Ahmed
COM03645,C0191,2024-06-08,Video Call,Renewal discussion,Mohammed Ali
COM08845,C0471,2024-06-08,Phone Call,Complaint resolution,Ahmed Abdullah
COM06143,C0324,2024-06-08,Meeting,Course recommendation,Noura Salem
COM07528,C0399,2024-06-08,Meeting,Follow-up on booking,Ahmed Abdullah
COM08816,C0470,2024-06-08,Phone Call,General inquiry,Ahmed Abdullah
COM07784,C0410,2024-06-08,Email,Quotation request,Mohammed Ali
COM06500,C0345,2024-06-08,Phone Call,General inquiry,Noura Salem
COM00524,C0022,2024-06-08,Email,Schedule confirmation,Fatima Ahmed
COM08291,C0440,2024-06-08,Phone Call,Invoice query,Mohammed Ali
COM02852,C0156,2024-06-08,WhatsApp,Course recommendation,Fatima Ahmed
COM07719,C0408,2024-06-08,Video Call,Course recommendation,Mohammed Ali
COM00641,C0028,2024-06-08,WhatsApp,General inquiry,Fatima Ahmed
COM02896,C0157,2024-06-08,Meeting,New course announcement,Noura Salem
COM05661,C0296,2024-06-09,Meeting,Feedback discussion,Noura Salem
COM01518,C0080,2024-06-09,Meeting,Schedule confirmation,Ahmed Abdullah
COM02621,C0142,2024-06-09,Meeting,Training needs assessment,Mohammed Ali
COM00277,C0012,2024-06-09,Video Call,Feedback discussion,Fatima Ahmed
COM04048,C0214,2024-06-09,WhatsApp,Thank you message,Noura Salem
COM07894,C0417,2024-06-10,Email,Feedback discussion,Noura Salem
COM06957,C0367,2024-06-10,Phone Call,Invoice query,Ahmed Abdullah
COM04261,C0223,2024-06-10,Meeting,New course announcement,Sara Hassan
COM09226,C0493,2024-06-11,Video Call,Invoice query,Sara Hassan
COM05382,C0283,2024-06-11,Meeting,Complaint resolution,Fatima Ahmed
COM01265,C0065,2024-06-11,Meeting,Satisfaction survey,Ahmed Abdullah
COM07533,C0399,2024-06-11,Phone Call,Invoice query,Ahmed Abdullah
COM09049,C0483,2024-06-11,WhatsApp,Course recommendation,Mohammed Ali
COM03173,C0170,2024-06-11,Video Call,Renewal discussion,Mohammed Ali
COM00408,C0019,2024-06-12,Video Call,New course announcement,Ahmed Abdullah
COM07828,C0414,2024-06-12,Phone Call,Renewal discussion,Fatima Ahmed
COM03993,C0210,2024-06-12,Email,Renewal discussion,Ahmed Abdullah
COM02570,C0138,2024-06-12,Phone Call,Feedback discussion,Ahmed Abdullah
COM07042,C0371,2024-06-12,Video Call,Invoice query,Fatima Ahmed
COM05827,C0304,2024-06-12,Meeting,Quotation request,Mohammed Ali
COM07176,C0378,2024-06-12,Email,Course recommendation,Sara Hassan
COM04861,C0252,2024-06-12,Meeting,Invoice query,Fatima Ahmed
COM07142,C0377,2024-06-12,Meeting,Thank you message,Mohammed Ali
COM05386,C0283,2024-06-12,Video Call,Renewal discussion,Fatima Ahmed
COM06661,C0351,2024-06-12,Meeting,Thank you message,Sara Hassan
COM02242,C0124,2024-06-12,Phone Call,Schedule confirmation,Fatima Ahmed
COM03472,C0185,2024-06-13,Email,General inquiry,Noura Salem
COM04240,C0222,2024-06-13,Meeting,New course announcement,Mohammed Ali
COM02778,C0152,2024-06-13,Video Call,Feedback discussion,Mohammed Ali
COM08327,C0443,2024-06-13,WhatsApp,Feedback discussion,Sara Hassan
COM05648,C0296,2024-06-13,Meeting,Satisfaction survey,Noura Salem
COM00358,C0017,2024-06-13,Meeting,Satisfaction survey,Fatima Ahmed
COM07745,C0410,2024-06-13,Email,New course announcement,Mohammed Ali
COM08938,C0477,2024-06-13,Phone Call,Training needs assessment,Ahmed Abdullah
COM03608,C0191,2024-06-13,Video Call,Course recommendation,Mohammed Ali
COM04368,C0225,2024-06-13,Meeting,Feedback discussion,Sara Hassan
COM02888,C0157,2024-06-13,Phone Call,New course announcement,Noura Salem
COM00307,C0014,2024-06-13,Email,Course recommendation,Sara Hassan
COM02500,C0134,2024-06-13,Video Call,Schedule confirmation,Noura Salem
COM09162,C0488,2024-06-14,Email,General inquiry,Sara Hassan
COM09097,C0487,2024-06-14,Meeting,Account review,Sara Hassan
COM09087,C0487,2024-06-14,Video Call,General inquiry,Sara Hassan
COM04099,C0216,2024-06-14,WhatsApp,Invoice query,Noura Salem
COM04317,C0224,2024-06-14,Video Call,Renewal discussion,Ahmed Abdullah
COM06204,C0327,2024-06-14,Meeting,Account review,Noura Salem
COM01969,C0105,2024-06-14,WhatsApp,Training needs assessment,Ahmed Abdullah
COM07925,C0417,2024-06-15,WhatsApp,Renewal discussion,Noura Salem
COM08170,C0433,2024-06-15,Email,Training needs assessment,Ahmed Abdullah
COM06087,C0321,2024-06-15,Email,Schedule confirmation,Ahmed Abdullah
COM04285,C0223,2024-06-15,Meeting,Feedback discussion,Sara Hassan
COM08957,C0478,2024-06-15,Meeting,Quotation request,Mohammed Ali
COM09223,C0493,2024-06-15,Video Call,Renewal discussion,Sara Hassan
COM02503,C0134,2024-06-15,WhatsApp,Satisfaction survey,Noura Salem
COM06816,C0361,2024-06-15,Email,Satisfaction survey,Fatima Ahmed
COM01029,C0057,2024-06-15,WhatsApp,Complaint resolution,Mohammed Ali
COM07396,C0388,2024-06-15,Phone Call,Feedback discussion,Sara Hassan
COM06350,C0336,2024-06-15,Phone Call,Training needs assessment,Fatima Ahmed
COM00208,C0009,2024-06-16,Phone Call,Feedback discussion,Noura Salem
COM03202,C0171,2024-06-16,Email,Complaint resolution,Sara Hassan
COM08804,C0469,2024-06-16,Phone Call,Thank you message,Noura Salem
COM04133,C0217,2024-06-16,Phone Call,Invoice query,Noura Salem
COM02784,C0152,2024-06-17,Meeting,Invoice query,Mohammed Ali
COM08698,C0464,2024-06-17,Video Call,Satisfaction survey,Sara Hassan
COM06369,C0336,2024-06-17,Phone Call,Account review,Fatima Ahmed
COM05167,C0271,2024-06-17,Video Call,Complaint resolution,Mohammed Ali
COM03455,C0182,2024-06-17,Phone Call,Quotation request,Mohammed Ali
COM00060,C0003,2024-06-18,Video Call,Renewal discussion,Fatima Ahmed
COM00606,C0027,2024-06-18,Email,Satisfaction survey,Mohammed Ali
COM00210,C0009,2024-06-18,Meeting,Satisfaction survey,Noura Salem
COM06738,C0357,2024-06-18,Video Call,General inquiry,Sara Hassan
COM05116,C0269,2024-06-18,Email,Training needs assessment,Mohammed Ali
COM04354,C0224,2024-06-18,Email,Renewal discussion,Ahmed Abdullah
COM07393,C0388,2024-06-18,Video Call,Follow-up on booking,Sara Hassan
COM06785,C0359,2024-06-18,Email,Invoice query,Ahmed Abdullah
COM09165,C0488,2024-06-18,WhatsApp,Schedule confirmation,Sara Hassan
COM00783,C0038,2024-06-19,WhatsApp,Account review,Noura Salem
COM09094,C0487,2024-06-19,Video Call,Training needs assessment,Sara Hassan
COM05051,C0263,2024-06-19,Email,Quotation request,Sara Hassan
COM00442,C0021,2024-06-19,Meeting,Account review,Mohammed Ali
COM07988,C0422,2024-06-19,WhatsApp,Schedule confirmation,Sara Hassan
COM09134,C0487,2024-06-20,Email,Thank you message,Sara Hassan
COM06872,C0362,2024-06-20,Phone Call,Account review,Ahmed Abdullah
COM01740,C0092,2024-06-20,Video Call,Thank you message,Noura Salem
COM05120,C0269,2024-06-20,Meeting,Training needs assessment,Mohammed Ali
COM08101,C0429,2024-06-20,Phone Call,Quotation request,Noura Salem
COM04092,C0216,2024-06-20,Email,Thank you message,Noura Salem
COM02366,C0130,2024-06-20,Meeting,Feedback discussion,Mohammed Ali
COM02143,C0118,2024-06-20,Meeting,Feedback discussion,Noura Salem
COM01366,C0072,2024-06-20,Video Call,Training needs assessment,Noura Salem
COM05830,C0304,2024-06-20,Meeting,Follow-up on booking,Mohammed Ali
COM00506,C0022,2024-06-20,WhatsApp,Quotation request,Fatima Ahmed
COM09182,C0488,2024-06-20,WhatsApp,Account review,Sara Hassan
COM02859,C0156,2024-06-21,Phone Call,Quotation request,Fatima Ahmed
COM07686,C0408,2024-06-21,Phone Call,Account review,Mohammed Ali
COM07596,C0401,2024-06-21,Email,Renewal discussion,Fatima Ahmed
COM03256,C0174,2024-06-21,WhatsApp,Invoice query,Ahmed Abdullah
COM01005,C0056,2024-06-21,Email,Course recommendation,Sara Hassan
COM06362,C0336,2024-06-21,Phone Call,Follow-up on booking,Fatima Ahmed
COM09328,C0497,2024-06-21,Phone Call,Thank you message,Ahmed Abdullah
COM03411,C0180,2024-06-22,Video Call,Complaint resolution,Fatima Ahmed
COM06420,C0340,2024-06-22,WhatsApp,Course recommendation,Ahmed Abdullah
COM00855,C0043,2024-06-22,Phone Call,Follow-up on booking,Ahmed Abdullah
COM02186,C0120,2024-06-22,Meeting,Invoice query,Sara Hassan
COM07453,C0392,2024-06-22,Meeting,Thank you message,Mohammed Ali
COM05918,C0311,2024-06-22,Video Call,New course announcement,Ahmed Abdullah
COM00193,C0009,2024-06-22,Phone Call,Feedback discussion,Noura Salem
COM00059,C0003,2024-06-22,WhatsApp,Account review,Fatima Ahmed
COM05772,C0301,2024-06-23,Phone Call,Follow-up on booking,Mohammed Ali
COM07955,C0419,2024-06-23,WhatsApp,Quotation request,Mohammed Ali
COM07228,C0380,2024-06-23,Video Call,Thank you message,Fatima Ahmed
COM08638,C0462,2024-06-23,Phone Call,Thank you message,Fatima Ahmed
COM06813,C0361,2024-06-23,Email,Feedback discussion,Fatima Ahmed
COM00270,C0012,2024-06-23,Meeting,Complaint resolution,Fatima Ahmed
COM02649,C0143,2024-06-23,WhatsApp,Renewal discussion,Mohammed Ali
COM05740,C0300,2024-06-23,Email,Satisfaction survey,Noura Salem
COM01176,C0061,2024-06-23,Video Call,Follow-up on booking,Mohammed Ali
COM05008,C0261,2024-06-23,WhatsApp,Thank you message,Mohammed Ali
COM09370,C0498,2024-06-23,Meeting,Feedback discussion,Noura Salem
COM07906,C0417,2024-06-24,Video Call,Invoice query,Noura Salem
COM06532,C0345,2024-06-24,WhatsApp,Satisfaction survey,Noura Salem
COM06280,C0332,2024-06-24,WhatsApp,Training needs assessment,Noura Salem
COM07424,C0391,2024-06-24,Meeting,Feedback discussion,Noura Salem
COM07263,C0381,2024-06-24,WhatsApp,Satisfaction survey,Noura Salem
COM01053,C0057,2024-06-24,Phone Call,Account review,Mohammed Ali
COM07340,C0387,2024-06-24,Meeting,Satisfaction survey,Mohammed Ali
COM09024,C0483,2024-06-24,Video Call,General inquiry,Mohammed Ali
COM05541,C0291,2024-06-24,Phone Call,Complaint resolution,Sara Hassan
COM06886,C0362,2024-06-25,WhatsApp,New course announcement,Ahmed Abdullah
COM03891,C0203,2024-06-25,Email,Training needs assessment,Fatima Ahmed
COM09081,C0486,2024-06-25,Email,General inquiry,Sara Hassan
COM00780,C0038,2024-06-25,Meeting,Quotation request,Noura Salem
COM08206,C0435,2024-06-25,Email,Course recommendation,Ahmed Abdullah
COM00276,C0012,2024-06-25,Email,Complaint resolution,Fatima Ahmed
COM02669,C0145,2024-06-25,WhatsApp,New course announcement,Ahmed Abdullah
COM01694,C0090,2024-06-25,WhatsApp,Complaint resolution,Fatima Ahmed
COM02131,C0117,2024-06-25,Phone Call,Thank you message,Mohammed Ali
COM08807,C0469,2024-06-26,Email,Account review,Noura Salem
COM09320,C0497,2024-06-26,Phone Call,Training needs assessment,Ahmed Abdullah
COM01823,C0098,2024-06-26,WhatsApp,Account review,Noura Salem
COM08473,C0452,2024-06-26,WhatsApp,Complaint resolution,Ahmed Abdullah
COM06220,C0328,2024-06-26,Phone Call,New course announcement,Mohammed Ali
COM05251,C0276,2024-06-26,Phone Call,Schedule confirmation,Fatima Ahmed
COM08906,C0475,2024-06-26,Meeting,Feedback discussion,Noura Salem
COM05529,C0289,2024-06-26,Video Call,Renewal discussion,Ahmed Abdullah
COM08724,C0465,2024-06-26,Email,Schedule confirmation,Mohammed Ali
COM03944,C0206,2024-06-27,WhatsApp,Account review,Fatima Ahmed
COM00473,C0021,2024-06-27,Video Call,Satisfaction survey,Mohammed Ali
COM00929,C0048,2024-06-27,Meeting,Complaint resolution,Mohammed Ali
COM03511,C0186,2024-06-27,Phone Call,Course recommendation,Noura Salem
COM07002,C0370,2024-06-27,WhatsApp,Follow-up on booking,Fatima Ahmed
COM08270,C0440,2024-06-27,WhatsApp,Invoice query,Mohammed Ali
COM07619,C0403,2024-06-27,Video Call,New course announcement,Noura Salem
COM06079,C0321,2024-06-28,WhatsApp,Satisfaction survey,Ahmed Abdullah
COM00197,C0009,2024-06-28,Video Call,Complaint resolution,Noura Salem
COM01254,C0065,2024-06-28,WhatsApp,Thank you message,Ahmed Abdullah
COM06080,C0321,2024-06-29,Video Call,Invoice query,Ahmed Abdullah
COM02976,C0160,2024-06-29,Email,Feedback discussion,Fatima Ahmed
COM03689,C0193,2024-06-29,WhatsApp,Quotation request,Fatima Ahmed
COM05377,C0283,2024-06-29,Email,Schedule confirmation,Fatima Ahmed
COM02134,C0117,2024-06-29,Meeting,Renewal discussion,Mohammed Ali
COM02691,C0146,2024-06-29,Email,Follow-up on booking,Fatima Ahmed
COM06297,C0333,2024-06-29,Email,Invoice query,Sara Hassan
COM07267,C0381,2024-06-29,Video Call,Satisfaction survey,Noura Salem
COM05387,C0283,2024-06-29,Meeting,Course recommendation,Fatima Ahmed
COM00178,C0007,2024-06-29,Video Call,New course announcement,Sara Hassan
COM07103,C0375,2024-06-30,Email,Thank you message,Fatima Ahmed
COM06633,C0351,2024-06-30,Video Call,Invoice query,Sara Hassan
COM06417,C0340,2024-06-30,Video Call,Feedback discussion,Ahmed Abdullah
COM06308,C0334,2024-06-30,Meeting,Training needs assessment,Mohammed Ali
COM02499,C0134,2024-06-30,Meeting,Quotation request,Noura Salem
COM00615,C0027,2024-06-30,Email,Thank you message,Mohammed Ali
COM00161,C0007,2024-06-30,Email,Training needs assessment,Sara Hassan
COM00866,C0043,2024-07-01,Phone Call,New course announcement,Ahmed Abdullah
COM09057,C0484,2024-07-01,Phone Call,Complaint resolution,Mohammed Ali
COM06381,C0338,2024-07-01,Video Call,Complaint resolution,Noura Salem
COM00712,C0033,2024-07-01,Email,Satisfaction survey,Sara Hassan
COM04338,C0224,2024-07-01,Meeting,Renewal discussion,Ahmed Abdullah
COM05011,C0261,2024-07-01,Meeting,Course recommendation,Mohammed Ali
COM02640,C0142,2024-07-01,Meeting,Training needs assessment,Mohammed Ali
COM01157,C0061,2024-07-02,Video Call,Follow-up on booking,Mohammed Ali
COM08069,C0426,2024-07-02,Video Call,Course recommendation,Fatima Ahmed
COM02130,C0117,2024-07-02,WhatsApp,Complaint resolution,Mohammed Ali
COM06289,C0332,2024-07-02,Video Call,Training needs assessment,Noura Salem
COM02113,C0115,2024-07-02,Meeting,General inquiry,Noura Salem
COM04974,C0259,2024-07-02,Email,Follow-up on booking,Sara Hassan
COM00653,C0030,2024-07-02,Phone Call,Follow-up on booking,Fatima Ahmed
COM04809,C0251,2024-07-02,Phone Call,Complaint resolution,Sara Hassan
COM05783,C0302,2024-07-03,Meeting,General inquiry,Mohammed Ali
COM08013,C0423,2024-07-03,Meeting,Course recommendation,Noura Salem
COM05140,C0269,2024-07-03,Video Call,Feedback discussion,Mohammed Ali
COM05670,C0296,2024-07-03,Email,New course announcement,Noura Salem
COM05931,C0311,2024-07-03,Email,Account review,Ahmed Abdullah
COM04342,C0224,2024-07-03,Email,General inquiry,Ahmed Abdullah
COM08117,C0430,2024-07-03,WhatsApp,Feedback discussion,Mohammed Ali
COM04643,C0239,2024-07-03,Email,New course announcement,Fatima Ahmed
COM07023,C0370,2024-07-03,WhatsApp,Account review,Fatima Ahmed
COM00871,C0043,2024-07-03,Email,New course announcement,Ahmed Abdullah
COM03453,C0182,2024-07-03,Video Call,Schedule confirmation,Mohammed Ali
COM03473,C0185,2024-07-03,Phone Call,Follow-up on booking,Noura Salem
COM04655,C0239,2024-07-04,Email,Training needs assessment,Fatima Ahmed
COM02648,C0143,2024-07-04,Email,Feedback discussion,Mohammed Ali
COM00561,C0024,2024-07-04,WhatsApp,Course recommendation,Noura Salem
COM06192,C0327,2024-07-04,WhatsApp,Invoice query,Noura Salem
COM08281,C0440,2024-07-04,Phone Call,Course recommendation,Mohammed Ali
COM01596,C0084,2024-07-04,Video Call,Training needs assessment,Sara Hassan
COM05542,C0291,2024-07-04,WhatsApp,Invoice query,Sara Hassan
COM01069,C0057,2024-07-04,Meeting,Account review,Mohammed Ali
COM07998,C0423,2024-07-04,WhatsApp,Course recommendation,Noura Salem
COM01403,C0073,2024-07-04,Phone Call,Training needs assessment,Mohammed Ali
COM07964,C0420,2024-07-05,Phone Call,Course recommendation,Ahmed Abdullah
COM06628,C0350,2024-07-05,Video Call,Quotation request,Sara Hassan
COM03764,C0197,2024-07-05,Phone Call,Thank you message,Mohammed Ali
COM05914,C0311,2024-07-05,WhatsApp,Training needs assessment,Ahmed Abdullah
COM05715,C0298,2024-07-05,Phone Call,Thank you message,Fatima Ahmed
COM07172,C0378,2024-07-05,WhatsApp,Account review,Sara Hassan
COM03336,C0176,2024-07-05,WhatsApp,New course announcement,Sara Hassan
COM05745,C0300,2024-07-05,Email,Renewal discussion,Noura Salem
COM02496,C0134,2024-07-06,WhatsApp,Schedule confirmation,Noura Salem
COM03128,C0168,2024-07-06,Email,Follow-up on booking,Fatima Ahmed
COM06044,C0320,2024-07-07,Video Call,Course recommendation,Noura Salem
COM09341,C0498,2024-07-07,Video Call,General inquiry,Noura Salem
COM06239,C0329,2024-07-07,Video Call,Course recommendation,Mohammed Ali
COM07387,C0388,2024-07-07,Phone Call,Thank you message,Sara Hassan
COM01601,C0084,2024-07-08,Phone Call,Thank you message,Sara Hassan
COM06025,C0319,2024-07-08,Phone Call,Schedule confirmation,Noura Salem
COM05790,C0302,2024-07-08,Email,Training needs assessment,Mohammed Ali
COM05693,C0298,2024-07-08,Meeting,Quotation request,Fatima Ahmed
COM04351,C0224,2024-07-08,Meeting,Follow-up on booking,Ahmed Abdullah
COM02386,C0131,2024-07-09,WhatsApp,Course recommendation,Fatima Ahmed
COM01473,C0078,2024-07-09,Email,Feedback discussion,Fatima Ahmed
COM08933,C0477,2024-07-09,Meeting,New course announcement,Ahmed Abdullah
COM06958,C0367,2024-07-09,Email,Renewal discussion,Ahmed Abdullah
COM08003,C0423,2024-07-09,Meeting,General inquiry,Noura Salem
COM01535,C0080,2024-07-09,Video Call,Course recommendation,Ahmed Abdullah
COM05540,C0291,2024-07-10,Email,Feedback discussion,Sara Hassan
COM00645,C0028,2024-07-10,Phone Call,Account review,Fatima Ahmed
COM06021,C0319,2024-07-10,Email,Account review,Noura Salem
COM05567,C0291,2024-07-10,Phone Call,Course recommendation,Sara Hassan
COM03481,C0185,2024-07-10,Phone Call,General inquiry,Noura Salem
COM00875,C0043,2024-07-10,Meeting,Feedback discussion,Ahmed Abdullah
COM02956,C0159,2024-07-11,Phone Call,Training needs assessment,Sara Hassan
COM01874,C0100,2024-07-11,Video Call,Satisfaction survey,Ahmed Abdullah
COM05558,C0291,2024-07-11,WhatsApp,Account review,Sara Hassan
COM03698,C0194,2024-07-11,Meeting,Feedback discussion,Mohammed Ali
COM00813,C0040,2024-07-11,Meeting,Thank you message,Sara Hassan
COM06651,C0351,2024-07-11,Video Call,Schedule confirmation,Sara Hassan
COM02830,C0153,2024-07-11,WhatsApp,Complaint resolution,Noura Salem
COM01477,C0078,2024-07-11,Video Call,Schedule confirmation,Fatima Ahmed
COM02513,C0134,2024-07-12,Phone Call,Quotation request,Noura Salem
COM01008,C0056,2024-07-12,Meeting,Satisfaction survey,Sara Hassan
COM05030,C0263,2024-07-12,Meeting,General inquiry,Sara Hassan
COM08455,C0450,2024-07-12,Email,Follow-up on booking,Sara Hassan
COM00935,C0048,2024-07-12,WhatsApp,General inquiry,Mohammed Ali
COM08574,C0459,2024-07-12,WhatsApp,Course recommendation,Ahmed Abdullah
COM04318,C0224,2024-07-12,Email,Invoice query,Ahmed Abdullah
COM05410,C0284,2024-07-12,Video Call,Account review,Mohammed Ali
COM00167,C0007,2024-07-12,Meeting,Invoice query,Sara Hassan
COM04258,C0223,2024-07-12,Phone Call,Account review,Sara Hassan
COM03263,C0174,2024-07-12,WhatsApp,Complaint resolution,Ahmed Abdullah
COM08945,C0477,2024-07-12,Meeting,Training needs assessment,Ahmed Abdullah
COM02613,C0141,2024-07-13,Phone Call,Follow-up on booking,Ahmed Abdullah
COM02602,C0139,2024-07-13,Video Call,Thank you message,Sara Hassan
COM03058,C0165,2024-07-13,Video Call,Training needs assessment,Sara Hassan
COM07232,C0380,2024-07-13,Meeting,Invoice query,Fatima Ahmed
COM07127,C0376,2024-07-14,Email,Feedback discussion,Sara Hassan
COM03489,C0185,2024-07-14,WhatsApp,Quotation request,Noura Salem
COM01244,C0065,2024-07-14,Meeting,Schedule confirmation,Ahmed Abdullah
COM08538,C0458,2024-07-14,WhatsApp,Training needs assessment,Mohammed Ali
COM04011,C0212,2024-07-14,WhatsApp,Satisfaction survey,Noura Salem
COM03579,C0189,2024-07-14,Meeting,Course recommendation,Mohammed Ali
COM08636,C0462,2024-07-14,Phone Call,Satisfaction survey,Fatima Ahmed
COM03359,C0176,2024-07-14,Meeting,Training needs assessment,Sara Hassan
COM03073,C0165,2024-07-15,Video Call,General inquiry,Sara Hassan
COM09200,C0491,2024-07-15,Video Call,Training needs assessment,Fatima Ahmed
COM06621,C0349,2024-07-15,WhatsApp,Training needs assessment,Fatima Ahmed
COM04153,C0217,2024-07-15,Email,General inquiry,Noura Salem
COM02434,C0132,2024-07-15,WhatsApp,General inquiry,Sara Hassan
COM07623,C0403,2024-07-15,Phone Call,Follow-up on booking,Noura Salem
COM01414,C0075,2024-07-15,Email,Thank you message,Fatima Ahmed
COM07568,C0400,2024-07-16,Video Call,Satisfaction survey,Mohammed Ali
COM07553,C0399,2024-07-16,Meeting,Course recommendation,Ahmed Abdullah
COM08171,C0433,2024-07-16,Email,New course announcement,Ahmed Abdullah
COM09105,C0487,2024-07-16,Phone Call,Schedule confirmation,Sara Hassan
COM05503,C0288,2024-07-16,Phone Call,Follow-up on booking,Noura Salem
COM03896,C0203,2024-07-16,WhatsApp,New course announcement,Fatima Ahmed
COM03653,C0191,2024-07-16,Email,Course recommendation,Mohammed Ali
COM08138,C0430,2024-07-17,Email,Training needs assessment,Mohammed Ali
COM07201,C0379,2024-07-17,Meeting,Training needs assessment,Fatima Ahmed
COM04055,C0214,2024-07-17,Email,General inquiry,Noura Salem
COM01817,C0098,2024-07-17,WhatsApp,Invoice query,Noura Salem
COM02883,C0157,2024-07-17,Email,Thank you message,Noura Salem
COM00153,C0007,2024-07-17,Meeting,Thank you message,Sara Hassan
COM08818,C0470,2024-07-17,Email,Follow-up on booking,Ahmed Abdullah
COM09159,C0488,2024-07-17,Email,Complaint resolution,Sara Hassan
COM07128,C0376,2024-07-17,Meeting,Complaint resolution,Sara Hassan
COM04617,C0237,2024-07-17,Email,Thank you message,Sara Hassan
COM07700,C0408,2024-07-18,Meeting,Complaint resolution,Mohammed Ali
COM07167,C0378,2024-07-18,Video Call,Course recommendation,Sara Hassan
COM01800,C0097,2024-07-18,Email,Thank you message,Fatima Ahmed
COM05546,C0291,2024-07-18,Phone Call,Satisfaction survey,Sara Hassan
COM05773,C0301,2024-07-18,Video Call,Complaint resolution,Mohammed Ali
COM00492,C0022,2024-07-19,Phone Call,Thank you message,Fatima Ahmed
COM08883,C0473,2024-07-19,Email,Renewal discussion,Ahmed Abdullah
COM03863,C0203,2024-07-19,Phone Call,General inquiry,Fatima Ahmed
COM09149,C0488,2024-07-19,Phone Call,Schedule confirmation,Sara Hassan
COM08948,C0478,2024-07-19,WhatsApp,Renewal discussion,Mohammed Ali
COM07708,C0408,2024-07-20,WhatsApp,Thank you message,Mohammed Ali
COM07626,C0405,2024-07-20,Phone Call,Follow-up on booking,Noura Salem
COM07339,C0387,2024-07-20,Meeting,Thank you message,Mohammed Ali
COM00515,C0022,2024-07-20,Phone Call,Invoice query,Fatima Ahmed
COM02193,C0121,2024-07-20,WhatsApp,New course announcement,Noura Salem
COM02404,C0132,2024-07-20,Email,Quotation request,Sara Hassan
COM02923,C0159,2024-07-20,WhatsApp,Quotation request,Sara Hassan
COM07202,C0379,2024-07-21,Email,Training needs assessment,Fatima Ahmed
COM00479,C0021,2024-07-21,Phone Call,Renewal discussion,Mohammed Ali
COM08512,C0456,2024-07-21,Video Call,Feedback discussion,Ahmed Abdullah
COM08650,C0462,2024-07-21,Video Call,General inquiry,Fatima Ahmed
COM08603,C0460,2024-07-21,Video Call,Feedback discussion,Sara Hassan
COM07173,C0378,2024-07-21,Email,Complaint resolution,Sara Hassan
COM07618,C0403,2024-07-21,Email,New course announcement,Noura Salem
COM07973,C0420,2024-07-22,Meeting,Account review,Ahmed Abdullah
COM04089,C0216,2024-07-22,Email,New course announcement,Noura Salem
COM04290,C0223,2024-07-22,WhatsApp,Quotation request,Sara Hassan
COM02215,C0121,2024-07-22,Video Call,Complaint resolution,Noura Salem
COM07229,C0380,2024-07-23,Meeting,General inquiry,Fatima Ahmed
COM03324,C0176,2024-07-23,Meeting,Satisfaction survey,Sara Hassan
COM06883,C0362,2024-07-23,Meeting,Course recommendation,Ahmed Abdullah
COM05412,C0284,2024-07-23,Video Call,Feedback discussion,Mohammed Ali
COM02865,C0156,2024-07-23,Phone Call,Course recommendation,Fatima Ahmed
COM07551,C0399,2024-07-24,Email,Renewal discussion,Ahmed Abdullah
COM03460,C0182,2024-07-24,Meeting,Invoice query,Mohammed Ali
COM00684,C0031,2024-07-24,Email,Thank you message,Noura Salem
COM04468,C0231,2024-07-24,Video Call,Schedule confirmation,Sara Hassan
COM01688,C0090,2024-07-24,Phone Call,Invoice query,Fatima Ahmed
COM03572,C0189,2024-07-24,Video Call,Renewal discussion,Mohammed Ali
COM06558,C0346,2024-07-24,Meeting,Invoice query,Mohammed Ali
COM03034,C0165,2024-07-24,Email,New course announcement,Sara Hassan
COM02582,C0138,2024-07-24,Phone Call,Follow-up on booking,Ahmed Abdullah
COM05845,C0306,2024-07-24,Video Call,Training needs assessment,Fatima Ahmed
COM07045,C0371,2024-07-24,Video Call,Invoice query,Fatima Ahmed
COM07572,C0400,2024-07-25,Phone Call,General inquiry,Mohammed Ali
COM08661,C0462,2024-07-25,Phone Call,General inquiry,Fatima Ahmed
COM03918,C0205,2024-07-26,Meeting,New course announcement,Mohammed Ali
COM06245,C0330,2024-07-26,Email,Course recommendation,Noura Salem
COM00858,C0043,2024-07-26,Meeting,Satisfaction survey,Ahmed Abdullah
COM02187,C0120,2024-07-26,WhatsApp,New course announcement,Sara Hassan
COM05581,C0292,2024-07-26,WhatsApp,General inquiry,Ahmed Abdullah
COM07231,C0380,2024-07-27,Phone Call,Feedback discussion,Fatima Ahmed
COM05465,C0286,2024-07-27,Video Call,Complaint resolution,Fatima Ahmed
COM06864,C0362,2024-07-27,Meeting,General inquiry,Ahmed Abdullah
COM04994,C0259,2024-07-27,Email,Course recommendation,Sara Hassan
COM07764,C0410,2024-07-28,Phone Call,Schedule confirmation,Mohammed Ali
COM00421,C0019,2024-07-28,Meeting,Invoice query,Ahmed Abdullah
COM05166,C0271,2024-07-28,Phone Call,Renewal discussion,Mohammed Ali
COM06644,C0351,2024-07-28,Phone Call,Renewal discussion,Sara Hassan
COM06298,C0333,2024-07-28,Email,Renewal discussion,Sara Hassan
COM07534,C0399,2024-07-29,Email,Account review,Ahmed Abdullah
COM03908,C0205,2024-07-29,WhatsApp,Quotation request,Mohammed Ali
COM06731,C0356,2024-07-29,Meeting,Complaint resolution,Ahmed Abdullah
COM03950,C0207,2024-07-29,Phone Call,Account review,Noura Salem
COM04110,C0216,2024-07-29,Meeting,Complaint resolution,Noura Salem
COM03509,C0186,2024-07-29,WhatsApp,Quotation request,Noura Salem
COM04267,C0223,2024-07-29,Phone Call,New course announcement,Sara Hassan
COM02877,C0156,2024-07-29,Phone Call,Course recommendation,Fatima Ahmed
COM05636,C0295,2024-07-29,Email,New course announcement,Mohammed Ali
COM05852,C0306,2024-07-30,WhatsApp,Invoice query,Fatima Ahmed
COM02798,C0152,2024-07-30,Video Call,Account review,Mohammed Ali
COM03387,C0179,2024-07-30,Phone Call,Satisfaction survey,Mohammed Ali
COM08188,C0434,2024-07-30,Meeting,Feedback discussion,Fatima Ahmed
COM05606,C0294,2024-07-31,Meeting,New course announcement,Mohammed Ali
COM01621,C0086,2024-07-31,Video Call,Training needs assessment,Ahmed Abdullah
COM01284,C0065,2024-07-31,Phone Call,Renewal discussion,Ahmed Abdullah
COM00654,C0030,2024-07-31,Video Call,Satisfaction survey,Fatima Ahmed
COM09198,C0491,2024-07-31,Email,Feedback discussion,Fatima Ahmed
COM05700,C0298,2024-07-31,Video Call,Invoice query,Fatima Ahmed
COM04967,C0258,2024-07-31,Email,New course announcement,Ahmed Abdullah
COM05080,C0266,2024-07-31,WhatsApp,Quotation request,Noura Salem
COM03699,C0194,2024-07-31,Email,Thank you message,Mohammed Ali
COM07868,C0415,2024-07-31,Video Call,Quotation request,Sara Hassan
COM07428,C0391,2024-08-01,Email,Course recommendation,Noura Salem
COM08428,C0450,2024-08-01,Meeting,Complaint resolution,Sara Hassan
COM07230,C0380,2024-08-01,Meeting,Follow-up on booking,Fatima Ahmed
COM05136,C0269,2024-08-01,Meeting,Follow-up on booking,Mohammed Ali
COM08653,C0462,2024-08-02,Meeting,Complaint resolution,Fatima Ahmed
COM07717,C0408,2024-08-02,Meeting,New course announcement,Mohammed Ali
COM08851,C0471,2024-08-02,WhatsApp,New course announcement,Ahmed Abdullah
COM00287,C0014,2024-08-02,Meeting,Course recommendation,Sara Hassan
COM03165,C0169,2024-08-02,Meeting,New course announcement,Ahmed Abdullah
COM03268,C0174,2024-08-02,Email,Feedback discussion,Ahmed Abdullah
COM02448,C0132,2024-08-02,Email,General inquiry,Sara Hassan
COM08616,C0461,2024-08-03,Phone Call,Complaint resolution,Noura Salem
COM06999,C0370,2024-08-03,Phone Call,Schedule confirmation,Fatima Ahmed
COM02248,C0124,2024-08-03,Meeting,Thank you message,Fatima Ahmed
COM07217,C0380,2024-08-03,WhatsApp,Course recommendation,Fatima Ahmed
COM03890,C0203,2024-08-03,WhatsApp,Invoice query,Fatima Ahmed
COM02185,C0120,2024-08-03,WhatsApp,New course announcement,Sara Hassan
COM06000,C0317,2024-08-03,WhatsApp,New course announcement,Mohammed Ali
COM04191,C0220,2024-08-03,Phone Call,Training needs assessment,Fatima Ahmed
COM01159,C0061,2024-08-04,Video Call,Account review,Mohammed Ali
COM06848,C0361,2024-08-04,Video Call,Thank you message,Fatima Ahmed
COM00018,C0001,2024-08-04,Email,Complaint resolution,Noura Salem
COM01097,C0058,2024-08-04,Email,Training needs assessment,Mohammed Ali
COM00811,C0040,2024-08-04,WhatsApp,Renewal discussion,Sara Hassan
COM04662,C0239,2024-08-04,WhatsApp,Satisfaction survey,Fatima Ahmed
COM02104,C0114,2024-08-04,Email,Feedback discussion,Fatima Ahmed
COM03391,C0179,2024-08-04,Meeting,Account review,Mohammed Ali
COM03745,C0196,2024-08-04,WhatsApp,General inquiry,Mohammed Ali
COM01259,C0065,2024-08-04,Email,Feedback discussion,Ahmed Abdullah
COM06153,C0325,2024-08-04,Email,Account review,Sara Hassan
COM08395,C0447,2024-08-05,Email,Quotation request,Noura Salem
COM01308,C0067,2024-08-05,Phone Call,Training needs assessment,Sara Hassan
COM06562,C0346,2024-08-05,Video Call,Account review,Mohammed Ali
COM00278,C0012,2024-08-05,Phone Call,Invoice query,Fatima Ahmed
COM07423,C0391,2024-08-05,Video Call,Course recommendation,Noura Salem
COM04616,C0237,2024-08-05,Meeting,General inquiry,Sara Hassan
COM07788,C0410,2024-08-05,Email,Renewal discussion,Mohammed Ali
COM08438,C0450,2024-08-05,Email,Training needs assessment,Sara Hassan
COM06759,C0357,2024-08-05,Meeting,Feedback discussion,Sara Hassan
COM08026,C0424,2024-08-05,Phone Call,Feedback discussion,Ahmed Abdullah
COM07314,C0386,2024-08-05,Email,Renewal discussion,Ahmed Abdullah
COM09385,C0499,2024-08-06,WhatsApp,Schedule confirmation,Fatima Ahmed
COM09163,C0488,2024-08-06,Video Call,Satisfaction survey,Sara Hassan
COM00562,C0024,2024-08-06,Meeting,Quotation request,Noura Salem
COM04046,C0214,2024-08-06,Email,Training needs assessment,Noura Salem
COM02862,C0156,2024-08-06,Phone Call,General inquiry,Fatima Ahmed
COM08193,C0435,2024-08-06,Phone Call,Feedback discussion,Ahmed Abdullah
COM08527,C0457,2024-08-06,Video Call,Complaint resolution,Fatima Ahmed
COM00817,C0040,2024-08-06,Meeting,Complaint resolution,Sara Hassan
COM03347,C0176,2024-08-06,Video Call,Complaint resolution,Sara Hassan
COM07240,C0380,2024-08-06,Phone Call,Feedback discussion,Fatima Ahmed
COM01239,C0064,2024-08-06,WhatsApp,Training needs assessment,Noura Salem
COM02079,C0111,2024-08-07,Video Call,Renewal discussion,Mohammed Ali
COM05782,C0302,2024-08-07,Phone Call,New course announcement,Mohammed Ali
COM02893,C0157,2024-08-07,Meeting,Follow-up on booking,Noura Salem
COM04183,C0220,2024-08-07,Meeting,Invoice query,Fatima Ahmed
COM02536,C0136,2024-08-07,WhatsApp,Satisfaction survey,Noura Salem
COM01397,C0073,2024-08-07,Meeting,Account review,Mohammed Ali
COM01923,C0102,2024-08-07,Phone Call,Training needs assessment,Noura Salem
COM02261,C0124,2024-08-08,Phone Call,New course announcement,Fatima Ahmed
COM04678,C0240,2024-08-08,Video Call,Satisfaction survey,Ahmed Abdullah
COM05554,C0291,2024-08-08,Email,Complaint resolution,Sara Hassan
COM04722,C0245,2024-08-08,Video Call,Quotation request,Fatima Ahmed
COM04337,C0224,2024-08-08,Email,Satisfaction survey,Ahmed Abdullah
COM03701,C0194,2024-08-08,WhatsApp,Invoice query,Mohammed Ali
COM08444,C0450,2024-08-08,Email,Satisfaction survey,Sara Hassan
COM05413,C0285,2024-08-08,WhatsApp,New course announcement,Mohammed Ali
COM01310,C0068,2024-08-08,Video Call,Training needs assessment,Fatima Ahmed
COM02120,C0116,2024-08-08,Email,Quotation request,Ahmed Abdullah
COM08516,C0456,2024-08-08,Email,Complaint resolution,Ahmed Abdullah
COM00796,C0038,2024-08-08,Phone Call,Invoice query,Noura Salem
COM00782,C0038,2024-08-09,WhatsApp,Follow-up on booking,Noura Salem
COM08893,C0475,2024-08-09,Video Call,General inquiry,Noura Salem
COM07958,C0420,2024-08-09,Video Call,Training needs assessment,Ahmed Abdullah
COM03076,C0166,2024-08-09,Email,Follow-up on booking,Ahmed Abdullah
COM01046,C0057,2024-08-09,WhatsApp,Invoice query,Mohammed Ali
COM06046,C0320,2024-08-09,Email,General inquiry,Noura Salem
COM00303,C0014,2024-08-09,Video Call,Invoice query,Sara Hassan
COM07891,C0416,2024-08-10,Video Call,Satisfaction survey,Sara Hassan
COM08447,C0450,2024-08-10,WhatsApp,Invoice query,Sara Hassan
COM08954,C0478,2024-08-10,Meeting,Invoice query,Mohammed Ali
COM03707,C0194,2024-08-10,Phone Call,Course recommendation,Mohammed Ali
COM05798,C0302,2024-08-10,Video Call,Follow-up on booking,Mohammed Ali
COM00379,C0017,2024-08-10,Email,General inquiry,Fatima Ahmed
COM03520,C0186,2024-08-10,Email,Quotation request,Noura Salem
COM01757,C0093,2024-08-10,Email,Satisfaction survey,Ahmed Abdullah
COM08548,C0458,2024-08-10,Email,Quotation request,Mohammed Ali
COM07978,C0422,2024-08-11,Meeting,Schedule confirmation,Sara Hassan
COM05064,C0265,2024-08-11,Email,Account review,Noura Salem
COM08371,C0445,2024-08-11,Phone Call,Quotation request,Sara Hassan
COM07545,C0399,2024-08-11,Meeting,Thank you message,Ahmed Abdullah
COM04101,C0216,2024-08-11,Video Call,New course announcement,Noura Salem
COM03522,C0186,2024-08-11,Meeting,General inquiry,Noura Salem
COM03228,C0173,2024-08-11,Meeting,Quotation request,Noura Salem
COM05971,C0314,2024-08-12,Meeting,Satisfaction survey,Mohammed Ali
COM02203,C0121,2024-08-12,Phone Call,Satisfaction survey,Noura Salem
COM02909,C0158,2024-08-12,Phone Call,Training needs assessment,Sara Hassan
COM03828,C0201,2024-08-12,WhatsApp,New course announcement,Ahmed Abdullah
COM09103,C0487,2024-08-12,Email,Renewal discussion,Sara Hassan
COM04719,C0245,2024-08-12,Phone Call,Feedback discussion,Fatima Ahmed
COM04486,C0231,2024-08-13,WhatsApp,General inquiry,Sara Hassan
COM06743,C0357,2024-08-13,WhatsApp,Schedule confirmation,Sara Hassan
COM01187,C0061,2024-08-13,WhatsApp,Training needs assessment,Mohammed Ali
COM07983,C0422,2024-08-13,Email,Invoice query,Sara Hassan
COM05375,C0283,2024-08-13,Meeting,Account review,Fatima Ahmed
COM02927,C0159,2024-08-13,Phone Call,Follow-up on booking,Sara Hassan
COM00148,C0007,2024-08-14,Phone Call,Follow-up on booking,Sara Hassan
COM00677,C0031,2024-08-14,Phone Call,Satisfaction survey,Noura Salem
COM04216,C0222,2024-08-14,WhatsApp,Thank you message,Mohammed Ali
COM03741,C0196,2024-08-14,Email,New course announcement,Mohammed Ali
COM02008,C0109,2024-08-15,WhatsApp,Account review,Fatima Ahmed
COM07801,C0411,2024-08-15,Email,Follow-up on booking,Noura Salem
COM07690,C0408,2024-08-15,Video Call,Account review,Mohammed Ali
COM08237,C0437,2024-08-15,Email,Training needs assessment,Noura Salem
COM04326,C0224,2024-08-15,Meeting,Satisfaction survey,Ahmed Abdullah
COM04334,C0224,2024-08-15,Phone Call,Invoice query,Ahmed Abdullah
COM03930,C0206,2024-08-15,Phone Call,New course announcement,Fatima Ahmed
COM05351,C0282,2024-08-16,Phone Call,General inquiry,Sara Hassan
COM08434,C0450,2024-08-16,WhatsApp,Invoice query,Sara Hassan
COM08401,C0447,2024-08-16,Email,Schedule confirmation,Noura Salem
COM04620,C0237,2024-08-16,WhatsApp,Thank you message,Sara Hassan
COM01750,C0093,2024-08-16,Meeting,Complaint resolution,Ahmed Abdullah
COM07303,C0384,2024-08-16,Email,Invoice query,Mohammed Ali
COM08672,C0463,2024-08-16,WhatsApp,Account review,Fatima Ahmed
COM06727,C0356,2024-08-17,Email,Satisfaction survey,Ahmed Abdullah
COM05125,C0269,2024-08-17,Phone Call,Training needs assessment,Mohammed Ali
COM02583,C0138,2024-08-17,WhatsApp,Follow-up on booking,Ahmed Abdullah
COM07348,C0387,2024-08-17,Meeting,New course announcement,Mohammed Ali
COM02365,C0130,2024-08-17,Email,Account review,Mohammed Ali
COM06426,C0340,2024-08-17,Email,Thank you message,Ahmed Abdullah
COM07465,C0393,2024-08-17,Phone Call,Course recommendation,Sara Hassan
COM04669,C0240,2024-08-18,Meeting,General inquiry,Ahmed Abdullah
COM03385,C0179,2024-08-18,Video Call,General inquiry,Mohammed Ali
COM08388,C0447,2024-08-18,Phone Call,New course announcement,Noura Salem
COM02727,C0147,2024-08-18,WhatsApp,Account review,Noura Salem
COM08927,C0477,2024-08-18,Phone Call,Complaint resolution,Ahmed Abdullah
COM05553,C0291,2024-08-18,WhatsApp,Renewal discussion,Sara Hassan
COM05588,C0292,2024-08-18,Email,New course announcement,Ahmed Abdullah
COM00177,C0007,2024-08-18,Phone Call,Invoice query,Sara Hassan
COM06603,C0349,2024-08-18,Phone Call,Follow-up on booking,Fatima Ahmed
COM00638,C0028,2024-08-18,Phone Call,Feedback discussion,Fatima Ahmed
COM06076,C0321,2024-08-18,Video Call,New course announcement,Ahmed Abdullah
COM03240,C0173,2024-08-18,Meeting,Account review,Noura Salem
COM02895,C0157,2024-08-19,Email,Feedback discussion,Noura Salem
COM08182,C0434,2024-08-19,Email,Account review,Fatima Ahmed
COM03898,C0203,2024-08-19,Meeting,Renewal discussion,Fatima Ahmed
COM06302,C0334,2024-08-19,Video Call,Renewal discussion,Mohammed Ali
COM00750,C0036,2024-08-19,Video Call,Satisfaction survey,Ahmed Abdullah
COM05941,C0311,2024-08-19,Meeting,Satisfaction survey,Ahmed Abdullah
COM05130,C0269,2024-08-19,Meeting,Thank you message,Mohammed Ali
COM00607,C0027,2024-08-19,Phone Call,New course announcement,Mohammed Ali
COM05855,C0306,2024-08-19,Email,Invoice query,Fatima Ahmed
COM07542,C0399,2024-08-19,Phone Call,Satisfaction survey,Ahmed Abdullah
COM02114,C0115,2024-08-20,WhatsApp,General inquiry,Noura Salem
COM02280,C0125,2024-08-20,WhatsApp,Thank you message,Sara Hassan
COM04728,C0245,2024-08-20,Meeting,Training needs assessment,Fatima Ahmed
COM05089,C0267,2024-08-20,Email,Feedback discussion,Noura Salem
COM04566,C0235,2024-08-20,Phone Call,New course announcement,Sara Hassan
COM02674,C0145,2024-08-20,Video Call,Follow-up on booking,Ahmed Abdullah
COM07609,C0403,2024-08-20,Phone Call,Complaint resolution,Noura Salem
COM05247,C0276,2024-08-21,Video Call,Renewal discussion,Fatima Ahmed
COM03450,C0182,2024-08-21,Meeting,Quotation request,Mohammed Ali
COM04670,C0240,2024-08-21,WhatsApp,Account review,Ahmed Abdullah
COM03662,C0191,2024-08-21,Video Call,New course announcement,Mohammed Ali
COM05441,C0286,2024-08-21,Phone Call,Account review,Fatima Ahmed
COM02834,C0153,2024-08-21,Video Call,Invoice query,Noura Salem
COM05564,C0291,2024-08-21,Email,Training needs assessment,Sara Hassan
COM08356,C0444,2024-08-22,Meeting,Invoice query,Noura Salem
COM03871,C0203,2024-08-22,Phone Call,Thank you message,Fatima Ahmed
COM05396,C0284,2024-08-22,Phone Call,Schedule confirmation,Mohammed Ali
COM04852,C0252,2024-08-22,Phone Call,Satisfaction survey,Fatima Ahmed
COM02073,C0111,2024-08-22,WhatsApp,Account review,Mohammed Ali
COM07148,C0377,2024-08-22,Meeting,Account review,Mohammed Ali
COM09043,C0483,2024-08-22,Phone Call,Thank you message,Mohammed Ali
COM08522,C0457,2024-08-23,Email,General inquiry,Fatima Ahmed
COM05060,C0265,2024-08-23,Meeting,Training needs assessment,Noura Salem
COM04136,C0217,2024-08-23,Phone Call,Invoice query,Noura Salem
COM00319,C0014,2024-08-23,Video Call,Feedback discussion,Sara Hassan
COM03441,C0182,2024-08-23,Email,Invoice query,Mohammed Ali
COM07242,C0380,2024-08-23,WhatsApp,Quotation request,Fatima Ahmed
COM09060,C0484,2024-08-23,WhatsApp,Thank you message,Mohammed Ali
COM04985,C0259,2024-08-23,WhatsApp,Schedule confirmation,Sara Hassan
COM03384,C0179,2024-08-23,Meeting,Quotation request,Mohammed Ali
COM01647,C0087,2024-08-23,Meeting,New course announcement,Fatima Ahmed
COM07599,C0402,2024-08-23,Email,Follow-up on booking,Noura Salem
COM08362,C0445,2024-08-24,Video Call,Feedback discussion,Sara Hassan
COM01364,C0072,2024-08-24,Meeting,Course recommendation,Noura Salem
COM01573,C0084,2024-08-24,Phone Call,Renewal discussion,Sara Hassan
COM09248,C0493,2024-08-24,Video Call,Complaint resolution,Sara Hassan
COM04056,C0214,2024-08-24,WhatsApp,Feedback discussion,Noura Salem
COM07317,C0386,2024-08-25,WhatsApp,New course announcement,Ahmed Abdullah
COM05049,C0263,2024-08-25,Meeting,Quotation request,Sara Hassan
COM08605,C0460,2024-08-25,Phone Call,Training needs assessment,Sara Hassan
COM09110,C0487,2024-08-25,Video Call,General inquiry,Sara Hassan
COM09136,C0487,2024-08-25,Email,Feedback discussion,Sara Hassan
COM02677,C0145,2024-08-25,Meeting,Invoice query,Ahmed Abdullah
COM04359,C0224,2024-08-25,Email,Feedback discussion,Ahmed Abdullah
COM02451,C0132,2024-08-26,WhatsApp,New course announcement,Sara Hassan
COM03231,C0173,2024-08-26,Phone Call,Thank you message,Noura Salem
COM05736,C0300,2024-08-26,WhatsApp,General inquiry,Noura Salem
COM07094,C0375,2024-08-26,Phone Call,Account review,Fatima Ahmed
COM04833,C0252,2024-08-26,Phone Call,Course recommendation,Fatima Ahmed
COM04791,C0251,2024-08-26,Email,Quotation request,Sara Hassan
COM07306,C0384,2024-08-26,Email,Renewal discussion,Mohammed Ali
COM04641,C0239,2024-08-26,Phone Call,Satisfaction survey,Fatima Ahmed
COM04392,C0225,2024-08-26,Video Call,New course announcement,Sara Hassan
COM04765,C0248,2024-08-26,Meeting,Schedule confirmation,Ahmed Abdullah
COM04068,C0215,2024-08-27,WhatsApp,Complaint resolution,Mohammed Ali
COM01387,C0073,2024-08-27,Phone Call,Follow-up on booking,Mohammed Ali
COM04622,C0238,2024-08-27,Phone Call,Feedback discussion,Sara Hassan
COM09364,C0498,2024-08-27,Email,Training needs assessment,Noura Salem
COM08828,C0470,2024-08-27,Video Call,Course recommendation,Ahmed Abdullah
COM08099,C0429,2024-08-27,Phone Call,Invoice query,Noura Salem
COM02993,C0161,2024-08-28,Phone Call,Schedule confirmation,Sara Hassan
COM03791,C0201,2024-08-28,Email,Follow-up on booking,Ahmed Abdullah
COM02345,C0129,2024-08-28,Meeting,Feedback discussion,Sara Hassan
COM01861,C0100,2024-08-29,Phone Call,Feedback discussion,Ahmed Abdullah
COM00523,C0022,2024-08-29,Meeting,Account review,Fatima Ahmed
COM00787,C0038,2024-08-29,Meeting,New course announcement,Noura Salem
COM01083,C0058,2024-08-29,WhatsApp,Follow-up on booking,Mohammed Ali
COM06888,C0362,2024-08-29,Email,General inquiry,Ahmed Abdullah
COM00554,C0024,2024-08-29,Meeting,New course announcement,Noura Salem
COM08644,C0462,2024-08-30,Video Call,Training needs assessment,Fatima Ahmed
COM00612,C0027,2024-08-30,Phone Call,Follow-up on booking,Mohammed Ali
COM04169,C0219,2024-08-30,Meeting,New course announcement,Ahmed Abdullah
COM05445,C0286,2024-08-30,WhatsApp,Course recommendation,Fatima Ahmed
COM07473,C0393,2024-08-30,Video Call,Schedule confirmation,Sara Hassan
COM02388,C0131,2024-08-30,WhatsApp,Feedback discussion,Fatima Ahmed
COM00051,C0003,2024-08-30,Phone Call,Training needs assessment,Fatima Ahmed
COM04320,C0224,2024-08-30,Phone Call,Follow-up on booking,Ahmed Abdullah
COM01320,C0069,2024-08-30,WhatsApp,New course announcement,Fatima Ahmed
COM01009,C0056,2024-08-30,Email,Account review,Sara Hassan
COM08338,C0443,2024-08-31,Phone Call,General inquiry,Sara Hassan
COM08205,C0435,2024-08-31,Meeting,Complaint resolution,Ahmed Abdullah
COM07970,C0420,2024-08-31,Email,New course announcement,Ahmed Abdullah
COM04077,C0215,2024-08-31,Phone Call,Satisfaction survey,Mohammed Ali
COM05633,C0295,2024-09-01,Meeting,Quotation request,Mohammed Ali
COM01627,C0086,2024-09-01,Phone Call,Thank you message,Ahmed Abdullah
COM06259,C0330,2024-09-01,Meeting,New course announcement,Noura Salem
COM03313,C0176,2024-09-01,Meeting,Renewal discussion,Sara Hassan
COM08037,C0425,2024-09-01,Phone Call,New course announcement,Mohammed Ali
COM03799,C0201,2024-09-01,Phone Call,Quotation request,Ahmed Abdullah
COM00749,C0036,2024-09-01,Video Call,Schedule confirmation,Ahmed Abdullah
COM01809,C0097,2024-09-01,Email,Satisfaction survey,Fatima Ahmed
COM01579,C0084,2024-09-01,Video Call,Satisfaction survey,Sara Hassan
COM06006,C0318,2024-09-01,Email,Feedback discussion,Noura Salem
COM08172,C0433,2024-09-01,Meeting,Account review,Ahmed Abdullah
COM00530,C0022,2024-09-01,Email,Quotation request,Fatima Ahmed
COM08045,C0425,2024-09-01,Video Call,Quotation request,Mohammed Ali
COM02322,C0129,2024-09-02,Phone Call,Quotation request,Sara Hassan
COM03159,C0169,2024-09-02,WhatsApp,Training needs assessment,Ahmed Abdullah
COM02684,C0145,2024-09-02,Video Call,Renewal discussion,Ahmed Abdullah
COM07099,C0375,2024-09-02,Email,Complaint resolution,Fatima Ahmed
COM00336,C0016,2024-09-02,Phone Call,Thank you message,Sara Hassan
COM05177,C0271,2024-09-02,WhatsApp,Quotation request,Mohammed Ali
COM08907,C0475,2024-09-02,Video Call,Course recommendation,Noura Salem
COM01255,C0065,2024-09-02,Phone Call,General inquiry,Ahmed Abdullah
COM05435,C0286,2024-09-02,Video Call,New course announcement,Fatima Ahmed
COM01257,C0065,2024-09-03,Video Call,New course announcement,Ahmed Abdullah
COM08592,C0459,2024-09-03,Video Call,General inquiry,Ahmed Abdullah
COM03524,C0187,2024-09-03,Video Call,Follow-up on booking,Noura Salem
COM07266,C0381,2024-09-03,Video Call,Schedule confirmation,Noura Salem
COM04381,C0225,2024-09-03,Phone Call,General inquiry,Sara Hassan
COM06352,C0336,2024-09-03,Meeting,Feedback discussion,Fatima Ahmed
COM07710,C0408,2024-09-03,WhatsApp,Training needs assessment,Mohammed Ali
COM06740,C0357,2024-09-03,Video Call,Training needs assessment,Sara Hassan
COM07494,C0395,2024-09-04,WhatsApp,Schedule confirmation,Mohammed Ali
COM04484,C0231,2024-09-04,Meeting,Account review,Sara Hassan
COM02619,C0142,2024-09-04,Video Call,Schedule confirmation,Mohammed Ali
COM00664,C0030,2024-09-04,Email,Thank you message,Fatima Ahmed
COM08682,C0464,2024-09-04,Phone Call,New course announcement,Sara Hassan
COM01565,C0083,2024-09-04,Email,Satisfaction survey,Mohammed Ali
COM01370,C0072,2024-09-04,Email,Follow-up on booking,Noura Salem
COM08725,C0465,2024-09-04,Email,Follow-up on booking,Mohammed Ali
COM06318,C0334,2024-09-04,WhatsApp,Invoice query,Mohammed Ali
COM07388,C0388,2024-09-05,WhatsApp,Satisfaction survey,Sara Hassan
COM05747,C0300,2024-09-05,Phone Call,Account review,Noura Salem
COM03900,C0204,2024-09-05,Video Call,Satisfaction survey,Mohammed Ali
COM08773,C0468,2024-09-05,WhatsApp,Complaint resolution,Sara Hassan
COM07829,C0414,2024-09-05,WhatsApp,Quotation request,Fatima Ahmed
COM02762,C0151,2024-09-05,WhatsApp,Complaint resolution,Ahmed Abdullah
COM08460,C0451,2024-09-05,WhatsApp,Quotation request,Noura Salem
COM02944,C0159,2024-09-05,Phone Call,Invoice query,Sara Hassan
COM08429,C0450,2024-09-05,Video Call,Follow-up on booking,Sara Hassan
COM08055,C0425,2024-09-05,Email,General inquiry,Mohammed Ali
COM08794,C0469,2024-09-05,Email,Course recommendation,Noura Salem
COM08086,C0429,2024-09-05,Meeting,Schedule confirmation,Noura Salem
COM03480,C0185,2024-09-05,Meeting,Quotation request,Noura Salem
COM06250,C0330,2024-09-06,WhatsApp,Follow-up on booking,Noura Salem
COM07125,C0376,2024-09-06,Phone Call,General inquiry,Sara Hassan
COM05617,C0294,2024-09-06,Phone Call,Schedule confirmation,Mohammed Ali
COM06487,C0344,2024-09-06,Video Call,General inquiry,Noura Salem
COM08743,C0466,2024-09-06,Video Call,Thank you message,Noura Salem
COM04141,C0217,2024-09-06,Phone Call,Course recommendation,Noura Salem
COM07733,C0410,2024-09-06,Video Call,Account review,Mohammed Ali
COM04151,C0217,2024-09-06,Meeting,Complaint resolution,Noura Salem
COM02335,C0129,2024-09-06,Video Call,General inquiry,Sara Hassan
COM03535,C0187,2024-09-07,Meeting,Quotation request,Noura Salem
COM08367,C0445,2024-09-07,Phone Call,Feedback discussion,Sara Hassan
COM02314,C0129,2024-09-07,Phone Call,Follow-up on booking,Sara Hassan
COM00700,C0032,2024-09-07,Phone Call,New course announcement,Mohammed Ali
COM08065,C0426,2024-09-07,Phone Call,Complaint resolution,Fatima Ahmed
COM04663,C0239,2024-09-07,Email,Satisfaction survey,Fatima Ahmed
COM03291,C0174,2024-09-07,Email,New course announcement,Ahmed Abdullah
COM09249,C0493,2024-09-07,Phone Call,Satisfaction survey,Sara Hassan
COM01786,C0095,2024-09-07,Email,General inquiry,Ahmed Abdullah
COM04725,C0245,2024-09-07,WhatsApp,Account review,Fatima Ahmed
COM04395,C0225,2024-09-07,Phone Call,New course announcement,Sara Hassan
COM00551,C0024,2024-09-07,Video Call,Invoice query,Noura Salem
COM02563,C0137,2024-09-08,WhatsApp,Account review,Fatima Ahmed
COM00603,C0027,2024-09-08,Phone Call,Course recommendation,Mohammed Ali
COM04956,C0257,2024-09-08,Video Call,Thank you message,Ahmed Abdullah
COM09179,C0488,2024-09-08,Email,Renewal discussion,Sara Hassan
COM04716,C0245,2024-09-08,Phone Call,Thank you message,Fatima Ahmed
COM00293,C0014,2024-09-08,WhatsApp,Schedule confirmation,Sara Hassan
COM08979,C0481,2024-09-09,Meeting,Invoice query,Sara Hassan
COM08322,C0443,2024-09-09,Video Call,Satisfaction survey,Sara Hassan
COM08558,C0459,2024-09-09,Video Call,Course recommendation,Ahmed Abdullah
COM05720,C0298,2024-09-09,Meeting,Quotation request,Fatima Ahmed
COM05339,C0282,2024-09-09,WhatsApp,Feedback discussion,Sara Hassan
COM08633,C0462,2024-09-09,Email,Account review,Fatima Ahmed
COM08782,C0469,2024-09-09,Email,Thank you message,Noura Salem
COM07877,C0416,2024-09-10,Email,General inquiry,Sara Hassan
COM07025,C0370,2024-09-10,Email,Satisfaction survey,Fatima Ahmed
COM07564,C0400,2024-09-10,Phone Call,Thank you message,Mohammed Ali
COM04766,C0248,2024-09-10,Phone Call,Follow-up on booking,Ahmed Abdullah
COM02257,C0124,2024-09-10,Email,Thank you message,Fatima Ahmed
COM01855,C0100,2024-09-10,Meeting,General inquiry,Ahmed Abdullah
COM05381,C0283,2024-09-10,WhatsApp,Account review,Fatima Ahmed
COM02633,C0142,2024-09-10,Phone Call,General inquiry,Mohammed Ali
COM09011,C0482,2024-09-11,Video Call,Satisfaction survey,Noura Salem
COM04767,C0248,2024-09-11,Meeting,Follow-up on booking,Ahmed Abdullah
COM01263,C0065,2024-09-11,Meeting,Feedback discussion,Ahmed Abdullah
COM05222,C0275,2024-09-11,Meeting,Thank you message,Sara Hassan
COM04443,C0228,2024-09-11,Video Call,Feedback discussion,Fatima Ahmed
COM00808,C0040,2024-09-11,Email,Training needs assessment,Sara Hassan
COM00642,C0028,2024-09-11,Video Call,New course announcement,Fatima Ahmed
COM08751,C0466,2024-09-11,WhatsApp,General inquiry,Noura Salem
COM03275,C0174,2024-09-11,WhatsApp,Schedule confirmation,Ahmed Abdullah
COM06385,C0339,2024-09-12,WhatsApp,Invoice query,Fatima Ahmed
COM02810,C0153,2024-09-12,Phone Call,Feedback discussion,Noura Salem
COM07614,C0403,2024-09-12,Video Call,Quotation request,Noura Salem
COM08221,C0437,2024-09-13,Meeting,Follow-up on booking,Noura Salem
COM05650,C0296,2024-09-13,Meeting,Course recommendation,Noura Salem
COM06695,C0354,2024-09-13,Video Call,Renewal discussion,Sara Hassan
COM02801,C0153,2024-09-13,Meeting,Complaint resolution,Noura Salem
COM03695,C0194,2024-09-14,WhatsApp,Invoice query,Mohammed Ali
COM05627,C0295,2024-09-14,Video Call,Account review,Mohammed Ali
COM06509,C0345,2024-09-14,Phone Call,Training needs assessment,Noura Salem
COM06516,C0345,2024-09-14,Video Call,Feedback discussion,Noura Salem
COM02783,C0152,2024-09-14,Meeting,Schedule confirmation,Mohammed Ali
COM09147,C0488,2024-09-15,WhatsApp,Thank you message,Sara Hassan
COM09027,C0483,2024-09-15,WhatsApp,Invoice query,Mohammed Ali
COM06050,C0320,2024-09-15,Meeting,General inquiry,Noura Salem
COM00874,C0043,2024-09-15,Phone Call,Feedback discussion,Ahmed Abdullah
COM04671,C0240,2024-09-15,Email,Course recommendation,Ahmed Abdullah
COM02153,C0118,2024-09-15,Video Call,Feedback discussion,Noura Salem
COM03091,C0166,2024-09-15,Meeting,Training needs assessment,Ahmed Abdullah
COM08521,C0456,2024-09-15,Email,Follow-up on booking,Ahmed Abdullah
COM06935,C0366,2024-09-15,WhatsApp,New course announcement,Noura Salem
COM08844,C0471,2024-09-15,Meeting,Account review,Ahmed Abdullah
COM02787,C0152,2024-09-15,Email,Feedback discussion,Mohammed Ali
COM05389,C0283,2024-09-16,Video Call,Satisfaction survey,Fatima Ahmed
COM00066,C0003,2024-09-16,WhatsApp,Satisfaction survey,Fatima Ahmed
COM07704,C0408,2024-09-16,Video Call,Follow-up on booking,Mohammed Ali
COM05915,C0311,2024-09-16,Email,Feedback discussion,Ahmed Abdullah
COM06029,C0319,2024-09-16,Phone Call,Feedback discussion,Noura Salem
COM04697,C0244,2024-09-16,Meeting,Training needs assessment,Fatima Ahmed
COM08663,C0462,2024-09-16,Video Call,Feedback discussion,Fatima Ahmed
COM08091,C0429,2024-09-16,Phone Call,Follow-up on booking,Noura Salem
COM01719,C0092,2024-09-17,Video Call,Feedback discussion,Noura Salem
COM09178,C0488,2024-09-17,WhatsApp,Training needs assessment,Sara Hassan
COM04628,C0238,2024-09-17,Email,New course announcement,Sara Hassan
COM02437,C0132,2024-09-17,Phone Call,Course recommendation,Sara Hassan
COM06474,C0344,2024-09-17,Video Call,Complaint resolution,Noura Salem
COM01679,C0090,2024-09-17,WhatsApp,General inquiry,Fatima Ahmed
COM04015,C0212,2024-09-17,WhatsApp,Quotation request,Noura Salem
COM07867,C0415,2024-09-17,WhatsApp,Thank you message,Sara Hassan
COM00503,C0022,2024-09-17,Video Call,Renewal discussion,Fatima Ahmed
COM07234,C0380,2024-09-17,Email,Training needs assessment,Fatima Ahmed
COM05538,C0290,2024-09-18,Meeting,Schedule confirmation,Mohammed Ali
COM06415,C0340,2024-09-18,WhatsApp,Schedule confirmation,Ahmed Abdullah
COM02246,C0124,2024-09-18,WhatsApp,Satisfaction survey,Fatima Ahmed
COM04813,C0251,2024-09-18,Video Call,Follow-up on booking,Sara Hassan
COM07209,C0379,2024-09-18,Email,Follow-up on booking,Fatima Ahmed
COM01007,C0056,2024-09-19,Phone Call,Course recommendation,Sara Hassan
COM09166,C0488,2024-09-20,Video Call,Account review,Sara Hassan
COM04942,C0256,2024-09-20,Phone Call,Quotation request,Fatima Ahmed
COM03893,C0203,2024-09-20,Video Call,Satisfaction survey,Fatima Ahmed
COM05611,C0294,2024-09-20,Phone Call,New course announcement,Mohammed Ali
COM07276,C0381,2024-09-20,Meeting,Schedule confirmation,Noura Salem
COM00143,C0007,2024-09-20,Video Call,Feedback discussion,Sara Hassan
COM05828,C0304,2024-09-20,WhatsApp,Follow-up on booking,Mohammed Ali
COM02076,C0111,2024-09-20,Meeting,Training needs assessment,Mohammed Ali
COM08956,C0478,2024-09-20,Email,Complaint resolution,Mohammed Ali
COM03245,C0173,2024-09-20,Video Call,Satisfaction survey,Noura Salem
COM00711,C0033,2024-09-21,Meeting,Follow-up on booking,Sara Hassan
COM01236,C0064,2024-09-21,Phone Call,Satisfaction survey,Noura Salem
COM04001,C0210,2024-09-21,Email,Training needs assessment,Ahmed Abdullah
COM01022,C0057,2024-09-21,WhatsApp,Training needs assessment,Mohammed Ali
COM09019,C0483,2024-09-21,Meeting,Renewal discussion,Mohammed Ali
COM00602,C0027,2024-09-21,Video Call,Account review,Mohammed Ali
COM02680,C0145,2024-09-21,Meeting,Schedule confirmation,Ahmed Abdullah
COM06351,C0336,2024-09-21,Email,New course announcement,Fatima Ahmed
COM06207,C0327,2024-09-21,Email,Quotation request,Noura Salem
COM02697,C0146,2024-09-22,Phone Call,Feedback discussion,Fatima Ahmed
COM07097,C0375,2024-09-22,Email,New course announcement,Fatima Ahmed
COM01762,C0094,2024-09-22,Video Call,Satisfaction survey,Mohammed Ali
COM07864,C0415,2024-09-22,Video Call,General inquiry,Sara Hassan
COM03247,C0173,2024-09-22,Meeting,Follow-up on booking,Noura Salem
COM03471,C0185,2024-09-22,Video Call,General inquiry,Noura Salem
COM08570,C0459,2024-09-22,Phone Call,Complaint resolution,Ahmed Abdullah
COM01079,C0058,2024-09-22,Video Call,New course announcement,Mohammed Ali
COM00366,C0017,2024-09-23,Phone Call,Satisfaction survey,Fatima Ahmed
COM08562,C0459,2024-09-23,WhatsApp,Account review,Ahmed Abdullah
COM05083,C0266,2024-09-23,Email,General inquiry,Noura Salem
COM07531,C0399,2024-09-23,WhatsApp,New course announcement,Ahmed Abdullah
COM01148,C0061,2024-09-23,Email,Thank you message,Mohammed Ali
COM03227,C0173,2024-09-23,Email,Complaint resolution,Noura Salem
COM07844,C0414,2024-09-24,Video Call,Quotation request,Fatima Ahmed
COM04393,C0225,2024-09-24,Meeting,Quotation request,Sara Hassan
COM06240,C0329,2024-09-24,Meeting,General inquiry,Mohammed Ali
COM04066,C0215,2024-09-24,Meeting,Invoice query,Mohammed Ali
COM05288,C0278,2024-09-24,WhatsApp,Quotation request,Fatima Ahmed
COM00919,C0047,2024-09-24,Email,Schedule confirmation,Ahmed Abdullah
COM04488,C0231,2024-09-24,Email,Renewal discussion,Sara Hassan
COM03901,C0204,2024-09-24,Video Call,New course announcement,Mohammed Ali
COM05982,C0315,2024-09-24,Email,Schedule confirmation,Noura Salem
COM08652,C0462,2024-09-25,WhatsApp,Quotation request,Fatima Ahmed
COM01013,C0056,2024-09-25,Phone Call,Course recommendation,Sara Hassan
COM04049,C0214,2024-09-25,Phone Call,Schedule confirmation,Noura Salem
COM05789,C0302,2024-09-25,WhatsApp,Course recommendation,Mohammed Ali
COM08622,C0461,2024-09-25,WhatsApp,Account review,Noura Salem
COM05791,C0302,2024-09-25,Phone Call,Complaint resolution,Mohammed Ali
COM01536,C0080,2024-09-26,Meeting,Training needs assessment,Ahmed Abdullah
COM08520,C0456,2024-09-26,Phone Call,Thank you message,Ahmed Abdullah
COM01965,C0104,2024-09-26,Email,Course recommendation,Noura Salem
COM09073,C0485,2024-09-26,Video Call,Follow-up on booking,Sara Hassan
COM02122,C0116,2024-09-26,Meeting,Follow-up on booking,Ahmed Abdullah
COM03987,C0210,2024-09-27,WhatsApp,Training needs assessment,Ahmed Abdullah
COM08232,C0437,2024-09-27,Phone Call,Quotation request,Noura Salem
COM01328,C0069,2024-09-27,Meeting,Invoice query,Fatima Ahmed
COM08450,C0450,2024-09-27,Meeting,Account review,Sara Hassan
COM07225,C0380,2024-09-27,Meeting,New course announcement,Fatima Ahmed
COM04149,C0217,2024-09-27,Email,Renewal discussion,Noura Salem
COM06411,C0340,2024-09-27,Meeting,Satisfaction survey,Ahmed Abdullah
COM03656,C0191,2024-09-27,Phone Call,General inquiry,Mohammed Ali
COM08772,C0468,2024-09-28,Meeting,Renewal discussion,Sara Hassan
COM06476,C0344,2024-09-28,Video Call,Thank you message,Noura Salem
COM03013,C0163,2024-09-28,Video Call,New course announcement,Ahmed Abdullah
COM07433,C0391,2024-09-28,Meeting,Quotation request,Noura Salem
COM08363,C0445,2024-09-28,Email,Complaint resolution,Sara Hassan
COM06054,C0321,2024-09-28,Email,Satisfaction survey,Ahmed Abdullah
COM04717,C0245,2024-09-28,Email,Feedback discussion,Fatima Ahmed
COM04511,C0233,2024-09-28,Phone Call,Thank you message,Fatima Ahmed
COM05600,C0294,2024-09-28,Phone Call,Schedule confirmation,Mohammed Ali
COM08832,C0471,2024-09-29,Meeting,Renewal discussion,Ahmed Abdullah
COM00123,C0006,2024-09-29,Email,Invoice query,Mohammed Ali
COM06862,C0362,2024-09-29,Meeting,Renewal discussion,Ahmed Abdullah
COM07729,C0409,2024-09-29,Video Call,Training needs assessment,Fatima Ahmed
COM04091,C0216,2024-09-29,Video Call,General inquiry,Noura Salem
COM08618,C0461,2024-09-29,Video Call,Follow-up on booking,Noura Salem
COM00706,C0032,2024-09-29,Email,Thank you message,Mohammed Ali
COM02928,C0159,2024-09-29,Video Call,Invoice query,Sara Hassan
COM03894,C0203,2024-09-29,Meeting,Invoice query,Fatima Ahmed
COM07124,C0376,2024-09-29,Video Call,General inquiry,Sara Hassan
COM03316,C0176,2024-09-29,Meeting,Follow-up on booking,Sara Hassan
COM02244,C0124,2024-09-30,Meeting,Training needs assessment,Fatima Ahmed
COM06371,C0336,2024-09-30,Phone Call,Schedule confirmation,Fatima Ahmed
COM01427,C0076,2024-09-30,Meeting,General inquiry,Sara Hassan
COM08063,C0426,2024-09-30,Phone Call,Thank you message,Fatima Ahmed
COM03003,C0163,2024-09-30,WhatsApp,Schedule confirmation,Ahmed Abdullah
COM08710,C0464,2024-09-30,Video Call,Renewal discussion,Sara Hassan
COM08746,C0466,2024-09-30,Email,Schedule confirmation,Noura Salem
COM02126,C0116,2024-09-30,WhatsApp,Complaint resolution,Ahmed Abdullah
COM09075,C0485,2024-09-30,Email,Account review,Sara Hassan
COM05169,C0271,2024-09-30,Email,Training needs assessment,Mohammed Ali
COM00793,C0038,2024-10-01,Meeting,Satisfaction survey,Noura Salem
COM03523,C0186,2024-10-01,WhatsApp,New course announcement,Noura Salem
COM09372,C0498,2024-10-01,Video Call,Quotation request,Noura Salem
COM06575,C0346,2024-10-01,Phone Call,Renewal discussion,Mohammed Ali
COM04453,C0228,2024-10-01,Meeting,Thank you message,Fatima Ahmed
COM01240,C0064,2024-10-01,Email,Course recommendation,Noura Salem
COM09213,C0492,2024-10-01,Meeting,Follow-up on booking,Sara Hassan
COM00531,C0022,2024-10-01,Meeting,General inquiry,Fatima Ahmed
COM08352,C0444,2024-10-01,WhatsApp,Follow-up on booking,Noura Salem
COM06397,C0339,2024-10-01,Phone Call,General inquiry,Fatima Ahmed
COM01681,C0090,2024-10-02,WhatsApp,New course announcement,Fatima Ahmed
COM01685,C0090,2024-10-02,WhatsApp,Account review,Fatima Ahmed
COM05077,C0266,2024-10-02,Email,Schedule confirmation,Noura Salem
COM05134,C0269,2024-10-02,Email,Account review,Mohammed Ali
COM03879,C0203,2024-10-02,Email,Course recommendation,Fatima Ahmed
COM02176,C0119,2024-10-02,Email,Thank you message,Noura Salem
COM08176,C0433,2024-10-02,Meeting,Complaint resolution,Ahmed Abdullah
COM09144,C0487,2024-10-02,Meeting,Renewal discussion,Sara Hassan
COM05287,C0278,2024-10-02,Video Call,Complaint resolution,Fatima Ahmed
COM01650,C0087,2024-10-02,Meeting,Feedback discussion,Fatima Ahmed
COM08781,C0469,2024-10-02,Video Call,Schedule confirmation,Noura Salem
COM08495,C0453,2024-10-02,WhatsApp,General inquiry,Ahmed Abdullah
COM04005,C0211,2024-10-02,Video Call,Satisfaction survey,Fatima Ahmed
COM02264,C0125,2024-10-02,WhatsApp,Feedback discussion,Sara Hassan
COM05756,C0301,2024-10-03,Email,Schedule confirmation,Mohammed Ali
COM01040,C0057,2024-10-03,Video Call,Follow-up on booking,Mohammed Ali
COM06483,C0344,2024-10-03,WhatsApp,Satisfaction survey,Noura Salem
COM04851,C0252,2024-10-03,WhatsApp,Account review,Fatima Ahmed
COM02631,C0142,2024-10-03,Meeting,Training needs assessment,Mohammed Ali
COM00844,C0042,2024-10-03,Video Call,New course announcement,Noura Salem
COM07860,C0415,2024-10-03,WhatsApp,General inquiry,Sara Hassan
COM01256,C0065,2024-10-04,WhatsApp,Satisfaction survey,Ahmed Abdullah
COM08200,C0435,2024-10-04,Phone Call,Training needs assessment,Ahmed Abdullah
COM01607,C0084,2024-10-04,Email,New course announcement,Sara Hassan
COM04353,C0224,2024-10-04,Meeting,Complaint resolution,Ahmed Abdullah
COM08469,C0451,2024-10-04,Video Call,Feedback discussion,Noura Salem
COM00566,C0025,2024-10-04,Meeting,Quotation request,Fatima Ahmed
COM01922,C0102,2024-10-04,Meeting,Training needs assessment,Noura Salem
COM08819,C0470,2024-10-04,Meeting,Quotation request,Ahmed Abdullah
COM07984,C0422,2024-10-04,Video Call,Account review,Sara Hassan
COM08268,C0440,2024-10-04,Video Call,Training needs assessment,Mohammed Ali
COM08047,C0425,2024-10-04,WhatsApp,Quotation request,Mohammed Ali
COM05784,C0302,2024-10-05,Video Call,Thank you message,Mohammed Ali
COM08161,C0432,2024-10-05,WhatsApp,Course recommendation,Ahmed Abdullah
COM01258,C0065,2024-10-05,Meeting,Thank you message,Ahmed Abdullah
COM00155,C0007,2024-10-05,Phone Call,Training needs assessment,Sara Hassan
COM06328,C0335,2024-10-05,Phone Call,Quotation request,Noura Salem
COM06831,C0361,2024-10-05,WhatsApp,Complaint resolution,Fatima Ahmed
COM08376,C0445,2024-10-05,Video Call,Training needs assessment,Sara Hassan
COM03831,C0201,2024-10-05,WhatsApp,Training needs assessment,Ahmed Abdullah
COM04329,C0224,2024-10-06,Video Call,Training needs assessment,Ahmed Abdullah
COM00728,C0034,2024-10-06,Video Call,Invoice query,Fatima Ahmed
COM03039,C0165,2024-10-06,WhatsApp,Complaint resolution,Sara Hassan
COM01787,C0095,2024-10-06,WhatsApp,Complaint resolution,Ahmed Abdullah
COM06286,C0332,2024-10-06,Phone Call,New course announcement,Noura Salem
COM02331,C0129,2024-10-06,Video Call,Satisfaction survey,Sara Hassan
COM07541,C0399,2024-10-06,Video Call,General inquiry,Ahmed Abdullah
COM03926,C0206,2024-10-06,Email,Training needs assessment,Fatima Ahmed
COM04126,C0217,2024-10-07,Meeting,Course recommendation,Noura Salem
COM08687,C0464,2024-10-07,Phone Call,Training needs assessment,Sara Hassan
COM00903,C0047,2024-10-07,Phone Call,Follow-up on booking,Ahmed Abdullah
COM04959,C0257,2024-10-07,WhatsApp,Quotation request,Ahmed Abdullah
COM04832,C0252,2024-10-07,Phone Call,Training needs assessment,Fatima Ahmed
COM08272,C0440,2024-10-07,Meeting,Satisfaction survey,Mohammed Ali
COM04724,C0245,2024-10-07,Meeting,General inquiry,Fatima Ahmed
COM00162,C0007,2024-10-07,Phone Call,Training needs assessment,Sara Hassan
COM08926,C0477,2024-10-08,Phone Call,Invoice query,Ahmed Abdullah
COM05626,C0294,2024-10-08,WhatsApp,Complaint resolution,Mohammed Ali
COM03311,C0175,2024-10-08,Email,General inquiry,Fatima Ahmed
COM04307,C0224,2024-10-08,WhatsApp,Thank you message,Ahmed Abdullah
COM07613,C0403,2024-10-08,WhatsApp,Feedback discussion,Noura Salem
COM09202,C0491,2024-10-08,Video Call,Training needs assessment,Fatima Ahmed
COM09259,C0493,2024-10-08,Email,Thank you message,Sara Hassan
COM07068,C0374,2024-10-08,Email,Course recommendation,Mohammed Ali
COM08765,C0466,2024-10-09,Phone Call,New course announcement,Noura Salem
COM06366,C0336,2024-10-09,WhatsApp,Feedback discussion,Fatima Ahmed
COM05025,C0263,2024-10-09,Video Call,General inquiry,Sara Hassan
COM00586,C0025,2024-10-09,Meeting,Feedback discussion,Fatima Ahmed
COM08706,C0464,2024-10-09,Phone Call,Course recommendation,Sara Hassan
COM05609,C0294,2024-10-09,Video Call,Quotation request,Mohammed Ali
COM08517,C0456,2024-10-10,Phone Call,Complaint resolution,Ahmed Abdullah
COM08373,C0445,2024-10-10,Meeting,Account review,Sara Hassan
COM07957,C0419,2024-10-10,Phone Call,Quotation request,Mohammed Ali
COM07365,C0387,2024-10-10,Video Call,Quotation request,Mohammed Ali
COM08249,C0438,2024-10-10,Phone Call,Feedback discussion,Ahmed Abdullah
COM03401,C0180,2024-10-10,Phone Call,Account review,Fatima Ahmed
COM00101,C0005,2024-10-10,Phone Call,Thank you message,Sara Hassan
COM07205,C0379,2024-10-11,Email,Training needs assessment,Fatima Ahmed
COM03564,C0189,2024-10-11,Meeting,Follow-up on booking,Mohammed Ali
COM01606,C0084,2024-10-11,Email,General inquiry,Sara Hassan
COM05515,C0289,2024-10-11,WhatsApp,Complaint resolution,Ahmed Abdullah
COM00714,C0033,2024-10-11,Email,Feedback discussion,Sara Hassan
COM03456,C0182,2024-10-11,Email,Schedule confirmation,Mohammed Ali
COM05493,C0288,2024-10-11,Meeting,General inquiry,Noura Salem
COM02708,C0147,2024-10-12,Meeting,Schedule confirmation,Noura Salem
COM08273,C0440,2024-10-12,WhatsApp,Quotation request,Mohammed Ali
COM08168,C0432,2024-10-12,WhatsApp,Training needs assessment,Ahmed Abdullah
COM04058,C0214,2024-10-12,Email,Follow-up on booking,Noura Salem
COM02933,C0159,2024-10-12,Video Call,Complaint resolution,Sara Hassan
COM02544,C0136,2024-10-12,Phone Call,New course announcement,Noura Salem
COM02940,C0159,2024-10-12,Video Call,Course recommendation,Sara Hassan
COM00114,C0006,2024-10-12,Phone Call,Schedule confirmation,Mohammed Ali
COM07344,C0387,2024-10-12,Phone Call,Schedule confirmation,Mohammed Ali
COM06344,C0335,2024-10-12,Phone Call,Training needs assessment,Noura Salem
COM00644,C0028,2024-10-13,WhatsApp,Course recommendation,Fatima Ahmed
COM01804,C0097,2024-10-13,Meeting,Quotation request,Fatima Ahmed
COM03559,C0189,2024-10-13,WhatsApp,Training needs assessment,Mohammed Ali
COM04890,C0254,2024-10-13,Phone Call,Quotation request,Fatima Ahmed
COM02763,C0151,2024-10-13,Phone Call,New course announcement,Ahmed Abdullah
COM03308,C0175,2024-10-13,WhatsApp,Course recommendation,Fatima Ahmed
COM08039,C0425,2024-10-13,Email,Schedule confirmation,Mohammed Ali
COM03512,C0186,2024-10-14,WhatsApp,Renewal discussion,Noura Salem
COM04016,C0212,2024-10-14,Meeting,Satisfaction survey,Noura Salem
COM02352,C0129,2024-10-14,Video Call,Quotation request,Sara Hassan
COM08836,C0471,2024-10-14,Meeting,Course recommendation,Ahmed Abdullah
COM05118,C0269,2024-10-14,Video Call,General inquiry,Mohammed Ali
COM03556,C0189,2024-10-14,Meeting,Schedule confirmation,Mohammed Ali
COM04494,C0231,2024-10-14,Email,New course announcement,Sara Hassan
COM01331,C0069,2024-10-14,Phone Call,Satisfaction survey,Fatima Ahmed
COM06990,C0369,2024-10-14,WhatsApp,Complaint resolution,Mohammed Ali
COM08050,C0425,2024-10-14,Meeting,Course recommendation,Mohammed Ali
COM02189,C0120,2024-10-14,Phone Call,Course recommendation,Sara Hassan
COM06994,C0369,2024-10-15,Email,Thank you message,Mohammed Ali
COM04630,C0238,2024-10-15,Phone Call,Account review,Sara Hassan
COM02060,C0110,2024-10-15,Email,Quotation request,Mohammed Ali
COM00812,C0040,2024-10-15,Email,Invoice query,Sara Hassan
COM09394,C0500,2024-10-15,Meeting,Satisfaction survey,Fatima Ahmed
COM00695,C0032,2024-10-15,Email,Schedule confirmation,Mohammed Ali
COM05239,C0276,2024-10-15,Meeting,Schedule confirmation,Fatima Ahmed
COM02118,C0115,2024-10-15,Video Call,Renewal discussion,Noura Salem
COM07392,C0388,2024-10-16,Video Call,Feedback discussion,Sara Hassan
COM07421,C0391,2024-10-16,Phone Call,General inquiry,Noura Salem
COM03114,C0167,2024-10-16,Email,Account review,Sara Hassan
COM04029,C0213,2024-10-16,Email,General inquiry,Fatima Ahmed
COM02555,C0137,2024-10-16,WhatsApp,Training needs assessment,Fatima Ahmed
COM07857,C0415,2024-10-16,Phone Call,Training needs assessment,Sara Hassan
COM05117,C0269,2024-10-16,Video Call,Thank you message,Mohammed Ali
COM08136,C0430,2024-10-16,Email,Satisfaction survey,Mohammed Ali
COM02573,C0138,2024-10-16,WhatsApp,Follow-up on booking,Ahmed Abdullah
COM09100,C0487,2024-10-17,Phone Call,Quotation request,Sara Hassan
COM02148,C0118,2024-10-17,Phone Call,Training needs assessment,Noura Salem
COM07929,C0417,2024-10-17,Email,Thank you message,Noura Salem
COM03435,C0182,2024-10-17,Meeting,Account review,Mohammed Ali
COM02235,C0124,2024-10-17,Email,Complaint resolution,Fatima Ahmed
COM05712,C0298,2024-10-17,Phone Call,Invoice query,Fatima Ahmed
COM07106,C0375,2024-10-17,Meeting,Satisfaction survey,Fatima Ahmed
COM08872,C0473,2024-10-17,Email,Complaint resolution,Ahmed Abdullah
COM08671,C0463,2024-10-17,Email,Quotation request,Fatima Ahmed
COM01430,C0076,2024-10-17,Video Call,Follow-up on booking,Sara Hassan
COM06700,C0354,2024-10-17,Phone Call,Feedback discussion,Sara Hassan
COM07843,C0414,2024-10-17,WhatsApp,Quotation request,Fatima Ahmed
COM08112,C0430,2024-10-18,Phone Call,Satisfaction survey,Mohammed Ali
COM05289,C0278,2024-10-18,Email,Account review,Fatima Ahmed
COM02344,C0129,2024-10-18,Video Call,Invoice query,Sara Hassan
COM08869,C0473,2024-10-18,Video Call,Renewal discussion,Ahmed Abdullah
COM03527,C0187,2024-10-18,WhatsApp,Quotation request,Noura Salem
COM05314,C0281,2024-10-19,Video Call,Satisfaction survey,Mohammed Ali
COM00410,C0019,2024-10-19,Email,Thank you message,Ahmed Abdullah
COM03286,C0174,2024-10-19,WhatsApp,Satisfaction survey,Ahmed Abdullah
COM00646,C0028,2024-10-19,Phone Call,Feedback discussion,Fatima Ahmed
COM03474,C0185,2024-10-19,Meeting,Invoice query,Noura Salem
COM08655,C0462,2024-10-19,Phone Call,Quotation request,Fatima Ahmed
COM08178,C0433,2024-10-19,WhatsApp,Follow-up on booking,Ahmed Abdullah
COM02027,C0109,2024-10-19,Phone Call,General inquiry,Fatima Ahmed
COM08032,C0425,2024-10-19,Meeting,Renewal discussion,Mohammed Ali
COM00931,C0048,2024-10-19,Email,Complaint resolution,Mohammed Ali
COM02981,C0161,2024-10-20,WhatsApp,Quotation request,Sara Hassan
COM08582,C0459,2024-10-20,WhatsApp,Invoice query,Ahmed Abdullah
COM08515,C0456,2024-10-20,Meeting,Training needs assessment,Ahmed Abdullah
COM07320,C0386,2024-10-20,Email,Schedule confirmation,Ahmed Abdullah
COM04122,C0217,2024-10-20,Video Call,Schedule confirmation,Noura Salem
COM09173,C0488,2024-10-20,Meeting,Renewal discussion,Sara Hassan
COM08555,C0458,2024-10-20,WhatsApp,Training needs assessment,Mohammed Ali
COM08105,C0429,2024-10-20,Meeting,Complaint resolution,Noura Salem
COM05405,C0284,2024-10-20,Email,Invoice query,Mohammed Ali
COM07467,C0393,2024-10-20,Email,Renewal discussion,Sara Hassan
COM02713,C0147,2024-10-20,Meeting,Complaint resolution,Noura Salem
COM00170,C0007,2024-10-21,Video Call,Follow-up on booking,Sara Hassan
COM02249,C0124,2024-10-21,Meeting,Renewal discussion,Fatima Ahmed
COM00861,C0043,2024-10-21,WhatsApp,Invoice query,Ahmed Abdullah
COM00734,C0034,2024-10-21,Email,General inquiry,Fatima Ahmed
COM00776,C0038,2024-10-21,Email,Schedule confirmation,Noura Salem
COM04523,C0233,2024-10-21,WhatsApp,Complaint resolution,Fatima Ahmed
COM04646,C0239,2024-10-21,WhatsApp,Complaint resolution,Fatima Ahmed
COM03760,C0197,2024-10-21,Video Call,Thank you message,Mohammed Ali
COM08825,C0470,2024-10-22,Phone Call,Schedule confirmation,Ahmed Abdullah
COM06573,C0346,2024-10-22,Meeting,Follow-up on booking,Mohammed Ali
COM03913,C0205,2024-10-22,Video Call,Follow-up on booking,Mohammed Ali
COM07912,C0417,2024-10-22,Meeting,Satisfaction survey,Noura Salem
COM08461,C0451,2024-10-22,Email,Renewal discussion,Noura Salem
COM07277,C0381,2024-10-22,Video Call,Feedback discussion,Noura Salem
COM08274,C0440,2024-10-22,Meeting,Complaint resolution,Mohammed Ali
COM01871,C0100,2024-10-22,Meeting,Thank you message,Ahmed Abdullah
COM05944,C0311,2024-10-22,Email,Follow-up on booking,Ahmed Abdullah
COM02678,C0145,2024-10-23,Phone Call,Schedule confirmation,Ahmed Abdullah
COM00144,C0007,2024-10-23,WhatsApp,Course recommendation,Sara Hassan
COM01622,C0086,2024-10-23,Email,Complaint resolution,Ahmed Abdullah
COM00937,C0049,2024-10-23,Email,Course recommendation,Sara Hassan
COM07378,C0388,2024-10-23,Video Call,Course recommendation,Sara Hassan
COM04878,C0253,2024-10-23,Video Call,Quotation request,Ahmed Abdullah
COM08744,C0466,2024-10-24,Email,New course announcement,Noura Salem
COM04756,C0248,2024-10-24,Phone Call,Follow-up on booking,Ahmed Abdullah
COM04773,C0249,2024-10-24,WhatsApp,New course announcement,Mohammed Ali
COM07845,C0414,2024-10-24,Phone Call,Complaint resolution,Fatima Ahmed
COM01811,C0097,2024-10-24,Email,Invoice query,Fatima Ahmed
COM05610,C0294,2024-10-25,Phone Call,General inquiry,Mohammed Ali
COM05913,C0311,2024-10-25,Email,New course announcement,Ahmed Abdullah
COM01693,C0090,2024-10-25,Meeting,Quotation request,Fatima Ahmed
COM02172,C0118,2024-10-25,Email,Thank you message,Noura Salem
COM06655,C0351,2024-10-25,Email,Training needs assessment,Sara Hassan
COM07782,C0410,2024-10-26,Email,Training needs assessment,Mohammed Ali
COM08932,C0477,2024-10-26,Video Call,Training needs assessment,Ahmed Abdullah
COM03295,C0174,2024-10-26,Phone Call,Training needs assessment,Ahmed Abdullah
COM05621,C0294,2024-10-26,Meeting,New course announcement,Mohammed Ali
COM00080,C0004,2024-10-26,Meeting,New course announcement,Ahmed Abdullah
COM06968,C0369,2024-10-26,Video Call,Training needs assessment,Mohammed Ali
COM07905,C0417,2024-10-26,Video Call,Complaint resolution,Noura Salem
COM08839,C0471,2024-10-26,Phone Call,Account review,Ahmed Abdullah
COM08380,C0446,2024-10-27,Video Call,Course recommendation,Noura Salem
COM05495,C0288,2024-10-27,WhatsApp,Quotation request,Noura Salem
COM08902,C0475,2024-10-27,Meeting,Account review,Noura Salem
COM04002,C0211,2024-10-27,Phone Call,Renewal discussion,Fatima Ahmed
COM04479,C0231,2024-10-27,Phone Call,Satisfaction survey,Sara Hassan
COM02724,C0147,2024-10-27,Phone Call,Thank you message,Noura Salem
COM01631,C0086,2024-10-28,Video Call,Renewal discussion,Ahmed Abdullah
COM05423,C0285,2024-10-28,Video Call,Invoice query,Mohammed Ali
COM09270,C0494,2024-10-29,Phone Call,Schedule confirmation,Noura Salem
COM07287,C0382,2024-10-29,Phone Call,Quotation request,Sara Hassan
COM03999,C0210,2024-10-29,Meeting,Thank you message,Ahmed Abdullah
COM09339,C0498,2024-10-29,Phone Call,Follow-up on booking,Noura Salem
COM03296,C0174,2024-10-29,Video Call,Quotation request,Ahmed Abdullah
COM02081,C0111,2024-10-29,Meeting,General inquiry,Mohammed Ali
COM02362,C0130,2024-10-29,Phone Call,Feedback discussion,Mohammed Ali
COM05312,C0281,2024-10-30,Video Call,Schedule confirmation,Mohammed Ali
COM09063,C0484,2024-10-30,WhatsApp,Renewal discussion,Mohammed Ali
COM07308,C0385,2024-10-30,Video Call,Follow-up on booking,Mohammed Ali
COM08111,C0430,2024-10-30,Meeting,Course recommendation,Mohammed Ali
COM01050,C0057,2024-10-30,Email,New course announcement,Mohammed Ali
COM00863,C0043,2024-10-31,Video Call,Invoice query,Ahmed Abdullah
COM08448,C0450,2024-10-31,Phone Call,Satisfaction survey,Sara Hassan
COM03578,C0189,2024-10-31,WhatsApp,Account review,Mohammed Ali
COM02013,C0109,2024-10-31,Phone Call,Invoice query,Fatima Ahmed
COM04794,C0251,2024-10-31,WhatsApp,Complaint resolution,Sara Hassan
COM06679,C0353,2024-10-31,Meeting,Complaint resolution,Mohammed Ali
COM05304,C0279,2024-11-01,Email,Course recommendation,Mohammed Ali
COM00206,C0009,2024-11-01,WhatsApp,Schedule confirmation,Noura Salem
COM00927,C0048,2024-11-01,Email,Thank you message,Mohammed Ali
COM05788,C0302,2024-11-01,WhatsApp,Satisfaction survey,Mohammed Ali
COM02837,C0153,2024-11-01,Video Call,Satisfaction survey,Noura Salem
COM06988,C0369,2024-11-01,Email,Course recommendation,Mohammed Ali
COM04810,C0251,2024-11-01,Phone Call,Follow-up on booking,Sara Hassan
COM07034,C0371,2024-11-01,WhatsApp,Thank you message,Fatima Ahmed
COM00536,C0022,2024-11-01,WhatsApp,Course recommendation,Fatima Ahmed
COM00168,C0007,2024-11-02,Phone Call,General inquiry,Sara Hassan
COM04067,C0215,2024-11-02,Meeting,Feedback discussion,Mohammed Ali
COM09074,C0485,2024-11-02,Phone Call,Satisfaction survey,Sara Hassan
COM05743,C0300,2024-11-02,Phone Call,Renewal discussion,Noura Salem
COM03732,C0196,2024-11-02,Phone Call,Thank you message,Mohammed Ali
COM02167,C0118,2024-11-02,Meeting,Quotation request,Noura Salem
COM05078,C0266,2024-11-02,WhatsApp,New course announcement,Noura Salem
COM08629,C0462,2024-11-02,Email,Training needs assessment,Fatima Ahmed
COM06948,C0367,2024-11-02,Phone Call,General inquiry,Ahmed Abdullah
COM07373,C0388,2024-11-03,WhatsApp,Quotation request,Sara Hassan
COM06410,C0340,2024-11-03,Meeting,Quotation request,Ahmed Abdullah
COM03985,C0209,2024-11-03,Meeting,Training needs assessment,Fatima Ahmed
COM00202,C0009,2024-11-03,Video Call,Renewal discussion,Noura Salem
COM08764,C0466,2024-11-03,Video Call,Follow-up on booking,Noura Salem
COM03601,C0190,2024-11-03,Phone Call,New course announcement,Noura Salem
COM00879,C0044,2024-11-03,WhatsApp,General inquiry,Fatima Ahmed
COM07359,C0387,2024-11-03,Video Call,Follow-up on booking,Mohammed Ali
COM02647,C0143,2024-11-03,WhatsApp,General inquiry,Mohammed Ali
COM08789,C0469,2024-11-03,Email,Renewal discussion,Noura Salem
COM05688,C0298,2024-11-04,Phone Call,Feedback discussion,Fatima Ahmed
COM06877,C0362,2024-11-04,Phone Call,Schedule confirmation,Ahmed Abdullah
COM03877,C0203,2024-11-04,WhatsApp,Training needs assessment,Fatima Ahmed
COM00650,C0029,2024-11-04,WhatsApp,Follow-up on booking,Noura Salem
COM00747,C0035,2024-11-04,WhatsApp,Course recommendation,Mohammed Ali
COM01645,C0087,2024-11-04,WhatsApp,General inquiry,Fatima Ahmed
COM02212,C0121,2024-11-04,Phone Call,Feedback discussion,Noura Salem
COM05341,C0282,2024-11-04,Meeting,Training needs assessment,Sara Hassan
COM07272,C0381,2024-11-04,Video Call,Quotation request,Noura Salem
COM05678,C0296,2024-11-04,WhatsApp,Complaint resolution,Noura Salem
COM00893,C0045,2024-11-04,Email,Satisfaction survey,Ahmed Abdullah
COM01554,C0082,2024-11-05,Video Call,Schedule confirmation,Noura Salem
COM01503,C0079,2024-11-05,Meeting,Training needs assessment,Ahmed Abdullah
COM04268,C0223,2024-11-05,Video Call,Course recommendation,Sara Hassan
COM00145,C0007,2024-11-05,Meeting,Satisfaction survey,Sara Hassan
COM03800,C0201,2024-11-05,Email,New course announcement,Ahmed Abdullah
COM02593,C0139,2024-11-05,Video Call,Quotation request,Sara Hassan
COM01243,C0065,2024-11-05,WhatsApp,Account review,Ahmed Abdullah
COM08936,C0477,2024-11-05,Meeting,Quotation request,Ahmed Abdullah
COM09131,C0487,2024-11-05,WhatsApp,New course announcement,Sara Hassan
COM05513,C0289,2024-11-05,Meeting,Renewal discussion,Ahmed Abdullah
COM03605,C0190,2024-11-06,Video Call,Account review,Noura Salem
COM00595,C0027,2024-11-06,WhatsApp,Feedback discussion,Mohammed Ali
COM00918,C0047,2024-11-06,Video Call,General inquiry,Ahmed Abdullah
COM04115,C0217,2024-11-06,Meeting,Feedback discussion,Noura Salem
COM04709,C0244,2024-11-06,Email,Renewal discussion,Fatima Ahmed
COM07246,C0380,2024-11-06,WhatsApp,Satisfaction survey,Fatima Ahmed
COM00678,C0031,2024-11-06,Video Call,Course recommendation,Noura Salem
COM05348,C0282,2024-11-06,WhatsApp,Schedule confirmation,Sara Hassan
COM06878,C0362,2024-11-06,Phone Call,Course recommendation,Ahmed Abdullah
COM02306,C0129,2024-11-06,WhatsApp,Follow-up on booking,Sara Hassan
COM04075,C0215,2024-11-06,WhatsApp,General inquiry,Mohammed Ali
COM02348,C0129,2024-11-06,Email,Course recommendation,Sara Hassan
COM05876,C0308,2024-11-06,Meeting,New course announcement,Noura Salem
COM01065,C0057,2024-11-06,Meeting,Renewal discussion,Mohammed Ali
COM03611,C0191,2024-11-07,Video Call,Feedback discussion,Mohammed Ali
COM05269,C0277,2024-11-07,WhatsApp,Satisfaction survey,Mohammed Ali
COM06108,C0322,2024-11-07,WhatsApp,Follow-up on booking,Ahmed Abdullah
COM00707,C0032,2024-11-07,Meeting,Thank you message,Mohammed Ali
COM09334,C0498,2024-11-07,WhatsApp,New course announcement,Noura Salem
COM07716,C0408,2024-11-07,Email,Satisfaction survey,Mohammed Ali
COM05751,C0301,2024-11-07,Email,Course recommendation,Mohammed Ali
COM03056,C0165,2024-11-07,Email,Thank you message,Sara Hassan
COM04252,C0223,2024-11-07,Email,Follow-up on booking,Sara Hassan
COM00729,C0034,2024-11-07,Email,Quotation request,Fatima Ahmed
COM03705,C0194,2024-11-07,Meeting,General inquiry,Mohammed Ali
COM08046,C0425,2024-11-08,WhatsApp,Invoice query,Mohammed Ali
COM02019,C0109,2024-11-08,Phone Call,Satisfaction survey,Fatima Ahmed
COM01555,C0082,2024-11-08,Video Call,Renewal discussion,Noura Salem
COM03899,C0204,2024-11-08,Email,Quotation request,Mohammed Ali
COM07645,C0405,2024-11-08,Phone Call,Feedback discussion,Noura Salem
COM02986,C0161,2024-11-08,Meeting,Feedback discussion,Sara Hassan
COM04948,C0256,2024-11-08,Video Call,New course announcement,Fatima Ahmed
COM04772,C0249,2024-11-08,Email,New course announcement,Mohammed Ali
COM02521,C0134,2024-11-08,Video Call,Invoice query,Noura Salem
COM05983,C0315,2024-11-08,Phone Call,Invoice query,Noura Salem
COM02497,C0134,2024-11-09,WhatsApp,Satisfaction survey,Noura Salem
COM01145,C0061,2024-11-09,Video Call,Course recommendation,Mohammed Ali
COM06321,C0335,2024-11-09,WhatsApp,New course announcement,Noura Salem
COM05317,C0281,2024-11-09,WhatsApp,Course recommendation,Mohammed Ali
COM07249,C0380,2024-11-09,Phone Call,Feedback discussion,Fatima Ahmed
COM07720,C0408,2024-11-09,Phone Call,New course announcement,Mohammed Ali
COM00285,C0014,2024-11-09,Video Call,Thank you message,Sara Hassan
COM05002,C0260,2024-11-10,Video Call,General inquiry,Noura Salem
COM03947,C0207,2024-11-10,Email,Schedule confirmation,Noura Salem
COM01780,C0095,2024-11-10,Meeting,Quotation request,Ahmed Abdullah
COM02814,C0153,2024-11-10,Email,Thank you message,Noura Salem
COM04714,C0245,2024-11-10,Phone Call,Feedback discussion,Fatima Ahmed
COM08396,C0447,2024-11-10,WhatsApp,New course announcement,Noura Salem
COM05391,C0283,2024-11-10,WhatsApp,Feedback discussion,Fatima Ahmed
COM05480,C0287,2024-11-10,Meeting,New course announcement,Fatima Ahmed
COM09016,C0483,2024-11-11,Phone Call,Schedule confirmation,Mohammed Ali
COM09266,C0494,2024-11-11,WhatsApp,Renewal discussion,Noura Salem
COM04182,C0220,2024-11-11,WhatsApp,Account review,Fatima Ahmed
COM07138,C0376,2024-11-11,Phone Call,Renewal discussion,Sara Hassan
COM03596,C0190,2024-11-11,WhatsApp,Complaint resolution,Noura Salem
COM07892,C0416,2024-11-11,Meeting,Account review,Sara Hassan
COM01222,C0063,2024-11-11,Phone Call,Follow-up on booking,Fatima Ahmed
COM00120,C0006,2024-11-12,WhatsApp,Thank you message,Mohammed Ali
COM03988,C0210,2024-11-12,Email,New course announcement,Ahmed Abdullah
COM01924,C0102,2024-11-12,Phone Call,Invoice query,Noura Salem
COM07121,C0375,2024-11-12,Phone Call,Follow-up on booking,Fatima Ahmed
COM08810,C0469,2024-11-12,Meeting,Satisfaction survey,Noura Salem
COM05699,C0298,2024-11-12,Email,Satisfaction survey,Fatima Ahmed
COM00613,C0027,2024-11-12,Video Call,Complaint resolution,Mohammed Ali
COM03528,C0187,2024-11-12,Phone Call,Feedback discussion,Noura Salem
COM04555,C0235,2024-11-12,Meeting,Renewal discussion,Sara Hassan
COM05429,C0286,2024-11-12,Video Call,Renewal discussion,Fatima Ahmed
COM03853,C0203,2024-11-13,Email,Follow-up on booking,Fatima Ahmed
COM05737,C0300,2024-11-13,Email,Thank you message,Noura Salem
COM01557,C0082,2024-11-13,Meeting,Quotation request,Noura Salem
COM08102,C0429,2024-11-13,WhatsApp,Feedback discussion,Noura Salem
COM03446,C0182,2024-11-13,Email,Satisfaction survey,Mohammed Ali
COM04883,C0253,2024-11-13,Phone Call,Account review,Ahmed Abdullah
COM08891,C0475,2024-11-13,Email,Follow-up on booking,Noura Salem
COM07243,C0380,2024-11-13,Meeting,Training needs assessment,Fatima Ahmed
COM02782,C0152,2024-11-13,Video Call,Feedback discussion,Mohammed Ali
COM06202,C0327,2024-11-14,Email,New course announcement,Noura Salem
COM04070,C0215,2024-11-14,Email,Schedule confirmation,Mohammed Ali
COM08246,C0438,2024-11-14,Phone Call,Quotation request,Ahmed Abdullah
COM01897,C0101,2024-11-14,Email,Account review,Sara Hassan
COM07967,C0420,2024-11-14,Email,Renewal discussion,Ahmed Abdullah
COM03864,C0203,2024-11-14,Email,Quotation request,Fatima Ahmed
COM01340,C0069,2024-11-14,WhatsApp,New course announcement,Fatima Ahmed
COM03454,C0182,2024-11-14,WhatsApp,Feedback discussion,Mohammed Ali
COM07490,C0395,2024-11-14,Video Call,Feedback discussion,Mohammed Ali
COM02256,C0124,2024-11-14,Phone Call,Invoice query,Fatima Ahmed
COM04991,C0259,2024-11-14,Phone Call,Schedule confirmation,Sara Hassan
COM06353,C0336,2024-11-14,Video Call,Schedule confirmation,Fatima Ahmed
COM04591,C0237,2024-11-15,Phone Call,Schedule confirmation,Sara Hassan
COM01404,C0073,2024-11-15,Email,Schedule confirmation,Mohammed Ali
COM06944,C0367,2024-11-15,WhatsApp,Training needs assessment,Ahmed Abdullah
COM02564,C0137,2024-11-15,Phone Call,Renewal discussion,Fatima Ahmed
COM02957,C0159,2024-11-15,Phone Call,General inquiry,Sara Hassan
COM05232,C0275,2024-11-15,Video Call,Follow-up on booking,Sara Hassan
COM02047,C0110,2024-11-15,Video Call,Course recommendation,Mohammed Ali
COM04675,C0240,2024-11-15,Meeting,Quotation request,Ahmed Abdullah
COM06007,C0318,2024-11-16,Phone Call,New course announcement,Noura Salem
COM03882,C0203,2024-11-16,WhatsApp,Training needs assessment,Fatima Ahmed
COM06365,C0336,2024-11-16,Video Call,Invoice query,Fatima Ahmed
COM03123,C0168,2024-11-16,Meeting,Follow-up on booking,Fatima Ahmed
COM04900,C0254,2024-11-16,WhatsApp,Quotation request,Fatima Ahmed
COM05119,C0269,2024-11-16,Video Call,Feedback discussion,Mohammed Ali
COM03906,C0205,2024-11-16,Email,New course announcement,Mohammed Ali
COM00089,C0005,2024-11-16,Video Call,Training needs assessment,Sara Hassan
COM08943,C0477,2024-11-17,Email,General inquiry,Ahmed Abdullah
COM05993,C0317,2024-11-17,Video Call,Renewal discussion,Mohammed Ali
COM00979,C0053,2024-11-17,WhatsApp,General inquiry,Ahmed Abdullah
COM00910,C0047,2024-11-17,Phone Call,Schedule confirmation,Ahmed Abdullah
COM06359,C0336,2024-11-17,Email,Satisfaction survey,Fatima Ahmed
COM07691,C0408,2024-11-17,Video Call,Schedule confirmation,Mohammed Ali
COM06941,C0367,2024-11-17,Phone Call,General inquiry,Ahmed Abdullah
COM03494,C0185,2024-11-17,Phone Call,Follow-up on booking,Noura Salem
COM07899,C0417,2024-11-17,WhatsApp,Quotation request,Noura Salem
COM07233,C0380,2024-11-18,Video Call,Training needs assessment,Fatima Ahmed
COM08411,C0448,2024-11-18,Video Call,Course recommendation,Noura Salem
COM02628,C0142,2024-11-18,WhatsApp,Invoice query,Mohammed Ali
COM08699,C0464,2024-11-18,Phone Call,Schedule confirmation,Sara Hassan
COM03036,C0165,2024-11-18,Phone Call,Quotation request,Sara Hassan
COM04212,C0222,2024-11-18,WhatsApp,Thank you message,Mohammed Ali
COM06790,C0359,2024-11-18,Email,Satisfaction survey,Ahmed Abdullah
COM02447,C0132,2024-11-18,Video Call,Account review,Sara Hassan
COM07204,C0379,2024-11-19,Video Call,Quotation request,Fatima Ahmed
COM05305,C0279,2024-11-19,Meeting,Feedback discussion,Mohammed Ali
COM05929,C0311,2024-11-19,Video Call,Quotation request,Ahmed Abdullah
COM03330,C0176,2024-11-19,Meeting,Account review,Sara Hassan
COM02327,C0129,2024-11-19,WhatsApp,Thank you message,Sara Hassan
COM08466,C0451,2024-11-19,Email,Schedule confirmation,Noura Salem
COM00149,C0007,2024-11-19,WhatsApp,Training needs assessment,Sara Hassan
COM06783,C0359,2024-11-19,Email,Renewal discussion,Ahmed Abdullah
COM06435,C0341,2024-11-19,Email,Complaint resolution,Noura Salem
COM03962,C0207,2024-11-19,WhatsApp,Training needs assessment,Noura Salem
COM06068,C0321,2024-11-20,Email,Satisfaction survey,Ahmed Abdullah
COM04679,C0240,2024-11-20,Video Call,Account review,Ahmed Abdullah
COM04117,C0217,2024-11-20,Email,Follow-up on booking,Noura Salem
COM04590,C0237,2024-11-20,Phone Call,New course announcement,Sara Hassan
COM06751,C0357,2024-11-20,Phone Call,Thank you message,Sara Hassan
COM01242,C0065,2024-11-20,Meeting,Account review,Ahmed Abdullah
COM09061,C0484,2024-11-20,Video Call,Invoice query,Mohammed Ali
COM07083,C0374,2024-11-20,Email,Course recommendation,Mohammed Ali
COM00436,C0020,2024-11-20,WhatsApp,Schedule confirmation,Fatima Ahmed
COM08722,C0465,2024-11-20,Email,Training needs assessment,Mohammed Ali
COM08079,C0428,2024-11-20,Phone Call,Schedule confirmation,Fatima Ahmed
COM03590,C0190,2024-11-20,WhatsApp,Thank you message,Noura Salem
COM08777,C0468,2024-11-20,Email,Account review,Sara Hassan
COM03758,C0197,2024-11-20,Meeting,General inquiry,Mohammed Ali
COM04105,C0216,2024-11-20,Phone Call,Feedback discussion,Noura Salem
COM00692,C0031,2024-11-21,Video Call,Quotation request,Noura Salem
COM07342,C0387,2024-11-21,Video Call,Satisfaction survey,Mohammed Ali
COM06299,C0334,2024-11-21,Meeting,Feedback discussion,Mohammed Ali
COM05143,C0269,2024-11-21,Email,Renewal discussion,Mohammed Ali
COM04938,C0255,2024-11-21,Phone Call,Schedule confirmation,Ahmed Abdullah
COM04762,C0248,2024-11-21,Meeting,Schedule confirmation,Ahmed Abdullah
COM04711,C0245,2024-11-21,Video Call,Feedback discussion,Fatima Ahmed
COM07637,C0405,2024-11-21,Meeting,General inquiry,Noura Salem
COM05420,C0285,2024-11-21,Meeting,Satisfaction survey,Mohammed Ali
COM00854,C0043,2024-11-21,Meeting,Account review,Ahmed Abdullah
COM07826,C0413,2024-11-21,Phone Call,Satisfaction survey,Ahmed Abdullah
COM05530,C0290,2024-11-21,WhatsApp,Training needs assessment,Mohammed Ali
COM03819,C0201,2024-11-22,Email,New course announcement,Ahmed Abdullah
COM01412,C0074,2024-11-22,Phone Call,New course announcement,Ahmed Abdullah
COM00771,C0037,2024-11-22,WhatsApp,Follow-up on booking,Fatima Ahmed
COM01833,C0099,2024-11-22,Meeting,Thank you message,Fatima Ahmed
COM01756,C0093,2024-11-22,Meeting,Account review,Ahmed Abdullah
COM07858,C0415,2024-11-22,Phone Call,Account review,Sara Hassan
COM03921,C0205,2024-11-22,Video Call,Satisfaction survey,Mohammed Ali
COM06663,C0351,2024-11-22,Email,Thank you message,Sara Hassan
COM02910,C0158,2024-11-22,Email,Renewal discussion,Sara Hassan
COM07283,C0382,2024-11-22,Meeting,General inquiry,Sara Hassan
COM08490,C0453,2024-11-22,Phone Call,Complaint resolution,Ahmed Abdullah
COM02866,C0156,2024-11-23,Email,Training needs assessment,Fatima Ahmed
COM04582,C0236,2024-11-23,Video Call,Training needs assessment,Noura Salem
COM01183,C0061,2024-11-23,Email,Account review,Mohammed Ali
COM06073,C0321,2024-11-23,WhatsApp,Course recommendation,Ahmed Abdullah
COM07538,C0399,2024-11-23,Meeting,Complaint resolution,Ahmed Abdullah
COM06688,C0353,2024-11-23,Video Call,Renewal discussion,Mohammed Ali
COM05210,C0275,2024-11-23,Email,New course announcement,Sara Hassan
COM08727,C0465,2024-11-23,Meeting,Thank you message,Mohammed Ali
COM03433,C0182,2024-11-23,Phone Call,Thank you message,Mohammed Ali
COM00726,C0033,2024-11-23,Email,Follow-up on booking,Sara Hassan
COM08572,C0459,2024-11-24,Email,Training needs assessment,Ahmed Abdullah
COM02071,C0111,2024-11-24,Meeting,Quotation request,Mohammed Ali
COM04544,C0235,2024-11-24,Email,Invoice query,Sara Hassan
COM03771,C0197,2024-11-24,Video Call,Invoice query,Mohammed Ali
COM07073,C0374,2024-11-24,Phone Call,Quotation request,Mohammed Ali
COM05521,C0289,2024-11-24,Phone Call,Quotation request,Ahmed Abdullah
COM08355,C0444,2024-11-24,Phone Call,Quotation request,Noura Salem
COM07044,C0371,2024-11-24,Meeting,Feedback discussion,Fatima Ahmed
COM08015,C0424,2024-11-24,Phone Call,Account review,Ahmed Abdullah
COM03860,C0203,2024-11-24,WhatsApp,Account review,Fatima Ahmed
COM00509,C0022,2024-11-24,Email,Quotation request,Fatima Ahmed
COM01585,C0084,2024-11-25,Phone Call,Training needs assessment,Sara Hassan
COM05033,C0263,2024-11-25,Meeting,Satisfaction survey,Sara Hassan
COM07425,C0391,2024-11-25,Meeting,Follow-up on booking,Noura Salem
COM05180,C0271,2024-11-25,WhatsApp,Thank you message,Mohammed Ali
COM08369,C0445,2024-11-25,Phone Call,Renewal discussion,Sara Hassan
COM01116,C0058,2024-11-25,Meeting,Quotation request,Mohammed Ali
COM00228,C0010,2024-11-25,Video Call,Training needs assessment,Mohammed Ali
COM08713,C0464,2024-11-26,Video Call,Course recommendation,Sara Hassan
COM04305,C0224,2024-11-26,Meeting,Invoice query,Ahmed Abdullah
COM00405,C0019,2024-11-26,Meeting,Quotation request,Ahmed Abdullah
COM06114,C0322,2024-11-26,Email,Quotation request,Ahmed Abdullah
COM04879,C0253,2024-11-26,Meeting,Schedule confirmation,Ahmed Abdullah
COM08025,C0424,2024-11-26,WhatsApp,Quotation request,Ahmed Abdullah
COM06598,C0349,2024-11-26,WhatsApp,Schedule confirmation,Fatima Ahmed
COM00922,C0047,2024-11-26,Meeting,Follow-up on booking,Ahmed Abdullah
COM04764,C0248,2024-11-26,Meeting,Complaint resolution,Ahmed Abdullah
COM05739,C0300,2024-11-27,Email,Quotation request,Noura Salem
COM06647,C0351,2024-11-27,WhatsApp,Feedback discussion,Sara Hassan
COM09091,C0487,2024-11-27,Video Call,General inquiry,Sara Hassan
COM03665,C0192,2024-11-27,Email,Invoice query,Sara Hassan
COM01552,C0082,2024-11-27,Phone Call,Quotation request,Noura Salem
COM00872,C0043,2024-11-27,Phone Call,Satisfaction survey,Ahmed Abdullah
COM04758,C0248,2024-11-27,WhatsApp,New course announcement,Ahmed Abdullah
COM05870,C0308,2024-11-27,Email,Invoice query,Noura Salem
COM09271,C0494,2024-11-27,Email,Complaint resolution,Noura Salem
COM06394,C0339,2024-11-27,Phone Call,Account review,Fatima Ahmed
COM08688,C0464,2024-11-27,Email,Training needs assessment,Sara Hassan
COM08468,C0451,2024-11-27,Video Call,Renewal discussion,Noura Salem
COM02732,C0148,2024-11-27,WhatsApp,Invoice query,Mohammed Ali
COM07290,C0383,2024-11-28,Meeting,Account review,Fatima Ahmed
COM02800,C0153,2024-11-28,Phone Call,Schedule confirmation,Noura Salem
COM04748,C0247,2024-11-28,WhatsApp,Thank you message,Sara Hassan
COM05738,C0300,2024-11-28,WhatsApp,Renewal discussion,Noura Salem
COM02139,C0118,2024-11-28,Email,Invoice query,Noura Salem
COM01515,C0079,2024-11-28,Email,Schedule confirmation,Ahmed Abdullah
COM00921,C0047,2024-11-29,Email,Account review,Ahmed Abdullah
COM01344,C0070,2024-11-29,Phone Call,Complaint resolution,Sara Hassan
COM08177,C0433,2024-11-29,WhatsApp,Quotation request,Ahmed Abdullah
COM01619,C0086,2024-11-29,Video Call,Renewal discussion,Ahmed Abdullah
COM04413,C0226,2024-11-29,Email,New course announcement,Sara Hassan
COM02234,C0123,2024-11-29,Phone Call,Training needs assessment,Mohammed Ali
COM00389,C0018,2024-11-29,Video Call,Invoice query,Sara Hassan
COM08786,C0469,2024-11-29,Meeting,Thank you message,Noura Salem
COM06755,C0357,2024-11-29,Email,Account review,Sara Hassan
COM07275,C0381,2024-11-30,Phone Call,Schedule confirmation,Noura Salem
COM05371,C0283,2024-11-30,Phone Call,Complaint resolution,Fatima Ahmed
COM07391,C0388,2024-11-30,Email,Account review,Sara Hassan
COM02766,C0151,2024-11-30,Email,Course recommendation,Ahmed Abdullah
COM03220,C0173,2024-11-30,Email,Invoice query,Noura Salem
COM02155,C0118,2024-11-30,Phone Call,Training needs assessment,Noura Salem
COM01266,C0065,2024-11-30,Phone Call,Feedback discussion,Ahmed Abdullah
COM05917,C0311,2024-11-30,WhatsApp,Follow-up on booking,Ahmed Abdullah
COM03731,C0196,2024-11-30,Phone Call,Invoice query,Mohammed Ali
COM02253,C0124,2024-11-30,WhatsApp,Account review,Fatima Ahmed
COM05580,C0292,2024-12-01,Phone Call,Quotation request,Ahmed Abdullah
COM08377,C0445,2024-12-01,Phone Call,Thank you message,Sara Hassan
COM09112,C0487,2024-12-01,WhatsApp,Course recommendation,Sara Hassan
COM07394,C0388,2024-12-01,Email,Follow-up on booking,Sara Hassan
COM03021,C0163,2024-12-01,WhatsApp,Follow-up on booking,Ahmed Abdullah
COM05819,C0304,2024-12-02,Video Call,Complaint resolution,Mohammed Ali
COM05766,C0301,2024-12-02,Email,Follow-up on booking,Mohammed Ali
COM05997,C0317,2024-12-02,WhatsApp,Thank you message,Mohammed Ali
COM07439,C0391,2024-12-02,WhatsApp,Renewal discussion,Noura Salem
COM07726,C0409,2024-12-02,WhatsApp,Satisfaction survey,Fatima Ahmed
COM00572,C0025,2024-12-02,WhatsApp,New course announcement,Fatima Ahmed
COM00748,C0036,2024-12-02,Video Call,Invoice query,Ahmed Abdullah
COM05098,C0268,2024-12-03,Video Call,Thank you message,Ahmed Abdullah
COM02802,C0153,2024-12-03,Email,Schedule confirmation,Noura Salem
COM04148,C0217,2024-12-03,Meeting,Course recommendation,Noura Salem
COM02978,C0160,2024-12-03,Email,Course recommendation,Fatima Ahmed
COM04423,C0226,2024-12-03,Phone Call,Training needs assessment,Sara Hassan
COM00940,C0049,2024-12-03,Email,General inquiry,Sara Hassan
COM05848,C0306,2024-12-04,Video Call,Course recommendation,Fatima Ahmed
COM05133,C0269,2024-12-04,Video Call,Renewal discussion,Mohammed Ali
COM07462,C0392,2024-12-04,WhatsApp,Follow-up on booking,Mohammed Ali
COM06823,C0361,2024-12-04,Phone Call,New course announcement,Fatima Ahmed
COM06971,C0369,2024-12-04,Phone Call,New course announcement,Mohammed Ali
COM04721,C0245,2024-12-04,Phone Call,Invoice query,Fatima Ahmed
COM00290,C0014,2024-12-04,Meeting,Training needs assessment,Sara Hassan
COM03593,C0190,2024-12-04,Phone Call,Training needs assessment,Noura Salem
COM02440,C0132,2024-12-05,Video Call,Renewal discussion,Sara Hassan
COM00890,C0045,2024-12-05,WhatsApp,Satisfaction survey,Ahmed Abdullah
COM00345,C0016,2024-12-05,Email,Complaint resolution,Sara Hassan
COM08554,C0458,2024-12-05,Meeting,Invoice query,Mohammed Ali
COM05843,C0306,2024-12-05,Phone Call,Feedback discussion,Fatima Ahmed
COM05290,C0278,2024-12-05,WhatsApp,Training needs assessment,Fatima Ahmed
COM06255,C0330,2024-12-05,Meeting,Quotation request,Noura Salem
COM00802,C0038,2024-12-05,Phone Call,Quotation request,Noura Salem
COM08885,C0474,2024-12-05,Meeting,Schedule confirmation,Ahmed Abdullah
COM05122,C0269,2024-12-05,Video Call,Training needs assessment,Mohammed Ali
COM03292,C0174,2024-12-06,Email,Feedback discussion,Ahmed Abdullah
COM08277,C0440,2024-12-06,Meeting,Schedule confirmation,Mohammed Ali
COM02133,C0117,2024-12-06,Email,Thank you message,Mohammed Ali
COM08921,C0476,2024-12-06,Meeting,Course recommendation,Mohammed Ali
COM03992,C0210,2024-12-06,Email,Complaint resolution,Ahmed Abdullah
COM06803,C0361,2024-12-06,Meeting,New course announcement,Fatima Ahmed
COM00147,C0007,2024-12-06,WhatsApp,Renewal discussion,Sara Hassan
COM03966,C0207,2024-12-06,Email,Complaint resolution,Noura Salem
COM02867,C0156,2024-12-06,Meeting,Training needs assessment,Fatima Ahmed
COM03407,C0180,2024-12-06,Video Call,Invoice query,Fatima Ahmed
COM00514,C0022,2024-12-07,WhatsApp,Training needs assessment,Fatima Ahmed
COM01408,C0074,2024-12-07,WhatsApp,Invoice query,Ahmed Abdullah
COM06972,C0369,2024-12-07,Meeting,Invoice query,Mohammed Ali
COM05449,C0286,2024-12-07,Video Call,Invoice query,Fatima Ahmed
COM07145,C0377,2024-12-07,WhatsApp,Course recommendation,Mohammed Ali
COM04998,C0260,2024-12-07,Video Call,Invoice query,Noura Salem
COM09387,C0499,2024-12-07,WhatsApp,Feedback discussion,Fatima Ahmed
COM04360,C0224,2024-12-07,Email,Invoice query,Ahmed Abdullah
COM03736,C0196,2024-12-08,Video Call,Schedule confirmation,Mohammed Ali
COM00914,C0047,2024-12-08,WhatsApp,New course announcement,Ahmed Abdullah
COM09096,C0487,2024-12-08,Meeting,Thank you message,Sara Hassan
COM00363,C0017,2024-12-08,WhatsApp,Invoice query,Fatima Ahmed
COM02722,C0147,2024-12-08,Video Call,Feedback discussion,Noura Salem
COM05485,C0288,2024-12-09,Meeting,Training needs assessment,Noura Salem
COM04271,C0223,2024-12-09,Video Call,Follow-up on booking,Sara Hassan
COM06680,C0353,2024-12-09,Video Call,Follow-up on booking,Mohammed Ali
COM05925,C0311,2024-12-09,Phone Call,Training needs assessment,Ahmed Abdullah
COM03406,C0180,2024-12-09,Video Call,New course announcement,Fatima Ahmed
COM05022,C0263,2024-12-09,WhatsApp,Training needs assessment,Sara Hassan
COM03243,C0173,2024-12-10,Meeting,Satisfaction survey,Noura Salem
COM06857,C0361,2024-12-10,Meeting,Follow-up on booking,Fatima Ahmed
COM06155,C0325,2024-12-10,Video Call,General inquiry,Sara Hassan
COM08915,C0475,2024-12-10,Email,Training needs assessment,Noura Salem
COM03261,C0174,2024-12-10,WhatsApp,Schedule confirmation,Ahmed Abdullah
COM03521,C0186,2024-12-10,Meeting,Thank you message,Noura Salem
COM08403,C0447,2024-12-10,Meeting,Schedule confirmation,Noura Salem
COM07131,C0376,2024-12-11,Meeting,Satisfaction survey,Sara Hassan
COM01047,C0057,2024-12-11,Meeting,Feedback discussion,Mohammed Ali
COM08005,C0423,2024-12-11,Meeting,Complaint resolution,Noura Salem
COM06761,C0357,2024-12-11,Email,Invoice query,Sara Hassan
COM06746,C0357,2024-12-12,Video Call,Quotation request,Sara Hassan
COM08551,C0458,2024-12-12,Video Call,Invoice query,Mohammed Ali
COM07469,C0393,2024-12-12,Phone Call,Training needs assessment,Sara Hassan
COM05805,C0302,2024-12-12,Phone Call,Quotation request,Mohammed Ali
COM06567,C0346,2024-12-12,Email,New course announcement,Mohammed Ali
COM07789,C0411,2024-12-12,Email,Feedback discussion,Noura Salem
COM07995,C0423,2024-12-12,Email,Account review,Noura Salem
COM02227,C0123,2024-12-12,Meeting,Training needs assessment,Mohammed Ali
COM07909,C0417,2024-12-12,Phone Call,Invoice query,Noura Salem
COM01771,C0094,2024-12-12,Email,Quotation request,Mohammed Ali
COM07357,C0387,2024-12-12,Video Call,Renewal discussion,Mohammed Ali
COM00912,C0047,2024-12-12,Email,Training needs assessment,Ahmed Abdullah
COM09116,C0487,2024-12-12,WhatsApp,Renewal discussion,Sara Hassan
COM06757,C0357,2024-12-13,Video Call,Quotation request,Sara Hassan
COM00429,C0020,2024-12-13,Email,Schedule confirmation,Fatima Ahmed
COM02364,C0130,2024-12-13,Meeting,Complaint resolution,Mohammed Ali
COM07839,C0414,2024-12-13,Meeting,Renewal discussion,Fatima Ahmed
COM09354,C0498,2024-12-13,WhatsApp,Satisfaction survey,Noura Salem
COM07409,C0389,2024-12-13,Email,Thank you message,Noura Salem
COM09001,C0482,2024-12-13,Meeting,Account review,Noura Salem
COM08599,C0460,2024-12-13,Meeting,Account review,Sara Hassan
COM00507,C0022,2024-12-13,WhatsApp,New course announcement,Fatima Ahmed
COM00920,C0047,2024-12-13,Email,Renewal discussion,Ahmed Abdullah
COM01894,C0101,2024-12-13,WhatsApp,Thank you message,Sara Hassan
COM07346,C0387,2024-12-13,Video Call,Thank you message,Mohammed Ali
COM00573,C0025,2024-12-14,WhatsApp,Complaint resolution,Fatima Ahmed
COM06828,C0361,2024-12-14,WhatsApp,Follow-up on booking,Fatima Ahmed
COM01393,C0073,2024-12-14,Meeting,Account review,Mohammed Ali
COM00669,C0031,2024-12-14,Video Call,Thank you message,Noura Salem
COM05945,C0311,2024-12-14,Phone Call,Account review,Ahmed Abdullah
COM05302,C0279,2024-12-14,Meeting,Schedule confirmation,Mohammed Ali
COM07286,C0382,2024-12-14,Video Call,Course recommendation,Sara Hassan
COM00801,C0038,2024-12-14,WhatsApp,New course announcement,Noura Salem
COM03915,C0205,2024-12-14,Video Call,New course announcement,Mohammed Ali
COM03436,C0182,2024-12-14,Email,Course recommendation,Mohammed Ali
COM03340,C0176,2024-12-14,Email,Complaint resolution,Sara Hassan
COM04109,C0216,2024-12-15,Phone Call,Thank you message,Noura Salem
COM04164,C0219,2024-12-15,WhatsApp,Quotation request,Ahmed Abdullah
COM08040,C0425,2024-12-15,Video Call,Complaint resolution,Mohammed Ali
COM09404,C0500,2024-12-15,Meeting,Follow-up on booking,Fatima Ahmed
COM01082,C0058,2024-12-15,Meeting,Thank you message,Mohammed Ali
COM04821,C0252,2024-12-15,Meeting,Course recommendation,Fatima Ahmed
COM00504,C0022,2024-12-15,Phone Call,New course announcement,Fatima Ahmed
COM06475,C0344,2024-12-16,Meeting,Training needs assessment,Noura Salem
COM00906,C0047,2024-12-16,Meeting,New course announcement,Ahmed Abdullah
COM04640,C0239,2024-12-16,WhatsApp,Complaint resolution,Fatima Ahmed
COM00513,C0022,2024-12-16,Email,Satisfaction survey,Fatima Ahmed
COM03302,C0174,2024-12-16,Meeting,Thank you message,Ahmed Abdullah
COM02630,C0142,2024-12-16,Video Call,Account review,Mohammed Ali
COM07930,C0417,2024-12-16,Email,Quotation request,Noura Salem
COM06248,C0330,2024-12-16,Video Call,Thank you message,Noura Salem
COM07865,C0415,2024-12-17,Meeting,Renewal discussion,Sara Hassan
COM06969,C0369,2024-12-17,Phone Call,Feedback discussion,Mohammed Ali
COM01058,C0057,2024-12-17,Phone Call,Invoice query,Mohammed Ali
COM03589,C0190,2024-12-17,Phone Call,Quotation request,Noura Salem
COM04571,C0235,2024-12-17,Email,Account review,Sara Hassan
COM00621,C0027,2024-12-18,Phone Call,Account review,Mohammed Ali
COM05709,C0298,2024-12-18,Meeting,Course recommendation,Fatima Ahmed
COM00634,C0028,2024-12-18,Meeting,Thank you message,Fatima Ahmed
COM06952,C0367,2024-12-18,Phone Call,New course announcement,Ahmed Abdullah
COM02061,C0110,2024-12-18,Email,Feedback discussion,Mohammed Ali
COM08317,C0442,2024-12-18,Meeting,General inquiry,Noura Salem
COM02309,C0129,2024-12-18,Email,Feedback discussion,Sara Hassan
COM09254,C0493,2024-12-18,Meeting,Feedback discussion,Sara Hassan
COM00656,C0030,2024-12-18,Meeting,Satisfaction survey,Fatima Ahmed
COM03594,C0190,2024-12-18,Email,Invoice query,Noura Salem
COM08758,C0466,2024-12-19,WhatsApp,Schedule confirmation,Noura Salem
COM04546,C0235,2024-12-19,Phone Call,General inquiry,Sara Hassan
COM02731,C0148,2024-12-19,Email,Quotation request,Mohammed Ali
COM02080,C0111,2024-12-19,Meeting,General inquiry,Mohammed Ali
COM02568,C0138,2024-12-19,Video Call,Thank you message,Ahmed Abdullah
COM04515,C0233,2024-12-19,Meeting,Feedback discussion,Fatima Ahmed
COM00175,C0007,2024-12-19,Meeting,Schedule confirmation,Sara Hassan
COM00763,C0037,2024-12-19,Meeting,Complaint resolution,Fatima Ahmed
COM07324,C0386,2024-12-20,Meeting,Renewal discussion,Ahmed Abdullah
COM07491,C0395,2024-12-20,Email,Feedback discussion,Mohammed Ali
COM08053,C0425,2024-12-20,Video Call,Invoice query,Mohammed Ali
COM05261,C0277,2024-12-20,WhatsApp,General inquiry,Mohammed Ali
COM03190,C0171,2024-12-20,Meeting,New course announcement,Sara Hassan
COM04880,C0253,2024-12-20,Phone Call,Feedback discussion,Ahmed Abdullah
COM01474,C0078,2024-12-20,Phone Call,New course announcement,Fatima Ahmed
COM06270,C0331,2024-12-21,Video Call,Feedback discussion,Mohammed Ali
COM01973,C0105,2024-12-21,Phone Call,Feedback discussion,Ahmed Abdullah
COM08487,C0453,2024-12-21,WhatsApp,Training needs assessment,Ahmed Abdullah
COM05912,C0311,2024-12-21,Email,New course announcement,Ahmed Abdullah
COM05075,C0266,2024-12-21,Meeting,General inquiry,Noura Salem
COM05090,C0267,2024-12-21,Email,Quotation request,Noura Salem
COM06361,C0336,2024-12-21,Video Call,New course announcement,Fatima Ahmed
COM08796,C0469,2024-12-21,Phone Call,Training needs assessment,Noura Salem
COM04087,C0216,2024-12-22,Phone Call,Account review,Noura Salem
COM06529,C0345,2024-12-22,Meeting,Schedule confirmation,Noura Salem
COM05053,C0263,2024-12-22,Phone Call,Thank you message,Sara Hassan
COM03641,C0191,2024-12-22,Meeting,Satisfaction survey,Mohammed Ali
COM02419,C0132,2024-12-22,Email,Renewal discussion,Sara Hassan
COM05663,C0296,2024-12-22,WhatsApp,Schedule confirmation,Noura Salem
COM01896,C0101,2024-12-22,Video Call,Training needs assessment,Sara Hassan
COM05696,C0298,2024-12-22,Phone Call,Follow-up on booking,Fatima Ahmed
COM02951,C0159,2024-12-22,Phone Call,Course recommendation,Sara Hassan
COM01324,C0069,2024-12-23,WhatsApp,Satisfaction survey,Fatima Ahmed
COM02318,C0129,2024-12-23,Meeting,New course announcement,Sara Hassan
COM01245,C0065,2024-12-23,Video Call,General inquiry,Ahmed Abdullah
COM01754,C0093,2024-12-23,Video Call,Quotation request,Ahmed Abdullah
COM02990,C0161,2024-12-23,Video Call,Renewal discussion,Sara Hassan
COM09278,C0495,2024-12-23,Phone Call,Course recommendation,Ahmed Abdullah
COM04229,C0222,2024-12-23,Video Call,Satisfaction survey,Mohammed Ali
COM07441,C0391,2024-12-23,Video Call,Account review,Noura Salem
COM02217,C0121,2024-12-23,Email,Course recommendation,Noura Salem
COM05771,C0301,2024-12-23,Video Call,Quotation request,Mohammed Ali
COM02973,C0159,2024-12-23,WhatsApp,Training needs assessment,Sara Hassan
COM05885,C0308,2024-12-23,WhatsApp,Feedback discussion,Noura Salem
COM09343,C0498,2024-12-23,Meeting,Thank you message,Noura Salem
COM04964,C0257,2024-12-23,Meeting,Account review,Ahmed Abdullah
COM04668,C0240,2024-12-23,Email,Follow-up on booking,Ahmed Abdullah
COM07808,C0411,2024-12-23,WhatsApp,Complaint resolution,Noura Salem
COM01421,C0076,2024-12-23,Meeting,Schedule confirmation,Sara Hassan
COM01964,C0104,2024-12-24,Video Call,Course recommendation,Noura Salem
COM00301,C0014,2024-12-24,Phone Call,Complaint resolution,Sara Hassan
COM01974,C0105,2024-12-24,Video Call,Renewal discussion,Ahmed Abdullah
COM02174,C0118,2024-12-24,Email,Course recommendation,Noura Salem
COM08922,C0476,2024-12-24,Video Call,Complaint resolution,Mohammed Ali
COM03977,C0209,2024-12-24,Email,Quotation request,Fatima Ahmed
COM04288,C0223,2024-12-24,Phone Call,Follow-up on booking,Sara Hassan
COM05939,C0311,2024-12-24,Video Call,Quotation request,Ahmed Abdullah
COM06569,C0346,2024-12-24,Email,Training needs assessment,Mohammed Ali
COM08357,C0444,2024-12-24,Meeting,Satisfaction survey,Noura Salem
COM05821,C0304,2024-12-24,WhatsApp,Account review,Mohammed Ali
COM08439,C0450,2024-12-24,Meeting,General inquiry,Sara Hassan
COM01577,C0084,2024-12-24,Phone Call,Training needs assessment,Sara Hassan
COM07298,C0383,2024-12-25,Meeting,Thank you message,Fatima Ahmed
COM07351,C0387,2024-12-25,Email,Quotation request,Mohammed Ali
COM02698,C0146,2024-12-25,Email,Feedback discussion,Fatima Ahmed
COM06754,C0357,2024-12-25,WhatsApp,Training needs assessment,Sara Hassan
COM05616,C0294,2024-12-25,Meeting,Training needs assessment,Mohammed Ali
COM07503,C0396,2024-12-25,WhatsApp,Thank you message,Fatima Ahmed
COM05563,C0291,2024-12-25,Phone Call,General inquiry,Sara Hassan
COM00605,C0027,2024-12-25,Meeting,Follow-up on booking,Mohammed Ali
COM07581,C0400,2024-12-25,Video Call,Satisfaction survey,Mohammed Ali
COM09389,C0499,2024-12-25,Phone Call,Course recommendation,Fatima Ahmed
COM03345,C0176,2024-12-25,Phone Call,Feedback discussion,Sara Hassan
COM05566,C0291,2024-12-26,Video Call,General inquiry,Sara Hassan
COM06281,C0332,2024-12-26,WhatsApp,Satisfaction survey,Noura Salem
COM04712,C0245,2024-12-26,Phone Call,Account review,Fatima Ahmed
COM01215,C0063,2024-12-26,Video Call,Thank you message,Fatima Ahmed
COM04012,C0212,2024-12-26,Meeting,Thank you message,Noura Salem
COM01496,C0079,2024-12-26,WhatsApp,Account review,Ahmed Abdullah
COM04209,C0222,2024-12-26,Video Call,Satisfaction survey,Mohammed Ali
COM06579,C0347,2024-12-27,Meeting,Thank you message,Mohammed Ali
COM08121,C0430,2024-12-27,Email,Feedback discussion,Mohammed Ali
COM07740,C0410,2024-12-27,Phone Call,Follow-up on booking,Mohammed Ali
COM01819,C0098,2024-12-27,Meeting,Course recommendation,Noura Salem
COM08879,C0473,2024-12-27,Phone Call,New course announcement,Ahmed Abdullah
COM03448,C0182,2024-12-28,Phone Call,Schedule confirmation,Mohammed Ali
COM07712,C0408,2024-12-28,Email,Renewal discussion,Mohammed Ali
COM06434,C0340,2024-12-28,Meeting,Renewal discussion,Ahmed Abdullah
COM04130,C0217,2024-12-28,Video Call,Invoice query,Noura Salem
COM00860,C0043,2024-12-28,WhatsApp,Course recommendation,Ahmed Abdullah
COM04587,C0236,2024-12-28,Email,Course recommendation,Noura Salem
COM06989,C0369,2024-12-28,Email,Satisfaction survey,Mohammed Ali
COM00758,C0037,2024-12-29,WhatsApp,Schedule confirmation,Fatima Ahmed
COM07137,C0376,2024-12-29,Email,New course announcement,Sara Hassan
COM07466,C0393,2024-12-29,Email,Course recommendation,Sara Hassan
COM03744,C0196,2024-12-29,Meeting,Invoice query,Mohammed Ali
COM07013,C0370,2024-12-29,Meeting,Satisfaction survey,Fatima Ahmed
COM01844,C0100,2024-12-29,WhatsApp,New course announcement,Ahmed Abdullah
COM04289,C0223,2024-12-29,Meeting,Renewal discussion,Sara Hassan
COM01017,C0057,2024-12-29,WhatsApp,Feedback discussion,Mohammed Ali
COM07576,C0400,2024-12-29,Video Call,Thank you message,Mohammed Ali
COM05264,C0277,2024-12-29,Meeting,Satisfaction survey,Mohammed Ali
COM05363,C0283,2024-12-30,Email,Invoice query,Fatima Ahmed
COM03751,C0196,2024-12-30,Meeting,Follow-up on booking,Mohammed Ali
COM06002,C0317,2024-12-30,Email,Course recommendation,Mohammed Ali
COM08797,C0469,2024-12-30,Email,New course announcement,Noura Salem
COM03344,C0176,2024-12-30,Email,Complaint resolution,Sara Hassan
COM07426,C0391,2024-12-30,WhatsApp,Account review,Noura Salem
COM07386,C0388,2024-12-30,Video Call,Course recommendation,Sara Hassan
COM07748,C0410,2024-12-30,Phone Call,New course announcement,Mohammed Ali
COM04262,C0223,2024-12-30,Meeting,Course recommendation,Sara Hassan
COM05221,C0275,2024-12-31,Meeting,Thank you message,Sara Hassan
COM08565,C0459,2024-12-31,Phone Call,Account review,Ahmed Abdullah
COM00736,C0035,2024-12-31,Phone Call,Training needs assessment,Mohammed Ali
COM02635,C0142,2024-12-31,WhatsApp,Thank you message,Mohammed Ali
COM05200,C0273,2024-12-31,WhatsApp,Complaint resolution,Ahmed Abdullah
COM08750,C0466,2024-12-31,Meeting,New course announcement,Noura Salem
COM09053,C0484,2024-12-31,WhatsApp,Thank you message,Mohammed Ali
COM03706,C0194,2025-01-01,Phone Call,Invoice query,Mohammed Ali
COM00413,C0019,2025-01-01,WhatsApp,Renewal discussion,Ahmed Abdullah
COM07509,C0397,2025-01-01,Meeting,General inquiry,Noura Salem
COM04538,C0235,2025-01-01,WhatsApp,Thank you message,Sara Hassan
COM09069,C0485,2025-01-01,Meeting,Quotation request,Sara Hassan
COM00555,C0024,2025-01-01,WhatsApp,Account review,Noura Salem
COM02869,C0156,2025-01-02,Video Call,Renewal discussion,Fatima Ahmed
COM07921,C0417,2025-01-02,Email,Complaint resolution,Noura Salem
COM05424,C0286,2025-01-02,WhatsApp,Renewal discussion,Fatima Ahmed
COM08229,C0437,2025-01-02,Video Call,New course announcement,Noura Salem
COM09336,C0498,2025-01-02,Video Call,Course recommendation,Noura Salem
COM00947,C0049,2025-01-02,Meeting,General inquiry,Sara Hassan
COM03933,C0206,2025-01-02,WhatsApp,General inquiry,Fatima Ahmed
COM02912,C0158,2025-01-02,Video Call,General inquiry,Sara Hassan
COM01305,C0067,2025-01-02,Phone Call,Quotation request,Sara Hassan
COM01267,C0065,2025-01-02,Video Call,Schedule confirmation,Ahmed Abdullah
COM06203,C0327,2025-01-02,Meeting,Quotation request,Noura Salem
COM07052,C0372,2025-01-03,Email,Feedback discussion,Sara Hassan
COM08110,C0430,2025-01-03,Meeting,Satisfaction survey,Mohammed Ali
COM06138,C0324,2025-01-03,WhatsApp,Account review,Noura Salem
COM01824,C0098,2025-01-03,Meeting,Course recommendation,Noura Salem
COM04769,C0248,2025-01-03,Meeting,Follow-up on booking,Ahmed Abdullah
COM02467,C0133,2025-01-04,WhatsApp,Training needs assessment,Sara Hassan
COM05271,C0277,2025-01-04,Meeting,Thank you message,Mohammed Ali
COM05946,C0311,2025-01-04,Email,Quotation request,Ahmed Abdullah
COM02110,C0114,2025-01-04,Email,Feedback discussion,Fatima Ahmed
COM01111,C0058,2025-01-04,Phone Call,Schedule confirmation,Mohammed Ali
COM07033,C0371,2025-01-05,Meeting,Feedback discussion,Fatima Ahmed
COM02007,C0109,2025-01-05,Phone Call,Account review,Fatima Ahmed
COM06093,C0322,2025-01-05,Email,New course announcement,Ahmed Abdullah
COM02473,C0133,2025-01-05,Email,General inquiry,Sara Hassan
COM00865,C0043,2025-01-05,WhatsApp,New course announcement,Ahmed Abdullah
COM07598,C0401,2025-01-05,Video Call,Training needs assessment,Fatima Ahmed
COM04532,C0234,2025-01-05,Phone Call,Invoice query,Mohammed Ali
COM06238,C0329,2025-01-06,Phone Call,Follow-up on booking,Mohammed Ali
COM08560,C0459,2025-01-06,WhatsApp,Thank you message,Ahmed Abdullah
COM03792,C0201,2025-01-06,Email,Satisfaction survey,Ahmed Abdullah
COM01813,C0097,2025-01-06,Email,Invoice query,Fatima Ahmed
COM05968,C0314,2025-01-06,Video Call,Invoice query,Mohammed Ali
COM00996,C0055,2025-01-06,WhatsApp,Feedback discussion,Mohammed Ali
COM09184,C0488,2025-01-06,Video Call,Quotation request,Sara Hassan
COM00433,C0020,2025-01-06,Email,New course announcement,Fatima Ahmed
COM07642,C0405,2025-01-07,Video Call,Renewal discussion,Noura Salem
COM07632,C0405,2025-01-07,WhatsApp,Invoice query,Noura Salem
COM02046,C0110,2025-01-07,Phone Call,Invoice query,Mohammed Ali
COM06676,C0353,2025-01-07,WhatsApp,New course announcement,Mohammed Ali
COM06677,C0353,2025-01-07,Video Call,New course announcement,Mohammed Ali
COM06657,C0351,2025-01-07,Phone Call,Satisfaction survey,Sara Hassan
COM03006,C0163,2025-01-07,WhatsApp,Complaint resolution,Ahmed Abdullah
COM03793,C0201,2025-01-07,Video Call,Feedback discussion,Ahmed Abdullah
COM08766,C0466,2025-01-07,Phone Call,Schedule confirmation,Noura Salem
COM00703,C0032,2025-01-07,Phone Call,Renewal discussion,Mohammed Ali
COM00540,C0022,2025-01-07,Video Call,General inquiry,Fatima Ahmed
COM00775,C0038,2025-01-07,Email,New course announcement,Noura Salem
COM00009,C0001,2025-01-07,WhatsApp,New course announcement,Noura Salem
COM08866,C0473,2025-01-07,Meeting,Schedule confirmation,Ahmed Abdullah
COM07817,C0413,2025-01-07,WhatsApp,Renewal discussion,Ahmed Abdullah
COM06135,C0324,2025-01-08,Meeting,Feedback discussion,Noura Salem
COM06268,C0331,2025-01-08,WhatsApp,Follow-up on booking,Mohammed Ali
COM07701,C0408,2025-01-08,WhatsApp,Follow-up on booking,Mohammed Ali
COM03889,C0203,2025-01-08,WhatsApp,Training needs assessment,Fatima Ahmed
COM04111,C0216,2025-01-08,Phone Call,Invoice query,Noura Salem
COM03281,C0174,2025-01-08,Video Call,Thank you message,Ahmed Abdullah
COM07982,C0422,2025-01-08,Video Call,Thank you message,Sara Hassan
COM01499,C0079,2025-01-08,Meeting,Invoice query,Ahmed Abdullah
COM06115,C0323,2025-01-08,Meeting,Quotation request,Ahmed Abdullah
COM06899,C0364,2025-01-09,Meeting,Renewal discussion,Fatima Ahmed
COM00335,C0016,2025-01-09,Phone Call,General inquiry,Sara Hassan
COM05934,C0311,2025-01-09,Meeting,Schedule confirmation,Ahmed Abdullah
COM08446,C0450,2025-01-09,Email,Invoice query,Sara Hassan
COM01721,C0092,2025-01-09,WhatsApp,Course recommendation,Noura Salem
COM08681,C0464,2025-01-09,WhatsApp,Renewal discussion,Sara Hassan
COM02354,C0129,2025-01-09,WhatsApp,Training needs assessment,Sara Hassan
COM08912,C0475,2025-01-09,Phone Call,Renewal discussion,Noura Salem
COM04321,C0224,2025-01-09,Email,Invoice query,Ahmed Abdullah
COM06874,C0362,2025-01-09,Meeting,Course recommendation,Ahmed Abdullah
COM01398,C0073,2025-01-09,Phone Call,Feedback discussion,Mohammed Ali
COM02836,C0153,2025-01-10,WhatsApp,Invoice query,Noura Salem
COM07569,C0400,2025-01-10,Phone Call,Training needs assessment,Mohammed Ali
COM05562,C0291,2025-01-10,WhatsApp,Follow-up on booking,Sara Hassan
COM05000,C0260,2025-01-10,Email,Satisfaction survey,Noura Salem
COM09080,C0486,2025-01-10,WhatsApp,Complaint resolution,Sara Hassan
COM07907,C0417,2025-01-10,Email,New course announcement,Noura Salem
COM00209,C0009,2025-01-10,Phone Call,New course announcement,Noura Salem
COM06856,C0361,2025-01-10,Video Call,Course recommendation,Fatima Ahmed
COM05942,C0311,2025-01-11,Meeting,Renewal discussion,Ahmed Abdullah
COM02994,C0161,2025-01-11,WhatsApp,Satisfaction survey,Sara Hassan
COM02660,C0144,2025-01-11,Video Call,Feedback discussion,Ahmed Abdullah
COM07325,C0386,2025-01-11,Phone Call,Complaint resolution,Ahmed Abdullah
COM08382,C0446,2025-01-11,WhatsApp,Course recommendation,Noura Salem
COM07862,C0415,2025-01-11,WhatsApp,Account review,Sara Hassan
COM05618,C0294,2025-01-11,Email,Follow-up on booking,Mohammed Ali
COM03517,C0186,2025-01-12,Phone Call,Complaint resolution,Noura Salem
COM00652,C0029,2025-01-12,Email,Renewal discussion,Noura Salem
COM03188,C0171,2025-01-12,Meeting,Complaint resolution,Sara Hassan
COM04636,C0238,2025-01-12,Meeting,Invoice query,Sara Hassan
COM02049,C0110,2025-01-12,WhatsApp,Course recommendation,Mohammed Ali
COM05268,C0277,2025-01-12,Meeting,Satisfaction survey,Mohammed Ali
COM07724,C0409,2025-01-12,Meeting,Account review,Fatima Ahmed
COM01675,C0089,2025-01-12,WhatsApp,General inquiry,Ahmed Abdullah
COM07419,C0391,2025-01-12,Phone Call,Complaint resolution,Noura Salem
COM06861,C0362,2025-01-12,Phone Call,Satisfaction survey,Ahmed Abdullah
COM04744,C0247,2025-01-12,Meeting,Account review,Sara Hassan
COM06736,C0357,2025-01-12,WhatsApp,Training needs assessment,Sara Hassan
COM00908,C0047,2025-01-12,Phone Call,Feedback discussion,Ahmed Abdullah
COM03483,C0185,2025-01-12,Phone Call,Feedback discussion,Noura Salem
COM02340,C0129,2025-01-12,Video Call,Satisfaction survey,Sara Hassan
COM07200,C0379,2025-01-13,WhatsApp,Satisfaction survey,Fatima Ahmed
COM00682,C0031,2025-01-13,Phone Call,Complaint resolution,Noura Salem
COM06543,C0345,2025-01-13,Email,Thank you message,Noura Salem
COM03733,C0196,2025-01-13,Video Call,Follow-up on booking,Mohammed Ali
COM08742,C0466,2025-01-13,Phone Call,Satisfaction survey,Noura Salem
COM00881,C0045,2025-01-13,Video Call,Satisfaction survey,Ahmed Abdullah
COM05826,C0304,2025-01-13,Email,Follow-up on booking,Mohammed Ali
COM06100,C0322,2025-01-13,Meeting,New course announcement,Ahmed Abdullah
COM02638,C0142,2025-01-13,Meeting,Quotation request,Mohammed Ali
COM04176,C0219,2025-01-13,WhatsApp,Invoice query,Ahmed Abdullah
COM07133,C0376,2025-01-13,Email,Schedule confirmation,Sara Hassan
COM06511,C0345,2025-01-13,Meeting,Satisfaction survey,Noura Salem
COM05245,C0276,2025-01-13,Email,Course recommendation,Fatima Ahmed
COM01481,C0078,2025-01-13,Email,Schedule confirmation,Fatima Ahmed
COM07854,C0414,2025-01-13,Email,Feedback discussion,Fatima Ahmed
COM06953,C0367,2025-01-13,WhatsApp,Satisfaction survey,Ahmed Abdullah
COM08524,C0457,2025-01-14,Email,Quotation request,Fatima Ahmed
COM05196,C0273,2025-01-14,Email,Complaint resolution,Ahmed Abdullah
COM04019,C0212,2025-01-14,Video Call,Thank you message,Noura Salem
COM04345,C0224,2025-01-14,Phone Call,Satisfaction survey,Ahmed Abdullah
COM07108,C0375,2025-01-14,Video Call,Follow-up on booking,Fatima Ahmed
COM02565,C0138,2025-01-14,Email,Course recommendation,Ahmed Abdullah
COM08240,C0438,2025-01-14,Video Call,Renewal discussion,Ahmed Abdullah
COM04100,C0216,2025-01-14,Video Call,Feedback discussion,Noura Salem
COM04502,C0232,2025-01-14,Meeting,Thank you message,Fatima Ahmed
COM06964,C0368,2025-01-14,Phone Call,General inquiry,Noura Salem
COM04615,C0237,2025-01-14,Email,New course announcement,Sara Hassan
COM09315,C0497,2025-01-14,WhatsApp,General inquiry,Ahmed Abdullah
COM06332,C0335,2025-01-15,Video Call,Training needs assessment,Noura Salem
COM02874,C0156,2025-01-15,Phone Call,Thank you message,Fatima Ahmed
COM07540,C0399,2025-01-15,Video Call,Thank you message,Ahmed Abdullah
COM05829,C0304,2025-01-15,Email,Thank you message,Mohammed Ali
COM08048,C0425,2025-01-15,Video Call,Training needs assessment,Mohammed Ali
COM02245,C0124,2025-01-16,Meeting,Quotation request,Fatima Ahmed
COM07928,C0417,2025-01-16,Video Call,Follow-up on booking,Noura Salem
COM00651,C0029,2025-01-16,Meeting,Renewal discussion,Noura Salem
COM01862,C0100,2025-01-16,Video Call,Feedback discussion,Ahmed Abdullah
COM03627,C0191,2025-01-16,Phone Call,Quotation request,Mohammed Ali
COM04788,C0251,2025-01-16,Meeting,Account review,Sara Hassan
COM06776,C0358,2025-01-16,WhatsApp,Training needs assessment,Mohammed Ali
COM06893,C0363,2025-01-16,Video Call,Follow-up on booking,Noura Salem
COM08181,C0434,2025-01-16,Phone Call,Schedule confirmation,Fatima Ahmed
COM07638,C0405,2025-01-16,WhatsApp,Account review,Noura Salem
COM06023,C0319,2025-01-16,WhatsApp,Invoice query,Noura Salem
COM07791,C0411,2025-01-17,Phone Call,Renewal discussion,Noura Salem
COM07130,C0376,2025-01-17,Phone Call,Thank you message,Sara Hassan
COM08374,C0445,2025-01-17,WhatsApp,Training needs assessment,Sara Hassan
COM02816,C0153,2025-01-17,Phone Call,Quotation request,Noura Salem
COM01137,C0060,2025-01-18,Video Call,Feedback discussion,Sara Hassan
COM01201,C0062,2025-01-18,Video Call,Follow-up on booking,Sara Hassan
COM06909,C0364,2025-01-18,WhatsApp,Complaint resolution,Fatima Ahmed
COM05231,C0275,2025-01-18,Email,New course announcement,Sara Hassan
COM08840,C0471,2025-01-18,Meeting,Account review,Ahmed Abdullah
COM07184,C0378,2025-01-18,WhatsApp,Account review,Sara Hassan
COM04606,C0237,2025-01-18,WhatsApp,Satisfaction survey,Sara Hassan
COM02180,C0119,2025-01-18,Phone Call,Satisfaction survey,Noura Salem
COM00495,C0022,2025-01-18,Email,Schedule confirmation,Fatima Ahmed
COM00883,C0045,2025-01-18,Email,Feedback discussion,Ahmed Abdullah
COM00517,C0022,2025-01-18,Phone Call,Training needs assessment,Fatima Ahmed
COM00300,C0014,2025-01-18,Video Call,General inquiry,Sara Hassan
COM00661,C0030,2025-01-18,Phone Call,Satisfaction survey,Fatima Ahmed
COM06194,C0327,2025-01-18,Meeting,Renewal discussion,Noura Salem
COM02461,C0133,2025-01-19,Meeting,Invoice query,Sara Hassan
COM02474,C0133,2025-01-19,Video Call,Schedule confirmation,Sara Hassan
COM02665,C0144,2025-01-19,Phone Call,Training needs assessment,Ahmed Abdullah
COM06190,C0327,2025-01-19,Meeting,Thank you message,Noura Salem
COM06660,C0351,2025-01-19,WhatsApp,Invoice query,Sara Hassan
COM02794,C0152,2025-01-19,Email,Complaint resolution,Mohammed Ali
COM04999,C0260,2025-01-19,WhatsApp,Thank you message,Noura Salem
COM01190,C0062,2025-01-19,Email,Account review,Sara Hassan
COM08185,C0434,2025-01-19,WhatsApp,Training needs assessment,Fatima Ahmed
COM07162,C0378,2025-01-20,WhatsApp,Renewal discussion,Sara Hassan
COM04873,C0252,2025-01-20,Meeting,Complaint resolution,Fatima Ahmed
COM07698,C0408,2025-01-20,Email,Invoice query,Mohammed Ali
COM06981,C0369,2025-01-20,Phone Call,Feedback discussion,Mohammed Ali
COM08368,C0445,2025-01-20,Phone Call,Course recommendation,Sara Hassan
COM05864,C0308,2025-01-20,Meeting,New course announcement,Noura Salem
COM03310,C0175,2025-01-20,Meeting,Thank you message,Fatima Ahmed
COM07416,C0390,2025-01-20,Phone Call,Satisfaction survey,Noura Salem
COM08012,C0423,2025-01-20,WhatsApp,Complaint resolution,Noura Salem
COM03430,C0182,2025-01-21,Phone Call,Account review,Mohammed Ali
COM06131,C0324,2025-01-21,Video Call,Account review,Noura Salem
COM07316,C0386,2025-01-21,WhatsApp,Schedule confirmation,Ahmed Abdullah
COM05176,C0271,2025-01-21,Email,Training needs assessment,Mohammed Ali
COM07237,C0380,2025-01-21,Video Call,Complaint resolution,Fatima Ahmed
COM06506,C0345,2025-01-21,Video Call,Feedback discussion,Noura Salem
COM04415,C0226,2025-01-21,Phone Call,Thank you message,Sara Hassan
COM02243,C0124,2025-01-21,Video Call,New course announcement,Fatima Ahmed
COM05631,C0295,2025-01-21,WhatsApp,General inquiry,Mohammed Ali
COM06536,C0345,2025-01-21,Email,Complaint resolution,Noura Salem
COM06563,C0346,2025-01-22,Video Call,Satisfaction survey,Mohammed Ali
COM01095,C0058,2025-01-22,WhatsApp,General inquiry,Mohammed Ali
COM08834,C0471,2025-01-22,Video Call,Renewal discussion,Ahmed Abdullah
COM00182,C0007,2025-01-22,WhatsApp,Schedule confirmation,Sara Hassan
COM08119,C0430,2025-01-22,Meeting,New course announcement,Mohammed Ali
COM07304,C0384,2025-01-22,Video Call,General inquiry,Mohammed Ali
COM04038,C0213,2025-01-22,Meeting,New course announcement,Fatima Ahmed
COM05086,C0267,2025-01-22,Email,Schedule confirmation,Noura Salem
COM02672,C0145,2025-01-22,Video Call,Account review,Ahmed Abdullah
COM06009,C0318,2025-01-22,Meeting,New course announcement,Noura Salem
COM05780,C0302,2025-01-22,Video Call,Feedback discussion,Mohammed Ali
COM02523,C0135,2025-01-22,Email,Invoice query,Noura Salem
COM08426,C0450,2025-01-22,Phone Call,Schedule confirmation,Sara Hassan
COM00159,C0007,2025-01-23,Email,Quotation request,Sara Hassan
COM01801,C0097,2025-01-23,WhatsApp,Satisfaction survey,Fatima Ahmed
COM01109,C0058,2025-01-23,Phone Call,Invoice query,Mohammed Ali
COM04426,C0227,2025-01-23,Meeting,Thank you message,Mohammed Ali
COM03998,C0210,2025-01-23,Video Call,Renewal discussion,Ahmed Abdullah
COM05330,C0282,2025-01-23,Meeting,Schedule confirmation,Sara Hassan
COM05504,C0288,2025-01-23,WhatsApp,General inquiry,Noura Salem
COM08365,C0445,2025-01-23,Email,Schedule confirmation,Sara Hassan
COM02390,C0131,2025-01-23,Phone Call,Invoice query,Fatima Ahmed
COM06764,C0357,2025-01-23,Email,Course recommendation,Sara Hassan
COM02662,C0144,2025-01-23,WhatsApp,New course announcement,Ahmed Abdullah
COM08601,C0460,2025-01-23,Video Call,Feedback discussion,Sara Hassan
COM03759,C0197,2025-01-23,Email,Invoice query,Mohammed Ali
COM03055,C0165,2025-01-23,Meeting,Account review,Sara Hassan
COM03070,C0165,2025-01-24,Email,Training needs assessment,Sara Hassan
COM02518,C0134,2025-01-24,Phone Call,Follow-up on booking,Noura Salem
COM00659,C0030,2025-01-24,Email,General inquiry,Fatima Ahmed
COM04983,C0259,2025-01-24,Video Call,Complaint resolution,Sara Hassan
COM02519,C0134,2025-01-24,Email,Course recommendation,Noura Salem
COM06231,C0328,2025-01-25,Video Call,New course announcement,Mohammed Ali
COM08159,C0432,2025-01-25,Meeting,Feedback discussion,Ahmed Abdullah
COM07262,C0381,2025-01-25,Meeting,Schedule confirmation,Noura Salem
COM08542,C0458,2025-01-25,Phone Call,Satisfaction survey,Mohammed Ali
COM05937,C0311,2025-01-25,WhatsApp,Course recommendation,Ahmed Abdullah
COM06347,C0336,2025-01-25,WhatsApp,Complaint resolution,Fatima Ahmed
COM06622,C0349,2025-01-25,Phone Call,General inquiry,Fatima Ahmed
COM01766,C0094,2025-01-25,Email,Invoice query,Mohammed Ali
COM01306,C0067,2025-01-25,Video Call,Schedule confirmation,Sara Hassan
COM04752,C0247,2025-01-25,WhatsApp,Account review,Sara Hassan
COM08654,C0462,2025-01-25,Email,Follow-up on booking,Fatima Ahmed
COM05365,C0283,2025-01-25,Email,New course announcement,Fatima Ahmed
COM06180,C0327,2025-01-25,Email,Satisfaction survey,Noura Salem
COM00425,C0020,2025-01-25,Video Call,Quotation request,Fatima Ahmed
COM01723,C0092,2025-01-26,Video Call,Satisfaction survey,Noura Salem
COM03583,C0190,2025-01-26,Email,Training needs assessment,Noura Salem
COM02495,C0134,2025-01-26,Phone Call,Satisfaction survey,Noura Salem
COM07718,C0408,2025-01-26,Meeting,New course announcement,Mohammed Ali
COM00464,C0021,2025-01-26,WhatsApp,Satisfaction survey,Mohammed Ali
COM04003,C0211,2025-01-26,WhatsApp,Complaint resolution,Fatima Ahmed
COM05647,C0296,2025-01-27,Meeting,Course recommendation,Noura Salem
COM09323,C0497,2025-01-27,WhatsApp,Satisfaction survey,Ahmed Abdullah
COM05714,C0298,2025-01-27,Video Call,Renewal discussion,Fatima Ahmed
COM00226,C0010,2025-01-27,Email,Course recommendation,Mohammed Ali
COM05691,C0298,2025-01-27,Email,Training needs assessment,Fatima Ahmed
COM04715,C0245,2025-01-27,Meeting,Renewal discussion,Fatima Ahmed
COM01598,C0084,2025-01-27,Phone Call,Account review,Sara Hassan
COM01664,C0088,2025-01-27,Phone Call,Thank you message,Sara Hassan
COM04033,C0213,2025-01-27,Meeting,Course recommendation,Fatima Ahmed
COM08305,C0442,2025-01-27,Meeting,Invoice query,Noura Salem
COM07082,C0374,2025-01-27,Meeting,Account review,Mohammed Ali
COM04830,C0252,2025-01-27,Meeting,Invoice query,Fatima Ahmed
COM06145,C0324,2025-01-28,Video Call,Feedback discussion,Noura Salem
COM06119,C0323,2025-01-28,WhatsApp,Account review,Ahmed Abdullah
COM08465,C0451,2025-01-28,Meeting,Follow-up on booking,Noura Salem
COM00839,C0042,2025-01-28,Meeting,Satisfaction survey,Noura Salem
COM05938,C0311,2025-01-28,WhatsApp,Invoice query,Ahmed Abdullah
COM06873,C0362,2025-01-28,WhatsApp,Account review,Ahmed Abdullah
COM07874,C0415,2025-01-28,Meeting,New course announcement,Sara Hassan
COM00990,C0055,2025-01-28,WhatsApp,New course announcement,Mohammed Ali
COM08556,C0459,2025-01-29,Phone Call,Satisfaction survey,Ahmed Abdullah
COM00449,C0021,2025-01-29,Email,Complaint resolution,Mohammed Ali
COM00639,C0028,2025-01-29,WhatsApp,Feedback discussion,Fatima Ahmed
COM05545,C0291,2025-01-29,Email,Follow-up on booking,Sara Hassan
COM04301,C0224,2025-01-29,Email,Complaint resolution,Ahmed Abdullah
COM04279,C0223,2025-01-29,WhatsApp,Feedback discussion,Sara Hassan
COM02074,C0111,2025-01-29,Meeting,New course announcement,Mohammed Ali
COM04969,C0258,2025-01-29,WhatsApp,Renewal discussion,Ahmed Abdullah
COM02059,C0110,2025-01-29,Email,New course announcement,Mohammed Ali
COM04823,C0252,2025-01-29,Phone Call,Training needs assessment,Fatima Ahmed
COM03187,C0171,2025-01-29,WhatsApp,Course recommendation,Sara Hassan
COM04341,C0224,2025-01-29,Meeting,Satisfaction survey,Ahmed Abdullah
COM04174,C0219,2025-01-30,WhatsApp,Satisfaction survey,Ahmed Abdullah
COM05486,C0288,2025-01-30,Meeting,Schedule confirmation,Noura Salem
COM07853,C0414,2025-01-30,Video Call,General inquiry,Fatima Ahmed
COM08186,C0434,2025-01-31,Meeting,Complaint resolution,Fatima Ahmed
COM05012,C0261,2025-01-31,Video Call,Training needs assessment,Mohammed Ali
COM00930,C0048,2025-01-31,WhatsApp,New course announcement,Mohammed Ali
COM06423,C0340,2025-01-31,Meeting,Satisfaction survey,Ahmed Abdullah
COM08483,C0453,2025-01-31,WhatsApp,Invoice query,Ahmed Abdullah
COM06980,C0369,2025-01-31,Video Call,Course recommendation,Mohammed Ali
COM09300,C0496,2025-01-31,WhatsApp,Quotation request,Sara Hassan
COM03154,C0169,2025-01-31,Email,Thank you message,Ahmed Abdullah
COM06625,C0350,2025-01-31,Meeting,Course recommendation,Sara Hassan
COM09217,C0493,2025-01-31,Phone Call,Feedback discussion,Sara Hassan
COM01323,C0069,2025-01-31,Video Call,Course recommendation,Fatima Ahmed
COM06582,C0348,2025-02-01,Meeting,Renewal discussion,Ahmed Abdullah
COM01630,C0086,2025-02-01,Meeting,Invoice query,Ahmed Abdullah
COM08514,C0456,2025-02-01,Email,Quotation request,Ahmed Abdullah
COM03388,C0179,2025-02-01,WhatsApp,General inquiry,Mohammed Ali
COM01301,C0067,2025-02-01,WhatsApp,Course recommendation,Sara Hassan
COM03638,C0191,2025-02-01,Phone Call,New course announcement,Mohammed Ali
COM07895,C0417,2025-02-01,Email,Invoice query,Noura Salem
COM02188,C0120,2025-02-02,Email,Account review,Sara Hassan
COM01232,C0064,2025-02-02,WhatsApp,Schedule confirmation,Noura Salem
COM06737,C0357,2025-02-02,Video Call,Invoice query,Sara Hassan
COM03502,C0185,2025-02-02,Phone Call,Thank you message,Noura Salem
COM00772,C0038,2025-02-02,Video Call,Account review,Noura Salem
COM01520,C0080,2025-02-02,Email,Account review,Ahmed Abdullah
COM05272,C0277,2025-02-02,WhatsApp,Schedule confirmation,Mohammed Ali
COM06974,C0369,2025-02-02,Video Call,Feedback discussion,Mohammed Ali
COM05137,C0269,2025-02-02,WhatsApp,Account review,Mohammed Ali
COM07741,C0410,2025-02-03,Video Call,General inquiry,Mohammed Ali
COM01332,C0069,2025-02-03,Meeting,Invoice query,Fatima Ahmed
COM05569,C0291,2025-02-03,Meeting,New course announcement,Sara Hassan
COM02303,C0129,2025-02-03,Phone Call,Complaint resolution,Sara Hassan
COM09078,C0485,2025-02-03,Phone Call,Quotation request,Sara Hassan
COM06578,C0347,2025-02-03,Meeting,Schedule confirmation,Mohammed Ali
COM02664,C0144,2025-02-03,Meeting,Feedback discussion,Ahmed Abdullah
COM09405,C0500,2025-02-03,Video Call,Quotation request,Fatima Ahmed
COM07153,C0378,2025-02-04,Email,Account review,Sara Hassan
COM01825,C0098,2025-02-04,Email,Complaint resolution,Noura Salem
COM05887,C0308,2025-02-04,Video Call,Invoice query,Noura Salem
COM08073,C0428,2025-02-04,Phone Call,Feedback discussion,Fatima Ahmed
COM05498,C0288,2025-02-05,Meeting,New course announcement,Noura Salem
COM02062,C0110,2025-02-05,WhatsApp,General inquiry,Mohammed Ali
COM03047,C0165,2025-02-05,Email,General inquiry,Sara Hassan
COM09312,C0497,2025-02-05,Video Call,Account review,Ahmed Abdullah
COM02115,C0115,2025-02-05,Phone Call,Feedback discussion,Noura Salem
COM06947,C0367,2025-02-05,Email,Account review,Ahmed Abdullah
COM07697,C0408,2025-02-05,Video Call,Complaint resolution,Mohammed Ali
COM05822,C0304,2025-02-05,Video Call,New course announcement,Mohammed Ali
COM02751,C0150,2025-02-05,Meeting,Satisfaction survey,Mohammed Ali
COM05753,C0301,2025-02-05,Email,Feedback discussion,Mohammed Ali
COM06424,C0340,2025-02-05,Video Call,New course announcement,Ahmed Abdullah
COM08075,C0428,2025-02-05,Meeting,Schedule confirmation,Fatima Ahmed
COM00378,C0017,2025-02-05,Phone Call,Schedule confirmation,Fatima Ahmed
COM07622,C0403,2025-02-05,Phone Call,Feedback discussion,Noura Salem
COM06847,C0361,2025-02-06,WhatsApp,Satisfaction survey,Fatima Ahmed
COM03258,C0174,2025-02-06,Email,Renewal discussion,Ahmed Abdullah
COM03855,C0203,2025-02-06,Email,Renewal discussion,Fatima Ahmed
COM06030,C0319,2025-02-06,Email,Training needs assessment,Noura Salem
COM08997,C0482,2025-02-06,Video Call,Course recommendation,Noura Salem
COM06243,C0330,2025-02-06,Phone Call,Account review,Noura Salem
COM06144,C0324,2025-02-06,Email,Invoice query,Noura Salem
COM01575,C0084,2025-02-06,Email,Quotation request,Sara Hassan
COM04362,C0225,2025-02-06,Meeting,Satisfaction survey,Sara Hassan
COM07436,C0391,2025-02-07,Email,Invoice query,Noura Salem
COM07005,C0370,2025-02-07,Phone Call,Account review,Fatima Ahmed
COM04411,C0226,2025-02-07,Email,Account review,Sara Hassan
COM00577,C0025,2025-02-07,WhatsApp,Quotation request,Fatima Ahmed
COM04291,C0223,2025-02-07,Video Call,Invoice query,Sara Hassan
COM01746,C0093,2025-02-07,Phone Call,Invoice query,Ahmed Abdullah
COM06020,C0319,2025-02-07,Phone Call,Account review,Noura Salem
COM04102,C0216,2025-02-07,Video Call,Follow-up on booking,Noura Salem
COM09153,C0488,2025-02-07,Email,New course announcement,Sara Hassan
COM03749,C0196,2025-02-07,Video Call,New course announcement,Mohammed Ali
COM00902,C0047,2025-02-08,Phone Call,Course recommendation,Ahmed Abdullah
COM00564,C0025,2025-02-08,Phone Call,Schedule confirmation,Fatima Ahmed
COM03334,C0176,2025-02-08,WhatsApp,Satisfaction survey,Sara Hassan
COM02183,C0119,2025-02-08,Meeting,General inquiry,Noura Salem
COM04753,C0247,2025-02-08,WhatsApp,Schedule confirmation,Sara Hassan
COM08235,C0437,2025-02-08,Phone Call,Schedule confirmation,Noura Salem
COM01537,C0080,2025-02-08,Meeting,General inquiry,Ahmed Abdullah
COM04052,C0214,2025-02-08,Meeting,Schedule confirmation,Noura Salem
COM03044,C0165,2025-02-08,Video Call,Complaint resolution,Sara Hassan
COM02546,C0136,2025-02-09,Meeting,New course announcement,Noura Salem
COM00556,C0024,2025-02-09,Email,Feedback discussion,Noura Salem
COM09276,C0494,2025-02-09,Video Call,Account review,Noura Salem
COM07960,C0420,2025-02-09,Video Call,General inquiry,Ahmed Abdullah
COM05557,C0291,2025-02-09,Video Call,Account review,Sara Hassan
COM06330,C0335,2025-02-09,Phone Call,New course announcement,Noura Salem
COM05867,C0308,2025-02-09,Phone Call,Satisfaction survey,Noura Salem
COM02001,C0109,2025-02-09,Video Call,Feedback discussion,Fatima Ahmed
COM07833,C0414,2025-02-09,WhatsApp,Schedule confirmation,Fatima Ahmed
COM04417,C0226,2025-02-10,Phone Call,Thank you message,Sara Hassan
COM02720,C0147,2025-02-10,WhatsApp,Renewal discussion,Noura Salem
COM08985,C0481,2025-02-10,WhatsApp,Complaint resolution,Sara Hassan
COM03598,C0190,2025-02-10,Email,Complaint resolution,Noura Salem
COM06468,C0344,2025-02-10,Phone Call,Invoice query,Noura Salem
COM07475,C0393,2025-02-10,Meeting,Satisfaction survey,Sara Hassan
COM05422,C0285,2025-02-11,Meeting,Account review,Mohammed Ali
COM06963,C0368,2025-02-11,Email,Course recommendation,Noura Salem
COM03504,C0185,2025-02-11,Video Call,Schedule confirmation,Noura Salem
COM03702,C0194,2025-02-11,Meeting,Quotation request,Mohammed Ali
COM03392,C0179,2025-02-11,WhatsApp,Course recommendation,Mohammed Ali
COM03085,C0166,2025-02-11,WhatsApp,Thank you message,Ahmed Abdullah
COM01191,C0062,2025-02-11,Meeting,Complaint resolution,Sara Hassan
COM05510,C0288,2025-02-11,Phone Call,Training needs assessment,Noura Salem
COM09335,C0498,2025-02-11,Email,Renewal discussion,Noura Salem
COM07760,C0410,2025-02-11,Phone Call,Schedule confirmation,Mohammed Ali
COM01333,C0069,2025-02-11,Email,New course announcement,Fatima Ahmed
COM00498,C0022,2025-02-11,Email,New course announcement,Fatima Ahmed
COM00454,C0021,2025-02-12,WhatsApp,Invoice query,Mohammed Ali
COM00924,C0047,2025-02-12,Meeting,Thank you message,Ahmed Abdullah
COM04672,C0240,2025-02-12,WhatsApp,General inquiry,Ahmed Abdullah
COM04540,C0235,2025-02-12,Meeting,Satisfaction survey,Sara Hassan
COM01196,C0062,2025-02-12,WhatsApp,Schedule confirmation,Sara Hassan
COM01840,C0099,2025-02-12,WhatsApp,Follow-up on booking,Fatima Ahmed
COM06363,C0336,2025-02-12,WhatsApp,Course recommendation,Fatima Ahmed
COM02529,C0135,2025-02-12,WhatsApp,Follow-up on booking,Noura Salem
COM04144,C0217,2025-02-12,Email,Training needs assessment,Noura Salem
COM08929,C0477,2025-02-13,Phone Call,Thank you message,Ahmed Abdullah
COM02141,C0118,2025-02-13,WhatsApp,Satisfaction survey,Noura Salem
COM06096,C0322,2025-02-13,Phone Call,Thank you message,Ahmed Abdullah
COM06648,C0351,2025-02-13,Meeting,Renewal discussion,Sara Hassan
COM02977,C0160,2025-02-13,Email,Account review,Fatima Ahmed
COM03916,C0205,2025-02-14,Video Call,Course recommendation,Mohammed Ali
COM00437,C0020,2025-02-14,Meeting,Account review,Fatima Ahmed
COM04457,C0229,2025-02-14,Video Call,Invoice query,Ahmed Abdullah
COM03573,C0189,2025-02-14,Video Call,Satisfaction survey,Mohammed Ali
COM02181,C0119,2025-02-14,Meeting,Training needs assessment,Noura Salem
COM06583,C0348,2025-02-14,Phone Call,Schedule confirmation,Ahmed Abdullah
COM08243,C0438,2025-02-14,WhatsApp,Schedule confirmation,Ahmed Abdullah
COM06984,C0369,2025-02-14,Phone Call,Renewal discussion,Mohammed Ali
COM05936,C0311,2025-02-14,Video Call,Thank you message,Ahmed Abdullah
COM06936,C0366,2025-02-14,Meeting,Schedule confirmation,Noura Salem
COM09139,C0487,2025-02-15,Meeting,Account review,Sara Hassan
COM01632,C0086,2025-02-15,Phone Call,Follow-up on booking,Ahmed Abdullah
COM04431,C0227,2025-02-15,Video Call,Renewal discussion,Mohammed Ali
COM00404,C0018,2025-02-15,WhatsApp,Complaint resolution,Sara Hassan
COM04112,C0216,2025-02-15,WhatsApp,Invoice query,Noura Salem
COM07207,C0379,2025-02-15,Video Call,Feedback discussion,Fatima Ahmed
COM02321,C0129,2025-02-15,Phone Call,Follow-up on booking,Sara Hassan
COM02351,C0129,2025-02-15,Email,Complaint resolution,Sara Hassan
COM02330,C0129,2025-02-15,WhatsApp,Complaint resolution,Sara Hassan
COM03109,C0167,2025-02-15,Email,Schedule confirmation,Sara Hassan
COM05373,C0283,2025-02-15,WhatsApp,Thank you message,Fatima Ahmed
COM06305,C0334,2025-02-16,Meeting,Follow-up on booking,Mohammed Ali
COM05062,C0265,2025-02-16,WhatsApp,Renewal discussion,Noura Salem
COM07496,C0395,2025-02-16,WhatsApp,Complaint resolution,Mohammed Ali
COM00501,C0022,2025-02-16,WhatsApp,Quotation request,Fatima Ahmed
COM08057,C0426,2025-02-16,Phone Call,Invoice query,Fatima Ahmed
COM04525,C0234,2025-02-16,Meeting,Follow-up on booking,Mohammed Ali
COM01425,C0076,2025-02-16,Meeting,Feedback discussion,Sara Hassan
COM07714,C0408,2025-02-16,Video Call,Complaint resolution,Mohammed Ali
COM01336,C0069,2025-02-16,WhatsApp,Complaint resolution,Fatima Ahmed
COM01512,C0079,2025-02-16,Meeting,New course announcement,Ahmed Abdullah
COM05195,C0272,2025-02-16,Video Call,Follow-up on booking,Ahmed Abdullah
COM08323,C0443,2025-02-17,Video Call,Satisfaction survey,Sara Hassan
COM09020,C0483,2025-02-17,Meeting,Complaint resolution,Mohammed Ali
COM08375,C0445,2025-02-17,Meeting,Complaint resolution,Sara Hassan
COM08285,C0440,2025-02-17,Video Call,Renewal discussion,Mohammed Ali
COM03237,C0173,2025-02-17,Email,Follow-up on booking,Noura Salem
COM04004,C0211,2025-02-17,Phone Call,Quotation request,Fatima Ahmed
COM06216,C0328,2025-02-17,Video Call,Complaint resolution,Mohammed Ali
COM09044,C0483,2025-02-17,Email,Follow-up on booking,Mohammed Ali
COM02833,C0153,2025-02-17,Email,Satisfaction survey,Noura Salem
COM00394,C0018,2025-02-18,Email,Course recommendation,Sara Hassan
COM01374,C0073,2025-02-18,Video Call,Satisfaction survey,Mohammed Ali
COM03449,C0182,2025-02-18,WhatsApp,Quotation request,Mohammed Ali
COM08054,C0425,2025-02-18,Meeting,Follow-up on booking,Mohammed Ali
COM07819,C0413,2025-02-18,Meeting,General inquiry,Ahmed Abdullah
COM03139,C0168,2025-02-18,Phone Call,Thank you message,Fatima Ahmed
COM05932,C0311,2025-02-18,Email,Invoice query,Ahmed Abdullah
COM08133,C0430,2025-02-18,Video Call,Quotation request,Mohammed Ali
COM02371,C0130,2025-02-18,Meeting,Thank you message,Mohammed Ali
COM00152,C0007,2025-02-18,Meeting,Quotation request,Sara Hassan
COM04720,C0245,2025-02-19,Meeting,Renewal discussion,Fatima Ahmed
COM00697,C0032,2025-02-19,WhatsApp,Quotation request,Mohammed Ali
COM06027,C0319,2025-02-19,Email,Renewal discussion,Noura Salem
COM05750,C0301,2025-02-19,Email,Renewal discussion,Mohammed Ali
COM00559,C0024,2025-02-19,Meeting,General inquiry,Noura Salem
COM01783,C0095,2025-02-20,WhatsApp,Course recommendation,Ahmed Abdullah
COM06514,C0345,2025-02-20,Email,Feedback discussion,Noura Salem
COM08190,C0434,2025-02-20,Email,Satisfaction survey,Fatima Ahmed
COM07519,C0397,2025-02-20,Meeting,Thank you message,Noura Salem
COM02491,C0133,2025-02-20,Phone Call,Follow-up on booking,Sara Hassan
COM06036,C0320,2025-02-20,Video Call,Renewal discussion,Noura Salem
COM03644,C0191,2025-02-20,WhatsApp,New course announcement,Mohammed Ali
COM02160,C0118,2025-02-20,WhatsApp,Schedule confirmation,Noura Salem
COM00426,C0020,2025-02-20,Phone Call,Training needs assessment,Fatima Ahmed
COM02823,C0153,2025-02-20,WhatsApp,Follow-up on booking,Noura Salem
COM05400,C0284,2025-02-20,Email,Training needs assessment,Mohammed Ali
COM04563,C0235,2025-02-20,WhatsApp,Invoice query,Sara Hassan
COM03068,C0165,2025-02-20,WhatsApp,Schedule confirmation,Sara Hassan
COM01034,C0057,2025-02-21,WhatsApp,Invoice query,Mohammed Ali
COM05333,C0282,2025-02-21,Phone Call,Quotation request,Sara Hassan
COM04946,C0256,2025-02-21,Meeting,Satisfaction survey,Fatima Ahmed
COM07521,C0397,2025-02-21,Video Call,Feedback discussion,Noura Salem
COM05901,C0310,2025-02-21,WhatsApp,Schedule confirmation,Fatima Ahmed
COM04694,C0243,2025-02-21,Phone Call,Feedback discussion,Mohammed Ali
COM02162,C0118,2025-02-21,WhatsApp,Schedule confirmation,Noura Salem
COM08293,C0440,2025-02-21,Email,Invoice query,Mohammed Ali
COM06256,C0330,2025-02-22,Video Call,Follow-up on booking,Noura Salem
COM08467,C0451,2025-02-22,WhatsApp,Follow-up on booking,Noura Salem
COM04928,C0255,2025-02-22,Video Call,Course recommendation,Ahmed Abdullah
COM04867,C0252,2025-02-22,Meeting,Thank you message,Fatima Ahmed
COM00699,C0032,2025-02-22,Meeting,Renewal discussion,Mohammed Ali
COM01542,C0081,2025-02-22,Video Call,New course announcement,Noura Salem
COM06701,C0354,2025-02-22,Email,Course recommendation,Sara Hassan
COM01538,C0080,2025-02-22,WhatsApp,General inquiry,Ahmed Abdullah
COM08639,C0462,2025-02-22,Email,Thank you message,Fatima Ahmed
COM07307,C0385,2025-02-22,WhatsApp,Feedback discussion,Mohammed Ali
COM08757,C0466,2025-02-22,Email,Course recommendation,Noura Salem
COM06771,C0358,2025-02-22,WhatsApp,New course announcement,Mohammed Ali
COM05201,C0273,2025-02-22,Email,Quotation request,Ahmed Abdullah
COM05490,C0288,2025-02-22,Meeting,Quotation request,Noura Salem
COM06962,C0368,2025-02-23,Meeting,Invoice query,Noura Salem
COM01110,C0058,2025-02-23,Meeting,Invoice query,Mohammed Ali
COM03172,C0170,2025-02-23,Phone Call,Course recommendation,Mohammed Ali
COM01391,C0073,2025-02-23,WhatsApp,Training needs assessment,Mohammed Ali
COM02164,C0118,2025-02-23,WhatsApp,Course recommendation,Noura Salem
COM02378,C0130,2025-02-24,Meeting,Account review,Mohammed Ali
COM02041,C0109,2025-02-24,Meeting,Feedback discussion,Fatima Ahmed
COM03857,C0203,2025-02-24,Meeting,Satisfaction survey,Fatima Ahmed
COM07174,C0378,2025-02-24,Meeting,New course announcement,Sara Hassan
COM08008,C0423,2025-02-24,Email,Course recommendation,Noura Salem
COM00251,C0011,2025-02-24,Video Call,Feedback discussion,Noura Salem
COM08169,C0433,2025-02-25,Video Call,Schedule confirmation,Ahmed Abdullah
COM01237,C0064,2025-02-25,WhatsApp,Account review,Noura Salem
COM02626,C0142,2025-02-25,Meeting,General inquiry,Mohammed Ali
COM03541,C0188,2025-02-25,Email,Course recommendation,Fatima Ahmed
COM07755,C0410,2025-02-25,Meeting,Thank you message,Mohammed Ali
COM04751,C0247,2025-02-25,Phone Call,Training needs assessment,Sara Hassan
COM02870,C0156,2025-02-25,Video Call,Training needs assessment,Fatima Ahmed
COM06919,C0365,2025-02-26,Phone Call,Feedback discussion,Mohammed Ali
COM05803,C0302,2025-02-26,Meeting,Invoice query,Mohammed Ali
COM00742,C0035,2025-02-26,WhatsApp,Invoice query,Mohammed Ali
COM06113,C0322,2025-02-26,WhatsApp,Invoice query,Ahmed Abdullah
COM04834,C0252,2025-02-26,Meeting,New course announcement,Fatima Ahmed
COM06285,C0332,2025-02-26,Meeting,New course announcement,Noura Salem
COM06106,C0322,2025-02-26,Video Call,Account review,Ahmed Abdullah
COM09170,C0488,2025-02-26,Video Call,Account review,Sara Hassan
COM04750,C0247,2025-02-26,Video Call,Feedback discussion,Sara Hassan
COM07000,C0370,2025-02-26,Email,Account review,Fatima Ahmed
COM05620,C0294,2025-02-26,Phone Call,Follow-up on booking,Mohammed Ali
COM04698,C0244,2025-02-26,Phone Call,Satisfaction survey,Fatima Ahmed
COM03570,C0189,2025-02-27,Email,Thank you message,Mohammed Ali
COM05685,C0298,2025-02-27,Meeting,Course recommendation,Fatima Ahmed
COM05006,C0261,2025-02-27,Email,Schedule confirmation,Mohammed Ali
COM00840,C0042,2025-02-27,Phone Call,Schedule confirmation,Noura Salem
COM01531,C0080,2025-02-27,Phone Call,General inquiry,Ahmed Abdullah
COM05577,C0292,2025-02-27,Email,New course announcement,Ahmed Abdullah
COM03719,C0195,2025-02-27,WhatsApp,Schedule confirmation,Sara Hassan
COM00102,C0005,2025-02-27,Email,Quotation request,Sara Hassan
COM02273,C0125,2025-02-27,Video Call,Feedback discussion,Sara Hassan
COM06645,C0351,2025-02-27,Meeting,Schedule confirmation,Sara Hassan
COM03332,C0176,2025-02-27,Email,Invoice query,Sara Hassan
COM05676,C0296,2025-02-27,Email,Satisfaction survey,Noura Salem
COM09214,C0492,2025-02-27,Video Call,Account review,Sara Hassan
COM06973,C0369,2025-02-28,Phone Call,Account review,Mohammed Ali
COM07093,C0375,2025-02-28,WhatsApp,Thank you message,Fatima Ahmed
COM06568,C0346,2025-02-28,Meeting,Follow-up on booking,Mohammed Ali
COM08083,C0428,2025-02-28,Phone Call,Thank you message,Fatima Ahmed
COM03963,C0207,2025-02-28,Video Call,General inquiry,Noura Salem
COM05660,C0296,2025-02-28,Video Call,Course recommendation,Noura Salem
COM01431,C0076,2025-02-28,Meeting,Follow-up on booking,Sara Hassan
COM01498,C0079,2025-02-28,Email,Satisfaction survey,Ahmed Abdullah
COM07979,C0422,2025-02-28,Email,Quotation request,Sara Hassan
COM05058,C0264,2025-02-28,WhatsApp,Satisfaction survey,Mohammed Ali
COM02939,C0159,2025-02-28,Meeting,Satisfaction survey,Sara Hassan
COM08884,C0473,2025-03-01,Email,Feedback discussion,Ahmed Abdullah
COM05384,C0283,2025-03-01,Video Call,Account review,Fatima Ahmed
COM06585,C0348,2025-03-01,Video Call,Invoice query,Ahmed Abdullah
COM04259,C0223,2025-03-01,Video Call,Schedule confirmation,Sara Hassan
COM04154,C0217,2025-03-01,Phone Call,Training needs assessment,Noura Salem
COM02774,C0152,2025-03-01,WhatsApp,General inquiry,Mohammed Ali
COM00989,C0055,2025-03-01,Meeting,Satisfaction survey,Mohammed Ali
COM00104,C0005,2025-03-02,WhatsApp,Course recommendation,Sara Hassan
COM09168,C0488,2025-03-02,WhatsApp,New course announcement,Sara Hassan
COM04730,C0245,2025-03-02,Meeting,Account review,Fatima Ahmed
COM08104,C0429,2025-03-02,Phone Call,Complaint resolution,Noura Salem
COM01253,C0065,2025-03-02,Video Call,Invoice query,Ahmed Abdullah
COM02980,C0160,2025-03-02,Email,Training needs assessment,Fatima Ahmed
COM02989,C0161,2025-03-02,Email,Renewal discussion,Sara Hassan
COM08134,C0430,2025-03-02,Meeting,Follow-up on booking,Mohammed Ali
COM07399,C0388,2025-03-02,Phone Call,Schedule confirmation,Sara Hassan
COM04405,C0226,2025-03-03,WhatsApp,Course recommendation,Sara Hassan
COM00141,C0007,2025-03-03,Phone Call,Thank you message,Sara Hassan
COM06513,C0345,2025-03-03,Meeting,Account review,Noura Salem
COM05943,C0311,2025-03-03,WhatsApp,Schedule confirmation,Ahmed Abdullah
COM02811,C0153,2025-03-03,Meeting,Satisfaction survey,Noura Salem
COM06560,C0346,2025-03-03,Email,Thank you message,Mohammed Ali
COM02863,C0156,2025-03-03,Phone Call,Thank you message,Fatima Ahmed
COM02512,C0134,2025-03-04,Video Call,Renewal discussion,Noura Salem
COM03671,C0192,2025-03-04,Email,Course recommendation,Sara Hassan
COM06158,C0325,2025-03-04,Email,Complaint resolution,Sara Hassan
COM04357,C0224,2025-03-04,Email,Complaint resolution,Ahmed Abdullah
COM00234,C0010,2025-03-04,Video Call,Course recommendation,Mohammed Ali
COM01459,C0078,2025-03-04,Video Call,Schedule confirmation,Fatima Ahmed
COM03280,C0174,2025-03-05,Video Call,Renewal discussion,Ahmed Abdullah
COM05282,C0278,2025-03-05,Video Call,Thank you message,Fatima Ahmed
COM02140,C0118,2025-03-05,Email,General inquiry,Noura Salem
COM02413,C0132,2025-03-05,Video Call,Schedule confirmation,Sara Hassan
COM01303,C0067,2025-03-05,Phone Call,Renewal discussion,Sara Hassan
COM08941,C0477,2025-03-05,Phone Call,Schedule confirmation,Ahmed Abdullah
COM00549,C0023,2025-03-06,WhatsApp,Account review,Sara Hassan
COM06851,C0361,2025-03-06,Video Call,Complaint resolution,Fatima Ahmed
COM08673,C0463,2025-03-06,Phone Call,General inquiry,Fatima Ahmed
COM00581,C0025,2025-03-06,Phone Call,Renewal discussion,Fatima Ahmed
COM08340,C0443,2025-03-06,Email,Feedback discussion,Sara Hassan
COM05787,C0302,2025-03-06,Email,Training needs assessment,Mohammed Ali
COM02655,C0144,2025-03-06,Email,Invoice query,Ahmed Abdullah
COM02659,C0144,2025-03-06,Phone Call,Account review,Ahmed Abdullah
COM08092,C0429,2025-03-06,WhatsApp,Satisfaction survey,Noura Salem
COM04608,C0237,2025-03-07,Video Call,New course announcement,Sara Hassan
COM05781,C0302,2025-03-07,Phone Call,Follow-up on booking,Mohammed Ali
COM07750,C0410,2025-03-07,Meeting,Satisfaction survey,Mohammed Ali
COM00064,C0003,2025-03-07,Video Call,Feedback discussion,Fatima Ahmed
COM01206,C0062,2025-03-07,Email,Account review,Sara Hassan
COM01205,C0062,2025-03-07,Meeting,New course announcement,Sara Hassan
COM03986,C0210,2025-03-07,WhatsApp,Satisfaction survey,Ahmed Abdullah
COM04978,C0259,2025-03-07,Phone Call,Account review,Sara Hassan
COM04738,C0245,2025-03-08,Email,Course recommendation,Fatima Ahmed
COM06733,C0357,2025-03-08,Email,Follow-up on booking,Sara Hassan
COM08778,C0468,2025-03-08,Video Call,Renewal discussion,Sara Hassan
COM06687,C0353,2025-03-08,Phone Call,Complaint resolution,Mohammed Ali
COM07703,C0408,2025-03-08,Video Call,Thank you message,Mohammed Ali
COM02820,C0153,2025-03-08,Phone Call,Complaint resolution,Noura Salem
COM07041,C0371,2025-03-08,WhatsApp,Schedule confirmation,Fatima Ahmed
COM01282,C0065,2025-03-08,Phone Call,Feedback discussion,Ahmed Abdullah
COM07431,C0391,2025-03-08,Phone Call,Invoice query,Noura Salem
COM07694,C0408,2025-03-08,WhatsApp,Thank you message,Mohammed Ali
COM00195,C0009,2025-03-09,Video Call,New course announcement,Noura Salem
COM07400,C0388,2025-03-09,Meeting,General inquiry,Sara Hassan
COM06752,C0357,2025-03-09,WhatsApp,Training needs assessment,Sara Hassan
COM06408,C0339,2025-03-09,Video Call,Renewal discussion,Fatima Ahmed
COM02949,C0159,2025-03-09,WhatsApp,Satisfaction survey,Sara Hassan
COM01172,C0061,2025-03-09,Video Call,Schedule confirmation,Mohammed Ali
COM09211,C0492,2025-03-09,Email,Invoice query,Sara Hassan
COM06017,C0318,2025-03-09,Video Call,Account review,Noura Salem
COM08082,C0428,2025-03-09,Phone Call,Course recommendation,Fatima Ahmed
COM03277,C0174,2025-03-09,Phone Call,Course recommendation,Ahmed Abdullah
COM02069,C0111,2025-03-10,WhatsApp,Schedule confirmation,Mohammed Ali
COM01339,C0069,2025-03-10,Meeting,Invoice query,Fatima Ahmed
COM00810,C0040,2025-03-10,Phone Call,Schedule confirmation,Sara Hassan
COM07020,C0370,2025-03-10,Meeting,Follow-up on booking,Fatima Ahmed
COM00580,C0025,2025-03-10,Phone Call,Schedule confirmation,Fatima Ahmed
COM05905,C0310,2025-03-10,Meeting,New course announcement,Fatima Ahmed
COM04104,C0216,2025-03-11,WhatsApp,Satisfaction survey,Noura Salem
COM09155,C0488,2025-03-11,Email,Renewal discussion,Sara Hassan
COM08456,C0450,2025-03-11,Meeting,Complaint resolution,Sara Hassan
COM05007,C0261,2025-03-11,Meeting,Follow-up on booking,Mohammed Ali
COM05359,C0283,2025-03-11,WhatsApp,Satisfaction survey,Fatima Ahmed
COM04651,C0239,2025-03-11,Phone Call,Feedback discussion,Fatima Ahmed
COM01488,C0079,2025-03-11,Phone Call,Course recommendation,Ahmed Abdullah
COM02584,C0138,2025-03-11,WhatsApp,Training needs assessment,Ahmed Abdullah
COM02526,C0135,2025-03-12,Video Call,Renewal discussion,Noura Salem
COM03438,C0182,2025-03-12,Email,Satisfaction survey,Mohammed Ali
COM02422,C0132,2025-03-12,Video Call,New course announcement,Sara Hassan
COM09401,C0500,2025-03-12,Video Call,Feedback discussion,Fatima Ahmed
COM05197,C0273,2025-03-12,Meeting,Complaint resolution,Ahmed Abdullah
COM04335,C0224,2025-03-13,Meeting,Complaint resolution,Ahmed Abdullah
COM02880,C0157,2025-03-13,Video Call,Feedback discussion,Noura Salem
COM07497,C0395,2025-03-13,Meeting,Course recommendation,Mohammed Ali
COM05969,C0314,2025-03-13,Email,General inquiry,Mohammed Ali
COM04706,C0244,2025-03-13,Email,General inquiry,Fatima Ahmed
COM00252,C0011,2025-03-13,Meeting,Training needs assessment,Noura Salem
COM06338,C0335,2025-03-13,WhatsApp,Training needs assessment,Noura Salem
COM00769,C0037,2025-03-13,Video Call,Complaint resolution,Fatima Ahmed
COM08686,C0464,2025-03-13,WhatsApp,Schedule confirmation,Sara Hassan
COM00439,C0020,2025-03-13,Phone Call,Complaint resolution,Fatima Ahmed
COM00261,C0011,2025-03-13,Video Call,General inquiry,Noura Salem
COM00239,C0011,2025-03-13,Meeting,Schedule confirmation,Noura Salem
COM01893,C0101,2025-03-14,Video Call,Schedule confirmation,Sara Hassan
COM03584,C0190,2025-03-14,Meeting,Schedule confirmation,Noura Salem
COM02207,C0121,2025-03-14,WhatsApp,New course announcement,Noura Salem
COM07919,C0417,2025-03-14,WhatsApp,Feedback discussion,Noura Salem
COM07732,C0410,2025-03-14,Meeting,New course announcement,Mohammed Ali
COM05802,C0302,2025-03-14,Phone Call,Invoice query,Mohammed Ali
COM02557,C0137,2025-03-14,Email,Training needs assessment,Fatima Ahmed
COM05183,C0271,2025-03-15,Meeting,Course recommendation,Mohammed Ali
COM00255,C0011,2025-03-15,Phone Call,Complaint resolution,Noura Salem
COM05628,C0295,2025-03-15,Email,Feedback discussion,Mohammed Ali
COM06521,C0345,2025-03-15,Meeting,Follow-up on booking,Noura Salem
COM04124,C0217,2025-03-15,Email,Renewal discussion,Noura Salem
COM00078,C0004,2025-03-15,Email,Follow-up on booking,Ahmed Abdullah
COM01791,C0096,2025-03-15,Video Call,Follow-up on booking,Fatima Ahmed
COM05930,C0311,2025-03-15,WhatsApp,New course announcement,Ahmed Abdullah
COM06555,C0346,2025-03-15,WhatsApp,Invoice query,Mohammed Ali
COM03529,C0187,2025-03-16,Meeting,Thank you message,Noura Salem
COM01262,C0065,2025-03-16,Video Call,Invoice query,Ahmed Abdullah
COM05347,C0282,2025-03-16,Email,Training needs assessment,Sara Hassan
COM03580,C0189,2025-03-16,Video Call,Account review,Mohammed Ali
COM04839,C0252,2025-03-16,Phone Call,Feedback discussion,Fatima Ahmed
COM06846,C0361,2025-03-16,Email,Invoice query,Fatima Ahmed
COM07117,C0375,2025-03-16,Phone Call,Schedule confirmation,Fatima Ahmed
COM04661,C0239,2025-03-16,Meeting,Quotation request,Fatima Ahmed
COM05634,C0295,2025-03-16,WhatsApp,General inquiry,Mohammed Ali
COM06608,C0349,2025-03-16,Email,New course announcement,Fatima Ahmed
COM05345,C0282,2025-03-16,WhatsApp,Schedule confirmation,Sara Hassan
COM06773,C0358,2025-03-16,Video Call,Schedule confirmation,Mohammed Ali
COM08533,C0457,2025-03-16,Video Call,Schedule confirmation,Fatima Ahmed
COM04589,C0236,2025-03-17,Meeting,Schedule confirmation,Noura Salem
COM04524,C0233,2025-03-17,Video Call,Quotation request,Fatima Ahmed
COM02941,C0159,2025-03-17,Phone Call,Quotation request,Sara Hassan
COM05357,C0283,2025-03-17,Email,Quotation request,Fatima Ahmed
COM03412,C0181,2025-03-17,Video Call,Invoice query,Sara Hassan
COM04759,C0248,2025-03-17,Video Call,Account review,Ahmed Abdullah
COM06839,C0361,2025-03-17,WhatsApp,Schedule confirmation,Fatima Ahmed
COM06671,C0352,2025-03-17,Meeting,Thank you message,Noura Salem
COM03010,C0163,2025-03-17,Video Call,Account review,Ahmed Abdullah
COM06102,C0322,2025-03-17,WhatsApp,Satisfaction survey,Ahmed Abdullah
COM01401,C0073,2025-03-17,WhatsApp,Invoice query,Mohammed Ali
COM04845,C0252,2025-03-17,WhatsApp,Account review,Fatima Ahmed
COM03995,C0210,2025-03-18,Meeting,Feedback discussion,Ahmed Abdullah
COM01194,C0062,2025-03-18,WhatsApp,Quotation request,Sara Hassan
COM07571,C0400,2025-03-18,Phone Call,Course recommendation,Mohammed Ali
COM07997,C0423,2025-03-18,WhatsApp,Satisfaction survey,Noura Salem
COM01486,C0079,2025-03-18,Meeting,Training needs assessment,Ahmed Abdullah
COM04448,C0228,2025-03-18,Phone Call,Course recommendation,Fatima Ahmed
COM03339,C0176,2025-03-18,Meeting,Follow-up on booking,Sara Hassan
COM05622,C0294,2025-03-18,Email,Account review,Mohammed Ali
COM00459,C0021,2025-03-18,Video Call,Account review,Mohammed Ali
COM08257,C0439,2025-03-19,Email,Renewal discussion,Mohammed Ali
COM00428,C0020,2025-03-19,Phone Call,Invoice query,Fatima Ahmed
COM02679,C0145,2025-03-19,Email,New course announcement,Ahmed Abdullah
COM07415,C0390,2025-03-19,WhatsApp,General inquiry,Noura Salem
COM02232,C0123,2025-03-19,Meeting,Quotation request,Mohammed Ali
COM07757,C0410,2025-03-19,Video Call,Quotation request,Mohammed Ali
COM08255,C0439,2025-03-19,Video Call,Course recommendation,Mohammed Ali
COM05799,C0302,2025-03-19,Phone Call,Thank you message,Mohammed Ali
COM08464,C0451,2025-03-19,Phone Call,Satisfaction survey,Noura Salem
COM01765,C0094,2025-03-19,Phone Call,Account review,Mohammed Ali
COM03214,C0172,2025-03-19,Meeting,Complaint resolution,Mohammed Ali
COM05181,C0271,2025-03-20,Phone Call,Course recommendation,Mohammed Ali
COM03232,C0173,2025-03-20,Meeting,General inquiry,Noura Salem
COM01478,C0078,2025-03-20,Email,Training needs assessment,Fatima Ahmed
COM03470,C0185,2025-03-20,Phone Call,Invoice query,Noura Salem
COM01788,C0096,2025-03-20,Phone Call,Renewal discussion,Fatima Ahmed
COM02216,C0121,2025-03-20,Email,Renewal discussion,Noura Salem
COM08420,C0450,2025-03-20,Email,Course recommendation,Sara Hassan
COM01910,C0101,2025-03-20,Phone Call,Feedback discussion,Sara Hassan
COM04080,C0216,2025-03-20,Video Call,Course recommendation,Noura Salem
COM03892,C0203,2025-03-20,Meeting,Thank you message,Fatima Ahmed
COM03937,C0206,2025-03-20,Phone Call,Feedback discussion,Fatima Ahmed
COM06267,C0331,2025-03-20,WhatsApp,General inquiry,Mohammed Ali
COM04170,C0219,2025-03-20,Video Call,Feedback discussion,Ahmed Abdullah
COM09107,C0487,2025-03-20,Phone Call,Schedule confirmation,Sara Hassan
COM01890,C0101,2025-03-20,WhatsApp,Renewal discussion,Sara Hassan
COM03938,C0206,2025-03-21,Phone Call,Quotation request,Fatima Ahmed
COM01143,C0061,2025-03-21,Email,Feedback discussion,Mohammed Ali
COM04445,C0228,2025-03-21,Email,Complaint resolution,Fatima Ahmed
COM08126,C0430,2025-03-21,WhatsApp,Schedule confirmation,Mohammed Ali
COM01794,C0097,2025-03-21,Phone Call,Schedule confirmation,Fatima Ahmed
COM05162,C0270,2025-03-22,Phone Call,General inquiry,Sara Hassan
COM05804,C0302,2025-03-22,Video Call,New course announcement,Mohammed Ali
COM08697,C0464,2025-03-22,Video Call,Feedback discussion,Sara Hassan
COM07154,C0378,2025-03-22,Phone Call,Complaint resolution,Sara Hassan
COM00762,C0037,2025-03-22,Meeting,Training needs assessment,Fatima Ahmed
COM04118,C0217,2025-03-22,Email,Follow-up on booking,Noura Salem
COM01687,C0090,2025-03-23,Meeting,Quotation request,Fatima Ahmed
COM02333,C0129,2025-03-23,Video Call,Complaint resolution,Sara Hassan
COM04026,C0213,2025-03-23,WhatsApp,Account review,Fatima Ahmed
COM04380,C0225,2025-03-23,Video Call,Quotation request,Sara Hassan
COM08609,C0460,2025-03-23,Video Call,General inquiry,Sara Hassan
COM07248,C0380,2025-03-23,Meeting,Training needs assessment,Fatima Ahmed
COM07349,C0387,2025-03-23,Video Call,Feedback discussion,Mohammed Ali
COM05886,C0308,2025-03-24,Meeting,Follow-up on booking,Noura Salem
COM03477,C0185,2025-03-24,Meeting,Account review,Noura Salem
COM02856,C0156,2025-03-24,WhatsApp,Course recommendation,Fatima Ahmed
COM01423,C0076,2025-03-24,Email,Schedule confirmation,Sara Hassan
COM02052,C0110,2025-03-24,Email,Quotation request,Mohammed Ali
COM01379,C0073,2025-03-24,WhatsApp,Complaint resolution,Mohammed Ali
COM02117,C0115,2025-03-24,Meeting,Invoice query,Noura Salem
COM05091,C0267,2025-03-24,Video Call,Satisfaction survey,Noura Salem
COM09208,C0492,2025-03-24,Meeting,Schedule confirmation,Sara Hassan
COM07326,C0386,2025-03-24,Email,Thank you message,Ahmed Abdullah
COM05890,C0308,2025-03-24,Phone Call,Complaint resolution,Noura Salem
COM06674,C0352,2025-03-24,Meeting,Quotation request,Noura Salem
COM04090,C0216,2025-03-24,Video Call,Invoice query,Noura Salem
COM01174,C0061,2025-03-24,Email,Follow-up on booking,Mohammed Ali
COM08458,C0450,2025-03-24,Video Call,Account review,Sara Hassan
COM06875,C0362,2025-03-24,Phone Call,Schedule confirmation,Ahmed Abdullah
COM06670,C0352,2025-03-25,Video Call,Schedule confirmation,Noura Salem
COM06466,C0344,2025-03-25,Phone Call,Feedback discussion,Noura Salem
COM05824,C0304,2025-03-25,Meeting,Schedule confirmation,Mohammed Ali
COM05599,C0293,2025-03-25,Email,New course announcement,Fatima Ahmed
COM00258,C0011,2025-03-25,Meeting,Follow-up on booking,Noura Salem
COM01326,C0069,2025-03-25,Phone Call,Satisfaction survey,Fatima Ahmed
COM05368,C0283,2025-03-25,WhatsApp,Renewal discussion,Fatima Ahmed
COM05776,C0302,2025-03-25,Phone Call,Course recommendation,Mohammed Ali
COM08310,C0442,2025-03-25,Meeting,Course recommendation,Noura Salem
COM06003,C0317,2025-03-26,Meeting,Follow-up on booking,Mohammed Ali
COM06360,C0336,2025-03-26,Email,Training needs assessment,Fatima Ahmed
COM07140,C0376,2025-03-26,Email,Quotation request,Sara Hassan
COM04664,C0239,2025-03-26,WhatsApp,Invoice query,Fatima Ahmed
COM09070,C0485,2025-03-26,Phone Call,Follow-up on booking,Sara Hassan
COM01186,C0061,2025-03-26,WhatsApp,Feedback discussion,Mohammed Ali
COM04882,C0253,2025-03-26,Phone Call,General inquiry,Ahmed Abdullah
COM02671,C0145,2025-03-26,Email,Thank you message,Ahmed Abdullah
COM07080,C0374,2025-03-27,WhatsApp,Thank you message,Mohammed Ali
COM04565,C0235,2025-03-27,WhatsApp,Complaint resolution,Sara Hassan
COM05042,C0263,2025-03-27,WhatsApp,General inquiry,Sara Hassan
COM07588,C0401,2025-03-27,WhatsApp,Training needs assessment,Fatima Ahmed
COM05839,C0305,2025-03-27,WhatsApp,Renewal discussion,Mohammed Ali
COM03046,C0165,2025-03-27,WhatsApp,Feedback discussion,Sara Hassan
COM05729,C0300,2025-03-27,Email,Schedule confirmation,Noura Salem
COM03328,C0176,2025-03-27,WhatsApp,Training needs assessment,Sara Hassan
COM05171,C0271,2025-03-27,Phone Call,Training needs assessment,Mohammed Ali
COM05933,C0311,2025-03-27,Phone Call,Complaint resolution,Ahmed Abdullah
COM05992,C0316,2025-03-27,WhatsApp,Course recommendation,Fatima Ahmed
COM03404,C0180,2025-03-28,Phone Call,Satisfaction survey,Fatima Ahmed
COM08712,C0464,2025-03-28,Email,Thank you message,Sara Hassan
COM08519,C0456,2025-03-28,WhatsApp,Schedule confirmation,Ahmed Abdullah
COM07950,C0419,2025-03-28,Phone Call,Renewal discussion,Mohammed Ali
COM00160,C0007,2025-03-28,Email,Feedback discussion,Sara Hassan
COM02075,C0111,2025-03-28,Meeting,Quotation request,Mohammed Ali
COM03587,C0190,2025-03-29,Meeting,Invoice query,Noura Salem
COM07056,C0372,2025-03-29,Meeting,Follow-up on booking,Sara Hassan
COM00126,C0006,2025-03-29,Meeting,Quotation request,Mohammed Ali
COM00732,C0034,2025-03-29,Phone Call,Feedback discussion,Fatima Ahmed
COM00163,C0007,2025-03-29,Video Call,Course recommendation,Sara Hassan
COM04416,C0226,2025-03-29,Phone Call,Follow-up on booking,Sara Hassan
COM03914,C0205,2025-03-29,Phone Call,New course announcement,Mohammed Ali
COM05267,C0277,2025-03-29,Video Call,Course recommendation,Mohammed Ali
COM04471,C0231,2025-03-29,Phone Call,Feedback discussion,Sara Hassan
COM02268,C0125,2025-03-29,Email,Feedback discussion,Sara Hassan
COM00165,C0007,2025-03-29,Phone Call,General inquiry,Sara Hassan
COM01540,C0080,2025-03-30,WhatsApp,Renewal discussion,Ahmed Abdullah
COM02688,C0146,2025-03-30,Email,Renewal discussion,Fatima Ahmed
COM05972,C0314,2025-03-30,Video Call,Quotation request,Mohammed Ali
COM07863,C0415,2025-03-30,Email,Complaint resolution,Sara Hassan
COM00505,C0022,2025-03-30,Phone Call,Follow-up on booking,Fatima Ahmed
COM06111,C0322,2025-03-30,Video Call,Invoice query,Ahmed Abdullah
COM04887,C0254,2025-03-30,Meeting,General inquiry,Fatima Ahmed
COM00185,C0007,2025-03-30,Video Call,Invoice query,Sara Hassan
COM05623,C0294,2025-03-30,WhatsApp,Satisfaction survey,Mohammed Ali
COM01777,C0094,2025-03-30,Phone Call,Account review,Mohammed Ali
COM08666,C0463,2025-03-30,WhatsApp,Schedule confirmation,Fatima Ahmed
COM02504,C0134,2025-03-30,WhatsApp,Thank you message,Noura Salem
COM00423,C0020,2025-03-30,Phone Call,Schedule confirmation,Fatima Ahmed
COM00512,C0022,2025-03-30,WhatsApp,Schedule confirmation,Fatima Ahmed
COM09377,C0498,2025-03-31,Phone Call,Course recommendation,Noura Salem
COM00124,C0006,2025-03-31,WhatsApp,Invoice query,Mohammed Ali
COM02191,C0120,2025-03-31,Meeting,New course announcement,Sara Hassan
COM02472,C0133,2025-03-31,Email,Complaint resolution,Sara Hassan
COM03170,C0169,2025-03-31,WhatsApp,Quotation request,Ahmed Abdullah
COM01504,C0079,2025-03-31,Meeting,Satisfaction survey,Ahmed Abdullah
COM05587,C0292,2025-03-31,Phone Call,Quotation request,Ahmed Abdullah
COM01574,C0084,2025-03-31,WhatsApp,General inquiry,Sara Hassan
COM05107,C0268,2025-04-01,Meeting,Training needs assessment,Ahmed Abdullah
COM09263,C0493,2025-04-01,Phone Call,Account review,Sara Hassan
COM02466,C0133,2025-04-01,Video Call,Quotation request,Sara Hassan
COM05319,C0282,2025-04-01,Video Call,Satisfaction survey,Sara Hassan
COM07311,C0385,2025-04-01,WhatsApp,Complaint resolution,Mohammed Ali
COM01556,C0082,2025-04-01,WhatsApp,Complaint resolution,Noura Salem
COM06271,C0331,2025-04-01,Meeting,General inquiry,Mohammed Ali
COM02055,C0110,2025-04-02,Video Call,Feedback discussion,Mohammed Ali
COM01842,C0099,2025-04-02,Video Call,Schedule confirmation,Fatima Ahmed
COM05367,C0283,2025-04-02,Video Call,Follow-up on booking,Fatima Ahmed
COM08723,C0465,2025-04-02,Meeting,Satisfaction survey,Mohammed Ali
COM05433,C0286,2025-04-02,Video Call,Feedback discussion,Fatima Ahmed
COM07683,C0408,2025-04-02,Phone Call,Renewal discussion,Mohammed Ali
COM05820,C0304,2025-04-02,Meeting,Thank you message,Mohammed Ali
COM05057,C0264,2025-04-02,Email,Training needs assessment,Mohammed Ali
COM00217,C0010,2025-04-02,Email,Training needs assessment,Mohammed Ali
COM05135,C0269,2025-04-02,Phone Call,General inquiry,Mohammed Ali
COM04909,C0254,2025-04-03,Email,Complaint resolution,Fatima Ahmed
COM04793,C0251,2025-04-03,Meeting,Follow-up on booking,Sara Hassan
COM01789,C0096,2025-04-03,Meeting,Schedule confirmation,Fatima Ahmed
COM02205,C0121,2025-04-03,Email,Quotation request,Noura Salem
COM02407,C0132,2025-04-03,Phone Call,Renewal discussion,Sara Hassan
COM00752,C0036,2025-04-03,Meeting,Satisfaction survey,Ahmed Abdullah
COM03607,C0191,2025-04-03,Phone Call,Schedule confirmation,Mohammed Ali
COM05479,C0287,2025-04-04,Video Call,Complaint resolution,Fatima Ahmed
COM08041,C0425,2025-04-04,WhatsApp,Satisfaction survey,Mohammed Ali
COM02039,C0109,2025-04-04,WhatsApp,Thank you message,Fatima Ahmed
COM03787,C0200,2025-04-04,Phone Call,Quotation request,Sara Hassan
COM01345,C0070,2025-04-04,Phone Call,New course announcement,Sara Hassan
COM06331,C0335,2025-04-04,Phone Call,Renewal discussion,Noura Salem
COM07414,C0390,2025-04-04,Video Call,Renewal discussion,Noura Salem
COM07418,C0390,2025-04-04,Video Call,Schedule confirmation,Noura Salem
COM04645,C0239,2025-04-04,WhatsApp,New course announcement,Fatima Ahmed
COM07951,C0419,2025-04-04,Video Call,Invoice query,Mohammed Ali
COM04128,C0217,2025-04-04,Email,Schedule confirmation,Noura Salem
COM02545,C0136,2025-04-05,WhatsApp,Training needs assessment,Noura Salem
COM03518,C0186,2025-04-05,WhatsApp,Quotation request,Noura Salem
COM06574,C0346,2025-04-05,WhatsApp,Follow-up on booking,Mohammed Ali
COM02703,C0147,2025-04-05,WhatsApp,Renewal discussion,Noura Salem
COM05862,C0307,2025-04-05,Video Call,Account review,Fatima Ahmed
COM04194,C0220,2025-04-05,WhatsApp,General inquiry,Fatima Ahmed
COM07374,C0388,2025-04-06,WhatsApp,General inquiry,Sara Hassan
COM00253,C0011,2025-04-06,Video Call,Quotation request,Noura Salem
COM04372,C0225,2025-04-06,WhatsApp,Account review,Sara Hassan
COM02430,C0132,2025-04-06,Phone Call,Course recommendation,Sara Hassan
COM07573,C0400,2025-04-06,Phone Call,Account review,Mohammed Ali
COM01838,C0099,2025-04-06,Video Call,Schedule confirmation,Fatima Ahmed
COM08197,C0435,2025-04-06,Video Call,Quotation request,Ahmed Abdullah
COM01932,C0102,2025-04-06,Phone Call,Feedback discussion,Noura Salem
COM04496,C0232,2025-04-06,Video Call,Course recommendation,Fatima Ahmed
COM00768,C0037,2025-04-06,Phone Call,Schedule confirmation,Fatima Ahmed
COM02241,C0124,2025-04-06,Video Call,General inquiry,Fatima Ahmed
COM00552,C0024,2025-04-06,Email,Course recommendation,Noura Salem
COM06553,C0345,2025-04-07,Phone Call,Complaint resolution,Noura Salem
COM08383,C0446,2025-04-07,Email,General inquiry,Noura Salem
COM00528,C0022,2025-04-07,Email,General inquiry,Fatima Ahmed
COM09056,C0484,2025-04-07,Phone Call,Quotation request,Mohammed Ali
COM08888,C0475,2025-04-07,Email,Schedule confirmation,Noura Salem
COM08123,C0430,2025-04-07,Meeting,Feedback discussion,Mohammed Ali
COM09207,C0492,2025-04-07,Email,Renewal discussion,Sara Hassan
COM00156,C0007,2025-04-07,Meeting,Satisfaction survey,Sara Hassan
COM02349,C0129,2025-04-07,WhatsApp,Thank you message,Sara Hassan
COM01108,C0058,2025-04-07,Email,Renewal discussion,Mohammed Ali
COM06635,C0351,2025-04-07,Meeting,Invoice query,Sara Hassan
COM00725,C0033,2025-04-07,Video Call,Quotation request,Sara Hassan
COM05985,C0315,2025-04-07,WhatsApp,General inquiry,Noura Salem
COM09047,C0483,2025-04-07,WhatsApp,General inquiry,Mohammed Ali
COM03061,C0165,2025-04-08,Meeting,Account review,Sara Hassan
COM00470,C0021,2025-04-08,Email,Account review,Mohammed Ali
COM02240,C0124,2025-04-08,Meeting,Feedback discussion,Fatima Ahmed
COM07908,C0417,2025-04-08,Video Call,Complaint resolution,Noura Salem
COM06348,C0336,2025-04-08,Video Call,Feedback discussion,Fatima Ahmed
COM04877,C0253,2025-04-08,Phone Call,Course recommendation,Ahmed Abdullah
COM04976,C0259,2025-04-08,Meeting,General inquiry,Sara Hassan
COM00730,C0034,2025-04-08,Phone Call,General inquiry,Fatima Ahmed
COM08624,C0461,2025-04-08,WhatsApp,Complaint resolution,Noura Salem
COM06829,C0361,2025-04-08,WhatsApp,Feedback discussion,Fatima Ahmed
COM05213,C0275,2025-04-08,Phone Call,Feedback discussion,Sara Hassan
COM05516,C0289,2025-04-08,Email,New course announcement,Ahmed Abdullah
COM03464,C0183,2025-04-09,Phone Call,New course announcement,Noura Salem
COM04138,C0217,2025-04-09,Phone Call,General inquiry,Noura Salem
COM00097,C0005,2025-04-09,Email,Training needs assessment,Sara Hassan
COM06916,C0364,2025-04-09,Meeting,Follow-up on booking,Fatima Ahmed
COM05147,C0270,2025-04-09,Phone Call,Feedback discussion,Sara Hassan
COM04931,C0255,2025-04-09,Meeting,Account review,Ahmed Abdullah
COM02058,C0110,2025-04-09,Video Call,Follow-up on booking,Mohammed Ali
COM04420,C0226,2025-04-09,Meeting,Satisfaction survey,Sara Hassan
COM03216,C0172,2025-04-09,Meeting,Renewal discussion,Mohammed Ali
COM08430,C0450,2025-04-09,WhatsApp,Training needs assessment,Sara Hassan
COM00070,C0004,2025-04-10,Video Call,Renewal discussion,Ahmed Abdullah
COM09291,C0495,2025-04-10,Phone Call,Quotation request,Ahmed Abdullah
COM01276,C0065,2025-04-10,Email,Satisfaction survey,Ahmed Abdullah
COM07372,C0388,2025-04-10,Video Call,Follow-up on booking,Sara Hassan
COM05123,C0269,2025-04-10,Phone Call,Account review,Mohammed Ali
COM01381,C0073,2025-04-10,WhatsApp,Thank you message,Mohammed Ali
COM00964,C0051,2025-04-11,Video Call,New course announcement,Ahmed Abdullah
COM03546,C0188,2025-04-11,Meeting,Invoice query,Fatima Ahmed
COM00020,C0001,2025-04-11,Email,Training needs assessment,Noura Salem
COM02369,C0130,2025-04-11,WhatsApp,Thank you message,Mohammed Ali
COM02479,C0133,2025-04-11,Meeting,Renewal discussion,Sara Hassan
COM03415,C0181,2025-04-11,Video Call,General inquiry,Sara Hassan
COM07709,C0408,2025-04-11,Phone Call,General inquiry,Mohammed Ali
COM00658,C0030,2025-04-11,WhatsApp,Feedback discussion,Fatima Ahmed
COM07049,C0372,2025-04-11,Email,Invoice query,Sara Hassan
COM05023,C0263,2025-04-11,Video Call,Satisfaction survey,Sara Hassan
COM04414,C0226,2025-04-11,Email,Thank you message,Sara Hassan
COM03869,C0203,2025-04-11,WhatsApp,Account review,Fatima Ahmed
COM00538,C0022,2025-04-12,Video Call,Complaint resolution,Fatima Ahmed
COM00789,C0038,2025-04-12,Meeting,Complaint resolution,Noura Salem
COM06517,C0345,2025-04-12,Video Call,Thank you message,Noura Salem
COM08263,C0440,2025-04-12,Email,Satisfaction survey,Mohammed Ali
COM02805,C0153,2025-04-12,Email,New course announcement,Noura Salem
COM04377,C0225,2025-04-12,Video Call,Schedule confirmation,Sara Hassan
COM04975,C0259,2025-04-12,Meeting,General inquiry,Sara Hassan
COM05884,C0308,2025-04-12,Email,Invoice query,Noura Salem
COM08030,C0425,2025-04-12,WhatsApp,Training needs assessment,Mohammed Ali
COM09052,C0484,2025-04-12,Video Call,Schedule confirmation,Mohammed Ali
COM01348,C0070,2025-04-12,Meeting,Feedback discussion,Sara Hassan
COM07076,C0374,2025-04-12,Meeting,Follow-up on booking,Mohammed Ali
COM07024,C0370,2025-04-12,Meeting,Renewal discussion,Fatima Ahmed
COM05168,C0271,2025-04-13,Meeting,Satisfaction survey,Mohammed Ali
COM08077,C0428,2025-04-13,Meeting,Quotation request,Fatima Ahmed
COM02849,C0156,2025-04-13,Video Call,Satisfaction survey,Fatima Ahmed
COM03219,C0172,2025-04-13,WhatsApp,Account review,Mohammed Ali
COM03329,C0176,2025-04-13,WhatsApp,General inquiry,Sara Hassan
COM04702,C0244,2025-04-13,Meeting,Schedule confirmation,Fatima Ahmed
COM06879,C0362,2025-04-13,Video Call,Follow-up on booking,Ahmed Abdullah
COM05702,C0298,2025-04-13,WhatsApp,Renewal discussion,Fatima Ahmed
COM07285,C0382,2025-04-13,Video Call,Thank you message,Sara Hassan
COM00756,C0037,2025-04-13,Video Call,General inquiry,Fatima Ahmed
COM01682,C0090,2025-04-13,WhatsApp,Complaint resolution,Fatima Ahmed
COM01711,C0092,2025-04-13,WhatsApp,Feedback discussion,Noura Salem
COM02051,C0110,2025-04-13,Video Call,Invoice query,Mohammed Ali
COM08701,C0464,2025-04-13,Video Call,Feedback discussion,Sara Hassan
COM05786,C0302,2025-04-13,Phone Call,Invoice query,Mohammed Ali
COM06094,C0322,2025-04-13,WhatsApp,Quotation request,Ahmed Abdullah
COM00917,C0047,2025-04-14,Phone Call,Training needs assessment,Ahmed Abdullah
COM05519,C0289,2025-04-14,Email,Account review,Ahmed Abdullah
COM07664,C0407,2025-04-14,Meeting,Account review,Sara Hassan
COM07644,C0405,2025-04-14,Email,Satisfaction survey,Noura Salem
COM04083,C0216,2025-04-14,Meeting,Renewal discussion,Noura Salem
COM02063,C0110,2025-04-14,Phone Call,Thank you message,Mohammed Ali
COM06345,C0335,2025-04-14,Phone Call,Renewal discussion,Noura Salem
COM08545,C0458,2025-04-14,Video Call,Course recommendation,Mohammed Ali
COM03569,C0189,2025-04-14,WhatsApp,Training needs assessment,Mohammed Ali
COM02259,C0124,2025-04-14,Meeting,Follow-up on booking,Fatima Ahmed
COM07575,C0400,2025-04-14,Meeting,Course recommendation,Mohammed Ali
COM05029,C0263,2025-04-14,Email,New course announcement,Sara Hassan
COM06264,C0331,2025-04-14,Phone Call,Thank you message,Mohammed Ali
COM05598,C0293,2025-04-15,Phone Call,Course recommendation,Fatima Ahmed
COM02988,C0161,2025-04-15,Meeting,Invoice query,Sara Hassan
COM04424,C0226,2025-04-15,Video Call,Feedback discussion,Sara Hassan
COM03025,C0163,2025-04-15,Phone Call,Satisfaction survey,Ahmed Abdullah
COM04763,C0248,2025-04-15,Email,Renewal discussion,Ahmed Abdullah
COM08859,C0473,2025-04-15,Video Call,Follow-up on booking,Ahmed Abdullah
COM02269,C0125,2025-04-15,Meeting,Complaint resolution,Sara Hassan
COM04989,C0259,2025-04-15,Video Call,Schedule confirmation,Sara Hassan
COM08390,C0447,2025-04-15,WhatsApp,Complaint resolution,Noura Salem
COM01903,C0101,2025-04-15,Phone Call,Satisfaction survey,Sara Hassan
COM07823,C0413,2025-04-15,Video Call,Quotation request,Ahmed Abdullah
COM08821,C0470,2025-04-16,Meeting,New course announcement,Ahmed Abdullah
COM09371,C0498,2025-04-16,WhatsApp,Feedback discussion,Noura Salem
COM05061,C0265,2025-04-16,Video Call,Invoice query,Noura Salem
COM03727,C0195,2025-04-16,Email,Complaint resolution,Sara Hassan
COM03576,C0189,2025-04-16,Phone Call,Thank you message,Mohammed Ali
COM05857,C0307,2025-04-16,Meeting,Feedback discussion,Fatima Ahmed
COM00543,C0023,2025-04-16,Email,Complaint resolution,Sara Hassan
COM05549,C0291,2025-04-16,Phone Call,Schedule confirmation,Sara Hassan
COM03862,C0203,2025-04-16,Meeting,Feedback discussion,Fatima Ahmed
COM04093,C0216,2025-04-16,Video Call,Quotation request,Noura Salem
COM05129,C0269,2025-04-16,Meeting,Follow-up on booking,Mohammed Ali
COM04403,C0225,2025-04-17,Meeting,Thank you message,Sara Hassan
COM03965,C0207,2025-04-17,Phone Call,Quotation request,Noura Salem
COM03507,C0186,2025-04-17,Phone Call,General inquiry,Noura Salem
COM02343,C0129,2025-04-17,Meeting,Satisfaction survey,Sara Hassan
COM05202,C0274,2025-04-17,Video Call,Feedback discussion,Ahmed Abdullah
COM06274,C0331,2025-04-17,WhatsApp,General inquiry,Mohammed Ali
COM06342,C0335,2025-04-17,Email,Training needs assessment,Noura Salem
COM02868,C0156,2025-04-17,Video Call,Schedule confirmation,Fatima Ahmed
COM05596,C0293,2025-04-17,Meeting,Feedback discussion,Fatima Ahmed
COM07927,C0417,2025-04-17,Phone Call,Satisfaction survey,Noura Salem
COM05624,C0294,2025-04-17,Email,Satisfaction survey,Mohammed Ali
COM02618,C0142,2025-04-18,Video Call,Complaint resolution,Mohammed Ali
COM07577,C0400,2025-04-18,Video Call,Follow-up on booking,Mohammed Ali
COM04650,C0239,2025-04-18,Email,Follow-up on booking,Fatima Ahmed
COM09299,C0496,2025-04-18,Meeting,Feedback discussion,Sara Hassan
COM06564,C0346,2025-04-18,Email,Thank you message,Mohammed Ali
COM04568,C0235,2025-04-18,Meeting,Satisfaction survey,Sara Hassan
COM06685,C0353,2025-04-18,Email,Quotation request,Mohammed Ali
COM09212,C0492,2025-04-18,Email,Renewal discussion,Sara Hassan
COM02320,C0129,2025-04-18,Phone Call,Complaint resolution,Sara Hassan
COM06199,C0327,2025-04-18,Video Call,Course recommendation,Noura Salem
COM03016,C0163,2025-04-19,Video Call,Invoice query,Ahmed Abdullah
COM02556,C0137,2025-04-19,Video Call,Renewal discussion,Fatima Ahmed
COM02427,C0132,2025-04-19,Phone Call,Training needs assessment,Sara Hassan
COM00790,C0038,2025-04-19,Email,Invoice query,Noura Salem
COM06982,C0369,2025-04-19,WhatsApp,Satisfaction survey,Mohammed Ali
COM05035,C0263,2025-04-19,WhatsApp,Account review,Sara Hassan
COM05849,C0306,2025-04-19,Video Call,Renewal discussion,Fatima Ahmed
COM07830,C0414,2025-04-19,Email,Invoice query,Fatima Ahmed
COM04742,C0247,2025-04-20,Email,Account review,Sara Hassan
COM03663,C0191,2025-04-20,WhatsApp,Account review,Mohammed Ali
COM02661,C0144,2025-04-20,Video Call,Invoice query,Ahmed Abdullah
COM03932,C0206,2025-04-20,Meeting,Training needs assessment,Fatima Ahmed
COM01037,C0057,2025-04-20,Email,Follow-up on booking,Mohammed Ali
COM08078,C0428,2025-04-20,Video Call,Quotation request,Fatima Ahmed
COM06072,C0321,2025-04-20,Email,Thank you message,Ahmed Abdullah
COM02359,C0130,2025-04-20,WhatsApp,Training needs assessment,Mohammed Ali
COM06236,C0329,2025-04-20,Email,Schedule confirmation,Mohammed Ali
COM09391,C0500,2025-04-20,Email,Quotation request,Fatima Ahmed
COM03212,C0172,2025-04-20,Email,Course recommendation,Mohammed Ali
COM05184,C0271,2025-04-20,Email,Satisfaction survey,Mohammed Ali
COM01511,C0079,2025-04-21,Meeting,Training needs assessment,Ahmed Abdullah
COM06265,C0331,2025-04-21,Meeting,Schedule confirmation,Mohammed Ali
COM00570,C0025,2025-04-21,Video Call,Renewal discussion,Fatima Ahmed
COM05795,C0302,2025-04-21,Email,Course recommendation,Mohammed Ali
COM08080,C0428,2025-04-21,Video Call,Quotation request,Fatima Ahmed
COM03722,C0195,2025-04-21,Email,Quotation request,Sara Hassan
COM01875,C0100,2025-04-21,Email,New course announcement,Ahmed Abdullah
COM05875,C0308,2025-04-22,Meeting,Invoice query,Noura Salem
COM07889,C0416,2025-04-22,Meeting,Follow-up on booking,Sara Hassan
COM02808,C0153,2025-04-22,Meeting,Feedback discussion,Noura Salem
COM06641,C0351,2025-04-22,Meeting,New course announcement,Sara Hassan
COM08145,C0430,2025-04-22,WhatsApp,Schedule confirmation,Mohammed Ali
COM06395,C0339,2025-04-22,WhatsApp,Account review,Fatima Ahmed
COM09095,C0487,2025-04-23,WhatsApp,Complaint resolution,Sara Hassan
COM00627,C0028,2025-04-23,Phone Call,Quotation request,Fatima Ahmed
COM07197,C0379,2025-04-23,Phone Call,Renewal discussion,Fatima Ahmed
COM04246,C0222,2025-04-23,Meeting,Feedback discussion,Mohammed Ali
COM06668,C0352,2025-04-23,WhatsApp,Renewal discussion,Noura Salem
COM06323,C0335,2025-04-23,Meeting,Invoice query,Noura Salem
COM02579,C0138,2025-04-23,Meeting,Course recommendation,Ahmed Abdullah
COM02962,C0159,2025-04-23,Phone Call,Quotation request,Sara Hassan
COM03948,C0207,2025-04-23,WhatsApp,Schedule confirmation,Noura Salem
COM00171,C0007,2025-04-23,WhatsApp,General inquiry,Sara Hassan
COM07206,C0379,2025-04-23,Video Call,Invoice query,Fatima Ahmed
COM03213,C0172,2025-04-24,Video Call,General inquiry,Mohammed Ali
COM03532,C0187,2025-04-24,WhatsApp,Invoice query,Noura Salem
COM00203,C0009,2025-04-24,Phone Call,Feedback discussion,Noura Salem
COM06588,C0348,2025-04-24,WhatsApp,Feedback discussion,Ahmed Abdullah
COM00164,C0007,2025-04-24,Phone Call,Training needs assessment,Sara Hassan
COM07282,C0382,2025-04-24,Video Call,Schedule confirmation,Sara Hassan
COM05891,C0308,2025-04-25,Email,Feedback discussion,Noura Salem
COM04674,C0240,2025-04-25,Email,Follow-up on booking,Ahmed Abdullah
COM06758,C0357,2025-04-25,Video Call,Complaint resolution,Sara Hassan
COM05874,C0308,2025-04-25,WhatsApp,Course recommendation,Noura Salem
COM03910,C0205,2025-04-25,WhatsApp,General inquiry,Mohammed Ali
COM02226,C0123,2025-04-25,Video Call,Course recommendation,Mohammed Ali
COM08809,C0469,2025-04-25,Phone Call,Renewal discussion,Noura Salem
COM05335,C0282,2025-04-25,Meeting,Renewal discussion,Sara Hassan
COM05199,C0273,2025-04-26,Phone Call,Training needs assessment,Ahmed Abdullah
COM01445,C0078,2025-04-26,Email,Follow-up on booking,Fatima Ahmed
COM01868,C0100,2025-04-26,Email,Feedback discussion,Ahmed Abdullah
COM04410,C0226,2025-04-26,Phone Call,Quotation request,Sara Hassan
COM07189,C0378,2025-04-26,Video Call,Account review,Sara Hassan
COM01426,C0076,2025-04-26,Video Call,Feedback discussion,Sara Hassan
COM06081,C0321,2025-04-26,WhatsApp,New course announcement,Ahmed Abdullah
COM07062,C0373,2025-04-26,Email,New course announcement,Fatima Ahmed
COM03746,C0196,2025-04-26,Email,Renewal discussion,Mohammed Ali
COM08199,C0435,2025-04-26,Phone Call,New course announcement,Ahmed Abdullah
COM03176,C0170,2025-04-27,Video Call,Follow-up on booking,Mohammed Ali
COM07913,C0417,2025-04-27,Video Call,Satisfaction survey,Noura Salem
COM09362,C0498,2025-04-27,Video Call,Invoice query,Noura Salem
COM04731,C0245,2025-04-27,Phone Call,Satisfaction survey,Fatima Ahmed
COM01197,C0062,2025-04-27,Phone Call,Complaint resolution,Sara Hassan
COM07489,C0395,2025-04-27,Video Call,Schedule confirmation,Mohammed Ali
COM01487,C0079,2025-04-27,Meeting,Follow-up on booking,Ahmed Abdullah
COM04062,C0215,2025-04-27,Video Call,Training needs assessment,Mohammed Ali
COM08260,C0439,2025-04-27,WhatsApp,Follow-up on booking,Mohammed Ali
COM04332,C0224,2025-04-28,Email,Follow-up on booking,Ahmed Abdullah
COM02112,C0114,2025-04-28,WhatsApp,New course announcement,Fatima Ahmed
COM02493,C0134,2025-04-28,Email,New course announcement,Noura Salem
COM01424,C0076,2025-04-28,Phone Call,Satisfaction survey,Sara Hassan
COM02915,C0158,2025-04-28,WhatsApp,New course announcement,Sara Hassan
COM04024,C0212,2025-04-28,Phone Call,Schedule confirmation,Noura Salem
COM09156,C0488,2025-04-28,WhatsApp,Follow-up on booking,Sara Hassan
COM05321,C0282,2025-04-28,Phone Call,Schedule confirmation,Sara Hassan
COM08676,C0463,2025-04-28,Video Call,General inquiry,Fatima Ahmed
COM00809,C0040,2025-04-29,WhatsApp,Schedule confirmation,Sara Hassan
COM07215,C0380,2025-04-29,Meeting,Account review,Fatima Ahmed
COM02455,C0132,2025-04-29,Video Call,Quotation request,Sara Hassan
COM07780,C0410,2025-04-29,Email,Invoice query,Mohammed Ali
COM02480,C0133,2025-04-29,Email,Satisfaction survey,Sara Hassan
COM00891,C0045,2025-04-29,Email,Schedule confirmation,Ahmed Abdullah
COM00063,C0003,2025-04-29,Email,Feedback discussion,Fatima Ahmed
COM02891,C0157,2025-04-29,WhatsApp,Course recommendation,Noura Salem
COM06710,C0354,2025-04-29,Meeting,Training needs assessment,Sara Hassan
COM07452,C0392,2025-04-29,WhatsApp,Thank you message,Mohammed Ali
COM03534,C0187,2025-04-30,Meeting,Invoice query,Noura Salem
COM02395,C0131,2025-04-30,Email,Account review,Fatima Ahmed
COM02329,C0129,2025-04-30,Email,Feedback discussion,Sara Hassan
COM01181,C0061,2025-04-30,WhatsApp,Account review,Mohammed Ali
COM05157,C0270,2025-04-30,WhatsApp,General inquiry,Sara Hassan
COM07870,C0415,2025-04-30,Video Call,New course announcement,Sara Hassan
COM08791,C0469,2025-04-30,WhatsApp,Satisfaction survey,Noura Salem
COM03769,C0197,2025-04-30,Video Call,New course announcement,Mohammed Ali
COM02764,C0151,2025-04-30,Phone Call,New course announcement,Ahmed Abdullah
COM08406,C0448,2025-04-30,Email,Schedule confirmation,Noura Salem
COM07500,C0396,2025-04-30,Video Call,Renewal discussion,Fatima Ahmed
COM06561,C0346,2025-05-01,Email,New course announcement,Mohammed Ali
COM05478,C0287,2025-05-01,Video Call,Training needs assessment,Fatima Ahmed
COM04264,C0223,2025-05-01,Video Call,Invoice query,Sara Hassan
COM02457,C0132,2025-05-01,Email,Renewal discussion,Sara Hassan
COM02675,C0145,2025-05-01,WhatsApp,Feedback discussion,Ahmed Abdullah
COM06892,C0363,2025-05-01,Meeting,Account review,Noura Salem
COM05732,C0300,2025-05-01,Phone Call,Quotation request,Noura Salem
COM00151,C0007,2025-05-01,Email,Thank you message,Sara Hassan
COM08615,C0461,2025-05-01,Phone Call,Feedback discussion,Noura Salem
COM06205,C0327,2025-05-02,WhatsApp,Satisfaction survey,Noura Salem
COM00458,C0021,2025-05-02,WhatsApp,Training needs assessment,Mohammed Ali
COM05742,C0300,2025-05-02,Video Call,Account review,Noura Salem
COM01513,C0079,2025-05-02,WhatsApp,Account review,Ahmed Abdullah
COM00820,C0040,2025-05-02,Meeting,Complaint resolution,Sara Hassan
COM04017,C0212,2025-05-02,Video Call,General inquiry,Noura Salem
COM07278,C0381,2025-05-03,Email,Schedule confirmation,Noura Salem
COM04579,C0236,2025-05-03,WhatsApp,Feedback discussion,Noura Salem
COM08006,C0423,2025-05-03,WhatsApp,Course recommendation,Noura Salem
COM01778,C0094,2025-05-03,Phone Call,Account review,Mohammed Ali
COM07705,C0408,2025-05-03,Email,Follow-up on booking,Mohammed Ali
COM04050,C0214,2025-05-04,Phone Call,Renewal discussion,Noura Salem
COM01843,C0100,2025-05-04,WhatsApp,Feedback discussion,Ahmed Abdullah
COM04736,C0245,2025-05-04,Video Call,Thank you message,Fatima Ahmed
COM01648,C0087,2025-05-04,WhatsApp,Invoice query,Fatima Ahmed
COM03419,C0181,2025-05-04,WhatsApp,Quotation request,Sara Hassan
COM02254,C0124,2025-05-04,Meeting,General inquiry,Fatima Ahmed
COM03883,C0203,2025-05-04,WhatsApp,Training needs assessment,Fatima Ahmed
COM01392,C0073,2025-05-04,Phone Call,New course announcement,Mohammed Ali
COM07723,C0408,2025-05-04,Video Call,Follow-up on booking,Mohammed Ali
COM05401,C0284,2025-05-04,Meeting,Invoice query,Mohammed Ali
COM00493,C0022,2025-05-04,Meeting,Feedback discussion,Fatima Ahmed
COM05871,C0308,2025-05-04,Email,Renewal discussion,Noura Salem
COM04618,C0237,2025-05-05,Meeting,Follow-up on booking,Sara Hassan
COM06637,C0351,2025-05-05,Phone Call,Thank you message,Sara Hassan
COM07288,C0382,2025-05-05,Email,New course announcement,Sara Hassan
COM02301,C0128,2025-05-05,Email,Complaint resolution,Ahmed Abdullah
COM05535,C0290,2025-05-05,Meeting,Feedback discussion,Mohammed Ali
COM00142,C0007,2025-05-05,Phone Call,Quotation request,Sara Hassan
COM05967,C0314,2025-05-05,Phone Call,Invoice query,Mohammed Ali
COM06266,C0331,2025-05-05,Video Call,Schedule confirmation,Mohammed Ali
COM02857,C0156,2025-05-05,Email,Follow-up on booking,Fatima Ahmed
COM07799,C0411,2025-05-05,WhatsApp,Satisfaction survey,Noura Salem
COM01821,C0098,2025-05-06,Meeting,Course recommendation,Noura Salem
COM02402,C0132,2025-05-06,Email,Training needs assessment,Sara Hassan
COM05507,C0288,2025-05-06,Video Call,Renewal discussion,Noura Salem
COM04658,C0239,2025-05-06,Phone Call,Course recommendation,Fatima Ahmed
COM00250,C0011,2025-05-06,Email,Follow-up on booking,Noura Salem
COM06534,C0345,2025-05-06,Video Call,Follow-up on booking,Noura Salem
COM00877,C0044,2025-05-06,Video Call,Satisfaction survey,Fatima Ahmed
COM06319,C0334,2025-05-06,WhatsApp,Account review,Mohammed Ali
COM02771,C0151,2025-05-06,Phone Call,Account review,Ahmed Abdullah
COM02666,C0144,2025-05-06,Email,Thank you message,Ahmed Abdullah
COM02078,C0111,2025-05-06,Video Call,Schedule confirmation,Mohammed Ali
COM03169,C0169,2025-05-06,Video Call,Training needs assessment,Ahmed Abdullah
COM04638,C0239,2025-05-06,Email,Renewal discussion,Fatima Ahmed
COM06367,C0336,2025-05-07,Email,Follow-up on booking,Fatima Ahmed
COM06197,C0327,2025-05-07,Phone Call,Quotation request,Noura Salem
COM03452,C0182,2025-05-07,WhatsApp,General inquiry,Mohammed Ali
COM02065,C0111,2025-05-07,WhatsApp,Feedback discussion,Mohammed Ali
COM07259,C0381,2025-05-07,WhatsApp,Thank you message,Noura Salem
COM04430,C0227,2025-05-07,Email,Complaint resolution,Mohammed Ali
COM05105,C0268,2025-05-07,Video Call,New course announcement,Ahmed Abdullah
COM05888,C0308,2025-05-07,Meeting,Thank you message,Noura Salem
COM04202,C0221,2025-05-07,Email,New course announcement,Ahmed Abdullah
COM06337,C0335,2025-05-07,Meeting,Training needs assessment,Noura Salem
COM03264,C0174,2025-05-07,Video Call,New course announcement,Ahmed Abdullah
COM01127,C0059,2025-05-07,WhatsApp,Account review,Fatima Ahmed
COM03691,C0193,2025-05-08,Video Call,General inquiry,Fatima Ahmed
COM08325,C0443,2025-05-08,WhatsApp,Invoice query,Sara Hassan
COM09121,C0487,2025-05-08,WhatsApp,Satisfaction survey,Sara Hassan
COM05475,C0286,2025-05-08,Phone Call,Follow-up on booking,Fatima Ahmed
COM06665,C0352,2025-05-08,Phone Call,Complaint resolution,Noura Salem
COM03327,C0176,2025-05-08,WhatsApp,Complaint resolution,Sara Hassan
COM00242,C0011,2025-05-08,Meeting,Course recommendation,Noura Salem
COM04397,C0225,2025-05-08,Phone Call,Course recommendation,Sara Hassan
COM00092,C0005,2025-05-08,Email,Training needs assessment,Sara Hassan
COM05144,C0270,2025-05-08,Phone Call,Complaint resolution,Sara Hassan
COM02580,C0138,2025-05-08,Video Call,Renewal discussion,Ahmed Abdullah
COM02995,C0161,2025-05-08,Meeting,General inquiry,Sara Hassan
COM04248,C0222,2025-05-09,Email,Complaint resolution,Mohammed Ali
COM01620,C0086,2025-05-09,Video Call,General inquiry,Ahmed Abdullah
COM04455,C0229,2025-05-09,Video Call,General inquiry,Ahmed Abdullah
COM09289,C0495,2025-05-09,WhatsApp,Complaint resolution,Ahmed Abdullah
COM04979,C0259,2025-05-09,Video Call,Satisfaction survey,Sara Hassan
COM06275,C0331,2025-05-09,Video Call,General inquiry,Mohammed Ali
COM07126,C0376,2025-05-09,Meeting,New course announcement,Sara Hassan
COM05531,C0290,2025-05-09,Meeting,Schedule confirmation,Mohammed Ali
COM05705,C0298,2025-05-09,WhatsApp,New course announcement,Fatima Ahmed
COM05649,C0296,2025-05-09,Email,Satisfaction survey,Noura Salem
COM05527,C0289,2025-05-10,Video Call,Account review,Ahmed Abdullah
COM03079,C0166,2025-05-10,Phone Call,New course announcement,Ahmed Abdullah
COM04097,C0216,2025-05-10,Phone Call,General inquiry,Noura Salem
COM05114,C0269,2025-05-10,WhatsApp,Training needs assessment,Mohammed Ali
COM00119,C0006,2025-05-10,Video Call,Course recommendation,Mohammed Ali
COM08755,C0466,2025-05-10,Meeting,Complaint resolution,Noura Salem
COM03763,C0197,2025-05-10,Email,Renewal discussion,Mohammed Ali
COM07512,C0397,2025-05-10,Phone Call,New course announcement,Noura Salem
COM03885,C0203,2025-05-10,Video Call,Follow-up on booking,Fatima Ahmed
COM08348,C0444,2025-05-10,Meeting,Complaint resolution,Noura Salem
COM02469,C0133,2025-05-10,WhatsApp,Thank you message,Sara Hassan
COM01834,C0099,2025-05-10,Email,Invoice query,Fatima Ahmed
COM04035,C0213,2025-05-10,Phone Call,Complaint resolution,Fatima Ahmed
COM05987,C0316,2025-05-11,WhatsApp,Course recommendation,Fatima Ahmed
COM07660,C0406,2025-05-11,Email,General inquiry,Ahmed Abdullah
COM00584,C0025,2025-05-11,Meeting,Account review,Fatima Ahmed
COM08740,C0466,2025-05-11,Meeting,Renewal discussion,Noura Salem
COM05265,C0277,2025-05-11,Video Call,Renewal discussion,Mohammed Ali
COM07822,C0413,2025-05-11,Meeting,General inquiry,Ahmed Abdullah
COM06401,C0339,2025-05-11,WhatsApp,Satisfaction survey,Fatima Ahmed
COM05955,C0312,2025-05-11,Video Call,Account review,Noura Salem
COM02803,C0153,2025-05-11,WhatsApp,Account review,Noura Salem
COM05043,C0263,2025-05-11,Video Call,Schedule confirmation,Sara Hassan
COM05017,C0262,2025-05-11,Meeting,Feedback discussion,Noura Salem
COM05156,C0270,2025-05-11,WhatsApp,Invoice query,Sara Hassan
COM06471,C0344,2025-05-12,Phone Call,Follow-up on booking,Noura Salem
COM05837,C0305,2025-05-12,Phone Call,Follow-up on booking,Mohammed Ali
COM06601,C0349,2025-05-12,Meeting,Account review,Fatima Ahmed
COM07759,C0410,2025-05-12,WhatsApp,Feedback discussion,Mohammed Ali
COM00923,C0047,2025-05-12,Video Call,Schedule confirmation,Ahmed Abdullah
COM02417,C0132,2025-05-12,WhatsApp,Renewal discussion,Sara Hassan
COM01514,C0079,2025-05-12,Meeting,Account review,Ahmed Abdullah
COM08539,C0458,2025-05-13,Email,New course announcement,Mohammed Ali
COM01388,C0073,2025-05-13,WhatsApp,General inquiry,Mohammed Ali
COM07603,C0402,2025-05-13,Meeting,Schedule confirmation,Noura Salem
COM07060,C0373,2025-05-13,Video Call,Thank you message,Fatima Ahmed
COM09286,C0495,2025-05-13,Video Call,Training needs assessment,Ahmed Abdullah
COM04737,C0245,2025-05-13,Phone Call,Feedback discussion,Fatima Ahmed
COM03145,C0168,2025-05-13,Phone Call,New course announcement,Fatima Ahmed
COM06669,C0352,2025-05-13,Email,Satisfaction survey,Noura Salem
COM01051,C0057,2025-05-14,Meeting,Satisfaction survey,Mohammed Ali
COM07438,C0391,2025-05-14,Meeting,New course announcement,Noura Salem
COM01680,C0090,2025-05-14,WhatsApp,Renewal discussion,Fatima Ahmed
COM05586,C0292,2025-05-14,WhatsApp,Training needs assessment,Ahmed Abdullah
COM02508,C0134,2025-05-14,WhatsApp,New course announcement,Noura Salem
COM00550,C0024,2025-05-14,Meeting,Feedback discussion,Noura Salem
COM08964,C0479,2025-05-14,Phone Call,Renewal discussion,Mohammed Ali
COM07562,C0400,2025-05-14,Email,Satisfaction survey,Mohammed Ali
COM03057,C0165,2025-05-14,Meeting,Renewal discussion,Sara Hassan
COM01384,C0073,2025-05-15,Video Call,General inquiry,Mohammed Ali
COM05138,C0269,2025-05-15,Meeting,Course recommendation,Mohammed Ali
COM05741,C0300,2025-05-15,Video Call,Thank you message,Noura Salem
COM01797,C0097,2025-05-15,Meeting,Follow-up on booking,Fatima Ahmed
COM08793,C0469,2025-05-15,Meeting,Thank you message,Noura Salem
COM00632,C0028,2025-05-15,Meeting,Follow-up on booking,Fatima Ahmed
COM09282,C0495,2025-05-15,WhatsApp,Feedback discussion,Ahmed Abdullah
COM06187,C0327,2025-05-15,Phone Call,Follow-up on booking,Noura Salem
COM02230,C0123,2025-05-15,Video Call,Renewal discussion,Mohammed Ali
COM01900,C0101,2025-05-15,Video Call,Renewal discussion,Sara Hassan
COM07693,C0408,2025-05-16,Email,Follow-up on booking,Mohammed Ali
COM08424,C0450,2025-05-16,WhatsApp,Course recommendation,Sara Hassan
COM03440,C0182,2025-05-16,Phone Call,Feedback discussion,Mohammed Ali
COM04602,C0237,2025-05-16,Phone Call,General inquiry,Sara Hassan
COM00715,C0033,2025-05-16,Phone Call,Quotation request,Sara Hassan
COM08256,C0439,2025-05-16,Meeting,Quotation request,Mohammed Ali
COM01495,C0079,2025-05-17,WhatsApp,Quotation request,Ahmed Abdullah
COM05285,C0278,2025-05-17,Phone Call,General inquiry,Fatima Ahmed
COM06112,C0322,2025-05-17,Email,New course announcement,Ahmed Abdullah
COM07363,C0387,2025-05-17,Phone Call,Complaint resolution,Mohammed Ali
COM00681,C0031,2025-05-17,Phone Call,Renewal discussion,Noura Salem
COM09322,C0497,2025-05-17,Phone Call,Course recommendation,Ahmed Abdullah
COM06315,C0334,2025-05-17,Meeting,Follow-up on booking,Mohammed Ali
COM02456,C0132,2025-05-17,Meeting,Satisfaction survey,Sara Hassan
COM05835,C0305,2025-05-17,Email,Complaint resolution,Mohammed Ali
COM06195,C0327,2025-05-17,Meeting,Schedule confirmation,Noura Salem
COM01625,C0086,2025-05-17,Video Call,Follow-up on booking,Ahmed Abdullah
COM06322,C0335,2025-05-17,Email,Schedule confirmation,Noura Salem
COM05173,C0271,2025-05-18,Video Call,General inquiry,Mohammed Ali
COM01814,C0098,2025-05-18,Phone Call,New course announcement,Noura Salem
COM00548,C0023,2025-05-18,Email,Satisfaction survey,Sara Hassan
COM06970,C0369,2025-05-18,Video Call,Renewal discussion,Mohammed Ali
COM05094,C0267,2025-05-18,WhatsApp,New course announcement,Noura Salem
COM04533,C0234,2025-05-18,Email,Account review,Mohammed Ali
COM07274,C0381,2025-05-18,Phone Call,Training needs assessment,Noura Salem
COM06610,C0349,2025-05-18,Phone Call,Follow-up on booking,Fatima Ahmed
COM06249,C0330,2025-05-18,Meeting,Complaint resolution,Noura Salem
COM01270,C0065,2025-05-18,Meeting,Satisfaction survey,Ahmed Abdullah
COM08619,C0461,2025-05-18,Meeting,Schedule confirmation,Noura Salem
COM02715,C0147,2025-05-19,Video Call,Account review,Noura Salem
COM06654,C0351,2025-05-19,Video Call,General inquiry,Sara Hassan
COM09145,C0487,2025-05-19,Video Call,General inquiry,Sara Hassan
COM05907,C0310,2025-05-19,WhatsApp,Follow-up on booking,Fatima Ahmed
COM09284,C0495,2025-05-19,WhatsApp,Follow-up on booking,Ahmed Abdullah
COM03414,C0181,2025-05-19,Meeting,Invoice query,Sara Hassan
COM00797,C0038,2025-05-19,Meeting,Complaint resolution,Noura Salem
COM09021,C0483,2025-05-19,Email,New course announcement,Mohammed Ali
COM07594,C0401,2025-05-19,Phone Call,Feedback discussion,Fatima Ahmed
COM00701,C0032,2025-05-19,WhatsApp,Schedule confirmation,Mohammed Ali
COM02421,C0132,2025-05-19,Phone Call,Course recommendation,Sara Hassan
COM01686,C0090,2025-05-19,WhatsApp,Training needs assessment,Fatima Ahmed
COM01785,C0095,2025-05-19,WhatsApp,Complaint resolution,Ahmed Abdullah
COM02278,C0125,2025-05-19,Meeting,Course recommendation,Sara Hassan
COM02026,C0109,2025-05-19,WhatsApp,New course announcement,Fatima Ahmed
COM06849,C0361,2025-05-20,Video Call,Renewal discussion,Fatima Ahmed
COM09209,C0492,2025-05-20,Email,Training needs assessment,Sara Hassan
COM02435,C0132,2025-05-20,WhatsApp,Course recommendation,Sara Hassan
COM01549,C0082,2025-05-20,Phone Call,Satisfaction survey,Noura Salem
COM04665,C0239,2025-05-20,Meeting,General inquiry,Fatima Ahmed
COM04254,C0223,2025-05-20,Meeting,Thank you message,Sara Hassan
COM05278,C0278,2025-05-20,Phone Call,Complaint resolution,Fatima Ahmed
COM01203,C0062,2025-05-20,WhatsApp,Schedule confirmation,Sara Hassan
COM04190,C0220,2025-05-20,Email,Account review,Fatima Ahmed
COM03554,C0188,2025-05-20,Video Call,Renewal discussion,Fatima Ahmed
COM08693,C0464,2025-05-21,Meeting,Schedule confirmation,Sara Hassan
COM02098,C0113,2025-05-21,Meeting,Invoice query,Fatima Ahmed
COM03537,C0188,2025-05-21,WhatsApp,Training needs assessment,Fatima Ahmed
COM07824,C0413,2025-05-21,Email,Follow-up on booking,Ahmed Abdullah
COM05878,C0308,2025-05-21,Meeting,Feedback discussion,Noura Salem
COM03697,C0194,2025-05-21,Video Call,Training needs assessment,Mohammed Ali
COM04755,C0247,2025-05-21,WhatsApp,Invoice query,Sara Hassan
COM03469,C0185,2025-05-21,Video Call,Complaint resolution,Noura Salem
COM02470,C0133,2025-05-21,Email,General inquiry,Sara Hassan
COM03835,C0201,2025-05-21,WhatsApp,Invoice query,Ahmed Abdullah
COM04732,C0245,2025-05-22,WhatsApp,Training needs assessment,Fatima Ahmed
COM07470,C0393,2025-05-22,WhatsApp,Complaint resolution,Sara Hassan
COM05579,C0292,2025-05-22,WhatsApp,Thank you message,Ahmed Abdullah
COM08261,C0439,2025-05-22,Email,Schedule confirmation,Mohammed Ali
COM07187,C0378,2025-05-22,Phone Call,Quotation request,Sara Hassan
COM06306,C0334,2025-05-22,Meeting,Follow-up on booking,Mohammed Ali
COM07014,C0370,2025-05-22,Phone Call,New course announcement,Fatima Ahmed
COM01192,C0062,2025-05-22,Email,Training needs assessment,Sara Hassan
COM06380,C0338,2025-05-22,Meeting,Satisfaction survey,Noura Salem
COM05779,C0302,2025-05-23,Meeting,Schedule confirmation,Mohammed Ali
COM08833,C0471,2025-05-23,Video Call,Feedback discussion,Ahmed Abdullah
COM06193,C0327,2025-05-23,Email,Complaint resolution,Noura Salem
COM00154,C0007,2025-05-23,Video Call,Renewal discussion,Sara Hassan
COM04309,C0224,2025-05-23,Video Call,Satisfaction survey,Ahmed Abdullah
COM08226,C0437,2025-05-23,Phone Call,Schedule confirmation,Noura Salem
COM07221,C0380,2025-05-23,WhatsApp,Feedback discussion,Fatima Ahmed
COM09288,C0495,2025-05-23,Meeting,Schedule confirmation,Ahmed Abdullah
COM05398,C0284,2025-05-23,Meeting,Satisfaction survey,Mohammed Ali
COM04172,C0219,2025-05-23,Email,Training needs assessment,Ahmed Abdullah
COM08162,C0432,2025-05-23,Video Call,Feedback discussion,Ahmed Abdullah
COM03217,C0172,2025-05-23,WhatsApp,Quotation request,Mohammed Ali
COM02642,C0143,2025-05-23,Phone Call,Course recommendation,Mohammed Ali
COM08222,C0437,2025-05-24,Meeting,Course recommendation,Noura Salem
COM01998,C0108,2025-05-24,Meeting,Invoice query,Ahmed Abdullah
COM01634,C0087,2025-05-24,Email,Schedule confirmation,Fatima Ahmed
COM03888,C0203,2025-05-24,Meeting,Course recommendation,Fatima Ahmed
COM02538,C0136,2025-05-24,WhatsApp,Schedule confirmation,Noura Salem
COM00727,C0034,2025-05-24,Phone Call,Complaint resolution,Fatima Ahmed
COM06235,C0329,2025-05-25,WhatsApp,Complaint resolution,Mohammed Ali
COM08752,C0466,2025-05-25,Email,Invoice query,Noura Salem
COM05760,C0301,2025-05-25,Email,Account review,Mohammed Ali
COM02878,C0156,2025-05-25,WhatsApp,Training needs assessment,Fatima Ahmed
COM08972,C0481,2025-05-25,Email,General inquiry,Sara Hassan
COM00541,C0023,2025-05-25,Email,Renewal discussion,Sara Hassan
COM07631,C0405,2025-05-25,Video Call,New course announcement,Noura Salem
COM04734,C0245,2025-05-25,Meeting,Thank you message,Fatima Ahmed
COM01829,C0099,2025-05-26,Video Call,Quotation request,Fatima Ahmed
COM03490,C0185,2025-05-26,Email,Account review,Noura Salem
COM06658,C0351,2025-05-26,Meeting,Account review,Sara Hassan
COM01997,C0108,2025-05-26,Video Call,Thank you message,Ahmed Abdullah
COM04862,C0252,2025-05-26,Meeting,Complaint resolution,Fatima Ahmed
COM03420,C0181,2025-05-26,Video Call,Training needs assessment,Sara Hassan
COM03646,C0191,2025-05-26,WhatsApp,Follow-up on booking,Mohammed Ali
COM06438,C0341,2025-05-26,Meeting,Training needs assessment,Noura Salem
COM00774,C0038,2025-05-26,Phone Call,Renewal discussion,Noura Salem
COM00962,C0051,2025-05-26,WhatsApp,Feedback discussion,Ahmed Abdullah
COM03642,C0191,2025-05-26,WhatsApp,Feedback discussion,Mohammed Ali
COM08042,C0425,2025-05-26,Video Call,Feedback discussion,Mohammed Ali
COM02681,C0145,2025-05-26,Meeting,Quotation request,Ahmed Abdullah
COM07702,C0408,2025-05-27,Email,Feedback discussion,Mohammed Ali
COM06898,C0364,2025-05-27,Phone Call,Schedule confirmation,Fatima Ahmed
COM07866,C0415,2025-05-27,Email,Account review,Sara Hassan
COM01204,C0062,2025-05-27,Meeting,Follow-up on booking,Sara Hassan
COM00709,C0032,2025-05-27,WhatsApp,Account review,Mohammed Ali
COM05055,C0264,2025-05-27,Meeting,Account review,Mohammed Ali
COM00915,C0047,2025-05-27,WhatsApp,Schedule confirmation,Ahmed Abdullah
COM06865,C0362,2025-05-27,WhatsApp,Complaint resolution,Ahmed Abdullah
COM05476,C0287,2025-05-27,WhatsApp,New course announcement,Fatima Ahmed
COM01899,C0101,2025-05-27,Phone Call,Schedule confirmation,Sara Hassan
COM00017,C0001,2025-05-27,Phone Call,Satisfaction survey,Noura Salem
COM08679,C0464,2025-05-27,WhatsApp,Satisfaction survey,Sara Hassan
COM00110,C0005,2025-05-27,WhatsApp,Account review,Sara Hassan
COM07579,C0400,2025-05-27,Email,Training needs assessment,Mohammed Ali
COM08146,C0430,2025-05-27,Video Call,Feedback discussion,Mohammed Ali
COM04939,C0255,2025-05-28,Video Call,Follow-up on booking,Ahmed Abdullah
COM00959,C0051,2025-05-28,Video Call,New course announcement,Ahmed Abdullah
COM01468,C0078,2025-05-28,Video Call,Invoice query,Fatima Ahmed
COM08760,C0466,2025-05-28,Email,Account review,Noura Salem
COM05005,C0260,2025-05-28,Email,Renewal discussion,Noura Salem
COM05589,C0293,2025-05-28,Meeting,Schedule confirmation,Fatima Ahmed
COM00616,C0027,2025-05-28,Email,Complaint resolution,Mohammed Ali
COM06643,C0351,2025-05-29,Video Call,Quotation request,Sara Hassan
COM00710,C0032,2025-05-29,Video Call,Complaint resolution,Mohammed Ali
COM02391,C0131,2025-05-29,WhatsApp,Training needs assessment,Fatima Ahmed
COM01978,C0106,2025-05-29,Video Call,Training needs assessment,Ahmed Abdullah
COM00841,C0042,2025-05-29,Meeting,Satisfaction survey,Noura Salem
COM03643,C0191,2025-05-29,Phone Call,Satisfaction survey,Mohammed Ali
COM06421,C0340,2025-05-29,WhatsApp,Thank you message,Ahmed Abdullah
COM07350,C0387,2025-05-29,Phone Call,Follow-up on booking,Mohammed Ali
COM00708,C0032,2025-05-29,Meeting,Satisfaction survey,Mohammed Ali
COM02543,C0136,2025-05-29,WhatsApp,New course announcement,Noura Salem
COM00558,C0024,2025-05-29,Video Call,Invoice query,Noura Salem
COM00221,C0010,2025-05-29,Meeting,Satisfaction survey,Mohammed Ali
COM01337,C0069,2025-05-29,Email,Training needs assessment,Fatima Ahmed
COM02463,C0133,2025-05-29,Video Call,Satisfaction survey,Sara Hassan
COM05940,C0311,2025-05-30,WhatsApp,Follow-up on booking,Ahmed Abdullah
COM04312,C0224,2025-05-30,WhatsApp,Follow-up on booking,Ahmed Abdullah
COM05548,C0291,2025-05-30,Email,Renewal discussion,Sara Hassan
COM07836,C0414,2025-05-30,Meeting,Feedback discussion,Fatima Ahmed
COM00196,C0009,2025-05-30,Meeting,Thank you message,Noura Salem
COM03685,C0193,2025-05-30,Video Call,New course announcement,Fatima Ahmed
COM03082,C0166,2025-05-30,WhatsApp,Thank you message,Ahmed Abdullah
COM06272,C0331,2025-05-30,WhatsApp,Complaint resolution,Mohammed Ali
COM06276,C0331,2025-05-30,Video Call,Course recommendation,Mohammed Ali
COM08014,C0424,2025-05-30,Phone Call,Complaint resolution,Ahmed Abdullah
COM08378,C0445,2025-05-30,Video Call,Renewal discussion,Sara Hassan
COM06782,C0358,2025-05-30,Email,Course recommendation,Mohammed Ali
COM04649,C0239,2025-05-30,WhatsApp,Satisfaction survey,Fatima Ahmed
COM06742,C0357,2025-05-30,Email,General inquiry,Sara Hassan
COM08400,C0447,2025-05-31,WhatsApp,Schedule confirmation,Noura Salem
COM00342,C0016,2025-05-31,Email,Follow-up on booking,Sara Hassan
COM07354,C0387,2025-05-31,Phone Call,Training needs assessment,Mohammed Ali
COM00901,C0047,2025-05-31,Video Call,Thank you message,Ahmed Abdullah
COM05808,C0303,2025-05-31,WhatsApp,General inquiry,Mohammed Ali
COM08038,C0425,2025-05-31,Video Call,General inquiry,Mohammed Ali
COM02260,C0124,2025-05-31,Meeting,Training needs assessment,Fatima Ahmed
COM01115,C0058,2025-05-31,WhatsApp,Satisfaction survey,Mohammed Ali
COM08847,C0471,2025-05-31,Email,New course announcement,Ahmed Abdullah
COM04580,C0236,2025-06-01,WhatsApp,Follow-up on booking,Noura Salem
COM05728,C0300,2025-06-01,Meeting,Account review,Noura Salem
COM04458,C0229,2025-06-01,Meeting,Training needs assessment,Ahmed Abdullah
COM00487,C0022,2025-06-01,Phone Call,Feedback discussion,Fatima Ahmed
COM03941,C0206,2025-06-01,Meeting,New course announcement,Fatima Ahmed
COM06976,C0369,2025-06-01,Email,Course recommendation,Mohammed Ali
COM03881,C0203,2025-06-01,Phone Call,Follow-up on booking,Fatima Ahmed
COM05881,C0308,2025-06-01,WhatsApp,Follow-up on booking,Noura Salem
COM02515,C0134,2025-06-01,Email,Training needs assessment,Noura Salem
COM03622,C0191,2025-06-01,Phone Call,General inquiry,Mohammed Ali
COM08547,C0458,2025-06-01,Phone Call,Training needs assessment,Mohammed Ali
COM02453,C0132,2025-06-01,Phone Call,Satisfaction survey,Sara Hassan
COM02985,C0161,2025-06-01,Video Call,Quotation request,Sara Hassan
COM07620,C0403,2025-06-01,Phone Call,Complaint resolution,Noura Salem
COM07100,C0375,2025-06-02,Video Call,Complaint resolution,Fatima Ahmed
COM06335,C0335,2025-06-02,WhatsApp,Quotation request,Noura Salem
COM04094,C0216,2025-06-02,Video Call,Satisfaction survey,Noura Salem
COM07847,C0414,2025-06-02,Email,New course announcement,Fatima Ahmed
COM00339,C0016,2025-06-02,Email,New course announcement,Sara Hassan
COM04297,C0223,2025-06-02,Meeting,Renewal discussion,Sara Hassan
COM04474,C0231,2025-06-02,Video Call,Complaint resolution,Sara Hassan
COM07250,C0380,2025-06-02,Phone Call,Schedule confirmation,Fatima Ahmed
COM04735,C0245,2025-06-02,Video Call,New course announcement,Fatima Ahmed
COM04676,C0240,2025-06-03,Email,Invoice query,Ahmed Abdullah
COM03078,C0166,2025-06-03,WhatsApp,Satisfaction survey,Ahmed Abdullah
COM00232,C0010,2025-06-03,Video Call,Thank you message,Mohammed Ali
COM02524,C0135,2025-06-03,Meeting,New course announcement,Noura Salem
COM07260,C0381,2025-06-03,Email,Thank you message,Noura Salem
COM05172,C0271,2025-06-03,Email,Invoice query,Mohammed Ali
COM01198,C0062,2025-06-03,WhatsApp,Thank you message,Sara Hassan
COM08837,C0471,2025-06-03,Meeting,Satisfaction survey,Ahmed Abdullah
COM00814,C0040,2025-06-03,WhatsApp,Satisfaction survey,Sara Hassan
COM02695,C0146,2025-06-03,Video Call,Feedback discussion,Fatima Ahmed
COM00911,C0047,2025-06-03,Phone Call,Satisfaction survey,Ahmed Abdullah
COM03164,C0169,2025-06-03,Phone Call,New course announcement,Ahmed Abdullah
COM02305,C0129,2025-06-03,Meeting,General inquiry,Sara Hassan
COM08761,C0466,2025-06-04,Phone Call,Schedule confirmation,Noura Salem
COM03098,C0167,2025-06-04,Email,Invoice query,Sara Hassan
COM04585,C0236,2025-06-04,Meeting,Schedule confirmation,Noura Salem
COM07820,C0413,2025-06-04,Email,General inquiry,Ahmed Abdullah
COM05911,C0310,2025-06-04,Phone Call,Training needs assessment,Fatima Ahmed
COM06985,C0369,2025-06-04,Video Call,Invoice query,Mohammed Ali
COM08251,C0438,2025-06-04,Meeting,Satisfaction survey,Ahmed Abdullah
COM06118,C0323,2025-06-04,Video Call,Training needs assessment,Ahmed Abdullah
COM01993,C0107,2025-06-04,WhatsApp,Complaint resolution,Mohammed Ali
COM06698,C0354,2025-06-04,Phone Call,Quotation request,Sara Hassan
COM00288,C0014,2025-06-05,Meeting,Quotation request,Sara Hassan
COM07991,C0423,2025-06-05,Video Call,General inquiry,Noura Salem
COM01123,C0059,2025-06-05,Video Call,Renewal discussion,Fatima Ahmed
COM08454,C0450,2025-06-05,WhatsApp,Course recommendation,Sara Hassan
COM06993,C0369,2025-06-05,Video Call,New course announcement,Mohammed Ali
COM09164,C0488,2025-06-05,Video Call,New course announcement,Sara Hassan
COM02200,C0121,2025-06-05,Email,Quotation request,Noura Salem
COM04701,C0244,2025-06-05,Email,Account review,Fatima Ahmed
COM03818,C0201,2025-06-05,WhatsApp,General inquiry,Ahmed Abdullah
COM03487,C0185,2025-06-05,Phone Call,Training needs assessment,Noura Salem
COM06211,C0328,2025-06-05,Meeting,New course announcement,Mohammed Ali
COM04840,C0252,2025-06-05,Phone Call,Renewal discussion,Fatima Ahmed
COM01525,C0080,2025-06-05,Meeting,Feedback discussion,Ahmed Abdullah
COM01560,C0083,2025-06-05,Phone Call,Follow-up on booking,Mohammed Ali
COM01906,C0101,2025-06-05,Meeting,Complaint resolution,Sara Hassan
COM09319,C0497,2025-06-05,Phone Call,Satisfaction survey,Ahmed Abdullah
COM08546,C0458,2025-06-06,Meeting,General inquiry,Mohammed Ali
COM06167,C0327,2025-06-06,Video Call,General inquiry,Noura Salem
COM03757,C0197,2025-06-06,WhatsApp,Follow-up on booking,Mohammed Ali
COM02123,C0116,2025-06-06,WhatsApp,Feedback discussion,Ahmed Abdullah
COM03907,C0205,2025-06-06,Video Call,Account review,Mohammed Ali
COM01405,C0073,2025-06-06,Email,New course announcement,Mohammed Ali
COM01166,C0061,2025-06-06,Email,Training needs assessment,Mohammed Ali
COM03565,C0189,2025-06-06,Phone Call,Complaint resolution,Mohammed Ali
COM08035,C0425,2025-06-06,Video Call,Account review,Mohammed Ali
COM02296,C0128,2025-06-07,Video Call,Follow-up on booking,Ahmed Abdullah
COM04818,C0252,2025-06-07,Email,Invoice query,Fatima Ahmed
COM09227,C0493,2025-06-07,Video Call,Invoice query,Sara Hassan
COM02311,C0129,2025-06-07,Video Call,New course announcement,Sara Hassan
COM02325,C0129,2025-06-07,WhatsApp,Quotation request,Sara Hassan
COM08822,C0470,2025-06-07,WhatsApp,Renewal discussion,Ahmed Abdullah
COM06891,C0363,2025-06-08,Phone Call,Account review,Noura Salem
COM00618,C0027,2025-06-08,Meeting,Satisfaction survey,Mohammed Ali
COM08279,C0440,2025-06-08,Phone Call,Invoice query,Mohammed Ali
COM07144,C0377,2025-06-08,Phone Call,Quotation request,Mohammed Ali
COM06775,C0358,2025-06-08,Email,Thank you message,Mohammed Ali
COM03674,C0192,2025-06-08,WhatsApp,Account review,Sara Hassan
COM04350,C0224,2025-06-09,Video Call,Renewal discussion,Ahmed Abdullah
COM09067,C0484,2025-06-09,Phone Call,Thank you message,Mohammed Ali
COM06402,C0339,2025-06-09,Email,Course recommendation,Fatima Ahmed
COM08125,C0430,2025-06-09,Meeting,Invoice query,Mohammed Ali
COM05818,C0304,2025-06-09,Email,Renewal discussion,Mohammed Ali
COM01994,C0107,2025-06-09,Video Call,Follow-up on booking,Mohammed Ali
COM04082,C0216,2025-06-09,Email,Renewal discussion,Noura Salem
COM06166,C0327,2025-06-09,Video Call,Follow-up on booking,Noura Salem
COM08513,C0456,2025-06-09,WhatsApp,New course announcement,Ahmed Abdullah
COM02705,C0147,2025-06-09,WhatsApp,Renewal discussion,Noura Salem
COM04238,C0222,2025-06-09,Email,Feedback discussion,Mohammed Ali
COM03221,C0173,2025-06-10,WhatsApp,Quotation request,Noura Salem
COM09076,C0485,2025-06-10,Email,General inquiry,Sara Hassan
COM03215,C0172,2025-06-10,WhatsApp,General inquiry,Mohammed Ali
COM07448,C0392,2025-06-10,Meeting,Quotation request,Mohammed Ali
COM05873,C0308,2025-06-10,Phone Call,Complaint resolution,Noura Salem
COM08354,C0444,2025-06-10,WhatsApp,Quotation request,Noura Salem
COM06278,C0331,2025-06-10,Video Call,General inquiry,Mohammed Ali
COM06277,C0331,2025-06-10,Video Call,General inquiry,Mohammed Ali
COM01319,C0069,2025-06-11,Video Call,Course recommendation,Fatima Ahmed
COM06778,C0358,2025-06-11,Email,Feedback discussion,Mohammed Ali
COM00340,C0016,2025-06-11,WhatsApp,Account review,Sara Hassan
COM06867,C0362,2025-06-11,Phone Call,Thank you message,Ahmed Abdullah
COM09115,C0487,2025-06-11,Email,Renewal discussion,Sara Hassan
COM02298,C0128,2025-06-11,WhatsApp,General inquiry,Ahmed Abdullah
COM01986,C0107,2025-06-11,Video Call,Quotation request,Mohammed Ali
COM00367,C0017,2025-06-11,Email,Schedule confirmation,Fatima Ahmed
COM00553,C0024,2025-06-11,Email,Schedule confirmation,Noura Salem
COM07139,C0376,2025-06-12,Meeting,Follow-up on booking,Sara Hassan
COM01382,C0073,2025-06-12,Video Call,Renewal discussion,Mohammed Ali
COM07406,C0389,2025-06-12,WhatsApp,Invoice query,Noura Salem
COM04103,C0216,2025-06-12,Video Call,Thank you message,Noura Salem
COM06525,C0345,2025-06-12,Meeting,Quotation request,Noura Salem
COM03437,C0182,2025-06-12,Video Call,New course announcement,Mohammed Ali
COM07090,C0375,2025-06-12,Meeting,Feedback discussion,Fatima Ahmed
COM05646,C0296,2025-06-12,Video Call,Thank you message,Noura Salem
COM01296,C0066,2025-06-12,WhatsApp,Account review,Ahmed Abdullah
COM03700,C0194,2025-06-12,Email,Training needs assessment,Mohammed Ali
COM02620,C0142,2025-06-12,Meeting,Feedback discussion,Mohammed Ali
COM05283,C0278,2025-06-13,Meeting,Schedule confirmation,Fatima Ahmed
COM04054,C0214,2025-06-13,Meeting,Feedback discussion,Noura Salem
COM00241,C0011,2025-06-13,Email,Account review,Noura Salem
COM01501,C0079,2025-06-13,Email,Satisfaction survey,Ahmed Abdullah
COM05571,C0291,2025-06-13,Meeting,Training needs assessment,Sara Hassan
COM05467,C0286,2025-06-13,Video Call,Satisfaction survey,Fatima Ahmed
COM09325,C0497,2025-06-13,Meeting,Thank you message,Ahmed Abdullah
COM02394,C0131,2025-06-13,Meeting,Satisfaction survey,Fatima Ahmed
COM05792,C0302,2025-06-13,Phone Call,Follow-up on booking,Mohammed Ali
COM02285,C0126,2025-06-13,Phone Call,Feedback discussion,Noura Salem
COM00852,C0043,2025-06-13,Email,Follow-up on booking,Ahmed Abdullah
COM08361,C0444,2025-06-13,Email,Schedule confirmation,Noura Salem
COM08350,C0444,2025-06-13,WhatsApp,Training needs assessment,Noura Salem
COM09118,C0487,2025-06-14,Phone Call,Quotation request,Sara Hassan
COM01640,C0087,2025-06-14,Video Call,New course announcement,Fatima Ahmed
COM06343,C0335,2025-06-14,Phone Call,General inquiry,Noura Salem
COM02361,C0130,2025-06-14,Video Call,Complaint resolution,Mohammed Ali
COM01942,C0103,2025-06-14,WhatsApp,General inquiry,Noura Salem
COM01709,C0091,2025-06-14,Meeting,Thank you message,Sara Hassan
COM02598,C0139,2025-06-14,Meeting,Invoice query,Sara Hassan
COM05457,C0286,2025-06-14,Meeting,Training needs assessment,Fatima Ahmed
COM06406,C0339,2025-06-14,Meeting,Renewal discussion,Fatima Ahmed
COM01294,C0066,2025-06-14,WhatsApp,Renewal discussion,Ahmed Abdullah
COM02712,C0147,2025-06-14,WhatsApp,Renewal discussion,Noura Salem
COM05675,C0296,2025-06-15,Email,Follow-up on booking,Noura Salem
COM00262,C0011,2025-06-15,WhatsApp,Invoice query,Noura Salem
COM06376,C0337,2025-06-15,Phone Call,Invoice query,Fatima Ahmed
COM08918,C0476,2025-06-15,Meeting,Follow-up on booking,Mohammed Ali
COM03996,C0210,2025-06-15,Meeting,Training needs assessment,Ahmed Abdullah
COM05225,C0275,2025-06-16,Email,Follow-up on booking,Sara Hassan
COM00636,C0028,2025-06-16,WhatsApp,Follow-up on booking,Fatima Ahmed
COM09283,C0495,2025-06-16,Meeting,General inquiry,Ahmed Abdullah
COM07245,C0380,2025-06-16,WhatsApp,Feedback discussion,Fatima Ahmed
COM04047,C0214,2025-06-16,Video Call,Satisfaction survey,Noura Salem
COM04944,C0256,2025-06-16,Video Call,Thank you message,Fatima Ahmed
COM01887,C0101,2025-06-16,WhatsApp,New course announcement,Sara Hassan
COM04864,C0252,2025-06-16,Email,Quotation request,Fatima Ahmed
COM03880,C0203,2025-06-16,Video Call,Renewal discussion,Fatima Ahmed
COM02288,C0126,2025-06-16,Video Call,Follow-up on booking,Noura Salem
COM03389,C0179,2025-06-17,Meeting,General inquiry,Mohammed Ali
COM08561,C0459,2025-06-17,Video Call,Renewal discussion,Ahmed Abdullah
COM04308,C0224,2025-06-17,Email,Renewal discussion,Ahmed Abdullah
COM03442,C0182,2025-06-17,Meeting,New course announcement,Mohammed Ali
COM01722,C0092,2025-06-17,Email,Complaint resolution,Noura Salem
COM05854,C0306,2025-06-17,WhatsApp,Complaint resolution,Fatima Ahmed
COM02625,C0142,2025-06-17,Email,General inquiry,Mohammed Ali
COM08443,C0450,2025-06-17,WhatsApp,Thank you message,Sara Hassan
COM08217,C0436,2025-06-17,Meeting,Account review,Noura Salem
COM05415,C0285,2025-06-17,Video Call,New course announcement,Mohammed Ali
COM03784,C0199,2025-06-17,Meeting,Satisfaction survey,Sara Hassan
COM04599,C0237,2025-06-17,WhatsApp,Renewal discussion,Sara Hassan
COM06991,C0369,2025-06-18,WhatsApp,New course announcement,Mohammed Ali
COM09409,C0500,2025-06-18,Phone Call,Account review,Fatima Ahmed
COM01944,C0103,2025-06-18,Video Call,Feedback discussion,Noura Salem
COM06769,C0358,2025-06-18,Email,Renewal discussion,Mohammed Ali
COM05603,C0294,2025-06-18,Video Call,Follow-up on booking,Mohammed Ali
COM06386,C0339,2025-06-18,Phone Call,Schedule confirmation,Fatima Ahmed
COM00529,C0022,2025-06-18,Phone Call,Schedule confirmation,Fatima Ahmed
COM05810,C0303,2025-06-18,Phone Call,Schedule confirmation,Mohammed Ali
COM00533,C0022,2025-06-18,Meeting,Feedback discussion,Fatima Ahmed
COM00282,C0013,2025-06-18,Phone Call,Follow-up on booking,Mohammed Ali
COM05059,C0264,2025-06-18,Meeting,Course recommendation,Mohammed Ali
COM00357,C0017,2025-06-18,WhatsApp,Follow-up on booking,Fatima Ahmed
COM06681,C0353,2025-06-19,Email,Quotation request,Mohammed Ali
COM05846,C0306,2025-06-19,Phone Call,Schedule confirmation,Fatima Ahmed
COM05770,C0301,2025-06-19,Email,New course announcement,Mohammed Ali
COM08276,C0440,2025-06-19,Phone Call,General inquiry,Mohammed Ali
COM00218,C0010,2025-06-19,WhatsApp,Course recommendation,Mohammed Ali
COM01806,C0097,2025-06-19,WhatsApp,Complaint resolution,Fatima Ahmed
COM05189,C0272,2025-06-19,WhatsApp,Satisfaction survey,Ahmed Abdullah
COM08453,C0450,2025-06-19,Video Call,New course announcement,Sara Hassan
COM08587,C0459,2025-06-20,WhatsApp,Account review,Ahmed Abdullah
COM00705,C0032,2025-06-20,Phone Call,Follow-up on booking,Mohammed Ali
COM03615,C0191,2025-06-21,Email,New course announcement,Mohammed Ali
COM06300,C0334,2025-06-21,Video Call,Complaint resolution,Mohammed Ali
COM03768,C0197,2025-06-21,WhatsApp,Follow-up on booking,Mohammed Ali
COM03848,C0202,2025-06-21,Video Call,Training needs assessment,Sara Hassan
COM03824,C0201,2025-06-21,Email,Quotation request,Ahmed Abdullah
COM00053,C0003,2025-06-21,Video Call,Renewal discussion,Fatima Ahmed
COM02067,C0111,2025-06-21,Video Call,Course recommendation,Mohammed Ali
COM05814,C0303,2025-06-21,WhatsApp,Satisfaction survey,Mohammed Ali
COM01033,C0057,2025-06-22,Video Call,General inquiry,Mohammed Ali
COM00608,C0027,2025-06-22,Video Call,Thank you message,Mohammed Ali
COM09161,C0488,2025-06-22,Video Call,General inquiry,Sara Hassan
COM06765,C0357,2025-06-22,Video Call,Training needs assessment,Sara Hassan
COM02057,C0110,2025-06-22,Video Call,Schedule confirmation,Mohammed Ali
COM07685,C0408,2025-06-23,Meeting,Follow-up on booking,Mohammed Ali
COM07981,C0422,2025-06-23,WhatsApp,New course announcement,Sara Hassan
COM00440,C0020,2025-06-23,Video Call,Account review,Fatima Ahmed
COM02502,C0134,2025-06-23,Phone Call,Feedback discussion,Noura Salem
COM02848,C0156,2025-06-23,Video Call,Schedule confirmation,Fatima Ahmed
COM08838,C0471,2025-06-23,WhatsApp,General inquiry,Ahmed Abdullah
COM08258,C0439,2025-06-23,Phone Call,Complaint resolution,Mohammed Ali
COM06524,C0345,2025-06-23,Video Call,Invoice query,Noura Salem
COM04611,C0237,2025-06-23,Phone Call,Complaint resolution,Sara Hassan
COM02516,C0134,2025-06-24,Phone Call,Feedback discussion,Noura Salem
COM07368,C0387,2025-06-24,Email,Satisfaction survey,Mohammed Ali
COM09222,C0493,2025-06-24,Email,New course announcement,Sara Hassan
COM07065,C0373,2025-06-24,Phone Call,Follow-up on booking,Fatima Ahmed
COM07455,C0392,2025-06-24,WhatsApp,Thank you message,Mohammed Ali
COM05730,C0300,2025-06-24,WhatsApp,Complaint resolution,Noura Salem
COM00395,C0018,2025-06-24,Email,Complaint resolution,Sara Hassan
COM05908,C0310,2025-06-24,Meeting,Invoice query,Fatima Ahmed
COM02758,C0150,2025-06-24,Video Call,Renewal discussion,Mohammed Ali
COM08895,C0475,2025-06-24,WhatsApp,Invoice query,Noura Salem
COM07667,C0407,2025-06-24,Video Call,Account review,Sara Hassan
COM00760,C0037,2025-06-24,WhatsApp,New course announcement,Fatima Ahmed
COM00305,C0014,2025-06-24,Phone Call,Course recommendation,Sara Hassan
COM03548,C0188,2025-06-24,Phone Call,Invoice query,Fatima Ahmed
COM02255,C0124,2025-06-24,Meeting,Renewal discussion,Fatima Ahmed
COM07616,C0403,2025-06-24,Meeting,General inquiry,Noura Salem
COM06257,C0330,2025-06-24,Meeting,Thank you message,Noura Salem
COM07222,C0380,2025-06-25,WhatsApp,Schedule confirmation,Fatima Ahmed
COM03428,C0181,2025-06-25,Phone Call,Satisfaction survey,Sara Hassan
COM02066,C0111,2025-06-25,Meeting,Thank you message,Mohammed Ali
COM03493,C0185,2025-06-25,Video Call,Thank you message,Noura Salem
COM02478,C0133,2025-06-25,WhatsApp,Complaint resolution,Sara Hassan
COM00249,C0011,2025-06-26,Meeting,Invoice query,Noura Salem
COM02637,C0142,2025-06-26,Meeting,Training needs assessment,Mohammed Ali
COM00477,C0021,2025-06-26,Email,Satisfaction survey,Mohammed Ali
COM03577,C0189,2025-06-26,Phone Call,Course recommendation,Mohammed Ali
COM03603,C0190,2025-06-26,Video Call,Schedule confirmation,Noura Salem
COM01763,C0094,2025-06-26,Video Call,Satisfaction survey,Mohammed Ali
COM03553,C0188,2025-06-26,Phone Call,Follow-up on booking,Fatima Ahmed
COM03422,C0181,2025-06-26,WhatsApp,Thank you message,Sara Hassan
COM08036,C0425,2025-06-26,Email,Training needs assessment,Mohammed Ali
COM08347,C0443,2025-06-26,Phone Call,New course announcement,Sara Hassan
COM09373,C0498,2025-06-26,Video Call,Account review,Noura Salem
COM03826,C0201,2025-06-26,Meeting,Satisfaction survey,Ahmed Abdullah
COM05292,C0278,2025-06-27,WhatsApp,Thank you message,Fatima Ahmed
COM04086,C0216,2025-06-27,Meeting,Satisfaction survey,Noura Salem
COM05446,C0286,2025-06-27,WhatsApp,General inquiry,Fatima Ahmed
COM03373,C0178,2025-06-27,Email,Complaint resolution,Mohammed Ali
COM05811,C0303,2025-06-27,WhatsApp,Feedback discussion,Mohammed Ali
COM09220,C0493,2025-06-27,Phone Call,Satisfaction survey,Sara Hassan
COM06074,C0321,2025-06-28,Phone Call,Follow-up on booking,Ahmed Abdullah
COM06714,C0355,2025-06-28,Phone Call,Feedback discussion,Ahmed Abdullah
COM00400,C0018,2025-06-28,Meeting,General inquiry,Sara Hassan
COM03592,C0190,2025-06-28,Meeting,Renewal discussion,Noura Salem
COM08923,C0476,2025-06-28,Meeting,Training needs assessment,Mohammed Ali
COM05687,C0298,2025-06-28,Video Call,Course recommendation,Fatima Ahmed
COM01990,C0107,2025-06-28,Video Call,Account review,Mohammed Ali
COM04260,C0223,2025-06-28,Meeting,General inquiry,Sara Hassan
COM03208,C0172,2025-06-28,Video Call,Follow-up on booking,Mohammed Ali
COM00052,C0003,2025-06-28,Meeting,Thank you message,Fatima Ahmed
COM07196,C0378,2025-06-28,Video Call,New course announcement,Sara Hassan
COM03444,C0182,2025-06-28,Phone Call,Account review,Mohammed Ali
COM07270,C0381,2025-06-28,Phone Call,Course recommendation,Noura Salem
COM01394,C0073,2025-06-28,Video Call,Renewal discussion,Mohammed Ali
COM01708,C0091,2025-06-29,WhatsApp,Training needs assessment,Sara Hassan
COM08144,C0430,2025-06-29,Email,Satisfaction survey,Mohammed Ali
COM04203,C0221,2025-06-29,Meeting,Satisfaction survey,Ahmed Abdullah
COM01493,C0079,2025-06-29,Video Call,New course announcement,Ahmed Abdullah
COM08381,C0446,2025-06-29,Email,Thank you message,Noura Salem
COM08265,C0440,2025-06-29,Video Call,Course recommendation,Mohammed Ali
COM06767,C0357,2025-06-29,Email,Complaint resolution,Sara Hassan
COM09293,C0495,2025-06-29,WhatsApp,Schedule confirmation,Ahmed Abdullah
COM01130,C0059,2025-06-29,WhatsApp,Feedback discussion,Fatima Ahmed
COM02772,C0152,2025-06-29,Meeting,Course recommendation,Mohammed Ali
COM04710,C0244,2025-06-29,WhatsApp,Renewal discussion,Fatima Ahmed
COM02624,C0142,2025-06-29,WhatsApp,Renewal discussion,Mohammed Ali
COM00158,C0007,2025-06-30,Phone Call,Follow-up on booking,Sara Hassan
COM00198,C0009,2025-06-30,Email,General inquiry,Noura Salem
COM07328,C0386,2025-06-30,Email,Renewal discussion,Ahmed Abdullah
COM06217,C0328,2025-06-30,Phone Call,Schedule confirmation,Mohammed Ali
COM07869,C0415,2025-06-30,Email,Complaint resolution,Sara Hassan
COM07715,C0408,2025-06-30,Meeting,Thank you message,Mohammed Ali
COM00916,C0047,2025-06-30,Meeting,Course recommendation,Ahmed Abdullah
COM00583,C0025,2025-06-30,Email,Satisfaction survey,Fatima Ahmed
COM06732,C0357,2025-06-30,Email,Training needs assessment,Sara Hassan
COM01600,C0084,2025-07-01,WhatsApp,Account review,Sara Hassan
COM02673,C0145,2025-07-01,Email,Satisfaction survey,Ahmed Abdullah
COM01977,C0106,2025-07-01,Email,Complaint resolution,Ahmed Abdullah
COM08919,C0476,2025-07-01,Meeting,Feedback discussion,Mohammed Ali
COM06748,C0357,2025-07-01,Meeting,Renewal discussion,Sara Hassan
COM06173,C0327,2025-07-01,Phone Call,Satisfaction survey,Noura Salem
COM09369,C0498,2025-07-01,Meeting,Follow-up on booking,Noura Salem
COM04363,C0225,2025-07-01,Email,Thank you message,Sara Hassan
COM08384,C0446,2025-07-01,WhatsApp,New course announcement,Noura Salem
COM04819,C0252,2025-07-01,WhatsApp,Renewal discussion,Fatima Ahmed
COM04300,C0223,2025-07-01,Phone Call,Schedule confirmation,Sara Hassan
COM02356,C0129,2025-07-01,Email,Renewal discussion,Sara Hassan
COM03636,C0191,2025-07-01,Meeting,Satisfaction survey,Mohammed Ali
COM00724,C0033,2025-07-01,Email,Feedback discussion,Sara Hassan
COM08033,C0425,2025-07-01,Email,Complaint resolution,Mohammed Ali
COM06581,C0347,2025-07-01,Email,Training needs assessment,Mohammed Ali
COM01803,C0097,2025-07-01,Phone Call,Training needs assessment,Fatima Ahmed
COM00432,C0020,2025-07-02,Meeting,Invoice query,Fatima Ahmed
COM01616,C0086,2025-07-02,Meeting,New course announcement,Ahmed Abdullah
COM08402,C0447,2025-07-02,Video Call,Training needs assessment,Noura Salem
COM01629,C0086,2025-07-02,Phone Call,New course announcement,Ahmed Abdullah
COM05625,C0294,2025-07-02,Phone Call,Training needs assessment,Mohammed Ali
COM04814,C0251,2025-07-02,Meeting,Account review,Sara Hassan
COM05582,C0292,2025-07-02,Meeting,Account review,Ahmed Abdullah
COM06368,C0336,2025-07-02,Meeting,Renewal discussion,Fatima Ahmed
COM07802,C0411,2025-07-02,Meeting,Renewal discussion,Noura Salem
COM07790,C0411,2025-07-02,Email,Complaint resolution,Noura Salem
COM01199,C0062,2025-07-02,Email,Schedule confirmation,Sara Hassan
COM06260,C0331,2025-07-02,Meeting,Follow-up on booking,Mohammed Ali
COM06570,C0346,2025-07-02,Phone Call,Quotation request,Mohammed Ali
COM01976,C0106,2025-07-02,Video Call,Renewal discussion,Ahmed Abdullah
COM01988,C0107,2025-07-02,WhatsApp,Follow-up on booking,Mohammed Ali
COM01837,C0099,2025-07-02,Video Call,Thank you message,Fatima Ahmed
COM02663,C0144,2025-07-02,Meeting,Satisfaction survey,Ahmed Abdullah
COM01852,C0100,2025-07-02,Video Call,Satisfaction survey,Ahmed Abdullah
COM05161,C0270,2025-07-03,Email,Schedule confirmation,Sara Hassan
COM07872,C0415,2025-07-03,Email,Schedule confirmation,Sara Hassan
COM07370,C0388,2025-07-03,Phone Call,Account review,Sara Hassan
COM08759,C0466,2025-07-03,Phone Call,Account review,Noura Salem
COM00334,C0016,2025-07-03,Meeting,Invoice query,Sara Hassan
COM01662,C0088,2025-07-03,Video Call,Feedback discussion,Sara Hassan
COM06428,C0340,2025-07-03,Video Call,Invoice query,Ahmed Abdullah
COM04690,C0242,2025-07-04,Email,Training needs assessment,Ahmed Abdullah
COM06533,C0345,2025-07-04,Phone Call,Satisfaction survey,Noura Salem
COM00688,C0031,2025-07-04,Meeting,Complaint resolution,Noura Salem
COM00035,C0001,2025-07-04,WhatsApp,New course announcement,Noura Salem
COM08608,C0460,2025-07-04,Phone Call,Invoice query,Sara Hassan
COM02053,C0110,2025-07-04,WhatsApp,Thank you message,Mohammed Ali
COM07675,C0407,2025-07-04,Video Call,Complaint resolution,Sara Hassan
COM07203,C0379,2025-07-04,WhatsApp,New course announcement,Fatima Ahmed
COM06884,C0362,2025-07-04,Video Call,Invoice query,Ahmed Abdullah
COM00753,C0036,2025-07-05,Meeting,Renewal discussion,Ahmed Abdullah
COM02634,C0142,2025-07-05,Phone Call,Course recommendation,Mohammed Ali
COM02276,C0125,2025-07-05,Email,Quotation request,Sara Hassan
COM03417,C0181,2025-07-05,Meeting,Follow-up on booking,Sara Hassan
COM02142,C0118,2025-07-05,Phone Call,General inquiry,Noura Salem
COM01692,C0090,2025-07-05,WhatsApp,General inquiry,Fatima Ahmed
COM05690,C0298,2025-07-05,Video Call,Training needs assessment,Fatima Ahmed
COM06512,C0345,2025-07-05,Video Call,Feedback discussion,Noura Salem
COM04189,C0220,2025-07-05,Email,Feedback discussion,Fatima Ahmed
COM02426,C0132,2025-07-05,Email,Quotation request,Sara Hassan
COM00309,C0014,2025-07-06,Email,General inquiry,Sara Hassan
COM06992,C0369,2025-07-06,WhatsApp,Invoice query,Mohammed Ali
COM08283,C0440,2025-07-06,Phone Call,Follow-up on booking,Mohammed Ali
COM02012,C0109,2025-07-06,Email,Course recommendation,Fatima Ahmed
COM00713,C0033,2025-07-06,WhatsApp,Account review,Sara Hassan
COM04255,C0223,2025-07-06,Video Call,Invoice query,Sara Hassan
COM07584,C0401,2025-07-06,WhatsApp,Course recommendation,Fatima Ahmed
COM00539,C0022,2025-07-06,Video Call,Quotation request,Fatima Ahmed
COM07601,C0402,2025-07-06,Email,Satisfaction survey,Noura Salem
COM05954,C0312,2025-07-06,Video Call,Account review,Noura Salem
COM00036,C0001,2025-07-06,WhatsApp,Follow-up on booking,Noura Salem
COM06012,C0318,2025-07-06,Phone Call,Course recommendation,Noura Salem
COM07678,C0407,2025-07-06,Email,Follow-up on booking,Sara Hassan
COM01703,C0091,2025-07-06,Email,General inquiry,Sara Hassan
COM09041,C0483,2025-07-06,Phone Call,Feedback discussion,Mohammed Ali
COM08817,C0470,2025-07-06,Email,Thank you message,Ahmed Abdullah
COM00846,C0042,2025-07-06,Phone Call,Quotation request,Noura Salem
COM00157,C0007,2025-07-07,Phone Call,New course announcement,Sara Hassan
COM03597,C0190,2025-07-07,WhatsApp,New course announcement,Noura Salem
COM02095,C0113,2025-07-07,Email,Course recommendation,Fatima Ahmed
COM01018,C0057,2025-07-07,Email,General inquiry,Mohammed Ali
COM06384,C0338,2025-07-07,WhatsApp,Follow-up on booking,Noura Salem
COM00180,C0007,2025-07-08,Video Call,Quotation request,Sara Hassan
COM09040,C0483,2025-07-08,WhatsApp,Renewal discussion,Mohammed Ali
COM02485,C0133,2025-07-08,Meeting,Schedule confirmation,Sara Hassan
COM07670,C0407,2025-07-08,Video Call,Account review,Sara Hassan
COM03362,C0177,2025-07-08,Video Call,Course recommendation,Mohammed Ali
COM03423,C0181,2025-07-08,Meeting,Quotation request,Sara Hassan
COM08266,C0440,2025-07-08,Meeting,Training needs assessment,Mohammed Ali
COM04407,C0226,2025-07-08,Email,Invoice query,Sara Hassan
COM06683,C0353,2025-07-08,Phone Call,Feedback discussion,Mohammed Ali
COM01905,C0101,2025-07-08,Video Call,Schedule confirmation,Sara Hassan
COM01343,C0070,2025-07-08,WhatsApp,Quotation request,Sara Hassan
COM05879,C0308,2025-07-08,Email,Account review,Noura Salem
COM00575,C0025,2025-07-09,Video Call,Feedback discussion,Fatima Ahmed
COM00560,C0024,2025-07-09,WhatsApp,Thank you message,Noura Salem
COM09201,C0491,2025-07-09,Meeting,Quotation request,Fatima Ahmed
COM06294,C0333,2025-07-09,WhatsApp,Renewal discussion,Sara Hassan
COM01775,C0094,2025-07-09,Email,Invoice query,Mohammed Ali
COM05842,C0305,2025-07-09,Email,Thank you message,Mohammed Ali
COM01933,C0103,2025-07-09,Video Call,Satisfaction survey,Noura Salem
COM03708,C0194,2025-07-09,Phone Call,Quotation request,Mohammed Ali
COM05869,C0308,2025-07-09,WhatsApp,Thank you message,Noura Salem
COM00803,C0038,2025-07-09,Video Call,Thank you message,Noura Salem
COM04831,C0252,2025-07-09,Video Call,Renewal discussion,Fatima Ahmed
COM06390,C0339,2025-07-09,Phone Call,Feedback discussion,Fatima Ahmed
COM02650,C0143,2025-07-09,Phone Call,General inquiry,Mohammed Ali
COM07258,C0381,2025-07-09,Meeting,Course recommendation,Noura Salem
COM07171,C0378,2025-07-10,Meeting,Schedule confirmation,Sara Hassan
COM03934,C0206,2025-07-10,Email,Feedback discussion,Fatima Ahmed
COM02094,C0113,2025-07-10,Video Call,New course announcement,Fatima Ahmed
COM03983,C0209,2025-07-10,Meeting,Follow-up on booking,Fatima Ahmed
COM03365,C0178,2025-07-10,WhatsApp,Invoice query,Mohammed Ali
COM08875,C0473,2025-07-10,WhatsApp,Satisfaction survey,Ahmed Abdullah
COM00663,C0030,2025-07-10,Email,Renewal discussion,Fatima Ahmed
COM06326,C0335,2025-07-11,Email,Training needs assessment,Noura Salem
COM01975,C0106,2025-07-11,Phone Call,Course recommendation,Ahmed Abdullah
COM04253,C0223,2025-07-11,Video Call,Schedule confirmation,Sara Hassan
COM08034,C0425,2025-07-11,WhatsApp,Quotation request,Mohammed Ali
COM08298,C0441,2025-07-11,Meeting,Feedback discussion,Mohammed Ali
COM09210,C0492,2025-07-11,Email,Account review,Sara Hassan
COM03210,C0172,2025-07-11,Email,Training needs assessment,Mohammed Ali
COM00754,C0037,2025-07-11,Video Call,Schedule confirmation,Fatima Ahmed
COM01820,C0098,2025-07-11,WhatsApp,Training needs assessment,Noura Salem
COM00368,C0017,2025-07-12,Meeting,Quotation request,Fatima Ahmed
COM03606,C0190,2025-07-12,Phone Call,New course announcement,Noura Salem
COM00222,C0010,2025-07-12,WhatsApp,Course recommendation,Mohammed Ali
COM04613,C0237,2025-07-12,Phone Call,Follow-up on booking,Sara Hassan
COM04594,C0237,2025-07-12,Phone Call,Satisfaction survey,Sara Hassan
COM02488,C0133,2025-07-12,Video Call,Schedule confirmation,Sara Hassan
COM05889,C0308,2025-07-12,Email,Training needs assessment,Noura Salem
COM02958,C0159,2025-07-12,Phone Call,General inquiry,Sara Hassan
COM06329,C0335,2025-07-12,Email,Thank you message,Noura Salem
COM00770,C0037,2025-07-12,WhatsApp,Invoice query,Fatima Ahmed
COM01951,C0103,2025-07-12,WhatsApp,Feedback discussion,Noura Salem
COM07120,C0375,2025-07-12,Video Call,Quotation request,Fatima Ahmed
COM08155,C0432,2025-07-13,Meeting,Complaint resolution,Ahmed Abdullah
COM04008,C0211,2025-07-13,Phone Call,New course announcement,Fatima Ahmed
COM08296,C0441,2025-07-13,Email,Quotation request,Mohammed Ali
COM06117,C0323,2025-07-13,WhatsApp,Complaint resolution,Ahmed Abdullah
COM06979,C0369,2025-07-13,Video Call,Training needs assessment,Mohammed Ali
COM06571,C0346,2025-07-13,Meeting,Follow-up on booking,Mohammed Ali
COM05106,C0268,2025-07-13,WhatsApp,Course recommendation,Ahmed Abdullah
COM07251,C0380,2025-07-13,Email,Training needs assessment,Fatima Ahmed
COM05037,C0263,2025-07-14,WhatsApp,Account review,Sara Hassan
COM01553,C0082,2025-07-14,Video Call,Thank you message,Noura Salem
COM07959,C0420,2025-07-14,Phone Call,Course recommendation,Ahmed Abdullah
COM04385,C0225,2025-07-14,Meeting,Thank you message,Sara Hassan
COM00675,C0031,2025-07-14,Email,Satisfaction survey,Noura Salem
COM05419,C0285,2025-07-14,WhatsApp,Course recommendation,Mohammed Ali
COM05313,C0281,2025-07-14,Phone Call,General inquiry,Mohammed Ali
COM00767,C0037,2025-07-14,Video Call,Follow-up on booking,Fatima Ahmed
COM04556,C0235,2025-07-14,Email,New course announcement,Sara Hassan
COM00609,C0027,2025-07-14,Video Call,Satisfaction survey,Mohammed Ali
COM06163,C0326,2025-07-14,Phone Call,New course announcement,Fatima Ahmed
COM04406,C0226,2025-07-15,Email,Feedback discussion,Sara Hassan
COM05270,C0277,2025-07-15,Phone Call,Feedback discussion,Mohammed Ali
COM07333,C0386,2025-07-15,Meeting,Satisfaction survey,Ahmed Abdullah
COM03383,C0178,2025-07-15,WhatsApp,Follow-up on booking,Mohammed Ali
COM07261,C0381,2025-07-15,Video Call,Training needs assessment,Noura Salem
COM09275,C0494,2025-07-15,Video Call,General inquiry,Noura Salem
COM05868,C0308,2025-07-15,Meeting,New course announcement,Noura Salem
COM02056,C0110,2025-07-15,Phone Call,Schedule confirmation,Mohammed Ali
COM02017,C0109,2025-07-15,Phone Call,Follow-up on booking,Fatima Ahmed
COM06097,C0322,2025-07-15,Meeting,General inquiry,Ahmed Abdullah
COM05836,C0305,2025-07-15,Phone Call,Course recommendation,Mohammed Ali
COM05749,C0300,2025-07-15,WhatsApp,Invoice query,Noura Salem
COM08584,C0459,2025-07-15,Video Call,Follow-up on booking,Ahmed Abdullah
COM02646,C0143,2025-07-15,Video Call,Satisfaction survey,Mohammed Ali
COM03678,C0192,2025-07-15,Video Call,Complaint resolution,Sara Hassan
COM06341,C0335,2025-07-15,Video Call,Quotation request,Noura Salem
COM06431,C0340,2025-07-15,Email,Account review,Ahmed Abdullah
COM04952,C0256,2025-07-16,Video Call,Complaint resolution,Fatima Ahmed
COM04390,C0225,2025-07-16,Email,Follow-up on booking,Sara Hassan
COM08763,C0466,2025-07-16,Email,Complaint resolution,Noura Salem
COM03326,C0176,2025-07-16,Meeting,Training needs assessment,Sara Hassan
COM04741,C0247,2025-07-16,Meeting,Feedback discussion,Sara Hassan
COM07481,C0394,2025-07-16,Email,Invoice query,Fatima Ahmed
COM01568,C0084,2025-07-16,Video Call,Follow-up on booking,Sara Hassan
COM07015,C0370,2025-07-16,Video Call,Course recommendation,Fatima Ahmed
COM00976,C0053,2025-07-16,Email,Account review,Ahmed Abdullah
COM06413,C0340,2025-07-16,Meeting,Feedback discussion,Ahmed Abdullah
COM01805,C0097,2025-07-16,Video Call,Satisfaction survey,Fatima Ahmed
COM09310,C0497,2025-07-16,Email,Invoice query,Ahmed Abdullah
COM02043,C0110,2025-07-16,WhatsApp,Invoice query,Mohammed Ali
COM02146,C0118,2025-07-16,Video Call,Schedule confirmation,Noura Salem
COM04677,C0240,2025-07-16,Phone Call,Training needs assessment,Ahmed Abdullah
COM04584,C0236,2025-07-16,WhatsApp,Follow-up on booking,Noura Salem
COM06718,C0355,2025-07-16,Email,Schedule confirmation,Ahmed Abdullah
COM06116,C0323,2025-07-16,WhatsApp,Feedback discussion,Ahmed Abdullah
COM07279,C0381,2025-07-17,Email,General inquiry,Noura Salem
COM08108,C0430,2025-07-17,WhatsApp,Invoice query,Mohammed Ali
COM02740,C0149,2025-07-17,WhatsApp,Follow-up on booking,Sara Hassan
COM04230,C0222,2025-07-17,Phone Call,Account review,Mohammed Ali
COM03690,C0193,2025-07-17,Meeting,Quotation request,Fatima Ahmed
COM01628,C0086,2025-07-17,WhatsApp,Account review,Ahmed Abdullah
COM03895,C0203,2025-07-17,Phone Call,Follow-up on booking,Fatima Ahmed
COM00254,C0011,2025-07-17,WhatsApp,Quotation request,Noura Salem
COM03382,C0178,2025-07-17,Meeting,Account review,Mohammed Ali
COM06498,C0345,2025-07-17,Video Call,General inquiry,Noura Salem
COM01088,C0058,2025-07-17,Video Call,Course recommendation,Mohammed Ali
COM05578,C0292,2025-07-17,Video Call,Training needs assessment,Ahmed Abdullah
COM02468,C0133,2025-07-18,Email,Thank you message,Sara Hassan
COM00594,C0027,2025-07-18,Meeting,Training needs assessment,Mohammed Ali
COM01981,C0106,2025-07-18,Meeting,Complaint resolution,Ahmed Abdullah
COM05565,C0291,2025-07-18,Video Call,Schedule confirmation,Sara Hassan
COM02154,C0118,2025-07-18,Meeting,Thank you message,Noura Salem
COM09154,C0488,2025-07-18,Meeting,New course announcement,Sara Hassan
COM01980,C0106,2025-07-18,Meeting,Invoice query,Ahmed Abdullah
COM06807,C0361,2025-07-18,Meeting,Satisfaction survey,Fatima Ahmed
COM01494,C0079,2025-07-19,Meeting,New course announcement,Ahmed Abdullah
COM06591,C0348,2025-07-19,Email,New course announcement,Ahmed Abdullah
COM02554,C0137,2025-07-19,Phone Call,Course recommendation,Fatima Ahmed
COM00794,C0038,2025-07-19,WhatsApp,Feedback discussion,Noura Salem
COM05923,C0311,2025-07-19,Video Call,Schedule confirmation,Ahmed Abdullah
COM05903,C0310,2025-07-19,WhatsApp,Training needs assessment,Fatima Ahmed
COM03241,C0173,2025-07-19,WhatsApp,Satisfaction survey,Noura Salem
COM05004,C0260,2025-07-19,WhatsApp,Thank you message,Noura Salem
COM03586,C0190,2025-07-19,Meeting,Invoice query,Noura Salem
COM01572,C0084,2025-07-19,Email,Course recommendation,Sara Hassan
COM09132,C0487,2025-07-20,Video Call,Feedback discussion,Sara Hassan
COM01739,C0092,2025-07-20,WhatsApp,Renewal discussion,Noura Salem
COM07711,C0408,2025-07-20,Video Call,New course announcement,Mohammed Ali
COM05155,C0270,2025-07-20,Meeting,Training needs assessment,Sara Hassan
COM05175,C0271,2025-07-20,Email,Feedback discussion,Mohammed Ali
COM01541,C0081,2025-07-20,Video Call,Complaint resolution,Noura Salem
COM08029,C0425,2025-07-21,Phone Call,Quotation request,Mohammed Ali
COM08209,C0435,2025-07-21,Video Call,Account review,Ahmed Abdullah
COM09059,C0484,2025-07-21,WhatsApp,Invoice query,Mohammed Ali
COM05194,C0272,2025-07-21,Meeting,Account review,Ahmed Abdullah
COM00015,C0001,2025-07-21,Phone Call,Follow-up on booking,Noura Salem
COM08745,C0466,2025-07-21,Video Call,Course recommendation,Noura Salem
COM03369,C0178,2025-07-21,Phone Call,Satisfaction survey,Mohammed Ali
COM00704,C0032,2025-07-21,WhatsApp,Invoice query,Mohammed Ali
COM02821,C0153,2025-07-21,Meeting,Schedule confirmation,Noura Salem
COM05376,C0283,2025-07-21,Email,Quotation request,Fatima Ahmed
COM08210,C0435,2025-07-21,Video Call,Account review,Ahmed Abdullah
COM02670,C0145,2025-07-22,WhatsApp,Schedule confirmation,Ahmed Abdullah
COM07355,C0387,2025-07-22,Phone Call,Feedback discussion,Mohammed Ali
COM08173,C0433,2025-07-22,Meeting,Schedule confirmation,Ahmed Abdullah
COM06075,C0321,2025-07-22,Video Call,Satisfaction survey,Ahmed Abdullah
COM04583,C0236,2025-07-22,Video Call,Invoice query,Noura Salem
COM03089,C0166,2025-07-22,Email,General inquiry,Ahmed Abdullah
COM00447,C0021,2025-07-22,Email,General inquiry,Mohammed Ali
COM06538,C0345,2025-07-22,Video Call,Course recommendation,Noura Salem
COM09280,C0495,2025-07-22,Phone Call,New course announcement,Ahmed Abdullah
COM01936,C0103,2025-07-22,Phone Call,Invoice query,Noura Salem
COM02151,C0118,2025-07-23,Meeting,Account review,Noura Salem
COM05897,C0309,2025-07-23,WhatsApp,Renewal discussion,Sara Hassan
COM07556,C0400,2025-07-23,Phone Call,Invoice query,Mohammed Ali
COM07747,C0410,2025-07-23,Phone Call,Complaint resolution,Mohammed Ali
COM08207,C0435,2025-07-23,Phone Call,New course announcement,Ahmed Abdullah
COM01133,C0059,2025-07-23,Video Call,Invoice query,Fatima Ahmed
COM04358,C0224,2025-07-23,Video Call,Feedback discussion,Ahmed Abdullah
COM06565,C0346,2025-07-23,Email,Schedule confirmation,Mohammed Ali
COM06320,C0335,2025-07-24,Phone Call,Course recommendation,Noura Salem
COM00365,C0017,2025-07-24,Phone Call,Thank you message,Fatima Ahmed
COM02831,C0153,2025-07-24,Email,Satisfaction survey,Noura Salem
COM03833,C0201,2025-07-24,Video Call,Quotation request,Ahmed Abdullah
COM00596,C0027,2025-07-24,WhatsApp,Course recommendation,Mohammed Ali
COM08754,C0466,2025-07-24,Video Call,Schedule confirmation,Noura Salem
COM04330,C0224,2025-07-24,Email,New course announcement,Ahmed Abdullah
COM09397,C0500,2025-07-24,Email,Course recommendation,Fatima Ahmed
COM08351,C0444,2025-07-24,Video Call,Training needs assessment,Noura Salem
COM07787,C0410,2025-07-24,Video Call,Satisfaction survey,Mohammed Ali
COM09360,C0498,2025-07-25,Meeting,Thank you message,Noura Salem
COM08007,C0423,2025-07-25,Phone Call,General inquiry,Noura Salem
COM01131,C0059,2025-07-25,Meeting,Schedule confirmation,Fatima Ahmed
COM00259,C0011,2025-07-25,Meeting,Invoice query,Noura Salem
COM04072,C0215,2025-07-25,Email,Complaint resolution,Mohammed Ali
COM06389,C0339,2025-07-25,Phone Call,New course announcement,Fatima Ahmed
COM06905,C0364,2025-07-25,WhatsApp,Quotation request,Fatima Ahmed
COM05777,C0302,2025-07-25,Meeting,Invoice query,Mohammed Ali
COM08991,C0482,2025-07-25,Video Call,Satisfaction survey,Noura Salem
COM03886,C0203,2025-07-25,Video Call,New course announcement,Fatima Ahmed
COM07493,C0395,2025-07-25,Phone Call,Course recommendation,Mohammed Ali
COM08302,C0441,2025-07-25,Phone Call,Training needs assessment,Mohammed Ali
COM03379,C0178,2025-07-25,Email,Thank you message,Mohammed Ali
COM08640,C0462,2025-07-25,Video Call,Complaint resolution,Fatima Ahmed
COM01072,C0058,2025-07-26,Email,Course recommendation,Mohammed Ali
COM05796,C0302,2025-07-26,Meeting,Schedule confirmation,Mohammed Ali
COM05306,C0280,2025-07-26,Video Call,Quotation request,Mohammed Ali
COM08344,C0443,2025-07-26,Email,Course recommendation,Sara Hassan
COM02374,C0130,2025-07-26,Video Call,Complaint resolution,Mohammed Ali
COM07382,C0388,2025-07-26,WhatsApp,New course announcement,Sara Hassan
COM03533,C0187,2025-07-26,WhatsApp,Satisfaction survey,Noura Salem
COM07781,C0410,2025-07-26,Email,Renewal discussion,Mohammed Ali
COM08128,C0430,2025-07-26,Email,Invoice query,Mohammed Ali
COM03380,C0178,2025-07-26,Phone Call,New course announcement,Mohammed Ali
COM05906,C0310,2025-07-26,Video Call,General inquiry,Fatima Ahmed
COM00424,C0020,2025-07-26,Phone Call,Satisfaction survey,Fatima Ahmed
COM00961,C0051,2025-07-27,Meeting,Renewal discussion,Ahmed Abdullah
COM05991,C0316,2025-07-27,Phone Call,Training needs assessment,Fatima Ahmed
COM03841,C0202,2025-07-27,Video Call,Invoice query,Sara Hassan
COM07663,C0407,2025-07-27,Video Call,Follow-up on booking,Sara Hassan
COM05182,C0271,2025-07-27,WhatsApp,Schedule confirmation,Mohammed Ali
COM06576,C0346,2025-07-27,Phone Call,Invoice query,Mohammed Ali
COM07597,C0401,2025-07-27,Email,Complaint resolution,Fatima Ahmed
COM06750,C0357,2025-07-27,Email,Feedback discussion,Sara Hassan
COM08027,C0424,2025-07-28,WhatsApp,General inquiry,Ahmed Abdullah
COM04745,C0247,2025-07-28,Email,New course announcement,Sara Hassan
COM01100,C0058,2025-07-28,Meeting,Quotation request,Mohammed Ali
COM07061,C0373,2025-07-28,Phone Call,Satisfaction survey,Fatima Ahmed
COM05831,C0304,2025-07-28,Video Call,Quotation request,Mohammed Ali
COM06620,C0349,2025-07-28,WhatsApp,New course announcement,Fatima Ahmed
COM07224,C0380,2025-07-28,Video Call,Account review,Fatima Ahmed
COM06446,C0342,2025-07-28,Phone Call,Training needs assessment,Noura Salem
COM01378,C0073,2025-07-28,Phone Call,Follow-up on booking,Mohammed Ali
COM02586,C0138,2025-07-28,WhatsApp,Account review,Ahmed Abdullah
COM07515,C0397,2025-07-28,Phone Call,Invoice query,Noura Salem
COM00172,C0007,2025-07-28,WhatsApp,Thank you message,Sara Hassan
COM06024,C0319,2025-07-29,WhatsApp,Training needs assessment,Noura Salem
COM00361,C0017,2025-07-29,Email,Satisfaction survey,Fatima Ahmed
COM01120,C0059,2025-07-29,Video Call,Invoice query,Fatima Ahmed
COM04926,C0255,2025-07-29,WhatsApp,Feedback discussion,Ahmed Abdullah
COM05069,C0266,2025-07-29,Phone Call,New course announcement,Noura Salem
COM01247,C0065,2025-07-29,Email,Invoice query,Ahmed Abdullah
COM00484,C0021,2025-07-29,Phone Call,Complaint resolution,Mohammed Ali
COM04127,C0217,2025-07-29,WhatsApp,New course announcement,Noura Salem
COM09171,C0488,2025-07-29,Meeting,Complaint resolution,Sara Hassan
COM01526,C0080,2025-07-29,Video Call,Training needs assessment,Ahmed Abdullah
COM08127,C0430,2025-07-29,Meeting,Account review,Mohammed Ali
COM07641,C0405,2025-07-29,Email,Complaint resolution,Noura Salem
COM00859,C0043,2025-07-29,Phone Call,New course announcement,Ahmed Abdullah
COM01492,C0079,2025-07-30,Video Call,Course recommendation,Ahmed Abdullah
COM03371,C0178,2025-07-30,Email,General inquiry,Mohammed Ali
COM08962,C0479,2025-07-30,WhatsApp,Training needs assessment,Mohammed Ali
COM01885,C0101,2025-07-30,Email,Renewal discussion,Sara Hassan
COM07216,C0380,2025-07-30,Meeting,New course announcement,Fatima Ahmed
COM00236,C0010,2025-07-30,Meeting,Invoice query,Mohammed Ali
COM04536,C0235,2025-07-30,Meeting,Satisfaction survey,Sara Hassan
COM08247,C0438,2025-07-30,Meeting,Training needs assessment,Ahmed Abdullah
COM02527,C0135,2025-07-30,Email,Thank you message,Noura Salem
COM00829,C0041,2025-07-30,Meeting,Course recommendation,Sara Hassan
COM06307,C0334,2025-07-30,Phone Call,Invoice query,Mohammed Ali
COM03514,C0186,2025-07-31,WhatsApp,Account review,Noura Salem
COM01678,C0090,2025-07-31,Phone Call,New course announcement,Fatima Ahmed
COM05744,C0300,2025-07-31,Email,Schedule confirmation,Noura Salem
COM05746,C0300,2025-07-31,Email,Complaint resolution,Noura Salem
COM08792,C0469,2025-07-31,Phone Call,Invoice query,Noura Salem
COM05185,C0272,2025-07-31,Meeting,Renewal discussion,Ahmed Abdullah
COM06228,C0328,2025-07-31,Meeting,Satisfaction survey,Mohammed Ali
COM05164,C0270,2025-07-31,WhatsApp,General inquiry,Sara Hassan
COM03278,C0174,2025-07-31,Phone Call,New course announcement,Ahmed Abdullah
COM01090,C0058,2025-07-31,Video Call,Renewal discussion,Mohammed Ali
COM01436,C0077,2025-07-31,Video Call,Renewal discussion,Ahmed Abdullah
COM04644,C0239,2025-08-01,Video Call,New course announcement,Fatima Ahmed
COM06817,C0361,2025-08-01,Phone Call,Training needs assessment,Fatima Ahmed
COM08342,C0443,2025-08-01,Video Call,Schedule confirmation,Sara Hassan
COM06379,C0337,2025-08-01,Video Call,Training needs assessment,Fatima Ahmed
COM00987,C0054,2025-08-01,Meeting,Satisfaction survey,Noura Salem
COM08366,C0445,2025-08-01,Phone Call,Training needs assessment,Sara Hassan
COM05863,C0307,2025-08-01,Email,Course recommendation,Fatima Ahmed
COM07003,C0370,2025-08-01,WhatsApp,General inquiry,Fatima Ahmed
COM00370,C0017,2025-08-01,Phone Call,Invoice query,Fatima Ahmed
COM05152,C0270,2025-08-01,Phone Call,Follow-up on booking,Sara Hassan
COM06995,C0369,2025-08-01,Video Call,New course announcement,Mohammed Ali
COM07669,C0407,2025-08-01,Video Call,Feedback discussion,Sara Hassan
COM02072,C0111,2025-08-01,Meeting,Feedback discussion,Mohammed Ali
COM02769,C0151,2025-08-02,Video Call,General inquiry,Ahmed Abdullah
COM05329,C0282,2025-08-02,Email,Quotation request,Sara Hassan
COM05748,C0300,2025-08-02,Meeting,Follow-up on booking,Noura Salem
COM02283,C0126,2025-08-02,Video Call,Complaint resolution,Noura Salem
COM00953,C0049,2025-08-02,Video Call,Course recommendation,Sara Hassan
COM04044,C0214,2025-08-02,Phone Call,Quotation request,Noura Salem
COM01048,C0057,2025-08-02,Video Call,Thank you message,Mohammed Ali
COM00257,C0011,2025-08-02,Video Call,New course announcement,Noura Salem
COM00873,C0043,2025-08-02,WhatsApp,Invoice query,Ahmed Abdullah
COM08544,C0458,2025-08-02,Email,Course recommendation,Mohammed Ali
COM06640,C0351,2025-08-02,Video Call,Thank you message,Sara Hassan
COM06181,C0327,2025-08-02,WhatsApp,Feedback discussion,Noura Salem
COM01200,C0062,2025-08-02,Phone Call,Training needs assessment,Sara Hassan
COM01443,C0078,2025-08-02,WhatsApp,Course recommendation,Fatima Ahmed
COM08549,C0458,2025-08-02,Video Call,Renewal discussion,Mohammed Ali
COM05508,C0288,2025-08-03,Email,Thank you message,Noura Salem
COM06107,C0322,2025-08-03,Video Call,Feedback discussion,Ahmed Abdullah
COM03014,C0163,2025-08-03,Video Call,Invoice query,Ahmed Abdullah
COM05472,C0286,2025-08-03,WhatsApp,Quotation request,Fatima Ahmed
COM03062,C0165,2025-08-03,Video Call,Feedback discussion,Sara Hassan
COM03802,C0201,2025-08-03,WhatsApp,General inquiry,Ahmed Abdullah
COM02476,C0133,2025-08-03,Phone Call,Training needs assessment,Sara Hassan
COM04408,C0226,2025-08-03,Video Call,Thank you message,Sara Hassan
COM06960,C0367,2025-08-03,WhatsApp,Satisfaction survey,Ahmed Abdullah
COM03239,C0173,2025-08-04,WhatsApp,Renewal discussion,Noura Salem
COM05111,C0268,2025-08-04,WhatsApp,Schedule confirmation,Ahmed Abdullah
COM05573,C0291,2025-08-04,Meeting,Satisfaction survey,Sara Hassan
COM06876,C0362,2025-08-04,WhatsApp,Account review,Ahmed Abdullah
COM08120,C0430,2025-08-04,Phone Call,General inquiry,Mohammed Ali
COM06744,C0357,2025-08-04,Email,Thank you message,Sara Hassan
COM06836,C0361,2025-08-04,WhatsApp,Renewal discussion,Fatima Ahmed
COM03386,C0179,2025-08-04,Email,Follow-up on booking,Mohammed Ali
COM05593,C0293,2025-08-04,Email,Satisfaction survey,Fatima Ahmed
COM08696,C0464,2025-08-04,Phone Call,General inquiry,Sara Hassan
COM00949,C0049,2025-08-04,Meeting,New course announcement,Sara Hassan
COM02462,C0133,2025-08-04,Phone Call,Account review,Sara Hassan
COM03566,C0189,2025-08-04,Meeting,Renewal discussion,Mohammed Ali
COM01168,C0061,2025-08-04,Video Call,Course recommendation,Mohammed Ali
COM08440,C0450,2025-08-05,Video Call,Thank you message,Sara Hassan
COM07520,C0397,2025-08-05,Video Call,General inquiry,Noura Salem
COM04656,C0239,2025-08-05,Meeting,Course recommendation,Fatima Ahmed
COM03990,C0210,2025-08-05,WhatsApp,Account review,Ahmed Abdullah
COM01480,C0078,2025-08-05,Video Call,Thank you message,Fatima Ahmed
COM01940,C0103,2025-08-05,Meeting,New course announcement,Noura Salem
COM03285,C0174,2025-08-05,Meeting,Thank you message,Ahmed Abdullah
COM05926,C0311,2025-08-05,Meeting,Follow-up on booking,Ahmed Abdullah
COM08001,C0423,2025-08-05,Meeting,Course recommendation,Noura Salem
COM06912,C0364,2025-08-05,Meeting,Complaint resolution,Fatima Ahmed
COM02806,C0153,2025-08-06,Email,Complaint resolution,Noura Salem
COM08084,C0429,2025-08-06,Phone Call,Quotation request,Noura Salem
COM02389,C0131,2025-08-06,Meeting,Training needs assessment,Fatima Ahmed
COM03431,C0182,2025-08-06,Email,Training needs assessment,Mohammed Ali
COM05087,C0267,2025-08-06,WhatsApp,Renewal discussion,Noura Salem
COM04043,C0214,2025-08-06,Video Call,Follow-up on booking,Noura Salem
COM04601,C0237,2025-08-06,WhatsApp,General inquiry,Sara Hassan
COM05601,C0294,2025-08-06,WhatsApp,Satisfaction survey,Mohammed Ali
COM01901,C0101,2025-08-06,Meeting,Course recommendation,Sara Hassan
COM03661,C0191,2025-08-06,Phone Call,Complaint resolution,Mohammed Ali
COM01410,C0074,2025-08-06,Email,Schedule confirmation,Ahmed Abdullah
COM02922,C0159,2025-08-06,WhatsApp,Quotation request,Sara Hassan
COM05324,C0282,2025-08-06,Video Call,General inquiry,Sara Hassan
COM06634,C0351,2025-08-06,Phone Call,Training needs assessment,Sara Hassan
COM03765,C0197,2025-08-06,Phone Call,Follow-up on booking,Mohammed Ali
COM05477,C0287,2025-08-07,Video Call,Quotation request,Fatima Ahmed
COM03439,C0182,2025-08-07,Email,Renewal discussion,Mohammed Ali
COM08683,C0464,2025-08-07,WhatsApp,Training needs assessment,Sara Hassan
COM02641,C0143,2025-08-07,Video Call,Renewal discussion,Mohammed Ali
COM03856,C0203,2025-08-07,Email,Satisfaction survey,Fatima Ahmed
COM06454,C0343,2025-08-07,Meeting,Invoice query,Mohammed Ali
COM00913,C0047,2025-08-07,Meeting,Account review,Ahmed Abdullah
COM03743,C0196,2025-08-07,Phone Call,Feedback discussion,Mohammed Ali
COM05973,C0314,2025-08-07,Video Call,Invoice query,Mohammed Ali
COM01701,C0091,2025-08-08,Video Call,Thank you message,Sara Hassan
COM01684,C0090,2025-08-08,Email,General inquiry,Fatima Ahmed
COM05383,C0283,2025-08-08,WhatsApp,Schedule confirmation,Fatima Ahmed
COM00467,C0021,2025-08-08,Email,New course announcement,Mohammed Ali
COM05894,C0308,2025-08-08,Phone Call,Course recommendation,Noura Salem
COM03108,C0167,2025-08-08,Email,Training needs assessment,Sara Hassan
COM09296,C0496,2025-08-08,Email,Complaint resolution,Sara Hassan
COM08313,C0442,2025-08-08,Phone Call,Thank you message,Noura Salem
COM00008,C0001,2025-08-08,Email,Satisfaction survey,Noura Salem
COM04696,C0244,2025-08-08,Video Call,Renewal discussion,Fatima Ahmed
COM04729,C0245,2025-08-08,Email,Course recommendation,Fatima Ahmed
COM03873,C0203,2025-08-08,WhatsApp,Follow-up on booking,Fatima Ahmed
COM07749,C0410,2025-08-08,Email,Quotation request,Mohammed Ali
COM09174,C0488,2025-08-08,WhatsApp,Renewal discussion,Sara Hassan
COM00878,C0044,2025-08-09,Email,Quotation request,Fatima Ahmed
COM03198,C0171,2025-08-09,Phone Call,Thank you message,Sara Hassan
COM01376,C0073,2025-08-09,Phone Call,Account review,Mohammed Ali
COM04884,C0253,2025-08-09,Meeting,Invoice query,Ahmed Abdullah
COM06906,C0364,2025-08-09,Phone Call,Satisfaction survey,Fatima Ahmed
COM05483,C0287,2025-08-09,WhatsApp,Feedback discussion,Fatima Ahmed
COM05872,C0308,2025-08-09,Email,Account review,Noura Salem
COM00994,C0055,2025-08-09,WhatsApp,Course recommendation,Mohammed Ali
COM00534,C0022,2025-08-10,Email,Quotation request,Fatima Ahmed
COM03909,C0205,2025-08-10,Video Call,General inquiry,Mohammed Ali
COM04528,C0234,2025-08-10,Email,Course recommendation,Mohammed Ali
COM00660,C0030,2025-08-10,Phone Call,Feedback discussion,Fatima Ahmed
COM02220,C0122,2025-08-10,Meeting,Feedback discussion,Noura Salem
COM06464,C0344,2025-08-10,Video Call,Follow-up on booking,Noura Salem
COM06975,C0369,2025-08-10,WhatsApp,General inquiry,Mohammed Ali
COM01462,C0078,2025-08-10,Meeting,New course announcement,Fatima Ahmed
COM06907,C0364,2025-08-10,WhatsApp,New course announcement,Fatima Ahmed
COM07432,C0391,2025-08-10,WhatsApp,Renewal discussion,Noura Salem
COM09240,C0493,2025-08-10,WhatsApp,Course recommendation,Sara Hassan
COM01422,C0076,2025-08-10,Email,Renewal discussion,Sara Hassan
COM02617,C0141,2025-08-10,Video Call,General inquiry,Ahmed Abdullah
COM06254,C0330,2025-08-10,Email,Account review,Noura Salem
COM03348,C0176,2025-08-10,Phone Call,Schedule confirmation,Sara Hassan
COM00815,C0040,2025-08-11,Email,Complaint resolution,Sara Hassan
COM07390,C0388,2025-08-11,Video Call,Training needs assessment,Sara Hassan
COM01297,C0066,2025-08-11,Meeting,Feedback discussion,Ahmed Abdullah
COM05460,C0286,2025-08-11,Meeting,Account review,Fatima Ahmed
COM06418,C0340,2025-08-11,Phone Call,Feedback discussion,Ahmed Abdullah
COM08647,C0462,2025-08-11,Video Call,Satisfaction survey,Fatima Ahmed
COM01278,C0065,2025-08-11,Video Call,Follow-up on booking,Ahmed Abdullah
COM01338,C0069,2025-08-12,Video Call,Renewal discussion,Fatima Ahmed
COM06915,C0364,2025-08-12,Meeting,Feedback discussion,Fatima Ahmed
COM07141,C0376,2025-08-12,Email,Schedule confirmation,Sara Hassan
COM03997,C0210,2025-08-12,Meeting,Follow-up on booking,Ahmed Abdullah
COM08571,C0459,2025-08-12,Email,New course announcement,Ahmed Abdullah
COM02483,C0133,2025-08-12,Email,Account review,Sara Hassan
COM04554,C0235,2025-08-12,Meeting,General inquiry,Sara Hassan
COM07887,C0416,2025-08-12,Meeting,General inquiry,Sara Hassan
COM02742,C0149,2025-08-12,Phone Call,New course announcement,Sara Hassan
COM09090,C0487,2025-08-12,Phone Call,General inquiry,Sara Hassan
COM05374,C0283,2025-08-13,Phone Call,Quotation request,Fatima Ahmed
COM06904,C0364,2025-08-13,Meeting,General inquiry,Fatima Ahmed
COM01638,C0087,2025-08-13,Video Call,Renewal discussion,Fatima Ahmed
COM05859,C0307,2025-08-13,Phone Call,Follow-up on booking,Fatima Ahmed
COM00824,C0041,2025-08-13,WhatsApp,Quotation request,Sara Hassan
COM02489,C0133,2025-08-13,Email,Invoice query,Sara Hassan
COM03972,C0208,2025-08-13,Email,New course announcement,Noura Salem
COM09301,C0496,2025-08-13,Phone Call,Follow-up on booking,Sara Hassan
COM02490,C0133,2025-08-13,Email,Training needs assessment,Sara Hassan
COM09185,C0489,2025-08-13,Phone Call,General inquiry,Sara Hassan
COM05785,C0302,2025-08-14,Phone Call,Feedback discussion,Mohammed Ali
COM06639,C0351,2025-08-14,WhatsApp,Renewal discussion,Sara Hassan
COM08977,C0481,2025-08-14,Video Call,Renewal discussion,Sara Hassan
COM09384,C0499,2025-08-14,WhatsApp,Training needs assessment,Fatima Ahmed
COM03711,C0195,2025-08-14,WhatsApp,Feedback discussion,Sara Hassan
COM04195,C0220,2025-08-14,Meeting,Quotation request,Fatima Ahmed
COM02295,C0128,2025-08-14,WhatsApp,Invoice query,Ahmed Abdullah
COM01608,C0084,2025-08-14,WhatsApp,Schedule confirmation,Sara Hassan
COM00542,C0023,2025-08-14,Phone Call,Complaint resolution,Sara Hassan
COM02683,C0145,2025-08-14,Phone Call,Invoice query,Ahmed Abdullah
COM01593,C0084,2025-08-15,Phone Call,Feedback discussion,Sara Hassan
COM07677,C0407,2025-08-15,Video Call,Complaint resolution,Sara Hassan
COM02692,C0146,2025-08-15,WhatsApp,Course recommendation,Fatima Ahmed
COM00058,C0003,2025-08-15,WhatsApp,Quotation request,Fatima Ahmed
COM00958,C0050,2025-08-15,Email,Feedback discussion,Ahmed Abdullah
COM02464,C0133,2025-08-15,Phone Call,Training needs assessment,Sara Hassan
COM05499,C0288,2025-08-15,Video Call,Course recommendation,Noura Salem
COM03984,C0209,2025-08-16,WhatsApp,Feedback discussion,Fatima Ahmed
COM03317,C0176,2025-08-16,Email,New course announcement,Sara Hassan
COM07254,C0380,2025-08-16,Email,Invoice query,Fatima Ahmed
COM03839,C0202,2025-08-16,Email,Training needs assessment,Sara Hassan
COM08974,C0481,2025-08-16,Email,Course recommendation,Sara Hassan
COM00231,C0010,2025-08-16,Phone Call,New course announcement,Mohammed Ali
COM05856,C0307,2025-08-16,Phone Call,Schedule confirmation,Fatima Ahmed
COM02773,C0152,2025-08-16,Video Call,Invoice query,Mohammed Ali
COM03393,C0179,2025-08-16,WhatsApp,Thank you message,Mohammed Ali
COM04490,C0231,2025-08-17,Meeting,Course recommendation,Sara Hassan
COM09092,C0487,2025-08-17,Phone Call,Renewal discussion,Sara Hassan
COM09148,C0488,2025-08-17,WhatsApp,Renewal discussion,Sara Hassan
COM06716,C0355,2025-08-17,Video Call,Course recommendation,Ahmed Abdullah
COM07329,C0386,2025-08-17,Email,Invoice query,Ahmed Abdullah
COM08028,C0424,2025-08-17,Video Call,Schedule confirmation,Ahmed Abdullah
COM03099,C0167,2025-08-17,Video Call,Schedule confirmation,Sara Hassan
COM05602,C0294,2025-08-17,WhatsApp,Quotation request,Mohammed Ali
COM01428,C0076,2025-08-17,Video Call,New course announcement,Sara Hassan
COM05708,C0298,2025-08-17,Video Call,New course announcement,Fatima Ahmed
COM04987,C0259,2025-08-17,Video Call,General inquiry,Sara Hassan
COM03582,C0190,2025-08-18,Video Call,Invoice query,Noura Salem
COM08252,C0439,2025-08-18,Email,New course announcement,Mohammed Ali
COM05574,C0291,2025-08-18,WhatsApp,Thank you message,Sara Hassan
COM04275,C0223,2025-08-18,Video Call,Training needs assessment,Sara Hassan
COM02809,C0153,2025-08-18,Phone Call,Invoice query,Noura Salem
COM01939,C0103,2025-08-19,Phone Call,Training needs assessment,Noura Salem
COM09287,C0495,2025-08-19,Video Call,Training needs assessment,Ahmed Abdullah
COM03949,C0207,2025-08-19,WhatsApp,Satisfaction survey,Noura Salem
COM07058,C0373,2025-08-19,WhatsApp,Account review,Fatima Ahmed
COM07793,C0411,2025-08-19,Email,Course recommendation,Noura Salem
COM08775,C0468,2025-08-19,Email,Course recommendation,Sara Hassan
COM01792,C0096,2025-08-19,Video Call,Complaint resolution,Fatima Ahmed
COM08543,C0458,2025-08-19,WhatsApp,Quotation request,Mohammed Ali
COM00800,C0038,2025-08-19,Meeting,Feedback discussion,Noura Salem
COM02286,C0126,2025-08-19,Phone Call,General inquiry,Noura Salem
COM06314,C0334,2025-08-19,WhatsApp,Invoice query,Mohammed Ali
COM00882,C0045,2025-08-19,Email,Account review,Ahmed Abdullah
COM03130,C0168,2025-08-19,WhatsApp,Training needs assessment,Fatima Ahmed
COM00880,C0044,2025-08-19,WhatsApp,Schedule confirmation,Fatima Ahmed
COM04088,C0216,2025-08-19,Meeting,Course recommendation,Noura Salem
COM06063,C0321,2025-08-20,Meeting,Invoice query,Ahmed Abdullah
COM00702,C0032,2025-08-20,WhatsApp,Complaint resolution,Mohammed Ali
COM06127,C0324,2025-08-20,Phone Call,Follow-up on booking,Noura Salem
COM05159,C0270,2025-08-20,Meeting,Renewal discussion,Sara Hassan
COM05518,C0289,2025-08-20,Video Call,Invoice query,Ahmed Abdullah
COM07019,C0370,2025-08-20,Phone Call,Quotation request,Fatima Ahmed
COM08648,C0462,2025-08-20,Video Call,Renewal discussion,Fatima Ahmed
COM01698,C0091,2025-08-20,WhatsApp,Account review,Sara Hassan
COM07119,C0375,2025-08-20,WhatsApp,Feedback discussion,Fatima Ahmed
COM03458,C0182,2025-08-20,Email,Training needs assessment,Mohammed Ali
COM03718,C0195,2025-08-21,Email,Invoice query,Sara Hassan
COM02952,C0159,2025-08-21,Meeting,Complaint resolution,Sara Hassan
COM08939,C0477,2025-08-21,WhatsApp,Thank you message,Ahmed Abdullah
COM01434,C0076,2025-08-21,Email,Renewal discussion,Sara Hassan
COM01807,C0097,2025-08-21,WhatsApp,Schedule confirmation,Fatima Ahmed
COM00830,C0041,2025-08-21,Meeting,Training needs assessment,Sara Hassan
COM08452,C0450,2025-08-21,WhatsApp,Feedback discussion,Sara Hassan
COM02719,C0147,2025-08-21,Meeting,Schedule confirmation,Noura Salem
COM03969,C0208,2025-08-21,Meeting,Feedback discussion,Noura Salem
COM03209,C0172,2025-08-22,Video Call,Quotation request,Mohammed Ali
COM08299,C0441,2025-08-22,Email,Satisfaction survey,Mohammed Ali
COM04125,C0217,2025-08-22,WhatsApp,Account review,Noura Salem
COM00751,C0036,2025-08-22,Phone Call,Invoice query,Ahmed Abdullah
COM02196,C0121,2025-08-22,Phone Call,General inquiry,Noura Salem
COM06191,C0327,2025-08-22,WhatsApp,Satisfaction survey,Noura Salem
COM06105,C0322,2025-08-22,Email,Training needs assessment,Ahmed Abdullah
COM05240,C0276,2025-08-22,Phone Call,Thank you message,Fatima Ahmed
COM03218,C0172,2025-08-22,Email,Invoice query,Mohammed Ali
COM07687,C0408,2025-08-22,Meeting,Renewal discussion,Mohammed Ali
COM09158,C0488,2025-08-22,Meeting,Training needs assessment,Sara Hassan
COM07198,C0379,2025-08-23,Phone Call,Renewal discussion,Fatima Ahmed
COM07871,C0415,2025-08-23,Video Call,Follow-up on booking,Sara Hassan
COM05537,C0290,2025-08-23,Email,Thank you message,Mohammed Ali
COM04595,C0237,2025-08-23,Phone Call,Quotation request,Sara Hassan
COM09230,C0493,2025-08-23,Meeting,Training needs assessment,Sara Hassan
COM08975,C0481,2025-08-23,WhatsApp,Schedule confirmation,Sara Hassan
COM04561,C0235,2025-08-23,Meeting,Schedule confirmation,Sara Hassan
COM01060,C0057,2025-08-23,WhatsApp,Follow-up on booking,Mohammed Ali
COM03852,C0202,2025-08-23,Meeting,Satisfaction survey,Sara Hassan
COM08394,C0447,2025-08-23,Meeting,Follow-up on booking,Noura Salem
COM07376,C0388,2025-08-23,WhatsApp,General inquiry,Sara Hassan
COM06768,C0358,2025-08-24,Email,Satisfaction survey,Mohammed Ali
COM04768,C0248,2025-08-24,WhatsApp,Renewal discussion,Ahmed Abdullah
COM08002,C0423,2025-08-24,Phone Call,Quotation request,Noura Salem
COM00755,C0037,2025-08-24,Meeting,Thank you message,Fatima Ahmed
COM05594,C0293,2025-08-24,WhatsApp,Follow-up on booking,Fatima Ahmed
COM09025,C0483,2025-08-24,Meeting,Course recommendation,Mohammed Ali
COM06881,C0362,2025-08-24,Meeting,Account review,Ahmed Abdullah
COM05096,C0267,2025-08-24,WhatsApp,New course announcement,Noura Salem
COM05893,C0308,2025-08-24,Phone Call,Schedule confirmation,Noura Salem
COM05079,C0266,2025-08-24,WhatsApp,Training needs assessment,Noura Salem
COM04188,C0220,2025-08-24,Email,Thank you message,Fatima Ahmed
COM04000,C0210,2025-08-24,Phone Call,New course announcement,Ahmed Abdullah
COM02438,C0132,2025-08-25,Email,Satisfaction survey,Sara Hassan
COM09093,C0487,2025-08-25,Email,Feedback discussion,Sara Hassan
COM05922,C0311,2025-08-25,Email,New course announcement,Ahmed Abdullah
COM01604,C0084,2025-08-25,Meeting,Renewal discussion,Sara Hassan
COM04339,C0224,2025-08-25,WhatsApp,Satisfaction survey,Ahmed Abdullah
COM01435,C0077,2025-08-25,Video Call,Training needs assessment,Ahmed Abdullah
COM08215,C0436,2025-08-25,Video Call,Invoice query,Noura Salem
COM04945,C0256,2025-08-25,Video Call,Invoice query,Fatima Ahmed
COM01683,C0090,2025-08-25,Phone Call,Invoice query,Fatima Ahmed
COM04399,C0225,2025-08-25,Phone Call,Quotation request,Sara Hassan
COM02645,C0143,2025-08-25,Video Call,Course recommendation,Mohammed Ali
COM01502,C0079,2025-08-25,Email,Feedback discussion,Ahmed Abdullah
COM05544,C0291,2025-08-25,Video Call,Satisfaction survey,Sara Hassan
COM02595,C0139,2025-08-25,WhatsApp,Follow-up on booking,Sara Hassan
COM07098,C0375,2025-08-25,WhatsApp,Thank you message,Fatima Ahmed
COM00719,C0033,2025-08-26,Meeting,New course announcement,Sara Hassan
COM08094,C0429,2025-08-26,WhatsApp,Satisfaction survey,Noura Salem
COM01849,C0100,2025-08-26,Email,New course announcement,Ahmed Abdullah
COM06496,C0344,2025-08-26,WhatsApp,Training needs assessment,Noura Salem
COM01251,C0065,2025-08-26,Phone Call,Quotation request,Ahmed Abdullah
COM03954,C0207,2025-08-26,Video Call,Training needs assessment,Noura Salem
COM09123,C0487,2025-08-26,Meeting,Account review,Sara Hassan
COM07310,C0385,2025-08-26,Phone Call,Course recommendation,Mohammed Ali
COM05020,C0263,2025-08-26,Meeting,Follow-up on booking,Sara Hassan
COM03203,C0171,2025-08-26,Meeting,Invoice query,Sara Hassan
COM08774,C0468,2025-08-26,Meeting,New course announcement,Sara Hassan
COM08887,C0474,2025-08-26,WhatsApp,Thank you message,Ahmed Abdullah
COM00327,C0015,2025-08-27,Meeting,Course recommendation,Mohammed Ali
COM00905,C0047,2025-08-27,Video Call,Complaint resolution,Ahmed Abdullah
COM06914,C0364,2025-08-27,Meeting,Schedule confirmation,Fatima Ahmed
COM09146,C0488,2025-08-27,Video Call,Follow-up on booking,Sara Hassan
COM05797,C0302,2025-08-27,Phone Call,General inquiry,Mohammed Ali
COM01093,C0058,2025-08-27,Video Call,Follow-up on booking,Mohammed Ali
COM02317,C0129,2025-08-27,Meeting,Thank you message,Sara Hassan
COM02844,C0155,2025-08-27,Meeting,Quotation request,Mohammed Ali
COM04020,C0212,2025-08-27,WhatsApp,Feedback discussion,Noura Salem
COM01751,C0093,2025-08-27,Video Call,Training needs assessment,Ahmed Abdullah
COM02576,C0138,2025-08-27,WhatsApp,Course recommendation,Ahmed Abdullah
COM00263,C0011,2025-08-27,Meeting,Quotation request,Noura Salem
COM03226,C0173,2025-08-27,WhatsApp,Quotation request,Noura Salem
COM02651,C0143,2025-08-27,WhatsApp,Schedule confirmation,Mohammed Ali
COM01895,C0101,2025-08-27,Meeting,Course recommendation,Sara Hassan
COM00081,C0004,2025-08-28,Email,New course announcement,Ahmed Abdullah
COM02889,C0157,2025-08-28,WhatsApp,Quotation request,Noura Salem
COM04747,C0247,2025-08-28,Meeting,Complaint resolution,Sara Hassan
COM06109,C0322,2025-08-28,Meeting,Training needs assessment,Ahmed Abdullah
COM01984,C0107,2025-08-28,WhatsApp,General inquiry,Mohammed Ali
COM08762,C0466,2025-08-28,Meeting,New course announcement,Noura Salem
COM04051,C0214,2025-08-28,Email,Invoice query,Noura Salem
COM01943,C0103,2025-08-28,Video Call,Course recommendation,Noura Salem
COM02050,C0110,2025-08-28,Video Call,General inquiry,Mohammed Ali
COM03225,C0173,2025-08-28,Email,Complaint resolution,Noura Salem
COM04776,C0250,2025-08-28,WhatsApp,Schedule confirmation,Noura Salem
COM02744,C0149,2025-08-28,Meeting,Satisfaction survey,Sara Hassan
COM07689,C0408,2025-08-28,WhatsApp,Satisfaction survey,Mohammed Ali
COM07105,C0375,2025-08-28,Email,Training needs assessment,Fatima Ahmed
COM02702,C0146,2025-08-28,Meeting,Complaint resolution,Fatima Ahmed
COM04454,C0229,2025-08-28,Meeting,Training needs assessment,Ahmed Abdullah
COM04404,C0226,2025-08-29,Email,Feedback discussion,Sara Hassan
COM06458,C0343,2025-08-29,Phone Call,Training needs assessment,Mohammed Ali
COM01249,C0065,2025-08-29,WhatsApp,New course announcement,Ahmed Abdullah
COM03048,C0165,2025-08-29,WhatsApp,New course announcement,Sara Hassan
COM01908,C0101,2025-08-29,Email,Quotation request,Sara Hassan
COM03505,C0185,2025-08-29,Video Call,New course announcement,Noura Salem
COM06437,C0341,2025-08-30,Email,Complaint resolution,Noura Salem
COM07511,C0397,2025-08-30,Phone Call,Quotation request,Noura Salem
COM04977,C0259,2025-08-30,WhatsApp,Quotation request,Sara Hassan
COM06453,C0343,2025-08-30,WhatsApp,Account review,Mohammed Ali
COM07007,C0370,2025-08-30,WhatsApp,Renewal discussion,Fatima Ahmed
COM00320,C0015,2025-08-30,Email,Training needs assessment,Mohammed Ali
COM08931,C0477,2025-08-30,Email,Training needs assessment,Ahmed Abdullah
COM01697,C0091,2025-08-30,Phone Call,Course recommendation,Sara Hassan
COM04081,C0216,2025-08-30,Video Call,Follow-up on booking,Noura Salem
COM08645,C0462,2025-08-31,Video Call,General inquiry,Fatima Ahmed
COM08271,C0440,2025-08-31,Video Call,Schedule confirmation,Mohammed Ali
COM09256,C0493,2025-08-31,Email,General inquiry,Sara Hassan
COM02125,C0116,2025-08-31,WhatsApp,Renewal discussion,Ahmed Abdullah
COM08812,C0469,2025-08-31,Email,New course announcement,Noura Salem
COM06488,C0344,2025-08-31,Email,Quotation request,Noura Salem
COM07611,C0403,2025-08-31,Video Call,Thank you message,Noura Salem
COM06327,C0335,2025-08-31,Video Call,Satisfaction survey,Noura Salem
COM07856,C0415,2025-08-31,Email,Follow-up on booking,Sara Hassan
COM09077,C0485,2025-09-01,WhatsApp,Renewal discussion,Sara Hassan
COM01155,C0061,2025-09-01,Email,Account review,Mohammed Ali
COM04294,C0223,2025-09-01,WhatsApp,General inquiry,Sara Hassan
COM07156,C0378,2025-09-01,WhatsApp,Training needs assessment,Sara Hassan
COM07178,C0378,2025-09-01,Phone Call,Satisfaction survey,Sara Hassan
COM02416,C0132,2025-09-01,Phone Call,General inquiry,Sara Hassan
COM02347,C0129,2025-09-01,Email,Schedule confirmation,Sara Hassan
COM00179,C0007,2025-09-01,Meeting,Complaint resolution,Sara Hassan
COM00321,C0015,2025-09-01,Phone Call,Follow-up on booking,Mohammed Ali
COM08753,C0466,2025-09-01,Email,General inquiry,Noura Salem
COM03683,C0193,2025-09-01,Meeting,Thank you message,Fatima Ahmed
COM04634,C0238,2025-09-02,Email,Course recommendation,Sara Hassan
COM01962,C0104,2025-09-02,Email,Thank you message,Noura Salem
COM02542,C0136,2025-09-02,Meeting,Quotation request,Noura Salem
COM06763,C0357,2025-09-03,Video Call,Quotation request,Sara Hassan
COM02383,C0130,2025-09-03,Meeting,Training needs assessment,Mohammed Ali
COM08304,C0441,2025-09-03,WhatsApp,Renewal discussion,Mohammed Ali
COM05635,C0295,2025-09-03,WhatsApp,Follow-up on booking,Mohammed Ali
COM07095,C0375,2025-09-03,WhatsApp,Training needs assessment,Fatima Ahmed
COM07986,C0422,2025-09-03,Phone Call,Training needs assessment,Sara Hassan
COM00640,C0028,2025-09-03,WhatsApp,Follow-up on booking,Fatima Ahmed
COM00821,C0041,2025-09-03,Email,Follow-up on booking,Sara Hassan
COM04541,C0235,2025-09-04,Meeting,Training needs assessment,Sara Hassan
COM04551,C0235,2025-09-04,WhatsApp,General inquiry,Sara Hassan
COM00828,C0041,2025-09-04,Meeting,Invoice query,Sara Hassan
COM06722,C0355,2025-09-04,Video Call,Complaint resolution,Ahmed Abdullah
COM02022,C0109,2025-09-04,WhatsApp,Schedule confirmation,Fatima Ahmed
COM00944,C0049,2025-09-04,Video Call,Invoice query,Sara Hassan
COM04699,C0244,2025-09-04,WhatsApp,Follow-up on booking,Fatima Ahmed
COM05974,C0314,2025-09-04,Phone Call,Feedback discussion,Mohammed Ali
COM09342,C0498,2025-09-04,Email,Quotation request,Noura Salem
COM02876,C0156,2025-09-04,Phone Call,Complaint resolution,Fatima Ahmed
COM08748,C0466,2025-09-04,WhatsApp,Schedule confirmation,Noura Salem
COM09272,C0494,2025-09-04,Email,Schedule confirmation,Noura Salem
COM02749,C0149,2025-09-05,Phone Call,Training needs assessment,Sara Hassan
COM00344,C0016,2025-09-05,Meeting,Course recommendation,Sara Hassan
COM08550,C0458,2025-09-05,Meeting,Account review,Mohammed Ali
COM05233,C0275,2025-09-05,Phone Call,Account review,Sara Hassan
COM08684,C0464,2025-09-05,Video Call,New course announcement,Sara Hassan
COM06675,C0352,2025-09-05,Phone Call,New course announcement,Noura Salem
COM07518,C0397,2025-09-05,Meeting,Training needs assessment,Noura Salem
COM03364,C0178,2025-09-05,WhatsApp,Feedback discussion,Mohammed Ali
COM08113,C0430,2025-09-05,Phone Call,General inquiry,Mohammed Ali
COM02658,C0144,2025-09-06,Meeting,Schedule confirmation,Ahmed Abdullah
COM07057,C0372,2025-09-06,Video Call,Course recommendation,Sara Hassan
COM07113,C0375,2025-09-06,Meeting,Schedule confirmation,Fatima Ahmed
COM06537,C0345,2025-09-06,Meeting,Thank you message,Noura Salem
COM04132,C0217,2025-09-06,WhatsApp,Satisfaction survey,Noura Salem
COM01160,C0061,2025-09-06,WhatsApp,Follow-up on booking,Mohammed Ali
COM08019,C0424,2025-09-06,Meeting,Invoice query,Ahmed Abdullah
COM07769,C0410,2025-09-06,WhatsApp,Account review,Mohammed Ali
COM08552,C0458,2025-09-06,Email,Course recommendation,Mohammed Ali
COM06730,C0356,2025-09-07,Video Call,General inquiry,Ahmed Abdullah
COM01290,C0066,2025-09-07,Video Call,Account review,Ahmed Abdullah
COM00798,C0038,2025-09-07,WhatsApp,Thank you message,Noura Salem
COM03989,C0210,2025-09-07,Video Call,General inquiry,Ahmed Abdullah
COM08216,C0436,2025-09-07,Phone Call,General inquiry,Noura Salem
COM07883,C0416,2025-09-07,Phone Call,Follow-up on booking,Sara Hassan
COM01626,C0086,2025-09-07,Email,Follow-up on booking,Ahmed Abdullah
COM04106,C0216,2025-09-07,Meeting,Invoice query,Noura Salem
COM06387,C0339,2025-09-07,Video Call,General inquiry,Fatima Ahmed
COM08590,C0459,2025-09-07,Video Call,Schedule confirmation,Ahmed Abdullah
COM04199,C0221,2025-09-07,Meeting,New course announcement,Ahmed Abdullah
COM02083,C0112,2025-09-07,Email,Follow-up on booking,Noura Salem
COM01158,C0061,2025-09-08,Email,Renewal discussion,Mohammed Ali
COM02822,C0153,2025-09-08,Email,Renewal discussion,Noura Salem
COM06580,C0347,2025-09-08,Phone Call,Quotation request,Mohammed Ali
COM01564,C0083,2025-09-08,Video Call,Schedule confirmation,Mohammed Ali
COM06609,C0349,2025-09-08,Phone Call,Satisfaction survey,Fatima Ahmed
COM07812,C0412,2025-09-08,WhatsApp,Account review,Noura Salem
COM07756,C0410,2025-09-08,Email,New course announcement,Mohammed Ali
COM08756,C0466,2025-09-08,Phone Call,Account review,Noura Salem
COM01189,C0062,2025-09-08,Video Call,Account review,Sara Hassan
COM04881,C0253,2025-09-08,Meeting,General inquiry,Ahmed Abdullah
COM01207,C0062,2025-09-08,Phone Call,Invoice query,Sara Hassan
COM09186,C0489,2025-09-09,Meeting,Thank you message,Sara Hassan
COM00630,C0028,2025-09-09,Phone Call,Complaint resolution,Fatima Ahmed
COM02530,C0136,2025-09-09,WhatsApp,Complaint resolution,Noura Salem
COM00956,C0050,2025-09-09,Phone Call,Training needs assessment,Ahmed Abdullah
COM08436,C0450,2025-09-09,Phone Call,Training needs assessment,Sara Hassan
COM05976,C0315,2025-09-09,WhatsApp,Complaint resolution,Noura Salem
COM01907,C0101,2025-09-09,Meeting,Complaint resolution,Sara Hassan
COM06649,C0351,2025-09-09,Email,New course announcement,Sara Hassan
COM04953,C0256,2025-09-09,Video Call,Complaint resolution,Fatima Ahmed
COM02746,C0149,2025-09-09,Phone Call,Quotation request,Sara Hassan
COM05207,C0275,2025-09-09,Email,Invoice query,Sara Hassan
COM05902,C0310,2025-09-09,Video Call,Feedback discussion,Fatima Ahmed
COM06015,C0318,2025-09-09,Meeting,Schedule confirmation,Noura Salem
COM01985,C0107,2025-09-09,Video Call,Renewal discussion,Mohammed Ali
COM00245,C0011,2025-09-09,Email,New course announcement,Noura Salem
COM08916,C0475,2025-09-09,Meeting,Quotation request,Noura Salem
COM07195,C0378,2025-09-10,Meeting,General inquiry,Sara Hassan
COM00765,C0037,2025-09-10,Phone Call,Account review,Fatima Ahmed
COM06903,C0364,2025-09-10,Meeting,Invoice query,Fatima Ahmed
COM05882,C0308,2025-09-10,WhatsApp,Invoice query,Noura Salem
COM08846,C0471,2025-09-10,Email,New course announcement,Ahmed Abdullah
COM05380,C0283,2025-09-10,WhatsApp,Thank you message,Fatima Ahmed
COM00184,C0007,2025-09-10,Email,Training needs assessment,Sara Hassan
COM08937,C0477,2025-09-10,Email,Training needs assessment,Ahmed Abdullah
COM06311,C0334,2025-09-10,WhatsApp,Course recommendation,Mohammed Ali
COM02851,C0156,2025-09-10,Email,Course recommendation,Fatima Ahmed
COM02627,C0142,2025-09-10,Meeting,Schedule confirmation,Mohammed Ali
COM03307,C0175,2025-09-10,WhatsApp,Satisfaction survey,Fatima Ahmed
COM02547,C0136,2025-09-11,WhatsApp,Renewal discussion,Noura Salem
COM00582,C0025,2025-09-11,Email,Training needs assessment,Fatima Ahmed
COM00062,C0003,2025-09-11,Email,Feedback discussion,Fatima Ahmed
COM03770,C0197,2025-09-11,Phone Call,Thank you message,Mohammed Ali
COM00246,C0011,2025-09-11,WhatsApp,Satisfaction survey,Noura Salem
COM01769,C0094,2025-09-11,WhatsApp,Thank you message,Mohammed Ali
COM04374,C0225,2025-09-11,Meeting,Invoice query,Sara Hassan
COM05904,C0310,2025-09-11,Video Call,Account review,Fatima Ahmed
COM06772,C0358,2025-09-11,Video Call,Invoice query,Mohammed Ali
COM06967,C0369,2025-09-11,WhatsApp,Renewal discussion,Mohammed Ali
COM01802,C0097,2025-09-11,Phone Call,Account review,Fatima Ahmed
COM08312,C0442,2025-09-12,Video Call,Course recommendation,Noura Salem
COM00799,C0038,2025-09-12,Email,Schedule confirmation,Noura Salem
COM00832,C0041,2025-09-12,Video Call,Invoice query,Sara Hassan
COM01483,C0078,2025-09-12,Phone Call,General inquiry,Fatima Ahmed
COM06251,C0330,2025-09-12,Email,Feedback discussion,Noura Salem
COM03867,C0203,2025-09-12,WhatsApp,Training needs assessment,Fatima Ahmed
COM01846,C0100,2025-09-12,Meeting,General inquiry,Ahmed Abdullah
COM08404,C0447,2025-09-12,Phone Call,Invoice query,Noura Salem
COM06835,C0361,2025-09-12,WhatsApp,Training needs assessment,Fatima Ahmed
COM05910,C0310,2025-09-12,Phone Call,Satisfaction survey,Fatima Ahmed
COM07315,C0386,2025-09-13,Video Call,Account review,Ahmed Abdullah
COM04391,C0225,2025-09-13,Meeting,Quotation request,Sara Hassan
COM05310,C0280,2025-09-13,WhatsApp,New course announcement,Mohammed Ali
COM04612,C0237,2025-09-13,WhatsApp,Quotation request,Sara Hassan
COM07604,C0403,2025-09-13,WhatsApp,Follow-up on booking,Noura Salem
COM01170,C0061,2025-09-13,Email,Training needs assessment,Mohammed Ali
COM06456,C0343,2025-09-13,WhatsApp,Account review,Mohammed Ali
COM02315,C0129,2025-09-13,Phone Call,Feedback discussion,Sara Hassan
COM04689,C0242,2025-09-13,WhatsApp,Thank you message,Ahmed Abdullah
COM08405,C0447,2025-09-13,WhatsApp,Invoice query,Noura Salem
COM09285,C0495,2025-09-14,Meeting,General inquiry,Ahmed Abdullah
COM09273,C0494,2025-09-14,Email,Follow-up on booking,Noura Salem
COM02092,C0113,2025-09-14,Phone Call,Quotation request,Fatima Ahmed
COM00181,C0007,2025-09-14,Video Call,Feedback discussion,Sara Hassan
COM03465,C0184,2025-09-14,Email,General inquiry,Sara Hassan
COM07004,C0370,2025-09-14,WhatsApp,Complaint resolution,Fatima Ahmed
COM03648,C0191,2025-09-14,Meeting,Satisfaction survey,Mohammed Ali
COM01753,C0093,2025-09-14,WhatsApp,Thank you message,Ahmed Abdullah
COM05160,C0270,2025-09-14,Video Call,Complaint resolution,Sara Hassan
COM04159,C0218,2025-09-14,Phone Call,General inquiry,Ahmed Abdullah
COM05378,C0283,2025-09-14,Video Call,Schedule confirmation,Fatima Ahmed
COM08100,C0429,2025-09-14,WhatsApp,General inquiry,Noura Salem
COM08776,C0468,2025-09-14,WhatsApp,Quotation request,Sara Hassan
COM06149,C0324,2025-09-14,Email,Renewal discussion,Noura Salem
COM02096,C0113,2025-09-15,Meeting,Feedback discussion,Fatima Ahmed
COM00870,C0043,2025-09-15,Email,Thank you message,Ahmed Abdullah
COM08733,C0465,2025-09-15,Meeting,Feedback discussion,Mohammed Ali
COM09392,C0500,2025-09-15,WhatsApp,Course recommendation,Fatima Ahmed
COM07136,C0376,2025-09-15,Email,Complaint resolution,Sara Hassan
COM01129,C0059,2025-09-15,Meeting,Training needs assessment,Fatima Ahmed
COM04526,C0234,2025-09-15,Email,Follow-up on booking,Mohammed Ali
COM07591,C0401,2025-09-15,Meeting,Satisfaction survey,Fatima Ahmed
COM07990,C0423,2025-09-16,Phone Call,Complaint resolution,Noura Salem
COM01707,C0091,2025-09-16,WhatsApp,General inquiry,Sara Hassan
COM09151,C0488,2025-09-16,Email,General inquiry,Sara Hassan
COM07852,C0414,2025-09-16,WhatsApp,Quotation request,Fatima Ahmed
COM00383,C0018,2025-09-16,Phone Call,Schedule confirmation,Sara Hassan
COM08589,C0459,2025-09-16,WhatsApp,Satisfaction survey,Ahmed Abdullah
COM01934,C0103,2025-09-16,Email,Complaint resolution,Noura Salem
COM06720,C0355,2025-09-16,WhatsApp,Follow-up on booking,Ahmed Abdullah
COM00411,C0019,2025-09-16,Phone Call,Satisfaction survey,Ahmed Abdullah
COM07289,C0382,2025-09-17,Phone Call,Account review,Sara Hassan
COM00438,C0020,2025-09-17,Meeting,Training needs assessment,Fatima Ahmed
COM06448,C0342,2025-09-17,Email,General inquiry,Noura Salem
COM01886,C0101,2025-09-17,Email,General inquiry,Sara Hassan
COM04943,C0256,2025-09-17,Phone Call,Training needs assessment,Fatima Ahmed
COM01327,C0069,2025-09-17,WhatsApp,General inquiry,Fatima Ahmed
COM08432,C0450,2025-09-17,Meeting,Quotation request,Sara Hassan
COM02195,C0121,2025-09-17,Meeting,Satisfaction survey,Noura Salem
COM08442,C0450,2025-09-17,WhatsApp,Satisfaction survey,Sara Hassan
COM08541,C0458,2025-09-17,Video Call,Renewal discussion,Mohammed Ali
COM02475,C0133,2025-09-17,Video Call,Feedback discussion,Sara Hassan
COM04340,C0224,2025-09-18,Email,Invoice query,Ahmed Abdullah
COM07722,C0408,2025-09-18,WhatsApp,Feedback discussion,Mohammed Ali
COM03624,C0191,2025-09-18,Meeting,Schedule confirmation,Mohammed Ali
COM07761,C0410,2025-09-18,Email,Quotation request,Mohammed Ali
COM00637,C0028,2025-09-18,Meeting,Invoice query,Fatima Ahmed
COM03919,C0205,2025-09-18,WhatsApp,Renewal discussion,Mohammed Ali
COM02991,C0161,2025-09-19,Email,Invoice query,Sara Hassan
COM01161,C0061,2025-09-19,Video Call,Satisfaction survey,Mohammed Ali
COM09386,C0499,2025-09-19,WhatsApp,Satisfaction survey,Fatima Ahmed
COM07535,C0399,2025-09-19,Meeting,Satisfaction survey,Ahmed Abdullah
COM02169,C0118,2025-09-19,Email,Schedule confirmation,Noura Salem
COM02408,C0132,2025-09-19,Email,Training needs assessment,Sara Hassan
COM03875,C0203,2025-09-19,Phone Call,Satisfaction survey,Fatima Ahmed
COM00086,C0004,2025-09-19,Meeting,Quotation request,Ahmed Abdullah
COM04398,C0225,2025-09-19,Video Call,Renewal discussion,Sara Hassan
COM02312,C0129,2025-09-19,Email,Training needs assessment,Sara Hassan
COM07673,C0407,2025-09-20,Meeting,Complaint resolution,Sara Hassan
COM09269,C0494,2025-09-20,Phone Call,Account review,Noura Salem
COM07227,C0380,2025-09-20,Video Call,Account review,Fatima Ahmed
COM07605,C0403,2025-09-20,Email,Feedback discussion,Noura Salem
COM07681,C0407,2025-09-20,Email,Quotation request,Sara Hassan
COM00848,C0042,2025-09-20,Email,Account review,Noura Salem
COM02999,C0162,2025-09-20,WhatsApp,Satisfaction survey,Fatima Ahmed
COM07855,C0415,2025-09-20,Email,Satisfaction survey,Sara Hassan
COM05115,C0269,2025-09-20,Phone Call,Course recommendation,Mohammed Ali
COM07794,C0411,2025-09-20,Phone Call,General inquiry,Noura Salem
COM02914,C0158,2025-09-20,WhatsApp,Complaint resolution,Sara Hassan
COM07961,C0420,2025-09-20,Video Call,Follow-up on booking,Ahmed Abdullah
COM02119,C0115,2025-09-20,Video Call,Thank you message,Noura Salem
COM06900,C0364,2025-09-20,Meeting,Renewal discussion,Fatima Ahmed
COM04322,C0224,2025-09-21,Email,Satisfaction survey,Ahmed Abdullah
COM09277,C0494,2025-09-21,WhatsApp,General inquiry,Noura Salem
COM03349,C0176,2025-09-21,Video Call,Course recommendation,Sara Hassan
COM06777,C0358,2025-09-21,Video Call,Renewal discussion,Mohammed Ali
COM05892,C0308,2025-09-21,Phone Call,Schedule confirmation,Noura Salem
COM08695,C0464,2025-09-21,WhatsApp,Satisfaction survey,Sara Hassan
COM04828,C0252,2025-09-21,Email,Training needs assessment,Fatima Ahmed
COM01930,C0102,2025-09-21,WhatsApp,Satisfaction survey,Noura Salem
COM01372,C0072,2025-09-21,Phone Call,Invoice query,Noura Salem
COM01407,C0074,2025-09-21,Meeting,New course announcement,Ahmed Abdullah
COM07987,C0422,2025-09-21,WhatsApp,Training needs assessment,Sara Hassan
COM06429,C0340,2025-09-21,Phone Call,General inquiry,Ahmed Abdullah
COM08191,C0435,2025-09-21,Email,Course recommendation,Ahmed Abdullah
COM07665,C0407,2025-09-21,Meeting,Invoice query,Sara Hassan
COM00200,C0009,2025-09-21,WhatsApp,Invoice query,Noura Salem
COM08398,C0447,2025-09-22,Meeting,Satisfaction survey,Noura Salem
COM02082,C0112,2025-09-22,Email,Renewal discussion,Noura Salem
COM00625,C0028,2025-09-22,Email,General inquiry,Fatima Ahmed
COM00590,C0025,2025-09-22,Phone Call,Complaint resolution,Fatima Ahmed
COM07676,C0407,2025-09-22,Email,Course recommendation,Sara Hassan
COM01472,C0078,2025-09-22,Meeting,Complaint resolution,Fatima Ahmed
COM01505,C0079,2025-09-23,Meeting,Follow-up on booking,Ahmed Abdullah
COM06998,C0370,2025-09-23,Phone Call,General inquiry,Fatima Ahmed
COM02777,C0152,2025-09-23,Video Call,Satisfaction survey,Mohammed Ali
COM00851,C0043,2025-09-23,Phone Call,General inquiry,Ahmed Abdullah
COM05361,C0283,2025-09-23,Meeting,Account review,Fatima Ahmed
COM04653,C0239,2025-09-23,Video Call,Course recommendation,Fatima Ahmed
COM08947,C0478,2025-09-23,WhatsApp,Renewal discussion,Mohammed Ali
COM03562,C0189,2025-09-23,Phone Call,Renewal discussion,Mohammed Ali
COM07064,C0373,2025-09-23,Meeting,Thank you message,Fatima Ahmed
COM09274,C0494,2025-09-23,Phone Call,New course announcement,Noura Salem
COM03515,C0186,2025-09-23,Meeting,General inquiry,Noura Salem
COM01948,C0103,2025-09-23,Meeting,General inquiry,Noura Salem
COM00764,C0037,2025-09-23,Email,Invoice query,Fatima Ahmed
COM08427,C0450,2025-09-24,Phone Call,Training needs assessment,Sara Hassan
COM05591,C0293,2025-09-24,Phone Call,Follow-up on booking,Fatima Ahmed
COM06103,C0322,2025-09-24,WhatsApp,Invoice query,Ahmed Abdullah
COM00895,C0046,2025-09-24,Email,Follow-up on booking,Fatima Ahmed
COM07091,C0375,2025-09-24,Phone Call,Training needs assessment,Fatima Ahmed
COM04581,C0236,2025-09-24,Phone Call,General inquiry,Noura Salem
COM03531,C0187,2025-09-24,Meeting,Renewal discussion,Noura Salem
COM06586,C0348,2025-09-25,Phone Call,Invoice query,Ahmed Abdullah
COM06977,C0369,2025-09-25,Email,Course recommendation,Mohammed Ali
COM01618,C0086,2025-09-25,Video Call,Quotation request,Ahmed Abdullah
COM08594,C0459,2025-09-25,Phone Call,Training needs assessment,Ahmed Abdullah
COM07472,C0393,2025-09-25,Email,Invoice query,Sara Hassan
COM04825,C0252,2025-09-25,Email,Feedback discussion,Fatima Ahmed
COM07223,C0380,2025-09-25,Phone Call,Invoice query,Fatima Ahmed
COM06855,C0361,2025-09-26,Meeting,Complaint resolution,Fatima Ahmed
COM03288,C0174,2025-09-26,WhatsApp,Course recommendation,Ahmed Abdullah
COM06819,C0361,2025-09-26,Phone Call,General inquiry,Fatima Ahmed
COM00150,C0007,2025-09-26,Phone Call,Schedule confirmation,Sara Hassan
COM04146,C0217,2025-09-26,Video Call,Thank you message,Noura Salem
COM01118,C0058,2025-09-26,WhatsApp,Thank you message,Mohammed Ali
COM05257,C0277,2025-09-26,WhatsApp,Follow-up on booking,Mohammed Ali
COM06880,C0362,2025-09-26,Email,Training needs assessment,Ahmed Abdullah
COM04686,C0242,2025-09-26,Phone Call,New course announcement,Ahmed Abdullah
COM01440,C0077,2025-09-26,Email,Thank you message,Ahmed Abdullah
COM05481,C0287,2025-09-27,Video Call,Satisfaction survey,Fatima Ahmed
COM08537,C0458,2025-09-27,Meeting,General inquiry,Mohammed Ali
COM05597,C0293,2025-09-27,Meeting,General inquiry,Fatima Ahmed
COM07915,C0417,2025-09-27,Phone Call,Account review,Noura Salem
COM02614,C0141,2025-09-27,Phone Call,Quotation request,Ahmed Abdullah
COM00325,C0015,2025-09-27,Phone Call,Feedback discussion,Mohammed Ali
COM08214,C0436,2025-09-27,Phone Call,Quotation request,Noura Salem
COM01390,C0073,2025-09-27,Video Call,Schedule confirmation,Mohammed Ali
COM09066,C0484,2025-09-28,WhatsApp,Training needs assessment,Mohammed Ali
COM05153,C0270,2025-09-28,Phone Call,Renewal discussion,Sara Hassan
COM03851,C0202,2025-09-28,Email,Satisfaction survey,Sara Hassan
COM05847,C0306,2025-09-28,Email,Renewal discussion,Fatima Ahmed
COM06840,C0361,2025-09-28,WhatsApp,Thank you message,Fatima Ahmed
COM04069,C0215,2025-09-28,Video Call,Renewal discussion,Mohammed Ali
COM00868,C0043,2025-09-28,Video Call,Account review,Ahmed Abdullah
COM01597,C0084,2025-09-28,WhatsApp,General inquiry,Sara Hassan
COM00665,C0030,2025-09-28,Phone Call,Training needs assessment,Fatima Ahmed
COM03205,C0171,2025-09-29,Video Call,General inquiry,Sara Hassan
COM04419,C0226,2025-09-29,Phone Call,Renewal discussion,Sara Hassan
COM00826,C0041,2025-09-29,WhatsApp,Follow-up on booking,Sara Hassan
COM01996,C0107,2025-09-29,Meeting,Follow-up on booking,Mohammed Ali
COM08070,C0427,2025-09-29,Video Call,Course recommendation,Fatima Ahmed
COM09279,C0495,2025-09-29,Phone Call,Training needs assessment,Ahmed Abdullah
COM03737,C0196,2025-09-29,WhatsApp,Thank you message,Mohammed Ali
COM01113,C0058,2025-09-29,WhatsApp,General inquiry,Mohammed Ali
COM07129,C0376,2025-09-29,Phone Call,Invoice query,Sara Hassan
COM00387,C0018,2025-09-29,Email,Renewal discussion,Sara Hassan
COM00240,C0011,2025-09-29,Meeting,Account review,Noura Salem
COM04449,C0228,2025-09-29,Video Call,General inquiry,Fatima Ahmed
COM06870,C0362,2025-09-29,Video Call,Schedule confirmation,Ahmed Abdullah
COM00430,C0020,2025-09-30,WhatsApp,Feedback discussion,Fatima Ahmed
COM09258,C0493,2025-09-30,Meeting,Renewal discussion,Sara Hassan
COM03368,C0178,2025-09-30,Meeting,General inquiry,Mohammed Ali
COM00105,C0005,2025-09-30,Email,New course announcement,Sara Hassan
COM02157,C0118,2025-09-30,Video Call,Training needs assessment,Noura Salem
COM08803,C0469,2025-09-30,Video Call,Schedule confirmation,Noura Salem
COM07728,C0409,2025-09-30,Video Call,New course announcement,Fatima Ahmed
COM04800,C0251,2025-09-30,Phone Call,Satisfaction survey,Sara Hassan
COM04084,C0216,2025-09-30,Phone Call,Course recommendation,Noura Salem
COM07602,C0402,2025-09-30,Meeting,Follow-up on booking,Noura Salem
COM08359,C0444,2025-09-30,Meeting,Thank you message,Noura Salem
COM05774,C0302,2025-09-30,Video Call,Renewal discussion,Mohammed Ali
COM01563,C0083,2025-09-30,Phone Call,Follow-up on booking,Mohammed Ali
COM01636,C0087,2025-10-01,Meeting,New course announcement,Fatima Ahmed
COM03443,C0182,2025-10-01,Phone Call,Invoice query,Mohammed Ali
COM06414,C0340,2025-10-01,Phone Call,Complaint resolution,Ahmed Abdullah
COM08051,C0425,2025-10-01,Meeting,Complaint resolution,Mohammed Ali
COM05595,C0293,2025-10-01,Video Call,Training needs assessment,Fatima Ahmed
COM09143,C0487,2025-10-01,WhatsApp,Quotation request,Sara Hassan
COM05592,C0293,2025-10-01,Email,Renewal discussion,Fatima Ahmed
COM06062,C0321,2025-10-01,Phone Call,Complaint resolution,Ahmed Abdullah
COM06646,C0351,2025-10-01,Phone Call,Training needs assessment,Sara Hassan
COM02086,C0112,2025-10-01,Phone Call,Complaint resolution,Noura Salem
COM01909,C0101,2025-10-01,Phone Call,Course recommendation,Sara Hassan
COM00567,C0025,2025-10-01,WhatsApp,Quotation request,Fatima Ahmed
COM02553,C0136,2025-10-02,Meeting,Invoice query,Noura Salem
COM02282,C0126,2025-10-02,Video Call,General inquiry,Noura Salem
COM09130,C0487,2025-10-02,Phone Call,Follow-up on booking,Sara Hassan
COM00316,C0014,2025-10-02,Video Call,Follow-up on booking,Sara Hassan
COM02551,C0136,2025-10-02,Email,Invoice query,Noura Salem
COM04079,C0216,2025-10-02,Meeting,Course recommendation,Noura Salem
COM09122,C0487,2025-10-02,Email,General inquiry,Sara Hassan
COM00073,C0004,2025-10-02,Email,Course recommendation,Ahmed Abdullah
COM05275,C0277,2025-10-02,Video Call,Thank you message,Mohammed Ali
COM02850,C0156,2025-10-02,Meeting,Schedule confirmation,Fatima Ahmed
COM03742,C0196,2025-10-02,Email,Renewal discussion,Mohammed Ali
COM05638,C0295,2025-10-02,Meeting,Quotation request,Mohammed Ali
COM07445,C0391,2025-10-02,WhatsApp,Renewal discussion,Noura Salem
COM00537,C0022,2025-10-02,Email,Thank you message,Fatima Ahmed
COM05165,C0270,2025-10-02,Meeting,New course announcement,Sara Hassan
COM06659,C0351,2025-10-02,Phone Call,Feedback discussion,Sara Hassan
COM03377,C0178,2025-10-02,Phone Call,Invoice query,Mohammed Ali
COM01989,C0107,2025-10-02,Phone Call,Renewal discussion,Mohammed Ali
COM06734,C0357,2025-10-03,Meeting,Satisfaction survey,Sara Hassan
COM06715,C0355,2025-10-03,WhatsApp,Follow-up on booking,Ahmed Abdullah
COM03447,C0182,2025-10-03,Meeting,Renewal discussion,Mohammed Ali
COM05039,C0263,2025-10-03,Email,General inquiry,Sara Hassan
COM03557,C0189,2025-10-03,Video Call,Quotation request,Mohammed Ali
COM07132,C0376,2025-10-03,Email,General inquiry,Sara Hassan
COM00067,C0003,2025-10-03,Video Call,Complaint resolution,Fatima Ahmed
COM09324,C0497,2025-10-03,Video Call,New course announcement,Ahmed Abdullah
COM02302,C0128,2025-10-03,Video Call,Training needs assessment,Ahmed Abdullah
COM01865,C0100,2025-10-03,WhatsApp,Feedback discussion,Ahmed Abdullah
COM05806,C0303,2025-10-03,Video Call,Satisfaction survey,Mohammed Ali
COM09295,C0496,2025-10-04,WhatsApp,Complaint resolution,Sara Hassan
COM06797,C0360,2025-10-04,Video Call,Quotation request,Mohammed Ali
COM08808,C0469,2025-10-04,WhatsApp,Follow-up on booking,Noura Salem
COM06132,C0324,2025-10-04,Phone Call,New course announcement,Noura Salem
COM04537,C0235,2025-10-04,WhatsApp,General inquiry,Sara Hassan
COM01892,C0101,2025-10-04,Email,Course recommendation,Sara Hassan
COM05556,C0291,2025-10-04,WhatsApp,Training needs assessment,Sara Hassan
COM05834,C0305,2025-10-05,Phone Call,Satisfaction survey,Mohammed Ali
COM08129,C0430,2025-10-05,Email,Account review,Mohammed Ali
COM04500,C0232,2025-10-05,WhatsApp,Complaint resolution,Fatima Ahmed
COM05327,C0282,2025-10-05,Meeting,New course announcement,Sara Hassan
COM09294,C0496,2025-10-05,Email,Invoice query,Sara Hassan
COM05801,C0302,2025-10-05,Meeting,Training needs assessment,Mohammed Ali
COM03526,C0187,2025-10-06,WhatsApp,Thank you message,Noura Salem
COM04527,C0234,2025-10-06,Video Call,Schedule confirmation,Mohammed Ali
COM03459,C0182,2025-10-06,Phone Call,Account review,Mohammed Ali
COM00805,C0039,2025-10-06,Email,Renewal discussion,Noura Salem
COM05323,C0282,2025-10-06,WhatsApp,Account review,Sara Hassan
COM07046,C0371,2025-10-06,Email,Quotation request,Fatima Ahmed
COM05307,C0280,2025-10-06,Video Call,Schedule confirmation,Mohammed Ali
COM06252,C0330,2025-10-06,Phone Call,Account review,Noura Salem
COM07461,C0392,2025-10-06,Video Call,Thank you message,Mohammed Ali
COM08294,C0441,2025-10-06,Video Call,General inquiry,Mohammed Ali
COM06430,C0340,2025-10-06,WhatsApp,Course recommendation,Ahmed Abdullah
COM01271,C0065,2025-10-06,Meeting,Course recommendation,Ahmed Abdullah
COM07976,C0421,2025-10-06,Phone Call,Account review,Noura Salem
COM02274,C0125,2025-10-06,Video Call,Course recommendation,Sara Hassan
COM05851,C0306,2025-10-06,Meeting,Quotation request,Fatima Ahmed
COM08044,C0425,2025-10-07,Phone Call,General inquiry,Mohammed Ali
COM08130,C0430,2025-10-07,Email,Invoice query,Mohammed Ali
COM02541,C0136,2025-10-07,Email,General inquiry,Noura Salem
COM00670,C0031,2025-10-07,Email,Thank you message,Noura Salem
COM05877,C0308,2025-10-07,Phone Call,Complaint resolution,Noura Salem
COM00693,C0031,2025-10-07,Video Call,Complaint resolution,Noura Salem
COM00214,C0010,2025-10-07,Video Call,Invoice query,Mohammed Ali
COM05809,C0303,2025-10-07,WhatsApp,Follow-up on booking,Mohammed Ali
COM07236,C0380,2025-10-07,Video Call,General inquiry,Fatima Ahmed
COM07284,C0382,2025-10-07,Video Call,Schedule confirmation,Sara Hassan
COM06556,C0346,2025-10-07,Email,Invoice query,Mohammed Ali
COM07876,C0416,2025-10-08,Phone Call,General inquiry,Sara Hassan
COM08451,C0450,2025-10-08,Email,Quotation request,Sara Hassan
COM08861,C0473,2025-10-08,Meeting,General inquiry,Ahmed Abdullah
COM08865,C0473,2025-10-08,Meeting,General inquiry,Ahmed Abdullah
COM05360,C0283,2025-10-08,Video Call,Feedback discussion,Fatima Ahmed
COM00779,C0038,2025-10-08,WhatsApp,Quotation request,Noura Salem
COM00386,C0018,2025-10-08,Video Call,Schedule confirmation,Sara Hassan
COM07417,C0390,2025-10-08,Meeting,Schedule confirmation,Noura Salem
COM03599,C0190,2025-10-08,Phone Call,Thank you message,Noura Salem
COM08391,C0447,2025-10-09,Email,Course recommendation,Noura Salem
COM07911,C0417,2025-10-09,Video Call,Feedback discussion,Noura Salem
COM03795,C0201,2025-10-09,Phone Call,General inquiry,Ahmed Abdullah
COM08158,C0432,2025-10-09,Phone Call,Quotation request,Ahmed Abdullah
COM06885,C0362,2025-10-09,Meeting,Complaint resolution,Ahmed Abdullah
COM08500,C0454,2025-10-09,WhatsApp,Quotation request,Sara Hassan
COM07730,C0410,2025-10-10,WhatsApp,General inquiry,Mohammed Ali
COM01517,C0080,2025-10-10,Video Call,Schedule confirmation,Ahmed Abdullah
COM01543,C0081,2025-10-10,Video Call,Training needs assessment,Noura Salem
COM00867,C0043,2025-10-10,Video Call,New course announcement,Ahmed Abdullah
COM01021,C0057,2025-10-10,WhatsApp,Complaint resolution,Mohammed Ali
COM00963,C0051,2025-10-10,Video Call,General inquiry,Ahmed Abdullah
COM06830,C0361,2025-10-10,Email,Renewal discussion,Fatima Ahmed
COM01106,C0058,2025-10-11,Video Call,Complaint resolution,Mohammed Ali
COM08387,C0447,2025-10-11,Email,Schedule confirmation,Noura Salem
COM09281,C0495,2025-10-11,Phone Call,New course announcement,Ahmed Abdullah
COM07516,C0397,2025-10-11,Video Call,New course announcement,Noura Salem
COM02088,C0112,2025-10-11,Email,Account review,Noura Salem
COM00173,C0007,2025-10-11,WhatsApp,Complaint resolution,Sara Hassan
COM02209,C0121,2025-10-11,Phone Call,Invoice query,Noura Salem
COM03353,C0176,2025-10-11,WhatsApp,Complaint resolution,Sara Hassan
COM05258,C0277,2025-10-11,WhatsApp,General inquiry,Mohammed Ali
COM02085,C0112,2025-10-11,Email,New course announcement,Noura Salem
COM03970,C0208,2025-10-11,Phone Call,Satisfaction survey,Noura Salem
COM09071,C0485,2025-10-11,Video Call,Quotation request,Sara Hassan
COM08049,C0425,2025-10-11,Phone Call,Course recommendation,Mohammed Ali
COM01102,C0058,2025-10-11,Meeting,Course recommendation,Mohammed Ali
COM05370,C0283,2025-10-11,Phone Call,Thank you message,Fatima Ahmed
COM03667,C0192,2025-10-11,Meeting,Account review,Sara Hassan
COM05919,C0311,2025-10-12,WhatsApp,Complaint resolution,Ahmed Abdullah
COM08535,C0457,2025-10-12,Email,Follow-up on booking,Fatima Ahmed
COM07559,C0400,2025-10-12,Video Call,Account review,Mohammed Ali
COM03075,C0165,2025-10-12,Email,Renewal discussion,Sara Hassan
COM00169,C0007,2025-10-12,Email,Thank you message,Sara Hassan
COM04433,C0227,2025-10-12,Email,Account review,Mohammed Ali
COM06693,C0353,2025-10-12,Meeting,New course announcement,Mohammed Ali
COM00576,C0025,2025-10-12,Meeting,Renewal discussion,Fatima Ahmed
COM09157,C0488,2025-10-12,Video Call,Thank you message,Sara Hassan
COM05416,C0285,2025-10-12,Phone Call,General inquiry,Mohammed Ali
COM01353,C0071,2025-10-12,Meeting,Quotation request,Mohammed Ali
COM03426,C0181,2025-10-12,Meeting,Invoice query,Sara Hassan
COM09183,C0488,2025-10-12,Phone Call,Training needs assessment,Sara Hassan
COM03581,C0190,2025-10-12,Meeting,Complaint resolution,Noura Salem
COM03421,C0181,2025-10-13,Video Call,Quotation request,Sara Hassan
COM08499,C0454,2025-10-13,Email,Account review,Sara Hassan
COM03424,C0181,2025-10-13,Email,Training needs assessment,Sara Hassan
COM05607,C0294,2025-10-13,WhatsApp,New course announcement,Mohammed Ali
COM07543,C0399,2025-10-13,Video Call,Schedule confirmation,Ahmed Abdullah
COM02996,C0162,2025-10-13,Meeting,Renewal discussion,Fatima Ahmed
COM09189,C0490,2025-10-13,Meeting,Training needs assessment,Mohammed Ali
COM03032,C0164,2025-10-13,Video Call,Feedback discussion,Ahmed Abdullah
COM01587,C0084,2025-10-13,Meeting,Complaint resolution,Sara Hassan
COM07123,C0376,2025-10-13,WhatsApp,New course announcement,Sara Hassan
COM01530,C0080,2025-10-13,Phone Call,Invoice query,Ahmed Abdullah
COM01949,C0103,2025-10-13,WhatsApp,Complaint resolution,Noura Salem
COM06150,C0324,2025-10-13,WhatsApp,Feedback discussion,Noura Salem
COM01884,C0101,2025-10-14,Meeting,General inquiry,Sara Hassan
COM00698,C0032,2025-10-14,Video Call,Invoice query,Mohammed Ali
COM07696,C0408,2025-10-14,Email,Course recommendation,Mohammed Ali
COM05612,C0294,2025-10-14,Email,Schedule confirmation,Mohammed Ali
COM04432,C0227,2025-10-14,Meeting,Account review,Mohammed Ali
COM08659,C0462,2025-10-14,Video Call,Thank you message,Fatima Ahmed
COM04961,C0257,2025-10-14,WhatsApp,Complaint resolution,Ahmed Abdullah
COM08501,C0454,2025-10-14,Video Call,Feedback discussion,Sara Hassan
COM05502,C0288,2025-10-14,Email,Feedback discussion,Noura Salem
COM01125,C0059,2025-10-14,Phone Call,Follow-up on booking,Fatima Ahmed
COM04108,C0216,2025-10-14,Phone Call,New course announcement,Noura Salem
COM00983,C0054,2025-10-15,Video Call,Invoice query,Noura Salem
COM00816,C0040,2025-10-15,Meeting,Follow-up on booking,Sara Hassan
COM02300,C0128,2025-10-15,Email,Course recommendation,Ahmed Abdullah
COM06713,C0355,2025-10-15,Email,Follow-up on booking,Ahmed Abdullah
COM06871,C0362,2025-10-15,Email,Course recommendation,Ahmed Abdullah
COM01438,C0077,2025-10-15,Phone Call,Quotation request,Ahmed Abdullah
COM09307,C0497,2025-10-15,WhatsApp,General inquiry,Ahmed Abdullah
COM03696,C0194,2025-10-15,Video Call,Feedback discussion,Mohammed Ali
COM00545,C0023,2025-10-15,Video Call,Invoice query,Sara Hassan
COM04993,C0259,2025-10-15,Video Call,Invoice query,Sara Hassan
COM02747,C0149,2025-10-15,Video Call,Course recommendation,Sara Hassan
COM05014,C0262,2025-10-16,WhatsApp,Schedule confirmation,Noura Salem
COM05263,C0277,2025-10-16,Phone Call,Complaint resolution,Mohammed Ali
COM02360,C0130,2025-10-16,Email,New course announcement,Mohammed Ali
COM06987,C0369,2025-10-16,WhatsApp,Course recommendation,Mohammed Ali
COM02743,C0149,2025-10-16,Email,General inquiry,Sara Hassan
COM06031,C0320,2025-10-16,Meeting,New course announcement,Noura Salem
COM08259,C0439,2025-10-16,WhatsApp,Complaint resolution,Mohammed Ali
COM08399,C0447,2025-10-16,Email,Thank you message,Noura Salem
COM00166,C0007,2025-10-16,WhatsApp,Thank you message,Sara Hassan
COM01489,C0079,2025-10-16,Email,New course announcement,Ahmed Abdullah
COM04436,C0227,2025-10-17,Phone Call,Complaint resolution,Mohammed Ali
COM05494,C0288,2025-10-17,Video Call,Renewal discussion,Noura Salem
COM02707,C0147,2025-10-17,Meeting,Renewal discussion,Noura Salem
COM06917,C0364,2025-10-17,Video Call,Follow-up on booking,Fatima Ahmed
COM03248,C0173,2025-10-17,Email,Account review,Noura Salem
COM02238,C0124,2025-10-17,Email,Feedback discussion,Fatima Ahmed
COM00939,C0049,2025-10-17,Meeting,Quotation request,Sara Hassan
COM06770,C0358,2025-10-17,Phone Call,New course announcement,Mohammed Ali
COM00806,C0039,2025-10-17,Video Call,Thank you message,Noura Salem
COM08641,C0462,2025-10-18,Email,Satisfaction survey,Fatima Ahmed
COM04375,C0225,2025-10-18,Meeting,Follow-up on booking,Sara Hassan
COM09138,C0487,2025-10-18,Email,Account review,Sara Hassan
COM04227,C0222,2025-10-18,Meeting,Feedback discussion,Mohammed Ali
COM00045,C0002,2025-10-18,WhatsApp,Feedback discussion,Mohammed Ali
COM04576,C0236,2025-10-18,Video Call,Thank you message,Noura Salem
COM06505,C0345,2025-10-18,Meeting,Invoice query,Noura Salem
COM07565,C0400,2025-10-19,Video Call,Follow-up on booking,Mohammed Ali
COM04885,C0253,2025-10-19,Phone Call,Course recommendation,Ahmed Abdullah
COM07941,C0418,2025-10-19,Email,Renewal discussion,Noura Salem
COM08880,C0473,2025-10-19,Meeting,New course announcement,Ahmed Abdullah
COM04530,C0234,2025-10-19,Meeting,Account review,Mohammed Ali
COM03119,C0168,2025-10-19,Meeting,Feedback discussion,Fatima Ahmed
COM05407,C0284,2025-10-19,Video Call,Schedule confirmation,Mohammed Ali
COM03813,C0201,2025-10-19,WhatsApp,Feedback discussion,Ahmed Abdullah
COM06460,C0344,2025-10-19,Video Call,Invoice query,Noura Salem
COM02514,C0134,2025-10-19,Email,New course announcement,Noura Salem
COM00047,C0002,2025-10-20,Email,Feedback discussion,Mohammed Ali
COM02945,C0159,2025-10-20,Meeting,Renewal discussion,Sara Hassan
COM02946,C0159,2025-10-20,Phone Call,Follow-up on booking,Sara Hassan
COM01617,C0086,2025-10-20,Video Call,Satisfaction survey,Ahmed Abdullah
COM06728,C0356,2025-10-20,Video Call,Quotation request,Ahmed Abdullah
COM01351,C0071,2025-10-20,Video Call,Account review,Mohammed Ali
COM03001,C0162,2025-10-20,Video Call,Invoice query,Fatima Ahmed
COM09398,C0500,2025-10-20,WhatsApp,New course announcement,Fatima Ahmed
COM03207,C0172,2025-10-20,Email,New course announcement,Mohammed Ali
COM02084,C0112,2025-10-20,Email,Quotation request,Noura Salem
COM00807,C0040,2025-10-20,Phone Call,Satisfaction survey,Sara Hassan
COM07668,C0407,2025-10-20,Phone Call,General inquiry,Sara Hassan
COM07842,C0414,2025-10-20,Meeting,Course recommendation,Fatima Ahmed
COM06666,C0352,2025-10-21,WhatsApp,Account review,Noura Salem
COM00077,C0004,2025-10-21,Video Call,Training needs assessment,Ahmed Abdullah
COM03429,C0181,2025-10-21,Email,Feedback discussion,Sara Hassan
COM05056,C0264,2025-10-21,Email,Complaint resolution,Mohammed Ali
COM07592,C0401,2025-10-21,Email,Invoice query,Fatima Ahmed
COM04412,C0226,2025-10-21,Phone Call,New course announcement,Sara Hassan
COM06098,C0322,2025-10-21,Meeting,Satisfaction survey,Ahmed Abdullah
COM05823,C0304,2025-10-21,Video Call,General inquiry,Mohammed Ali
COM07135,C0376,2025-10-21,WhatsApp,Account review,Sara Hassan
COM08364,C0445,2025-10-21,Email,New course announcement,Sara Hassan
COM05924,C0311,2025-10-22,WhatsApp,Course recommendation,Ahmed Abdullah
COM04575,C0235,2025-10-22,Video Call,Training needs assessment,Sara Hassan
COM01828,C0099,2025-10-22,Email,Invoice query,Fatima Ahmed
COM06450,C0342,2025-10-22,WhatsApp,Quotation request,Noura Salem
COM06455,C0343,2025-10-22,WhatsApp,Training needs assessment,Mohammed Ali
COM05154,C0270,2025-10-22,Phone Call,Satisfaction survey,Sara Hassan
COM08187,C0434,2025-10-22,Phone Call,Training needs assessment,Fatima Ahmed
COM00941,C0049,2025-10-22,Meeting,Schedule confirmation,Sara Hassan
COM08397,C0447,2025-10-22,WhatsApp,General inquiry,Noura Salem
COM01937,C0103,2025-10-22,WhatsApp,Invoice query,Noura Salem
COM02667,C0145,2025-10-23,Phone Call,Thank you message,Ahmed Abdullah
COM01810,C0097,2025-10-23,Phone Call,Renewal discussion,Fatima Ahmed
COM08871,C0473,2025-10-23,Email,Complaint resolution,Ahmed Abdullah
COM02090,C0112,2025-10-23,Phone Call,Feedback discussion,Noura Salem
COM08510,C0456,2025-10-23,Phone Call,Satisfaction survey,Ahmed Abdullah
COM02297,C0128,2025-10-23,WhatsApp,Quotation request,Ahmed Abdullah
COM06682,C0353,2025-10-23,Video Call,Feedback discussion,Mohammed Ali
COM06022,C0319,2025-10-24,WhatsApp,Training needs assessment,Noura Salem
COM02629,C0142,2025-10-24,Video Call,Renewal discussion,Mohammed Ali
COM00434,C0020,2025-10-24,Video Call,Invoice query,Fatima Ahmed
COM04520,C0233,2025-10-24,Email,Account review,Fatima Ahmed
COM03273,C0174,2025-10-24,Email,Satisfaction survey,Ahmed Abdullah
COM01672,C0089,2025-10-24,Video Call,Course recommendation,Ahmed Abdullah
COM02441,C0132,2025-10-24,Phone Call,Feedback discussion,Sara Hassan
COM08319,C0443,2025-10-24,Email,Satisfaction survey,Sara Hassan
COM02341,C0129,2025-10-25,Video Call,Invoice query,Sara Hassan
COM05680,C0296,2025-10-25,Meeting,Schedule confirmation,Noura Salem
COM05148,C0270,2025-10-25,Email,Course recommendation,Sara Hassan
COM09026,C0483,2025-10-25,WhatsApp,Complaint resolution,Mohammed Ali
COM01439,C0077,2025-10-25,Meeting,General inquiry,Ahmed Abdullah
COM03971,C0208,2025-10-25,Phone Call,Renewal discussion,Noura Salem
COM07059,C0373,2025-10-25,Meeting,Invoice query,Fatima Ahmed
COM05800,C0302,2025-10-25,Phone Call,Satisfaction survey,Mohammed Ali
COM06358,C0336,2025-10-25,Meeting,Account review,Fatima Ahmed
COM07734,C0410,2025-10-25,Video Call,Account review,Mohammed Ali
COM02319,C0129,2025-10-25,Email,New course announcement,Sara Hassan
COM00330,C0015,2025-10-26,WhatsApp,Thank you message,Mohammed Ali
COM05355,C0282,2025-10-26,Meeting,Schedule confirmation,Sara Hassan
COM02316,C0129,2025-10-26,WhatsApp,Thank you message,Sara Hassan
COM06234,C0329,2025-10-26,Phone Call,Training needs assessment,Mohammed Ali
COM08233,C0437,2025-10-26,Meeting,General inquiry,Noura Salem
COM05689,C0298,2025-10-26,Email,Schedule confirmation,Fatima Ahmed
COM07582,C0401,2025-10-26,WhatsApp,New course announcement,Fatima Ahmed
COM02163,C0118,2025-10-26,WhatsApp,Feedback discussion,Noura Salem
COM01455,C0078,2025-10-27,WhatsApp,Quotation request,Fatima Ahmed
COM05308,C0280,2025-10-27,Email,Invoice query,Mohammed Ali
COM00593,C0026,2025-10-27,Phone Call,Renewal discussion,Noura Salem
COM05733,C0300,2025-10-27,Phone Call,Schedule confirmation,Noura Salem
COM02459,C0133,2025-10-27,Phone Call,Feedback discussion,Sara Hassan
COM04603,C0237,2025-10-27,Email,Satisfaction survey,Sara Hassan
COM07010,C0370,2025-10-27,Phone Call,Schedule confirmation,Fatima Ahmed
COM08072,C0427,2025-10-27,WhatsApp,New course announcement,Fatima Ahmed
COM06684,C0353,2025-10-28,Email,Invoice query,Mohammed Ali
COM02726,C0147,2025-10-28,Meeting,Complaint resolution,Noura Salem
COM08174,C0433,2025-10-28,Meeting,Complaint resolution,Ahmed Abdullah
COM06965,C0369,2025-10-28,Video Call,Complaint resolution,Mohammed Ali
COM03854,C0203,2025-10-28,Phone Call,Feedback discussion,Fatima Ahmed
COM03171,C0169,2025-10-28,WhatsApp,Renewal discussion,Ahmed Abdullah
COM03844,C0202,2025-10-28,Video Call,Feedback discussion,Sara Hassan
COM08867,C0473,2025-10-28,WhatsApp,Training needs assessment,Ahmed Abdullah
COM05028,C0263,2025-10-28,Meeting,Follow-up on booking,Sara Hassan
COM04619,C0237,2025-10-28,Video Call,New course announcement,Sara Hassan
COM05920,C0311,2025-10-29,Email,Account review,Ahmed Abdullah
COM06364,C0336,2025-10-29,WhatsApp,Course recommendation,Fatima Ahmed
COM01545,C0081,2025-10-29,Email,General inquiry,Noura Salem
COM08278,C0440,2025-10-29,Meeting,New course announcement,Mohammed Ali
COM01030,C0057,2025-10-29,Email,Invoice query,Mohammed Ali
COM09396,C0500,2025-10-29,WhatsApp,General inquiry,Fatima Ahmed
COM06653,C0351,2025-10-30,Email,Feedback discussion,Sara Hassan
COM06419,C0340,2025-10-30,Email,Complaint resolution,Ahmed Abdullah
COM01506,C0079,2025-10-30,Meeting,New course announcement,Ahmed Abdullah
COM01547,C0082,2025-10-30,WhatsApp,Follow-up on booking,Noura Salem
COM08076,C0428,2025-10-30,Phone Call,Complaint resolution,Fatima Ahmed
COM06606,C0349,2025-10-30,WhatsApp,Course recommendation,Fatima Ahmed
COM06735,C0357,2025-10-30,Meeting,Satisfaction survey,Sara Hassan
COM01991,C0107,2025-10-30,WhatsApp,Quotation request,Mohammed Ali
COM08886,C0474,2025-10-30,Video Call,Schedule confirmation,Ahmed Abdullah
COM01491,C0079,2025-10-30,WhatsApp,General inquiry,Ahmed Abdullah
COM01995,C0107,2025-10-30,Video Call,Course recommendation,Mohammed Ali
COM05935,C0311,2025-10-30,WhatsApp,Renewal discussion,Ahmed Abdullah
COM06762,C0357,2025-10-31,Email,Renewal discussion,Sara Hassan
COM01433,C0076,2025-10-31,Email,Schedule confirmation,Sara Hassan
COM00998,C0055,2025-10-31,Email,Schedule confirmation,Mohammed Ali
COM03233,C0173,2025-10-31,Email,Feedback discussion,Noura Salem
COM04891,C0254,2025-10-31,Phone Call,Complaint resolution,Fatima Ahmed
COM08511,C0456,2025-10-31,Phone Call,Invoice query,Ahmed Abdullah
COM05358,C0283,2025-10-31,Email,Course recommendation,Fatima Ahmed
COM02091,C0113,2025-10-31,Meeting,Training needs assessment,Fatima Ahmed
COM08806,C0469,2025-10-31,Meeting,Schedule confirmation,Noura Salem
COM04624,C0238,2025-11-01,Meeting,Complaint resolution,Sara Hassan
COM07486,C0395,2025-11-01,Video Call,Renewal discussion,Mohammed Ali
COM01546,C0081,2025-11-01,Meeting,Schedule confirmation,Noura Salem
COM08219,C0436,2025-11-01,Email,General inquiry,Noura Salem
COM08463,C0451,2025-11-01,WhatsApp,New course announcement,Noura Salem
COM04143,C0217,2025-11-01,Phone Call,Feedback discussion,Noura Salem
COM05293,C0278,2025-11-01,Email,Quotation request,Fatima Ahmed
COM01889,C0101,2025-11-01,Email,Satisfaction survey,Sara Hassan
COM07322,C0386,2025-11-01,Email,Feedback discussion,Ahmed Abdullah
COM05841,C0305,2025-11-01,Video Call,Feedback discussion,Mohammed Ali
COM07517,C0397,2025-11-01,Video Call,Training needs assessment,Noura Salem
COM03585,C0190,2025-11-01,Phone Call,Feedback discussion,Noura Salem
COM01389,C0073,2025-11-01,Meeting,Follow-up on booking,Mohammed Ali
COM07413,C0390,2025-11-01,Phone Call,Thank you message,Noura Salem
COM04107,C0216,2025-11-01,Phone Call,Renewal discussion,Noura Salem
COM00007,C0001,2025-11-01,WhatsApp,Quotation request,Noura Salem
COM07218,C0380,2025-11-02,Email,Course recommendation,Fatima Ahmed
COM05960,C0312,2025-11-02,Email,Account review,Noura Salem
COM02739,C0149,2025-11-02,Video Call,Invoice query,Sara Hassan
COM01507,C0079,2025-11-02,WhatsApp,Complaint resolution,Ahmed Abdullah
COM02304,C0129,2025-11-02,Phone Call,Quotation request,Sara Hassan
COM00849,C0043,2025-11-02,Meeting,Complaint resolution,Ahmed Abdullah
COM03847,C0202,2025-11-02,Meeting,Course recommendation,Sara Hassan
COM02506,C0134,2025-11-02,WhatsApp,Schedule confirmation,Noura Salem
COM04096,C0216,2025-11-02,Email,Account review,Noura Salem
COM05517,C0289,2025-11-02,Email,Schedule confirmation,Ahmed Abdullah
COM01415,C0075,2025-11-03,Meeting,Renewal discussion,Fatima Ahmed
COM09030,C0483,2025-11-03,Email,Feedback discussion,Mohammed Ali
COM03486,C0185,2025-11-03,WhatsApp,Complaint resolution,Noura Salem
COM04156,C0218,2025-11-03,Meeting,Complaint resolution,Ahmed Abdullah
COM00647,C0029,2025-11-03,WhatsApp,Renewal discussion,Noura Salem
COM08300,C0441,2025-11-03,Video Call,Complaint resolution,Mohammed Ali
COM04085,C0216,2025-11-03,Meeting,Account review,Noura Salem
COM06301,C0334,2025-11-03,Email,Follow-up on booking,Mohammed Ali
COM03870,C0203,2025-11-03,Video Call,Feedback discussion,Fatima Ahmed
COM06781,C0358,2025-11-03,Email,Quotation request,Mohammed Ali
COM08330,C0443,2025-11-03,Email,Quotation request,Sara Hassan
COM04703,C0244,2025-11-03,Email,Invoice query,Fatima Ahmed
COM07487,C0395,2025-11-03,Video Call,Invoice query,Mohammed Ali
COM02998,C0162,2025-11-03,WhatsApp,Satisfaction survey,Fatima Ahmed
COM00622,C0027,2025-11-03,Phone Call,Course recommendation,Mohammed Ali
COM00757,C0037,2025-11-04,Email,Invoice query,Fatima Ahmed
COM06986,C0369,2025-11-04,Meeting,Course recommendation,Mohammed Ali
COM02807,C0153,2025-11-04,Video Call,Thank you message,Noura Salem
COM00450,C0021,2025-11-04,Email,Renewal discussion,Mohammed Ali
COM03425,C0181,2025-11-04,Video Call,Quotation request,Sara Hassan
COM08620,C0461,2025-11-04,Video Call,Course recommendation,Noura Salem
COM04352,C0224,2025-11-04,Meeting,Course recommendation,Ahmed Abdullah
COM05015,C0262,2025-11-04,Video Call,Quotation request,Noura Salem
COM05838,C0305,2025-11-04,Phone Call,Course recommendation,Mohammed Ali
COM04006,C0211,2025-11-05,Meeting,Follow-up on booking,Fatima Ahmed
COM03761,C0197,2025-11-05,Phone Call,Schedule confirmation,Mohammed Ali
COM01946,C0103,2025-11-05,Video Call,Training needs assessment,Noura Salem
COM01330,C0069,2025-11-05,WhatsApp,Renewal discussion,Fatima Ahmed
COM09129,C0487,2025-11-05,Email,Satisfaction survey,Sara Hassan
COM04409,C0226,2025-11-05,Video Call,New course announcement,Sara Hassan
COM00011,C0001,2025-11-05,Email,Complaint resolution,Noura Salem
COM00957,C0050,2025-11-05,WhatsApp,Course recommendation,Ahmed Abdullah
COM00137,C0006,2025-11-05,Email,Invoice query,Mohammed Ali
COM04162,C0219,2025-11-05,Video Call,New course announcement,Ahmed Abdullah
COM07736,C0410,2025-11-05,Meeting,Training needs assessment,Mohammed Ali
COM05632,C0295,2025-11-06,Email,Feedback discussion,Mohammed Ali
COM03613,C0191,2025-11-06,Video Call,Quotation request,Mohammed Ali
COM04723,C0245,2025-11-06,Meeting,Thank you message,Fatima Ahmed
COM05187,C0272,2025-11-06,Email,Schedule confirmation,Ahmed Abdullah
COM03242,C0173,2025-11-06,WhatsApp,Renewal discussion,Noura Salem
COM00864,C0043,2025-11-06,WhatsApp,New course announcement,Ahmed Abdullah
COM07212,C0380,2025-11-06,Email,Training needs assessment,Fatima Ahmed
COM00085,C0004,2025-11-06,WhatsApp,Course recommendation,Ahmed Abdullah
COM08579,C0459,2025-11-07,Meeting,Complaint resolution,Ahmed Abdullah
COM05016,C0262,2025-11-07,Meeting,General inquiry,Noura Salem
COM06355,C0336,2025-11-07,Email,Feedback discussion,Fatima Ahmed
COM07975,C0421,2025-11-07,WhatsApp,Training needs assessment,Noura Salem
COM00837,C0041,2025-11-07,WhatsApp,Course recommendation,Sara Hassan
COM00907,C0047,2025-11-07,Email,General inquiry,Ahmed Abdullah
COM05629,C0295,2025-11-07,Phone Call,Complaint resolution,Mohammed Ali
COM05793,C0302,2025-11-07,WhatsApp,Training needs assessment,Mohammed Ali
COM05813,C0303,2025-11-07,Email,Course recommendation,Mohammed Ali
COM06140,C0324,2025-11-07,Video Call,Quotation request,Noura Salem
COM00623,C0027,2025-11-08,Video Call,Training needs assessment,Mohammed Ali
COM09023,C0483,2025-11-08,Email,Feedback discussion,Mohammed Ali
COM06618,C0349,2025-11-08,WhatsApp,Training needs assessment,Fatima Ahmed
COM07985,C0422,2025-11-08,Phone Call,Training needs assessment,Sara Hassan
COM04905,C0254,2025-11-08,Phone Call,General inquiry,Fatima Ahmed
COM03865,C0203,2025-11-08,Meeting,Satisfaction survey,Fatima Ahmed
COM05186,C0272,2025-11-08,Meeting,Complaint resolution,Ahmed Abdullah
COM05815,C0303,2025-11-08,WhatsApp,Account review,Mohammed Ali
COM02194,C0121,2025-11-08,Video Call,Renewal discussion,Noura Salem
COM06051,C0321,2025-11-08,Meeting,New course announcement,Ahmed Abdullah
COM06928,C0366,2025-11-08,Email,Training needs assessment,Noura Salem
COM00791,C0038,2025-11-09,Email,Quotation request,Noura Salem
COM09318,C0497,2025-11-09,Meeting,Follow-up on booking,Ahmed Abdullah
COM03884,C0203,2025-11-09,Meeting,Renewal discussion,Fatima Ahmed
COM02960,C0159,2025-11-09,Phone Call,Course recommendation,Sara Hassan
COM09037,C0483,2025-11-09,WhatsApp,General inquiry,Mohammed Ali
COM05100,C0268,2025-11-09,Video Call,New course announcement,Ahmed Abdullah
COM05174,C0271,2025-11-09,Meeting,Complaint resolution,Mohammed Ali
COM07555,C0400,2025-11-09,Meeting,Quotation request,Mohammed Ali
COM07208,C0379,2025-11-09,Video Call,Account review,Fatima Ahmed
COM03812,C0201,2025-11-10,Email,Account review,Ahmed Abdullah
COM02644,C0143,2025-11-10,Video Call,Thank you message,Mohammed Ali
COM06866,C0362,2025-11-10,Phone Call,Account review,Ahmed Abdullah
COM04609,C0237,2025-11-10,Meeting,Complaint resolution,Sara Hassan
COM04988,C0259,2025-11-10,Video Call,Feedback discussion,Sara Hassan
COM04042,C0213,2025-11-10,Phone Call,Renewal discussion,Fatima Ahmed
COM04754,C0247,2025-11-10,Meeting,Invoice query,Sara Hassan
COM08632,C0462,2025-11-10,Phone Call,Satisfaction survey,Fatima Ahmed
COM04853,C0252,2025-11-10,WhatsApp,General inquiry,Fatima Ahmed
COM05812,C0303,2025-11-10,WhatsApp,Training needs assessment,Mohammed Ali
COM04510,C0233,2025-11-10,WhatsApp,Complaint resolution,Fatima Ahmed
COM02761,C0150,2025-11-10,Email,Quotation request,Mohammed Ali
COM06432,C0340,2025-11-10,Phone Call,Complaint resolution,Ahmed Abdullah
COM07861,C0415,2025-11-10,WhatsApp,Thank you message,Sara Hassan
COM00406,C0019,2025-11-11,Video Call,New course announcement,Ahmed Abdullah
COM09035,C0483,2025-11-11,Video Call,Schedule confirmation,Mohammed Ali
COM08071,C0427,2025-11-11,Phone Call,Schedule confirmation,Fatima Ahmed
COM05151,C0270,2025-11-11,Phone Call,Complaint resolution,Sara Hassan
COM00023,C0001,2025-11-11,Video Call,Course recommendation,Noura Salem
COM08779,C0468,2025-11-11,Meeting,General inquiry,Sara Hassan
COM00784,C0038,2025-11-11,Meeting,Course recommendation,Noura Salem
COM09215,C0492,2025-11-12,Email,General inquiry,Sara Hassan
COM05679,C0296,2025-11-12,Video Call,Course recommendation,Noura Salem
COM00834,C0041,2025-11-12,WhatsApp,Schedule confirmation,Sara Hassan
COM00792,C0038,2025-11-12,WhatsApp,Invoice query,Noura Salem
COM08074,C0428,2025-11-12,Video Call,Follow-up on booking,Fatima Ahmed
COM08509,C0456,2025-11-12,Phone Call,Thank you message,Ahmed Abdullah
COM02444,C0132,2025-11-12,Meeting,Training needs assessment,Sara Hassan
COM08020,C0424,2025-11-12,Meeting,General inquiry,Ahmed Abdullah
COM02839,C0154,2025-11-12,Email,Feedback discussion,Sara Hassan
COM08604,C0460,2025-11-12,Meeting,Renewal discussion,Sara Hassan
COM08225,C0437,2025-11-12,Meeting,New course announcement,Noura Salem
COM04757,C0248,2025-11-12,Email,Invoice query,Ahmed Abdullah
COM09083,C0486,2025-11-13,WhatsApp,Account review,Sara Hassan
COM03675,C0192,2025-11-13,WhatsApp,General inquiry,Sara Hassan
COM09088,C0487,2025-11-13,Email,Thank you message,Sara Hassan
COM02652,C0144,2025-11-13,WhatsApp,Renewal discussion,Ahmed Abdullah
COM07081,C0374,2025-11-13,Phone Call,New course announcement,Mohammed Ali
COM03000,C0162,2025-11-13,Phone Call,Renewal discussion,Fatima Ahmed
COM01508,C0079,2025-11-13,Phone Call,Renewal discussion,Ahmed Abdullah
COM07688,C0408,2025-11-13,Video Call,Account review,Mohammed Ali
COM08704,C0464,2025-11-13,Phone Call,General inquiry,Sara Hassan
COM00833,C0041,2025-11-13,Video Call,Follow-up on booking,Sara Hassan
COM08694,C0464,2025-11-13,Meeting,Feedback discussion,Sara Hassan
COM06587,C0348,2025-11-13,Phone Call,General inquiry,Ahmed Abdullah
COM03560,C0189,2025-11-13,Email,Satisfaction survey,Mohammed Ali
COM06391,C0339,2025-11-13,Meeting,Course recommendation,Fatima Ahmed
COM05142,C0269,2025-11-13,Email,Satisfaction survey,Mohammed Ali
COM02654,C0144,2025-11-13,Meeting,New course announcement,Ahmed Abdullah
COM05191,C0272,2025-11-13,WhatsApp,Complaint resolution,Ahmed Abdullah
COM07412,C0390,2025-11-13,Email,Course recommendation,Noura Salem
COM02251,C0124,2025-11-13,Video Call,Satisfaction survey,Fatima Ahmed
COM08595,C0459,2025-11-13,WhatsApp,Quotation request,Ahmed Abdullah
COM04746,C0247,2025-11-14,WhatsApp,Satisfaction survey,Sara Hassan
COM00183,C0007,2025-11-14,Email,Follow-up on booking,Sara Hassan
COM01863,C0100,2025-11-14,WhatsApp,Training needs assessment,Ahmed Abdullah
COM04347,C0224,2025-11-14,Video Call,Satisfaction survey,Ahmed Abdullah
COM01859,C0100,2025-11-14,WhatsApp,Follow-up on booking,Ahmed Abdullah
COM01945,C0103,2025-11-14,Video Call,Quotation request,Noura Salem
COM03367,C0178,2025-11-14,Meeting,Complaint resolution,Mohammed Ali
COM07352,C0387,2025-11-14,Email,Schedule confirmation,Mohammed Ali
COM00888,C0045,2025-11-14,Phone Call,Account review,Ahmed Abdullah
COM05294,C0278,2025-11-14,Meeting,Renewal discussion,Fatima Ahmed
COM06427,C0340,2025-11-14,WhatsApp,Schedule confirmation,Ahmed Abdullah
COM08700,C0464,2025-11-15,Video Call,Satisfaction survey,Sara Hassan
COM02373,C0130,2025-11-15,Video Call,Training needs assessment,Mohammed Ali
COM01150,C0061,2025-11-15,Meeting,Renewal discussion,Mohammed Ali
COM02064,C0110,2025-11-15,Meeting,Quotation request,Mohammed Ali
COM03378,C0178,2025-11-15,WhatsApp,Renewal discussion,Mohammed Ali
COM05362,C0283,2025-11-15,Meeting,Quotation request,Fatima Ahmed
COM05966,C0313,2025-11-15,WhatsApp,Complaint resolution,Mohammed Ali
COM03432,C0182,2025-11-15,Phone Call,Feedback discussion,Mohammed Ali
COM02717,C0147,2025-11-15,WhatsApp,Feedback discussion,Noura Salem
COM09086,C0487,2025-11-15,Video Call,New course announcement,Sara Hassan
COM05928,C0311,2025-11-15,Email,Thank you message,Ahmed Abdullah
COM00614,C0027,2025-11-15,WhatsApp,General inquiry,Mohammed Ali
COM05145,C0270,2025-11-15,Phone Call,Follow-up on booking,Sara Hassan
COM07752,C0410,2025-11-15,Email,Feedback discussion,Mohammed Ali
COM07191,C0378,2025-11-15,Video Call,New course announcement,Sara Hassan
COM03957,C0207,2025-11-15,WhatsApp,Account review,Noura Salem
COM05260,C0277,2025-11-15,Meeting,Schedule confirmation,Mohammed Ali
COM03457,C0182,2025-11-16,WhatsApp,Follow-up on booking,Mohammed Ali
COM03235,C0173,2025-11-16,Phone Call,Complaint resolution,Noura Salem
COM00415,C0019,2025-11-16,Email,Complaint resolution,Ahmed Abdullah
COM07347,C0387,2025-11-16,Phone Call,Account review,Mohammed Ali
COM03236,C0173,2025-11-16,Email,Quotation request,Noura Salem
COM02585,C0138,2025-11-16,WhatsApp,Complaint resolution,Ahmed Abdullah
COM07636,C0405,2025-11-16,Video Call,Feedback discussion,Noura Salem
COM06247,C0330,2025-11-16,Email,Account review,Noura Salem
COM05550,C0291,2025-11-16,Video Call,Thank you message,Sara Hassan
COM06405,C0339,2025-11-16,Video Call,Follow-up on booking,Fatima Ahmed
COM03842,C0202,2025-11-16,Meeting,New course announcement,Sara Hassan
COM04235,C0222,2025-11-16,Email,Training needs assessment,Mohammed Ali
COM09297,C0496,2025-11-16,Phone Call,New course announcement,Sara Hassan
COM04564,C0235,2025-11-16,Video Call,General inquiry,Sara Hassan
COM03499,C0185,2025-11-17,Email,Follow-up on booking,Noura Salem
COM06004,C0317,2025-11-17,Phone Call,Account review,Mohammed Ali
COM07936,C0418,2025-11-17,Meeting,Thank you message,Noura Salem
COM07933,C0418,2025-11-17,WhatsApp,Training needs assessment,Noura Salem
COM03755,C0197,2025-11-17,Meeting,Training needs assessment,Mohammed Ali
COM03912,C0205,2025-11-17,Email,Thank you message,Mohammed Ali
COM07395,C0388,2025-11-17,Email,Account review,Sara Hassan
COM01448,C0078,2025-11-17,Email,Schedule confirmation,Fatima Ahmed
COM04841,C0252,2025-11-17,WhatsApp,Renewal discussion,Fatima Ahmed
COM08220,C0436,2025-11-17,Phone Call,Feedback discussion,Noura Salem
COM08392,C0447,2025-11-17,Email,Schedule confirmation,Noura Salem
COM01699,C0091,2025-11-17,Email,Renewal discussion,Sara Hassan
COM03400,C0180,2025-11-18,Video Call,Quotation request,Fatima Ahmed
COM08770,C0467,2025-11-18,Meeting,New course announcement,Sara Hassan
COM05949,C0311,2025-11-18,Video Call,Follow-up on booking,Ahmed Abdullah
COM00804,C0038,2025-11-18,Meeting,Training needs assessment,Noura Salem
COM05752,C0301,2025-11-18,Video Call,Feedback discussion,Mohammed Ali
COM07330,C0386,2025-11-18,Video Call,Course recommendation,Ahmed Abdullah
COM00478,C0021,2025-11-18,WhatsApp,Account review,Mohammed Ali
COM04718,C0245,2025-11-18,Video Call,Follow-up on booking,Fatima Ahmed
COM04607,C0237,2025-11-18,Phone Call,New course announcement,Sara Hassan
COM04586,C0236,2025-11-18,Email,New course announcement,Noura Salem
COM01677,C0090,2025-11-18,Phone Call,Feedback discussion,Fatima Ahmed
COM03958,C0207,2025-11-18,WhatsApp,Follow-up on booking,Noura Salem
COM03980,C0209,2025-11-18,Video Call,Renewal discussion,Fatima Ahmed
COM08093,C0429,2025-11-18,Email,New course announcement,Noura Salem
COM02826,C0153,2025-11-18,Email,Account review,Noura Salem
COM00657,C0030,2025-11-18,Email,Feedback discussion,Fatima Ahmed
COM00827,C0041,2025-11-18,WhatsApp,General inquiry,Sara Hassan
COM05832,C0304,2025-11-18,Meeting,Quotation request,Mohammed Ali
COM08154,C0431,2025-11-19,Email,Follow-up on booking,Ahmed Abdullah
COM02528,C0135,2025-11-19,Email,Complaint resolution,Noura Salem
COM01475,C0078,2025-11-19,Video Call,Satisfaction survey,Fatima Ahmed
COM07770,C0410,2025-11-19,Email,Account review,Mohammed Ali
COM04333,C0224,2025-11-19,Video Call,Satisfaction survey,Ahmed Abdullah
COM05163,C0270,2025-11-19,Video Call,Feedback discussion,Sara Hassan
COM00348,C0017,2025-11-19,Video Call,General inquiry,Fatima Ahmed
COM08920,C0476,2025-11-19,Phone Call,Account review,Mohammed Ali
COM09117,C0487,2025-11-19,Email,Complaint resolution,Sara Hassan
COM03445,C0182,2025-11-19,Video Call,Invoice query,Mohammed Ali
COM09317,C0497,2025-11-20,WhatsApp,Invoice query,Ahmed Abdullah
COM05311,C0280,2025-11-20,WhatsApp,Feedback discussion,Mohammed Ali
COM08873,C0473,2025-11-20,WhatsApp,Account review,Ahmed Abdullah
COM08262,C0439,2025-11-20,Video Call,Course recommendation,Mohammed Ali
COM08685,C0464,2025-11-20,WhatsApp,Feedback discussion,Sara Hassan
COM00619,C0027,2025-11-20,Email,Complaint resolution,Mohammed Ali
COM03491,C0185,2025-11-20,WhatsApp,Feedback discussion,Noura Salem
COM00696,C0032,2025-11-20,Phone Call,Feedback discussion,Mohammed Ali
COM06433,C0340,2025-11-20,Video Call,Course recommendation,Ahmed Abdullah
COM03525,C0187,2025-11-20,Meeting,Thank you message,Noura Salem
COM00643,C0028,2025-11-20,Meeting,Invoice query,Fatima Ahmed
COM07318,C0386,2025-11-21,Email,Course recommendation,Ahmed Abdullah
COM03012,C0163,2025-11-21,WhatsApp,Satisfaction survey,Ahmed Abdullah
COM05522,C0289,2025-11-21,Phone Call,Account review,Ahmed Abdullah
COM03872,C0203,2025-11-21,Phone Call,Account review,Fatima Ahmed
COM01747,C0093,2025-11-21,Video Call,Invoice query,Ahmed Abdullah
COM02271,C0125,2025-11-21,Email,Thank you message,Sara Hassan
COM03816,C0201,2025-11-21,Video Call,General inquiry,Ahmed Abdullah
COM05984,C0315,2025-11-21,Meeting,Satisfaction survey,Noura Salem
COM02087,C0112,2025-11-21,Meeting,Training needs assessment,Noura Salem
COM05229,C0275,2025-11-21,WhatsApp,Account review,Sara Hassan
COM08504,C0454,2025-11-21,Video Call,Training needs assessment,Sara Hassan
COM09221,C0493,2025-11-21,Phone Call,Thank you message,Sara Hassan
COM06253,C0330,2025-11-22,Meeting,Quotation request,Noura Salem
COM09388,C0499,2025-11-22,Meeting,Satisfaction survey,Fatima Ahmed
COM06061,C0321,2025-11-22,Phone Call,Quotation request,Ahmed Abdullah
COM07032,C0371,2025-11-22,Phone Call,Account review,Fatima Ahmed
COM08747,C0466,2025-11-22,Meeting,Training needs assessment,Noura Salem
COM02983,C0161,2025-11-22,WhatsApp,Account review,Sara Hassan
COM01539,C0080,2025-11-23,WhatsApp,General inquiry,Ahmed Abdullah
COM09029,C0483,2025-11-23,Email,Training needs assessment,Mohammed Ali
COM01983,C0107,2025-11-23,Meeting,Renewal discussion,Mohammed Ali
COM08790,C0469,2025-11-23,Video Call,Quotation request,Noura Salem
COM06519,C0345,2025-11-23,WhatsApp,General inquiry,Noura Salem
COM02656,C0144,2025-11-23,Email,Thank you message,Ahmed Abdullah
COM04771,C0249,2025-11-23,Video Call,Thank you message,Mohammed Ali
COM00818,C0040,2025-11-23,Meeting,Satisfaction survey,Sara Hassan
COM06793,C0360,2025-11-23,Video Call,New course announcement,Mohammed Ali
COM08849,C0471,2025-11-23,WhatsApp,Schedule confirmation,Ahmed Abdullah
COM03478,C0185,2025-11-23,Phone Call,Feedback discussion,Noura Salem
COM01818,C0098,2025-11-23,WhatsApp,Complaint resolution,Noura Salem
COM02135,C0117,2025-11-23,Video Call,Course recommendation,Mohammed Ali
COM05190,C0272,2025-11-23,Video Call,Renewal discussion,Ahmed Abdullah
COM00904,C0047,2025-11-23,Meeting,New course announcement,Ahmed Abdullah
COM06325,C0335,2025-11-23,Email,Training needs assessment,Noura Salem
COM08897,C0475,2025-11-23,Video Call,Follow-up on booking,Noura Salem
COM06667,C0352,2025-11-23,WhatsApp,Training needs assessment,Noura Salem
COM04577,C0236,2025-11-24,Meeting,Quotation request,Noura Salem
COM05218,C0275,2025-11-24,Meeting,Quotation request,Sara Hassan
COM03017,C0163,2025-11-24,WhatsApp,General inquiry,Ahmed Abdullah
COM09140,C0487,2025-11-24,WhatsApp,Satisfaction survey,Sara Hassan
COM00031,C0001,2025-11-24,Email,Invoice query,Noura Salem
COM04774,C0249,2025-11-24,Phone Call,Satisfaction survey,Mohammed Ali
COM04379,C0225,2025-11-24,Email,Schedule confirmation,Sara Hassan
COM00046,C0002,2025-11-24,Phone Call,Complaint resolution,Mohammed Ali
COM08739,C0466,2025-11-24,Meeting,Complaint resolution,Noura Salem
COM02030,C0109,2025-11-25,Phone Call,Training needs assessment,Fatima Ahmed
COM08553,C0458,2025-11-25,WhatsApp,Training needs assessment,Mohammed Ali
COM06959,C0367,2025-11-25,WhatsApp,Schedule confirmation,Ahmed Abdullah
COM06404,C0339,2025-11-25,Meeting,Course recommendation,Fatima Ahmed
COM00075,C0004,2025-11-25,Email,Renewal discussion,Ahmed Abdullah
COM08295,C0441,2025-11-25,WhatsApp,Feedback discussion,Mohammed Ali
COM06691,C0353,2025-11-25,Email,Thank you message,Mohammed Ali
COM05916,C0311,2025-11-25,Video Call,General inquiry,Ahmed Abdullah
COM08855,C0472,2025-11-25,Phone Call,General inquiry,Fatima Ahmed
COM08459,C0451,2025-11-25,Phone Call,Follow-up on booking,Noura Salem
COM06028,C0319,2025-11-25,WhatsApp,Quotation request,Noura Salem
COM01559,C0083,2025-11-25,Meeting,Follow-up on booking,Mohammed Ali
COM00416,C0019,2025-11-26,Email,Complaint resolution,Ahmed Abdullah
COM03427,C0181,2025-11-26,Email,Account review,Sara Hassan
COM00857,C0043,2025-11-26,Video Call,Complaint resolution,Ahmed Abdullah
COM07532,C0399,2025-11-26,WhatsApp,General inquiry,Ahmed Abdullah
COM06449,C0342,2025-11-26,Phone Call,Invoice query,Noura Salem
COM04779,C0250,2025-11-26,Phone Call,Account review,Noura Salem
COM05778,C0302,2025-11-26,Phone Call,Complaint resolution,Mohammed Ali
COM02258,C0124,2025-11-26,Video Call,Follow-up on booking,Fatima Ahmed
COM05807,C0303,2025-11-26,Video Call,Follow-up on booking,Mohammed Ali
COM01982,C0106,2025-11-26,Email,Course recommendation,Ahmed Abdullah
COM00174,C0007,2025-11-26,Video Call,New course announcement,Sara Hassan
COM07122,C0375,2025-11-26,Meeting,Schedule confirmation,Fatima Ahmed
COM03031,C0164,2025-11-27,Meeting,General inquiry,Ahmed Abdullah
COM08081,C0428,2025-11-27,Phone Call,Thank you message,Fatima Ahmed
COM06911,C0364,2025-11-27,Email,Feedback discussion,Fatima Ahmed
COM01121,C0059,2025-11-27,WhatsApp,Course recommendation,Fatima Ahmed
COM06258,C0330,2025-11-27,Phone Call,Quotation request,Noura Salem
COM08192,C0435,2025-11-27,Meeting,Quotation request,Ahmed Abdullah
COM03591,C0190,2025-11-27,WhatsApp,Thank you message,Noura Salem
COM03467,C0184,2025-11-27,Meeting,New course announcement,Sara Hassan
COM03588,C0190,2025-11-27,Email,Training needs assessment,Noura Salem
COM01128,C0059,2025-11-27,Video Call,Renewal discussion,Fatima Ahmed
COM05266,C0277,2025-11-27,Phone Call,Training needs assessment,Mohammed Ali
COM00332,C0015,2025-11-28,Email,Course recommendation,Mohammed Ali
COM06273,C0331,2025-11-28,Video Call,Complaint resolution,Mohammed Ali
COM01938,C0103,2025-11-28,WhatsApp,Account review,Noura Salem
COM05325,C0282,2025-11-28,WhatsApp,Complaint resolution,Sara Hassan
COM09072,C0485,2025-11-28,Phone Call,Invoice query,Sara Hassan
COM05614,C0294,2025-11-28,Phone Call,Account review,Mohammed Ali
COM04503,C0232,2025-11-28,Email,Account review,Fatima Ahmed
COM02093,C0113,2025-11-28,Phone Call,Thank you message,Fatima Ahmed
COM01001,C0055,2025-11-28,Meeting,Invoice query,Mohammed Ali
COM01139,C0060,2025-11-29,WhatsApp,Account review,Sara Hassan
COM00337,C0016,2025-11-29,Email,Quotation request,Sara Hassan
COM04364,C0225,2025-11-29,Video Call,New course announcement,Sara Hassan
COM04597,C0237,2025-11-29,Phone Call,Training needs assessment,Sara Hassan
COM04593,C0237,2025-11-29,Email,Feedback discussion,Sara Hassan
COM09290,C0495,2025-11-29,Video Call,Course recommendation,Ahmed Abdullah
COM04780,C0251,2025-11-29,Meeting,Feedback discussion,Sara Hassan
COM05637,C0295,2025-11-29,Video Call,Complaint resolution,Mohammed Ali
COM08267,C0440,2025-11-29,Email,General inquiry,Mohammed Ali
COM06739,C0357,2025-11-29,Phone Call,Training needs assessment,Sara Hassan
COM08393,C0447,2025-11-29,Meeting,Complaint resolution,Noura Salem
COM01411,C0074,2025-11-29,Meeting,Schedule confirmation,Ahmed Abdullah
COM09193,C0490,2025-11-30,Email,Feedback discussion,Mohammed Ali
COM08705,C0464,2025-11-30,WhatsApp,Thank you message,Sara Hassan
COM07561,C0400,2025-11-30,Phone Call,Complaint resolution,Mohammed Ali
COM00761,C0037,2025-11-30,WhatsApp,Schedule confirmation,Fatima Ahmed
COM00900,C0047,2025-11-30,Email,Feedback discussion,Ahmed Abdullah
COM07672,C0407,2025-11-30,Phone Call,Course recommendation,Sara Hassan
COM02016,C0109,2025-11-30,Meeting,Course recommendation,Fatima Ahmed
COM05241,C0276,2025-11-30,Meeting,Feedback discussion,Fatima Ahmed
COM02184,C0120,2025-11-30,Meeting,New course announcement,Sara Hassan
COM06673,C0352,2025-11-30,Video Call,Satisfaction survey,Noura Salem
COM08194,C0435,2025-11-30,Video Call,Training needs assessment,Ahmed Abdullah
COM06745,C0357,2025-11-30,Video Call,Renewal discussion,Sara Hassan
COM06753,C0357,2025-11-30,Video Call,Feedback discussion,Sara Hassan
COM06336,C0335,2025-11-30,Email,Thank you message,Noura Salem
COM01695,C0091,2025-11-30,WhatsApp,Course recommendation,Sara Hassan
COM02077,C0111,2025-11-30,Phone Call,Thank you message,Mohammed Ali
COM05817,C0304,2025-11-30,Video Call,Invoice query,Mohammed Ali
COM02902,C0158,2025-12-01,Video Call,Feedback discussion,Sara Hassan
COM05230,C0275,2025-12-01,Phone Call,Follow-up on booking,Sara Hassan
COM01432,C0076,2025-12-01,Video Call,Schedule confirmation,Sara Hassan
COM06822,C0361,2025-12-01,WhatsApp,Follow-up on booking,Fatima Ahmed
COM08503,C0454,2025-12-01,Video Call,Invoice query,Sara Hassan
COM02987,C0161,2025-12-01,Video Call,New course announcement,Sara Hassan
COM04980,C0259,2025-12-01,Email,Schedule confirmation,Sara Hassan
COM02252,C0124,2025-12-01,WhatsApp,Feedback discussion,Fatima Ahmed
COM09298,C0496,2025-12-01,Phone Call,Schedule confirmation,Sara Hassan
COM08868,C0473,2025-12-01,Meeting,Account review,Ahmed Abdullah
COM05605,C0294,2025-12-02,WhatsApp,Quotation request,Mohammed Ali
COM06901,C0364,2025-12-02,Video Call,New course announcement,Fatima Ahmed
COM08617,C0461,2025-12-02,Email,New course announcement,Noura Salem
COM01941,C0103,2025-12-02,Video Call,Course recommendation,Noura Salem
COM06334,C0335,2025-12-02,WhatsApp,Training needs assessment,Noura Salem
COM04654,C0239,2025-12-02,Video Call,Renewal discussion,Fatima Ahmed
COM07146,C0377,2025-12-02,Email,Complaint resolution,Mohammed Ali
COM08502,C0454,2025-12-02,WhatsApp,New course announcement,Sara Hassan
COM08414,C0449,2025-12-02,WhatsApp,Course recommendation,Ahmed Abdullah
COM04493,C0231,2025-12-02,Email,Renewal discussion,Sara Hassan
COM01000,C0055,2025-12-02,WhatsApp,New course announcement,Mohammed Ali
COM08507,C0455,2025-12-03,Phone Call,Renewal discussion,Mohammed Ali
COM00933,C0048,2025-12-03,Meeting,Renewal discussion,Mohammed Ali
COM07016,C0370,2025-12-03,Video Call,General inquiry,Fatima Ahmed
COM06910,C0364,2025-12-03,Video Call,Feedback discussion,Fatima Ahmed
COM02307,C0129,2025-12-03,WhatsApp,Renewal discussion,Sara Hassan
COM08557,C0459,2025-12-03,WhatsApp,Course recommendation,Ahmed Abdullah
COM00592,C0026,2025-12-03,WhatsApp,New course announcement,Noura Salem
COM01325,C0069,2025-12-03,Meeting,General inquiry,Fatima Ahmed
COM02236,C0124,2025-12-03,Email,Feedback discussion,Fatima Ahmed
COM08088,C0429,2025-12-03,Meeting,Renewal discussion,Noura Salem
COM07375,C0388,2025-12-03,Phone Call,Satisfaction survey,Sara Hassan
COM00146,C0007,2025-12-03,Video Call,Thank you message,Sara Hassan
COM01979,C0106,2025-12-04,Video Call,Thank you message,Ahmed Abdullah
COM04197,C0220,2025-12-04,Meeting,Renewal discussion,Fatima Ahmed
COM06451,C0342,2025-12-04,WhatsApp,Course recommendation,Noura Salem
COM03468,C0185,2025-12-04,Meeting,General inquiry,Noura Salem
COM00353,C0017,2025-12-04,Meeting,Satisfaction survey,Fatima Ahmed
COM05019,C0263,2025-12-04,Phone Call,Feedback discussion,Sara Hassan
COM06594,C0349,2025-12-04,Meeting,General inquiry,Fatima Ahmed
COM02431,C0132,2025-12-04,Email,Account review,Sara Hassan
COM07485,C0395,2025-12-05,Meeting,Satisfaction survey,Mohammed Ali
COM05735,C0300,2025-12-05,Email,Training needs assessment,Noura Salem
COM08784,C0469,2025-12-05,Video Call,Satisfaction survey,Noura Salem
COM03257,C0174,2025-12-05,WhatsApp,Quotation request,Ahmed Abdullah
COM00256,C0011,2025-12-05,WhatsApp,Invoice query,Noura Salem
COM08498,C0454,2025-12-05,Email,New course announcement,Sara Hassan
COM06447,C0342,2025-12-05,WhatsApp,Satisfaction survey,Noura Salem
COM03845,C0202,2025-12-05,Email,Follow-up on booking,Sara Hassan
COM06088,C0321,2025-12-05,Video Call,Training needs assessment,Ahmed Abdullah
COM05683,C0297,2025-12-05,Video Call,Course recommendation,Noura Salem
COM04145,C0217,2025-12-05,Email,Satisfaction survey,Noura Salem
COM02487,C0133,2025-12-05,Video Call,Invoice query,Sara Hassan
COM00243,C0011,2025-12-06,Meeting,Invoice query,Noura Salem
COM08966,C0480,2025-12-06,Phone Call,General inquiry,Mohammed Ali
COM00212,C0010,2025-12-06,Phone Call,General inquiry,Mohammed Ali
COM06858,C0361,2025-12-06,WhatsApp,Quotation request,Fatima Ahmed
COM07937,C0418,2025-12-06,Meeting,Feedback discussion,Noura Salem
COM05188,C0272,2025-12-06,Email,Course recommendation,Ahmed Abdullah
COM02281,C0126,2025-12-06,Video Call,Thank you message,Noura Salem
COM01935,C0103,2025-12-06,Video Call,Renewal discussion,Noura Salem
COM03284,C0174,2025-12-06,WhatsApp,New course announcement,Ahmed Abdullah
COM00409,C0019,2025-12-06,Phone Call,Quotation request,Ahmed Abdullah
COM01014,C0056,2025-12-06,Phone Call,Follow-up on booking,Sara Hassan
COM06452,C0342,2025-12-06,Meeting,New course announcement,Noura Salem
COM03767,C0197,2025-12-06,Phone Call,Complaint resolution,Mohammed Ali
COM03539,C0188,2025-12-06,Email,General inquiry,Fatima Ahmed
COM03372,C0178,2025-12-06,Phone Call,Quotation request,Mohammed Ali
COM08853,C0472,2025-12-06,Meeting,Satisfaction survey,Fatima Ahmed
COM03008,C0163,2025-12-06,WhatsApp,Account review,Ahmed Abdullah
COM06422,C0340,2025-12-07,Video Call,Course recommendation,Ahmed Abdullah
COM08769,C0467,2025-12-07,Phone Call,Course recommendation,Sara Hassan
COM01637,C0087,2025-12-07,Email,Thank you message,Fatima Ahmed
COM08820,C0470,2025-12-07,WhatsApp,General inquiry,Ahmed Abdullah
COM00521,C0022,2025-12-07,WhatsApp,Schedule confirmation,Fatima Ahmed
COM05682,C0297,2025-12-07,Meeting,Thank you message,Noura Salem
COM08925,C0477,2025-12-07,WhatsApp,Quotation request,Ahmed Abdullah
COM00518,C0022,2025-12-07,Meeting,Invoice query,Fatima Ahmed
COM06721,C0355,2025-12-07,WhatsApp,Satisfaction survey,Ahmed Abdullah
COM08254,C0439,2025-12-07,Phone Call,Invoice query,Mohammed Ali
COM03476,C0185,2025-12-07,Video Call,Invoice query,Noura Salem
COM06955,C0367,2025-12-07,Phone Call,Course recommendation,Ahmed Abdullah
COM07938,C0418,2025-12-07,Email,Quotation request,Noura Salem
COM01691,C0090,2025-12-07,WhatsApp,Feedback discussion,Fatima Ahmed
COM05681,C0297,2025-12-07,Video Call,Renewal discussion,Noura Salem
COM09111,C0487,2025-12-07,Meeting,Invoice query,Sara Hassan
COM08716,C0465,2025-12-07,Email,New course announcement,Mohammed Ali
COM07707,C0408,2025-12-08,Email,General inquiry,Mohammed Ali
COM00825,C0041,2025-12-08,Video Call,Invoice query,Sara Hassan
COM06780,C0358,2025-12-08,Phone Call,Schedule confirmation,Mohammed Ali
COM01268,C0065,2025-12-08,Phone Call,Quotation request,Ahmed Abdullah
COM05451,C0286,2025-12-08,Video Call,Training needs assessment,Fatima Ahmed
COM09187,C0489,2025-12-08,Email,New course announcement,Sara Hassan
COM04685,C0242,2025-12-08,Phone Call,Complaint resolution,Ahmed Abdullah
COM05583,C0292,2025-12-08,Video Call,Training needs assessment,Ahmed Abdullah
COM03516,C0186,2025-12-08,Video Call,Invoice query,Noura Salem
COM04529,C0234,2025-12-08,Phone Call,New course announcement,Mohammed Ali
COM04981,C0259,2025-12-08,Video Call,Account review,Sara Hassan
COM08854,C0472,2025-12-08,Email,Satisfaction survey,Fatima Ahmed
COM07482,C0394,2025-12-08,Video Call,Feedback discussion,Fatima Ahmed
COM03762,C0197,2025-12-08,Email,Account review,Mohammed Ali
COM07536,C0399,2025-12-09,Meeting,Quotation request,Ahmed Abdullah
COM03495,C0185,2025-12-09,Email,New course announcement,Noura Salem
COM09084,C0486,2025-12-09,Phone Call,Course recommendation,Sara Hassan
COM05192,C0272,2025-12-09,WhatsApp,Course recommendation,Ahmed Abdullah
COM07001,C0370,2025-12-09,Video Call,Complaint resolution,Fatima Ahmed
COM00785,C0038,2025-12-09,Video Call,Account review,Noura Salem
COM07695,C0408,2025-12-09,Phone Call,Training needs assessment,Mohammed Ali
COM03030,C0164,2025-12-09,WhatsApp,Renewal discussion,Ahmed Abdullah
COM01700,C0091,2025-12-10,Video Call,Quotation request,Sara Hassan
COM05684,C0297,2025-12-10,WhatsApp,Follow-up on booking,Noura Salem
COM06795,C0360,2025-12-10,Email,Follow-up on booking,Mohammed Ali
COM01764,C0094,2025-12-10,Video Call,New course announcement,Mohammed Ali
COM04912,C0254,2025-12-10,WhatsApp,Schedule confirmation,Fatima Ahmed
COM06572,C0346,2025-12-10,Email,Thank you message,Mohammed Ali
COM07607,C0403,2025-12-10,WhatsApp,Schedule confirmation,Noura Salem
COM09152,C0488,2025-12-10,Meeting,Follow-up on booking,Sara Hassan
COM07625,C0404,2025-12-10,Meeting,New course announcement,Fatima Ahmed
COM07850,C0414,2025-12-10,Meeting,Training needs assessment,Fatima Ahmed
COM02116,C0115,2025-12-10,Email,Invoice query,Noura Salem
COM04666,C0239,2025-12-10,Video Call,Follow-up on booking,Fatima Ahmed
COM01888,C0101,2025-12-10,Meeting,Complaint resolution,Sara Hassan
COM03405,C0180,2025-12-10,Email,General inquiry,Fatima Ahmed
COM02486,C0133,2025-12-11,Meeting,Training needs assessment,Sara Hassan
COM01987,C0107,2025-12-11,Video Call,New course announcement,Mohammed Ali
COM05726,C0299,2025-12-11,Phone Call,Course recommendation,Mohammed Ali
COM01690,C0090,2025-12-11,WhatsApp,Account review,Fatima Ahmed
COM02089,C0112,2025-12-11,WhatsApp,Renewal discussion,Noura Salem
COM08540,C0458,2025-12-11,Email,New course announcement,Mohammed Ali
COM06176,C0327,2025-12-11,Meeting,Account review,Noura Salem
COM09292,C0495,2025-12-11,Meeting,Satisfaction survey,Ahmed Abdullah
COM04113,C0216,2025-12-11,Phone Call,Renewal discussion,Noura Salem
COM01124,C0059,2025-12-11,Video Call,Quotation request,Fatima Ahmed
COM05128,C0269,2025-12-11,Video Call,Training needs assessment,Mohammed Ali
COM03341,C0176,2025-12-11,Email,Follow-up on booking,Sara Hassan
COM04045,C0214,2025-12-11,WhatsApp,Feedback discussion,Noura Salem
COM00960,C0051,2025-12-11,WhatsApp,General inquiry,Ahmed Abdullah
COM00048,C0002,2025-12-12,WhatsApp,Training needs assessment,Mohammed Ali
COM01529,C0080,2025-12-12,Meeting,Follow-up on booking,Ahmed Abdullah
COM04733,C0245,2025-12-12,WhatsApp,Quotation request,Fatima Ahmed
COM05880,C0308,2025-12-12,Meeting,General inquiry,Noura Salem
COM06162,C0326,2025-12-12,Video Call,Quotation request,Fatima Ahmed
COM04935,C0255,2025-12-12,Video Call,General inquiry,Ahmed Abdullah
COM03434,C0182,2025-12-12,Email,Follow-up on booking,Mohammed Ali
COM00192,C0008,2025-12-12,Phone Call,Feedback discussion,Fatima Ahmed
COM01291,C0066,2025-12-12,WhatsApp,Satisfaction survey,Ahmed Abdullah
COM07859,C0415,2025-12-12,WhatsApp,General inquiry,Sara Hassan
COM09326,C0497,2025-12-12,WhatsApp,General inquiry,Ahmed Abdullah
COM01175,C0061,2025-12-12,Meeting,Satisfaction survey,Mohammed Ali
COM06805,C0361,2025-12-12,Phone Call,Account review,Fatima Ahmed
COM09033,C0483,2025-12-12,Email,Quotation request,Mohammed Ali
COM05613,C0294,2025-12-12,Email,Schedule confirmation,Mohammed Ali
COM06978,C0369,2025-12-13,Meeting,Renewal discussion,Mohammed Ali
COM00326,C0015,2025-12-13,Video Call,Invoice query,Mohammed Ali
COM00248,C0011,2025-12-13,Email,Account review,Noura Salem
COM08857,C0472,2025-12-13,Email,Satisfaction survey,Fatima Ahmed
COM07089,C0375,2025-12-13,Email,Complaint resolution,Fatima Ahmed
COM06227,C0328,2025-12-13,Meeting,Follow-up on booking,Mohammed Ali
COM06749,C0357,2025-12-13,Meeting,Course recommendation,Sara Hassan
COM06863,C0362,2025-12-13,WhatsApp,Follow-up on booking,Ahmed Abdullah
COM09351,C0498,2025-12-13,Phone Call,General inquiry,Noura Salem
COM06796,C0360,2025-12-13,Meeting,Quotation request,Mohammed Ali
COM09399,C0500,2025-12-13,Email,Complaint resolution,Fatima Ahmed
COM06908,C0364,2025-12-13,Email,Thank you message,Fatima Ahmed
COM08863,C0473,2025-12-13,Meeting,Schedule confirmation,Ahmed Abdullah
COM06801,C0361,2025-12-13,Email,Feedback discussion,Fatima Ahmed
COM01479,C0078,2025-12-13,Phone Call,Invoice query,Fatima Ahmed
COM01612,C0085,2025-12-13,Video Call,New course announcement,Ahmed Abdullah
COM04785,C0251,2025-12-13,Email,Follow-up on booking,Sara Hassan
COM01347,C0070,2025-12-13,Phone Call,Thank you message,Sara Hassan
COM07479,C0394,2025-12-13,WhatsApp,Thank you message,Fatima Ahmed
COM07525,C0398,2025-12-13,Email,Training needs assessment,Ahmed Abdullah
COM07608,C0403,2025-12-13,Email,Course recommendation,Noura Salem
COM04531,C0234,2025-12-13,Video Call,Complaint resolution,Mohammed Ali
COM07674,C0407,2025-12-13,Email,Quotation request,Sara Hassan
COM08967,C0480,2025-12-13,Email,Invoice query,Mohammed Ali
COM08730,C0465,2025-12-13,Phone Call,Schedule confirmation,Mohammed Ali
COM05013,C0261,2025-12-13,Video Call,Invoice query,Mohammed Ali
COM03827,C0201,2025-12-13,Email,Invoice query,Ahmed Abdullah
COM03756,C0197,2025-12-13,Meeting,Satisfaction survey,Mohammed Ali
COM08518,C0456,2025-12-13,Phone Call,New course announcement,Ahmed Abdullah
COM09082,C0486,2025-12-13,Meeting,Renewal discussion,Sara Hassan
COM02686,C0146,2025-12-13,Video Call,New course announcement,Fatima Ahmed
COM03346,C0176,2025-12-13,Phone Call,Training needs assessment,Sara Hassan
COM01153,C0061,2025-12-13,WhatsApp,Course recommendation,Mohammed Ali
COM01122,C0059,2025-12-13,WhatsApp,Invoice query,Fatima Ahmed
COM08449,C0450,2025-12-13,Phone Call,Renewal discussion,Sara Hassan
COM09102,C0487,2025-12-13,WhatsApp,New course announcement,Sara Hassan
COM03953,C0207,2025-12-14,Phone Call,Feedback discussion,Noura Salem
COM02367,C0130,2025-12-14,Phone Call,General inquiry,Mohammed Ali
COM07751,C0410,2025-12-14,Phone Call,Account review,Mohammed Ali
COM00601,C0027,2025-12-14,Email,Complaint resolution,Mohammed Ali
COM08858,C0472,2025-12-14,Email,Complaint resolution,Fatima Ahmed
COM07671,C0407,2025-12-14,Meeting,Feedback discussion,Sara Hassan
COM00557,C0024,2025-12-14,Video Call,Quotation request,Noura Salem
COM02477,C0133,2025-12-14,WhatsApp,Satisfaction survey,Sara Hassan
COM02482,C0133,2025-12-14,Meeting,New course announcement,Sara Hassan
COM01584,C0084,2025-12-14,WhatsApp,New course announcement,Sara Hassan
COM03497,C0185,2025-12-14,Phone Call,Training needs assessment,Noura Salem
COM03840,C0202,2025-12-14,Email,Training needs assessment,Sara Hassan
COM03666,C0192,2025-12-14,WhatsApp,Follow-up on booking,Sara Hassan
COM00635,C0028,2025-12-14,Video Call,Quotation request,Fatima Ahmed
COM00412,C0019,2025-12-14,Email,Satisfaction survey,Ahmed Abdullah
COM01696,C0091,2025-12-14,Email,Thank you message,Sara Hassan
COM05259,C0277,2025-12-14,Email,Training needs assessment,Mohammed Ali
COM01704,C0091,2025-12-14,Video Call,General inquiry,Sara Hassan
COM08678,C0464,2025-12-15,Phone Call,Satisfaction survey,Sara Hassan
COM00260,C0011,2025-12-15,Phone Call,Invoice query,Noura Salem
COM01429,C0076,2025-12-15,Video Call,Schedule confirmation,Sara Hassan
COM02197,C0121,2025-12-15,Video Call,Renewal discussion,Noura Salem
COM06317,C0334,2025-12-15,Email,Invoice query,Mohammed Ali
COM07893,C0416,2025-12-15,Email,Account review,Sara Hassan
COM08445,C0450,2025-12-15,Phone Call,Follow-up on booking,Sara Hassan
COM05379,C0283,2025-12-15,Email,Quotation request,Fatima Ahmed
COM05101,C0268,2025-12-15,Video Call,Feedback discussion,Ahmed Abdullah
COM02657,C0144,2025-12-15,Meeting,General inquiry,Ahmed Abdullah
COM01321,C0069,2025-12-15,Meeting,Course recommendation,Fatima Ahmed
COM01027,C0057,2025-12-15,WhatsApp,Invoice query,Mohammed Ali
COM06196,C0327,2025-12-16,Video Call,Course recommendation,Noura Salem
COM03530,C0187,2025-12-16,Meeting,Course recommendation,Noura Salem
COM03604,C0190,2025-12-16,WhatsApp,General inquiry,Noura Salem
COM01509,C0079,2025-12-16,Meeting,Course recommendation,Ahmed Abdullah
COM06324,C0335,2025-12-16,Phone Call,Schedule confirmation,Noura Salem
COM01193,C0062,2025-12-16,Video Call,Feedback discussion,Sara Hassan
COM08508,C0455,2025-12-16,Meeting,Training needs assessment,Mohammed Ali
COM07331,C0386,2025-12-16,WhatsApp,Renewal discussion,Ahmed Abdullah
COM06356,C0336,2025-12-16,Video Call,Quotation request,Fatima Ahmed
COM03561,C0189,2025-12-16,WhatsApp,Feedback discussion,Mohammed Ali
COM01293,C0066,2025-12-16,Meeting,Training needs assessment,Ahmed Abdullah
COM03729,C0195,2025-12-16,Meeting,General inquiry,Sara Hassan
COM06577,C0347,2025-12-16,Phone Call,New course announcement,Mohammed Ali
COM05604,C0294,2025-12-16,Phone Call,Satisfaction survey,Mohammed Ali
COM01891,C0101,2025-12-16,Email,Invoice query,Sara Hassan
COM01015,C0056,2025-12-16,WhatsApp,Thank you message,Sara Hassan
COM07281,C0382,2025-12-16,Phone Call,Schedule confirmation,Sara Hassan
COM05995,C0317,2025-12-16,Email,Schedule confirmation,Mohammed Ali
COM04727,C0245,2025-12-16,Video Call,Account review,Fatima Ahmed
COM01911,C0101,2025-12-16,WhatsApp,Training needs assessment,Sara Hassan
COM03103,C0167,2025-12-16,Meeting,Renewal discussion,Sara Hassan
COM06630,C0350,2025-12-16,Meeting,Training needs assessment,Sara Hassan
COM06612,C0349,2025-12-16,Meeting,Thank you message,Fatima Ahmed
COM04588,C0236,2025-12-16,Video Call,Invoice query,Noura Salem
COM00510,C0022,2025-12-16,WhatsApp,Course recommendation,Fatima Ahmed
COM04923,C0255,2025-12-16,WhatsApp,Complaint resolution,Ahmed Abdullah
COM00884,C0045,2025-12-17,Phone Call,Quotation request,Ahmed Abdullah
COM08372,C0445,2025-12-17,Video Call,Course recommendation,Sara Hassan
COM05775,C0302,2025-12-17,Meeting,New course announcement,Mohammed Ali
COM00896,C0046,2025-12-17,Phone Call,Renewal discussion,Fatima Ahmed
COM05388,C0283,2025-12-17,WhatsApp,New course announcement,Fatima Ahmed
COM02828,C0153,2025-12-17,WhatsApp,Quotation request,Noura Salem
COM07940,C0418,2025-12-17,WhatsApp,Complaint resolution,Noura Salem
COM07943,C0418,2025-12-17,Video Call,Schedule confirmation,Noura Salem
COM03500,C0185,2025-12-17,Meeting,Schedule confirmation,Noura Salem
COM08275,C0440,2025-12-17,Email,Quotation request,Mohammed Ali
COM02943,C0159,2025-12-17,WhatsApp,Satisfaction survey,Sara Hassan
COM05608,C0294,2025-12-17,Email,Account review,Mohammed Ali
COM03843,C0202,2025-12-17,Video Call,General inquiry,Sara Hassan
COM01952,C0103,2025-12-17,Meeting,Course recommendation,Noura Salem
COM05223,C0275,2025-12-17,Meeting,Follow-up on booking,Sara Hassan
COM01790,C0096,2025-12-17,Meeting,Complaint resolution,Fatima Ahmed
COM06293,C0333,2025-12-17,WhatsApp,Training needs assessment,Sara Hassan
COM09268,C0494,2025-12-17,Email,Training needs assessment,Noura Salem
COM02068,C0111,2025-12-17,WhatsApp,New course announcement,Mohammed Ali
COM05731,C0300,2025-12-18,Meeting,Quotation request,Noura Salem
COM03376,C0178,2025-12-18,Video Call,Quotation request,Mohammed Ali
COM02294,C0127,2025-12-18,Email,Satisfaction survey,Ahmed Abdullah
COM09204,C0491,2025-12-18,WhatsApp,Renewal discussion,Fatima Ahmed
COM02287,C0126,2025-12-18,WhatsApp,Quotation request,Noura Salem
COM01947,C0103,2025-12-18,Video Call,Invoice query,Noura Salem
COM07404,C0389,2025-12-18,Meeting,Quotation request,Noura Salem
COM07692,C0408,2025-12-18,Phone Call,Course recommendation,Mohammed Ali
COM09133,C0487,2025-12-18,Video Call,Account review,Sara Hassan
COM02997,C0162,2025-12-18,Email,Complaint resolution,Fatima Ahmed
COM06760,C0357,2025-12-18,WhatsApp,Account review,Sara Hassan
COM05021,C0263,2025-12-18,Email,Quotation request,Sara Hassan
COM08771,C0467,2025-12-18,Email,General inquiry,Sara Hassan
COM08198,C0435,2025-12-18,WhatsApp,Complaint resolution,Ahmed Abdullah
COM07684,C0408,2025-12-18,Video Call,Follow-up on booking,Mohammed Ali
COM08389,C0447,2025-12-18,Phone Call,Quotation request,Noura Salem
COM07526,C0398,2025-12-18,WhatsApp,Training needs assessment,Ahmed Abdullah
COM06741,C0357,2025-12-18,Meeting,Quotation request,Sara Hassan
COM03179,C0170,2025-12-19,Video Call,Feedback discussion,Mohammed Ali
COM03230,C0173,2025-12-19,WhatsApp,Course recommendation,Noura Salem
COM07510,C0397,2025-12-19,Phone Call,Quotation request,Noura Salem
COM05970,C0314,2025-12-19,WhatsApp,Training needs assessment,Mohammed Ali
COM04673,C0240,2025-12-19,Phone Call,Feedback discussion,Ahmed Abdullah
COM05584,C0292,2025-12-19,Phone Call,New course announcement,Ahmed Abdullah
COM02632,C0142,2025-12-19,WhatsApp,Quotation request,Mohammed Ali
COM08413,C0449,2025-12-19,Video Call,Renewal discussion,Ahmed Abdullah
COM03244,C0173,2025-12-19,Meeting,Feedback discussion,Noura Salem
COM03416,C0181,2025-12-19,Phone Call,Schedule confirmation,Sara Hassan
COM03466,C0184,2025-12-19,Email,Complaint resolution,Sara Hassan
COM03838,C0202,2025-12-19,Phone Call,General inquiry,Sara Hassan
COM07332,C0386,2025-12-19,Video Call,Invoice query,Ahmed Abdullah
COM01706,C0091,2025-12-19,Video Call,Thank you message,Sara Hassan
COM00546,C0023,2025-12-19,WhatsApp,Schedule confirmation,Sara Hassan
COM01623,C0086,2025-12-19,WhatsApp,Feedback discussion,Ahmed Abdullah
COM01992,C0107,2025-12-19,Phone Call,Feedback discussion,Mohammed Ali
COM06527,C0345,2025-12-19,Video Call,Schedule confirmation,Noura Salem
COM00649,C0029,2025-12-19,Video Call,Invoice query,Noura Salem
COM07914,C0417,2025-12-19,WhatsApp,Course recommendation,Noura Salem
COM03549,C0188,2025-12-19,WhatsApp,Satisfaction survey,Fatima Ahmed
COM03574,C0189,2025-12-19,Video Call,Quotation request,Mohammed Ali
COM05309,C0280,2025-12-19,Phone Call,Training needs assessment,Mohammed Ali
COM01737,C0092,2025-12-19,Meeting,Renewal discussion,Noura Salem
COM00431,C0020,2025-12-20,Phone Call,Complaint resolution,Fatima Ahmed
COM00014,C0001,2025-12-20,Video Call,Invoice query,Noura Salem
COM03786,C0199,2025-12-20,Phone Call,Thank you message,Sara Hassan
COM06784,C0359,2025-12-20,Email,Quotation request,Ahmed Abdullah
COM05158,C0270,2025-12-20,Phone Call,Renewal discussion,Sara Hassan
COM07779,C0410,2025-12-20,Email,Training needs assessment,Mohammed Ali
COM00862,C0043,2025-12-20,Video Call,Feedback discussion,Ahmed Abdullah
COM04572,C0235,2025-12-20,WhatsApp,Feedback discussion,Sara Hassan
COM06218,C0328,2025-12-20,Phone Call,Training needs assessment,Mohammed Ali
COM02289,C0127,2025-12-20,Video Call,Training needs assessment,Ahmed Abdullah
COM05725,C0299,2025-12-20,WhatsApp,Course recommendation,Mohammed Ali
COM05866,C0308,2025-12-20,Video Call,Complaint resolution,Noura Salem
COM05484,C0287,2025-12-20,WhatsApp,New course announcement,Fatima Ahmed
COM04217,C0222,2025-12-20,Meeting,Training needs assessment,Mohammed Ali
COM07118,C0375,2025-12-20,Meeting,Quotation request,Fatima Ahmed
COM01094,C0058,2025-12-21,Phone Call,Course recommendation,Mohammed Ali
COM09237,C0493,2025-12-21,Video Call,Course recommendation,Sara Hassan
COM01289,C0066,2025-12-21,Meeting,Follow-up on booking,Ahmed Abdullah
COM09022,C0483,2025-12-21,WhatsApp,Complaint resolution,Mohammed Ali
COM00235,C0010,2025-12-21,Video Call,General inquiry,Mohammed Ali
COM04705,C0244,2025-12-21,WhatsApp,New course announcement,Fatima Ahmed
COM05998,C0317,2025-12-21,WhatsApp,Complaint resolution,Mohammed Ali
COM05860,C0307,2025-12-21,WhatsApp,Course recommendation,Fatima Ahmed
COM04098,C0216,2025-12-21,Phone Call,Follow-up on booking,Noura Salem
COM05865,C0308,2025-12-21,Email,Complaint resolution,Noura Salem
COM04456,C0229,2025-12-21,Meeting,Complaint resolution,Ahmed Abdullah
COM01613,C0085,2025-12-21,Meeting,Training needs assessment,Ahmed Abdullah
COM06798,C0360,2025-12-21,WhatsApp,Course recommendation,Mohammed Ali
COM02992,C0161,2025-12-21,WhatsApp,New course announcement,Sara Hassan
COM03887,C0203,2025-12-21,WhatsApp,New course announcement,Fatima Ahmed
COM03849,C0202,2025-12-21,Video Call,Thank you message,Sara Hassan
COM03178,C0170,2025-12-21,Meeting,Thank you message,Mohammed Ali
COM05615,C0294,2025-12-21,Email,Quotation request,Mohammed Ali
COM06340,C0335,2025-12-21,Meeting,Schedule confirmation,Noura Salem
COM06672,C0352,2025-12-21,Meeting,Invoice query,Noura Salem
COM07199,C0379,2025-12-21,Email,Follow-up on booking,Fatima Ahmed
COM03361,C0177,2025-12-21,Video Call,Invoice query,Mohammed Ali
COM05001,C0260,2025-12-21,Video Call,Complaint resolution,Noura Salem
COM03375,C0178,2025-12-21,WhatsApp,Training needs assessment,Mohammed Ali
COM05003,C0260,2025-12-21,WhatsApp,Thank you message,Noura Salem
COM01904,C0101,2025-12-21,Video Call,Feedback discussion,Sara Hassan
COM03398,C0180,2025-12-21,Email,Invoice query,Fatima Ahmed
COM08153,C0431,2025-12-21,WhatsApp,Satisfaction survey,Ahmed Abdullah
COM07527,C0398,2025-12-22,WhatsApp,Feedback discussion,Ahmed Abdullah
COM01742,C0092,2025-12-22,Meeting,Thank you message,Noura Salem
COM07606,C0403,2025-12-22,Video Call,Follow-up on booking,Noura Salem
COM07615,C0403,2025-12-22,Phone Call,Training needs assessment,Noura Salem
COM06492,C0344,2025-12-22,Meeting,Quotation request,Noura Salem
COM04310,C0224,2025-12-22,Video Call,Training needs assessment,Ahmed Abdullah
COM01136,C0060,2025-12-22,Meeting,Account review,Sara Hassan
COM03451,C0182,2025-12-22,Video Call,Course recommendation,Mohammed Ali
COM09046,C0483,2025-12-22,WhatsApp,Renewal discussion,Mohammed Ali
COM06792,C0360,2025-12-22,Meeting,General inquiry,Mohammed Ali
COM01466,C0078,2025-12-22,Phone Call,Quotation request,Fatima Ahmed
COM04269,C0223,2025-12-23,Meeting,Quotation request,Sara Hassan
COM05126,C0269,2025-12-23,Video Call,Complaint resolution,Mohammed Ali
COM00082,C0004,2025-12-23,Phone Call,Thank you message,Ahmed Abdullah
COM02044,C0110,2025-12-23,Meeting,Invoice query,Mohammed Ali
COM03563,C0189,2025-12-23,Email,Renewal discussion,Mohammed Ali
COM08505,C0454,2025-12-23,Meeting,Invoice query,Sara Hassan
COM00819,C0040,2025-12-23,Phone Call,Course recommendation,Sara Hassan
COM03785,C0199,2025-12-23,WhatsApp,Course recommendation,Sara Hassan
COM03413,C0181,2025-12-23,Email,Training needs assessment,Sara Hassan
COM07593,C0401,2025-12-23,Email,Renewal discussion,Fatima Ahmed
COM04642,C0239,2025-12-23,Phone Call,Quotation request,Fatima Ahmed
COM01349,C0070,2025-12-23,Meeting,Account review,Sara Hassan
COM04293,C0223,2025-12-23,Email,Invoice query,Sara Hassan
COM00992,C0055,2025-12-23,Email,Renewal discussion,Mohammed Ali
COM00991,C0055,2025-12-23,WhatsApp,New course announcement,Mohammed Ali
COM02919,C0158,2025-12-23,Video Call,Follow-up on booking,Sara Hassan
COM07662,C0407,2025-12-23,Meeting,New course announcement,Sara Hassan
COM04095,C0216,2025-12-23,WhatsApp,Training needs assessment,Noura Salem
COM04441,C0228,2025-12-23,WhatsApp,Renewal discussion,Fatima Ahmed
COM02522,C0135,2025-12-23,Email,Training needs assessment,Noura Salem
COM00598,C0027,2025-12-23,Email,Course recommendation,Mohammed Ali
COM07721,C0408,2025-12-23,WhatsApp,Quotation request,Mohammed Ali
COM04180,C0219,2025-12-23,Video Call,Invoice query,Ahmed Abdullah
COM04348,C0224,2025-12-23,Video Call,Account review,Ahmed Abdullah
COM03876,C0203,2025-12-23,WhatsApp,Schedule confirmation,Fatima Ahmed
COM03567,C0189,2025-12-23,Meeting,Invoice query,Mohammed Ali
COM04659,C0239,2025-12-23,Meeting,Course recommendation,Fatima Ahmed
COM05850,C0306,2025-12-23,Meeting,Feedback discussion,Fatima Ahmed
COM08949,C0478,2025-12-23,Video Call,Feedback discussion,Mohammed Ali
COM01292,C0066,2025-12-23,Phone Call,Training needs assessment,Ahmed Abdullah
COM05421,C0285,2025-12-23,Phone Call,Training needs assessment,Mohammed Ali
COM01437,C0077,2025-12-23,Video Call,Invoice query,Ahmed Abdullah
COM01409,C0074,2025-12-23,Phone Call,Quotation request,Ahmed Abdullah
COM05418,C0285,2025-12-23,WhatsApp,Schedule confirmation,Mohammed Ali
COM05372,C0283,2025-12-23,WhatsApp,Training needs assessment,Fatima Ahmed
COM00244,C0011,2025-12-23,Video Call,Complaint resolution,Noura Salem
COM07268,C0381,2025-12-24,Email,Feedback discussion,Noura Salem
COM02204,C0121,2025-12-24,Email,Complaint resolution,Noura Salem
COM07934,C0418,2025-12-24,Phone Call,Account review,Noura Salem
COM08987,C0481,2025-12-24,Video Call,Follow-up on booking,Sara Hassan
COM06026,C0319,2025-12-24,WhatsApp,Schedule confirmation,Noura Salem
COM08431,C0450,2025-12-24,WhatsApp,Quotation request,Sara Hassan
COM00831,C0041,2025-12-24,Email,Complaint resolution,Sara Hassan
COM08904,C0475,2025-12-24,Phone Call,Thank you message,Noura Salem
COM07713,C0408,2025-12-24,WhatsApp,Renewal discussion,Mohammed Ali
COM06913,C0364,2025-12-24,Email,General inquiry,Fatima Ahmed
COM01500,C0079,2025-12-24,Video Call,General inquiry,Ahmed Abdullah
COM06882,C0362,2025-12-24,Video Call,Schedule confirmation,Ahmed Abdullah
COM05927,C0311,2025-12-24,Phone Call,Feedback discussion,Ahmed Abdullah
COM09216,C0492,2025-12-24,Email,Quotation request,Sara Hassan
COM02748,C0149,2025-12-24,Meeting,Schedule confirmation,Sara Hassan
COM05121,C0269,2025-12-24,Meeting,Training needs assessment,Mohammed Ali
COM05178,C0271,2025-12-24,WhatsApp,Training needs assessment,Mohammed Ali
COM08097,C0429,2025-12-24,Phone Call,Course recommendation,Noura Salem
COM00417,C0019,2025-12-24,Email,Course recommendation,Ahmed Abdullah
COM07411,C0389,2025-12-24,Phone Call,Complaint resolution,Noura Salem
COM03370,C0178,2025-12-24,WhatsApp,Renewal discussion,Mohammed Ali
COM07111,C0375,2025-12-24,WhatsApp,Quotation request,Fatima Ahmed
COM01210,C0063,2025-12-25,Meeting,Follow-up on booking,Fatima Ahmed
COM05150,C0270,2025-12-25,Video Call,Follow-up on booking,Sara Hassan
COM08189,C0434,2025-12-25,WhatsApp,Thank you message,Fatima Ahmed
COM05630,C0295,2025-12-25,Video Call,Account review,Mohammed Ali
COM08412,C0449,2025-12-25,Meeting,Training needs assessment,Ahmed Abdullah
COM03850,C0202,2025-12-25,WhatsApp,Follow-up on booking,Sara Hassan
COM07666,C0407,2025-12-25,WhatsApp,Course recommendation,Sara Hassan
COM00589,C0025,2025-12-25,WhatsApp,Invoice query,Fatima Ahmed
COM00620,C0027,2025-12-25,Meeting,Follow-up on booking,Mohammed Ali
COM02668,C0145,2025-12-25,Video Call,Complaint resolution,Ahmed Abdullah
COM06164,C0326,2025-12-25,WhatsApp,Renewal discussion,Fatima Ahmed
COM00274,C0012,2025-12-25,Email,New course announcement,Fatima Ahmed
COM05858,C0307,2025-12-25,Video Call,Quotation request,Fatima Ahmed
COM07831,C0414,2025-12-25,Video Call,Renewal discussion,Fatima Ahmed
COM04023,C0212,2025-12-25,Email,Schedule confirmation,Noura Salem
COM02653,C0144,2025-12-25,Video Call,General inquiry,Ahmed Abdullah
COM03868,C0203,2025-12-25,WhatsApp,General inquiry,Fatima Ahmed
COM05921,C0311,2025-12-25,Video Call,Renewal discussion,Ahmed Abdullah
COM07939,C0418,2025-12-25,Meeting,New course announcement,Noura Salem
COM08150,C0431,2025-12-25,Video Call,Invoice query,Ahmed Abdullah
COM04688,C0242,2025-12-25,WhatsApp,General inquiry,Ahmed Abdullah
COM07407,C0389,2025-12-25,Email,Course recommendation,Noura Salem
COM00547,C0023,2025-12-25,Meeting,General inquiry,Sara Hassan
COM06262,C0331,2025-12-25,WhatsApp,Invoice query,Mohammed Ali
COM05273,C0277,2025-12-25,WhatsApp,Schedule confirmation,Mohammed Ali
COM07474,C0393,2025-12-25,Video Call,Satisfaction survey,Sara Hassan
COM06590,C0348,2025-12-25,WhatsApp,Invoice query,Ahmed Abdullah
COM08708,C0464,2025-12-25,Video Call,Quotation request,Sara Hassan
COM08709,C0464,2025-12-26,Video Call,Schedule confirmation,Sara Hassan
COM01081,C0058,2025-12-26,Video Call,Training needs assessment,Mohammed Ali
COM04324,C0224,2025-12-26,Video Call,Complaint resolution,Ahmed Abdullah
COM01798,C0097,2025-12-26,WhatsApp,Thank you message,Fatima Ahmed
COM02858,C0156,2025-12-26,Phone Call,Renewal discussion,Fatima Ahmed
COM05794,C0302,2025-12-26,Video Call,New course announcement,Mohammed Ali
COM01523,C0080,2025-12-26,Video Call,Course recommendation,Ahmed Abdullah
COM07513,C0397,2025-12-26,Meeting,Renewal discussion,Noura Salem
COM01105,C0058,2025-12-26,Meeting,Feedback discussion,Mohammed Ali
COM08841,C0471,2025-12-26,Email,Account review,Ahmed Abdullah
COM09079,C0485,2025-12-26,Phone Call,Thank you message,Sara Hassan
COM06339,C0335,2025-12-26,Email,Training needs assessment,Noura Salem
COM01732,C0092,2025-12-26,WhatsApp,Invoice query,Noura Salem
COM08741,C0466,2025-12-26,Email,Satisfaction survey,Noura Salem
COM00720,C0033,2025-12-26,WhatsApp,Renewal discussion,Sara Hassan
COM01269,C0065,2025-12-26,WhatsApp,New course announcement,Ahmed Abdullah
COM03475,C0185,2025-12-26,Meeting,Training needs assessment,Noura Salem
COM02979,C0160,2025-12-26,WhatsApp,Follow-up on booking,Fatima Ahmed
COM03630,C0191,2025-12-26,Phone Call,Follow-up on booking,Mohammed Ali
COM02855,C0156,2025-12-27,Meeting,Feedback discussion,Fatima Ahmed
COM06333,C0335,2025-12-27,Meeting,Course recommendation,Noura Salem
COM07257,C0381,2025-12-27,Email,Schedule confirmation,Noura Salem
COM07942,C0418,2025-12-27,Email,General inquiry,Noura Salem
COM06946,C0367,2025-12-27,Meeting,Training needs assessment,Ahmed Abdullah
COM01329,C0069,2025-12-27,Video Call,Complaint resolution,Fatima Ahmed
COM06779,C0358,2025-12-27,Meeting,Satisfaction survey,Mohammed Ali
COM01286,C0065,2025-12-27,Video Call,Invoice query,Ahmed Abdullah
COM01741,C0092,2025-12-27,WhatsApp,Quotation request,Noura Salem
COM04429,C0227,2025-12-27,WhatsApp,Course recommendation,Mohammed Ali
COM04461,C0230,2025-12-27,Meeting,Thank you message,Noura Salem
COM06515,C0345,2025-12-27,Email,Feedback discussion,Noura Salem
COM01576,C0084,2025-12-27,Video Call,General inquiry,Sara Hassan
COM00044,C0002,2025-12-27,Meeting,Training needs assessment,Mohammed Ali
COM01171,C0061,2025-12-27,Phone Call,Quotation request,Mohammed Ali
COM06467,C0344,2025-12-27,Email,Thank you message,Noura Salem
COM00441,C0021,2025-12-27,Meeting,Account review,Mohammed Ali
COM05975,C0314,2025-12-27,Phone Call,Course recommendation,Mohammed Ali
COM02745,C0149,2025-12-27,WhatsApp,New course announcement,Sara Hassan
COM04314,C0224,2025-12-27,WhatsApp,General inquiry,Ahmed Abdullah
COM07443,C0391,2025-12-27,Meeting,Satisfaction survey,Noura Salem
COM08664,C0463,2025-12-27,Phone Call,Renewal discussion,Fatima Ahmed
COM08965,C0480,2025-12-28,Meeting,Follow-up on booking,Mohammed Ali
COM05723,C0299,2025-12-28,Meeting,Invoice query,Mohammed Ali
COM07134,C0376,2025-12-28,WhatsApp,Renewal discussion,Sara Hassan
COM02247,C0124,2025-12-28,Phone Call,Feedback discussion,Fatima Ahmed
COM04743,C0247,2025-12-28,Phone Call,Complaint resolution,Sara Hassan
COM04760,C0248,2025-12-28,Phone Call,General inquiry,Ahmed Abdullah
COM08149,C0431,2025-12-28,Phone Call,Complaint resolution,Ahmed Abdullah
COM03694,C0194,2025-12-28,Video Call,Satisfaction survey,Mohammed Ali
COM05131,C0269,2025-12-28,Phone Call,New course announcement,Mohammed Ali
COM00296,C0014,2025-12-28,Phone Call,Feedback discussion,Sara Hassan
COM08856,C0472,2025-12-28,WhatsApp,Thank you message,Fatima Ahmed
COM02147,C0118,2025-12-28,WhatsApp,Invoice query,Noura Salem
COM01898,C0101,2025-12-28,Video Call,Invoice query,Sara Hassan
COM09338,C0498,2025-12-28,Phone Call,Account review,Noura Salem
COM04951,C0256,2025-12-28,Phone Call,General inquiry,Fatima Ahmed
COM02753,C0150,2025-12-28,Video Call,Feedback discussion,Mohammed Ali
COM02284,C0126,2025-12-28,Phone Call,Follow-up on booking,Noura Salem
COM03418,C0181,2025-12-28,WhatsApp,Follow-up on booking,Sara Hassan
COM00176,C0007,2025-12-28,Meeting,Training needs assessment,Sara Hassan
COM02454,C0132,2025-12-28,Email,Complaint resolution,Sara Hassan
COM08767,C0467,2025-12-28,Video Call,Complaint resolution,Sara Hassan
COM01490,C0079,2025-12-28,Meeting,Complaint resolution,Ahmed Abdullah
COM00328,C0015,2025-12-28,Email,Schedule confirmation,Mohammed Ali
COM06933,C0366,2025-12-28,WhatsApp,Account review,Noura Salem
COM07253,C0380,2025-12-28,Video Call,Schedule confirmation,Fatima Ahmed
COM03155,C0169,2025-12-28,Email,General inquiry,Ahmed Abdullah
COM02676,C0145,2025-12-28,Video Call,Follow-up on booking,Ahmed Abdullah
COM04071,C0215,2025-12-28,Video Call,Renewal discussion,Mohammed Ali
COM05146,C0270,2025-12-29,Phone Call,Quotation request,Sara Hassan
COM04157,C0218,2025-12-29,Phone Call,Training needs assessment,Ahmed Abdullah
COM04140,C0217,2025-12-29,Video Call,Training needs assessment,Noura Salem
COM06354,C0336,2025-12-29,Phone Call,Account review,Fatima Ahmed
COM04319,C0224,2025-12-29,Phone Call,Thank you message,Ahmed Abdullah
COM05883,C0308,2025-12-29,WhatsApp,Feedback discussion,Noura Salem
COM04065,C0215,2025-12-29,WhatsApp,Complaint resolution,Mohammed Ali
COM00331,C0015,2025-12-29,WhatsApp,Course recommendation,Mohammed Ali
COM00324,C0015,2025-12-29,Phone Call,Invoice query,Mohammed Ali
COM03687,C0193,2025-12-29,Meeting,General inquiry,Fatima Ahmed
COM04442,C0228,2025-12-29,Email,Schedule confirmation,Fatima Ahmed
COM05464,C0286,2025-12-29,Phone Call,Schedule confirmation,Fatima Ahmed
COM03805,C0201,2025-12-29,Video Call,Feedback discussion,Ahmed Abdullah
COM00516,C0022,2025-12-29,Meeting,Complaint resolution,Fatima Ahmed
COM07219,C0380,2025-12-29,Video Call,Feedback discussion,Fatima Ahmed
COM05585,C0292,2025-12-29,Phone Call,Invoice query,Ahmed Abdullah
COM07825,C0413,2025-12-29,Email,Follow-up on booking,Ahmed Abdullah
COM02202,C0121,2025-12-29,Video Call,Training needs assessment,Noura Salem
COM06589,C0348,2025-12-29,WhatsApp,Schedule confirmation,Ahmed Abdullah
COM00050,C0002,2025-12-29,Video Call,General inquiry,Mohammed Ali
COM08253,C0439,2025-12-29,Email,Thank you message,Mohammed Ali
COM01614,C0085,2025-12-29,Video Call,Quotation request,Ahmed Abdullah
COM06445,C0342,2025-12-29,Email,Renewal discussion,Noura Salem
COM00836,C0041,2025-12-29,Email,Thank you message,Sara Hassan
COM02290,C0127,2025-12-29,Email,Course recommendation,Ahmed Abdullah
COM06869,C0362,2025-12-29,Meeting,Satisfaction survey,Ahmed Abdullah
COM05861,C0307,2025-12-30,Video Call,New course announcement,Fatima Ahmed
COM06794,C0360,2025-12-30,Video Call,New course announcement,Mohammed Ali
COM02292,C0127,2025-12-30,Email,Course recommendation,Ahmed Abdullah
COM03874,C0203,2025-12-30,WhatsApp,Quotation request,Fatima Ahmed
COM02293,C0127,2025-12-30,Video Call,Training needs assessment,Ahmed Abdullah
COM03485,C0185,2025-12-30,Email,Satisfaction survey,Noura Salem
COM03968,C0208,2025-12-30,WhatsApp,Account review,Noura Salem
COM05840,C0305,2025-12-30,Video Call,General inquiry,Mohammed Ali
COM05575,C0291,2025-12-30,Phone Call,Quotation request,Sara Hassan
COM03462,C0183,2025-12-30,Meeting,Training needs assessment,Noura Salem
COM04459,C0230,2025-12-30,Meeting,Invoice query,Noura Salem
COM04272,C0223,2025-12-30,Meeting,Quotation request,Sara Hassan
COM01350,C0071,2025-12-30,Video Call,New course announcement,Mohammed Ali
COM08303,C0441,2025-12-30,Phone Call,Quotation request,Mohammed Ali
COM02682,C0145,2025-12-30,Video Call,Renewal discussion,Ahmed Abdullah
COM07706,C0408,2025-12-30,Email,Follow-up on booking,Mohammed Ali
COM09064,C0484,2025-12-30,Email,General inquiry,Mohammed Ali
COM00322,C0015,2025-12-30,Phone Call,Thank you message,Mohammed Ali
COM01702,C0091,2025-12-30,Phone Call,Renewal discussion,Sara Hassan
COM01025,C0057,2025-12-30,Phone Call,General inquiry,Mohammed Ali
COM06425,C0340,2025-12-30,Email,Account review,Ahmed Abdullah
COM03681,C0193,2025-12-30,Email,Thank you message,Fatima Ahmed
COM08870,C0473,2025-12-30,WhatsApp,Account review,Ahmed Abdullah
COM00759,C0037,2025-12-30,Email,Schedule confirmation,Fatima Ahmed
COM02262,C0124,2025-12-30,Email,Invoice query,Fatima Ahmed
COM04761,C0248,2025-12-30,Email,Feedback discussion,Ahmed Abdullah
COM02121,C0116,2025-12-30,Phone Call,Invoice query,Ahmed Abdullah
COM07680,C0407,2025-12-31,Meeting,Feedback discussion,Sara Hassan
COM00629,C0028,2025-12-31,Email,Satisfaction survey,Fatima Ahmed
COM07758,C0410,2025-12-31,Phone Call,Invoice query,Mohammed Ali
COM07210,C0379,2025-12-31,Meeting,Account review,Fatima Ahmed
COM05149,C0270,2025-12-31,Email,Feedback discussion,Sara Hassan
COM02792,C0152,2025-12-31,Video Call,Invoice query,Mohammed Ali
COM02237,C0124,2025-12-31,Meeting,New course announcement,Fatima Ahmed
COM02861,C0156,2025-12-31,WhatsApp,New course announcement,Fatima Ahmed
COM05965,C0313,2025-12-31,WhatsApp,General inquiry,Mohammed Ali
COM01561,C0083,2025-12-31,Phone Call,Course recommendation,Mohammed Ali
COM09251,C0493,2025-12-31,Phone Call,New course announcement,Sara Hassan
COM08052,C0425,2025-12-31,WhatsApp,Follow-up on booking,Mohammed Ali
COM00456,C0021,2025-12-31,Video Call,Thank you message,Mohammed Ali
COM08148,C0431,2025-12-31,Meeting,Renewal discussion,Ahmed Abdullah
COM02070,C0111,2025-12-31,Phone Call,Renewal discussion,Mohammed Ali
COM04713,C0245,2025-12-31,Meeting,Course recommendation,Fatima Ahmed
COM05667,C0296,2025-12-31,Meeting,General inquiry,Noura Salem
COM08183,C0434,2025-12-31,WhatsApp,Satisfaction survey,Fatima Ahmed
COM03796,C0201,2025-12-31,Phone Call,Training needs assessment,Ahmed Abdullah
COM01352,C0071,2025-12-31,Phone Call,Training needs assessment,Mohammed Ali
COM03837,C0202,2025-12-31,Video Call,Training needs assessment,Sara Hassan
COM03846,C0202,2025-12-31,Video Call,New course announcement,Sara Hassan
COM05758,C0301,2025-12-31,Meeting,Schedule confirmation,Mohammed Ali
COM02250,C0124,2025-12-31,Phone Call,Account review,Fatima Ahmed
COM05193,C0272,2025-12-31,WhatsApp,Account review,Ahmed Abdullah
COM05755,C0301,2026-01-01,WhatsApp,General inquiry,Mohammed Ali
COM02622,C0142,2026-01-01,WhatsApp,Course recommendation,Mohammed Ali
COM05236,C0276,2026-01-01,Email,Course recommendation,Fatima Ahmed
COM02097,C0113,2026-01-01,Email,Invoice query,Fatima Ahmed
COM03028,C0164,2026-01-01,Email,Thank you message,Ahmed Abdullah
COM08581,C0459,2026-01-01,Phone Call,Quotation request,Ahmed Abdullah
COM02481,C0133,2026-01-01,Video Call,Follow-up on booking,Sara Hassan
COM04287,C0223,2026-01-01,Video Call,General inquiry,Sara Hassan
COM02048,C0110,2026-01-01,Video Call,Invoice query,Mohammed Ali
COM00822,C0041,2026-01-01,Phone Call,Follow-up on booking,Sara Hassan
COM03602,C0190,2026-01-01,Email,Satisfaction survey,Noura Salem
COM01195,C0062,2026-01-01,Phone Call,Invoice query,Sara Hassan
COM06584,C0348,2026-01-01,WhatsApp,Complaint resolution,Ahmed Abdullah
COM00427,C0020,2026-01-01,Meeting,Invoice query,Fatima Ahmed
COM08802,C0469,2026-01-01,Email,Quotation request,Noura Salem
COM00648,C0029,2026-01-01,Meeting,New course announcement,Noura Salem
COM07096,C0375,2026-01-01,Phone Call,Thank you message,Fatima Ahmed
COM08031,C0425,2026-01-01,Meeting,Complaint resolution,Mohammed Ali
COM05900,C0310,2026-01-01,WhatsApp,Feedback discussion,Fatima Ahmed
COM04578,C0236,2026-01-01,Phone Call,Account review,Noura Salem
COM02471,C0133,2026-01-02,Phone Call,Account review,Sara Hassan
COM02291,C0127,2026-01-02,WhatsApp,Training needs assessment,Ahmed Abdullah
COM06542,C0345,2026-01-02,Email,Satisfaction survey,Noura Salem
COM02460,C0133,2026-01-02,Meeting,Course recommendation,Sara Hassan
COM07661,C0407,2026-01-02,WhatsApp,Schedule confirmation,Sara Hassan
COM09188,C0490,2026-01-02,Email,New course announcement,Mohammed Ali
COM07544,C0399,2026-01-02,WhatsApp,Training needs assessment,Ahmed Abdullah
COM06110,C0322,2026-01-02,WhatsApp,Schedule confirmation,Ahmed Abdullah
COM06215,C0328,2026-01-02,Email,Follow-up on booking,Mohammed Ali
COM01467,C0078,2026-01-02,Email,Satisfaction survey,Fatima Ahmed
COM01441,C0077,2026-01-02,Email,Quotation request,Ahmed Abdullah
COM03994,C0210,2026-01-02,WhatsApp,New course announcement,Ahmed Abdullah
COM07935,C0418,2026-01-02,Email,Satisfaction survey,Noura Salem
COM08297,C0441,2026-01-02,Email,Feedback discussion,Mohammed Ali
COM06457,C0343,2026-01-02,WhatsApp,Invoice query,Mohammed Ali
COM08151,C0431,2026-01-02,WhatsApp,Training needs assessment,Ahmed Abdullah
COM06279,C0331,2026-01-02,WhatsApp,New course announcement,Mohammed Ali
COM07974,C0421,2026-01-02,Email,Course recommendation,Noura Salem
COM02615,C0141,2026-01-02,WhatsApp,Complaint resolution,Ahmed Abdullah
COM07977,C0421,2026-01-02,WhatsApp,General inquiry,Noura Salem
COM03229,C0173,2026-01-02,Email,Follow-up on booking,Noura Salem
COM01334,C0069,2026-01-02,Phone Call,Training needs assessment,Fatima Ahmed
COM01208,C0062,2026-01-02,WhatsApp,Follow-up on booking,Sara Hassan
COM00329,C0015,2026-01-03,Phone Call,Course recommendation,Mohammed Ali
COM01548,C0082,2026-01-03,Video Call,Complaint resolution,Noura Salem
COM07624,C0404,2026-01-03,Phone Call,Account review,Fatima Ahmed
COM05909,C0310,2026-01-03,Meeting,Feedback discussion,Fatima Ahmed
COM03859,C0203,2026-01-03,Phone Call,Follow-up on booking,Fatima Ahmed
COM01295,C0066,2026-01-03,Email,Follow-up on booking,Ahmed Abdullah
COM01420,C0076,2026-01-03,Video Call,Course recommendation,Sara Hassan
COM05734,C0300,2026-01-03,Phone Call,Follow-up on booking,Noura Salem
COM01510,C0079,2026-01-03,Video Call,Training needs assessment,Ahmed Abdullah
COM06444,C0342,2026-01-03,Meeting,General inquiry,Noura Salem
COM00856,C0043,2026-01-03,Meeting,Invoice query,Ahmed Abdullah
COM06717,C0355,2026-01-03,Phone Call,Training needs assessment,Ahmed Abdullah
COM01676,C0090,2026-01-03,Phone Call,Satisfaction survey,Fatima Ahmed
COM04418,C0226,2026-01-03,WhatsApp,General inquiry,Sara Hassan
COM01659,C0088,2026-01-03,Meeting,New course announcement,Sara Hassan
COM02517,C0134,2026-01-03,WhatsApp,Renewal discussion,Noura Salem
COM05141,C0269,2026-01-03,Email,Account review,Mohammed Ali
COM01624,C0086,2026-01-03,Email,General inquiry,Ahmed Abdullah
COM05274,C0277,2026-01-03,Meeting,New course announcement,Mohammed Ali
COM07480,C0394,2026-01-03,Meeting,Satisfaction survey,Fatima Ahmed
COM07444,C0391,2026-01-03,WhatsApp,Feedback discussion,Noura Salem
COM02781,C0152,2026-01-03,Meeting,Invoice query,Mohammed Ali
COM07341,C0387,2026-01-03,WhatsApp,Follow-up on booking,Mohammed Ali
COM02959,C0159,2026-01-03,Video Call,Renewal discussion,Sara Hassan
COM08441,C0450,2026-01-03,Email,Course recommendation,Sara Hassan
COM02465,C0133,2026-01-03,WhatsApp,Schedule confirmation,Sara Hassan
COM01497,C0079,2026-01-04,WhatsApp,Renewal discussion,Ahmed Abdullah
COM00022,C0001,2026-01-04,Video Call,Follow-up on booking,Noura Salem
COM05724,C0299,2026-01-04,WhatsApp,Account review,Mohammed Ali
COM05619,C0294,2026-01-04,Email,Renewal discussion,Mohammed Ali
COM01879,C0100,2026-01-04,Meeting,New course announcement,Ahmed Abdullah
COM01705,C0091,2026-01-04,WhatsApp,Account review,Sara Hassan
COM06719,C0355,2026-01-04,Video Call,Follow-up on booking,Ahmed Abdullah
COM01950,C0103,2026-01-04,Email,Schedule confirmation,Noura Salem
COM07188,C0378,2026-01-04,WhatsApp,Invoice query,Sara Hassan
COM02336,C0129,2026-01-04,WhatsApp,Account review,Sara Hassan
COM04382,C0225,2026-01-04,Meeting,Course recommendation,Sara Hassan
COM02706,C0147,2026-01-04,Phone Call,Complaint resolution,Noura Salem
COM00049,C0002,2026-01-04,Video Call,Account review,Mohammed Ali
COM04123,C0217,2026-01-04,Email,General inquiry,Noura Salem
COM03920,C0205,2026-01-04,Email,Schedule confirmation,Mohammed Ali
COM02569,C0138,2026-01-04,Meeting,Account review,Ahmed Abdullah
COM08184,C0434,2026-01-04,Meeting,Account review,Fatima Ahmed
COM03783,C0199,2026-01-04,WhatsApp,Renewal discussion,Sara Hassan
COM06934,C0366,2026-01-04,Meeting,General inquiry,Noura Salem
COM00909,C0047,2026-01-04,Meeting,Renewal discussion,Ahmed Abdullah
COM06966,C0369,2026-01-04,Email,New course announcement,Mohammed Ali
COM00491,C0022,2026-01-04,Meeting,Thank you message,Fatima Ahmed
COM06370,C0336,2026-01-04,Meeting,Feedback discussion,Fatima Ahmed
COM00766,C0037,2026-01-04,Meeting,Schedule confirmation,Fatima Ahmed
COM05717,C0298,2026-01-05,Email,Course recommendation,Fatima Ahmed
COM09169,C0488,2026-01-05,Email,Quotation request,Sara Hassan
COM07379,C0388,2026-01-05,Meeting,Satisfaction survey,Sara Hassan
COM02721,C0147,2026-01-05,Meeting,Course recommendation,Noura Salem
COM03366,C0178,2026-01-05,Video Call,New course announcement,Mohammed Ali
COM04114,C0216,2026-01-05,Email,Satisfaction survey,Noura Salem
COM06263,C0331,2026-01-05,Meeting,Training needs assessment,Mohammed Ali
COM07149,C0377,2026-01-05,Video Call,Renewal discussion,Mohammed Ali
COM05576,C0292,2026-01-05,Meeting,Course recommendation,Ahmed Abdullah
COM08143,C0430,2026-01-05,Phone Call,Thank you message,Mohammed Ali
COM03042,C0165,2026-01-05,WhatsApp,Thank you message,Sara Hassan
COM03595,C0190,2026-01-05,WhatsApp,Feedback discussion,Noura Salem
COM01281,C0065,2026-01-05,Email,Thank you message,Ahmed Abdullah
COM03600,C0190,2026-01-05,Phone Call,New course announcement,Noura Salem
COM08152,C0431,2026-01-05,WhatsApp,Complaint resolution,Ahmed Abdullah
COM08981,C0481,2026-01-05,WhatsApp,New course announcement,Sara Hassan
COM03394,C0180,2026-01-05,Video Call,Training needs assessment,Fatima Ahmed
COM02045,C0110,2026-01-05,WhatsApp,Complaint resolution,Mohammed Ali
COM09390,C0499,2026-01-05,Meeting,Satisfaction survey,Fatima Ahmed
COM00385,C0018,2026-01-05,Video Call,Schedule confirmation,Sara Hassan
COM04460,C0230,2026-01-05,WhatsApp,Feedback discussion,Noura Salem
COM05073,C0266,2026-01-05,WhatsApp,Renewal discussion,Noura Salem
COM04600,C0237,2026-01-05,Email,Course recommendation,Sara Hassan
COM02484,C0133,2026-01-05,Video Call,Invoice query,Sara Hassan
COM07063,C0373,2026-01-06,Phone Call,Satisfaction survey,Fatima Ahmed
COM00683,C0031,2026-01-06,Video Call,Quotation request,Noura Salem
COM08692,C0464,2026-01-06,Phone Call,General inquiry,Sara Hassan
COM08175,C0433,2026-01-06,Phone Call,Complaint resolution,Ahmed Abdullah
COM07873,C0415,2026-01-06,WhatsApp,Follow-up on booking,Sara Hassan
COM07161,C0378,2026-01-06,Video Call,Complaint resolution,Sara Hassan
COM09137,C0487,2026-01-06,Phone Call,Quotation request,Sara Hassan
COM00835,C0041,2026-01-06,Email,Account review,Sara Hassan
COM05948,C0311,2026-01-06,Video Call,Thank you message,Ahmed Abdullah
COM05491,C0288,2026-01-06,Meeting,Feedback discussion,Noura Salem
COM02741,C0149,2026-01-06,Email,Feedback discussion,Sara Hassan
COM01202,C0062,2026-01-06,Meeting,Course recommendation,Sara Hassan
COM01132,C0059,2026-01-06,Email,Thank you message,Fatima Ahmed
COM04749,C0247,2026-01-06,Meeting,Satisfaction survey,Sara Hassan
COM03461,C0183,2026-01-06,Email,Quotation request,Noura Salem
COM08096,C0429,2026-01-06,Meeting,New course announcement,Noura Salem
COM08689,C0464,2026-01-06,Video Call,Training needs assessment,Sara Hassan
COM04871,C0252,2026-01-06,WhatsApp,Renewal discussion,Fatima Ahmed
COM02299,C0128,2026-01-06,Meeting,New course announcement,Ahmed Abdullah
COM04667,C0240,2026-01-06,WhatsApp,Thank you message,Ahmed Abdullah
COM07524,C0398,2026-01-06,Video Call,Renewal discussion,Ahmed Abdullah
COM01876,C0100,2026-01-06,Meeting,Renewal discussion,Ahmed Abdullah
COM07514,C0397,2026-01-06,Email,Training needs assessment,Noura Salem
COM03484,C0185,2026-01-06,Phone Call,New course announcement,Noura Salem
COM02277,C0125,2026-01-07,Video Call,Course recommendation,Sara Hassan
COM01004,C0056,2026-01-07,WhatsApp,General inquiry,Sara Hassan
COM03688,C0193,2026-01-07,Meeting,Training needs assessment,Fatima Ahmed
COM06983,C0369,2026-01-07,Email,Schedule confirmation,Mohammed Ali
COM03878,C0203,2026-01-07,Email,Schedule confirmation,Fatima Ahmed
COM06160,C0326,2026-01-07,WhatsApp,Renewal discussion,Fatima Ahmed
COM04422,C0226,2026-01-07,Email,Satisfaction survey,Sara Hassan
COM08386,C0447,2026-01-07,Phone Call,Invoice query,Noura Salem
COM07679,C0407,2026-01-07,Phone Call,Invoice query,Sara Hassan
COM01126,C0059,2026-01-07,Meeting,Renewal discussion,Fatima Ahmed
COM02864,C0156,2026-01-07,Phone Call,Account review,Fatima Ahmed
COM00544,C0023,2026-01-07,Video Call,General inquiry,Sara Hassan
COM05509,C0288,2026-01-07,Video Call,Complaint resolution,Noura Salem
COM06868,C0362,2026-01-07,Email,Invoice query,Ahmed Abdullah
COM00662,C0030,2026-01-07,Email,Satisfaction survey,Fatima Ahmed
COM04009,C0211,2026-01-07,Phone Call,Satisfaction survey,Fatima Ahmed
COM06887,C0362,2026-01-07,Meeting,General inquiry,Ahmed Abdullah
COM03029,C0164,2026-01-07,Phone Call,Schedule confirmation,Ahmed Abdullah
COM08613,C0461,2026-01-07,Meeting,Schedule confirmation,Noura Salem
COM08768,C0467,2026-01-07,Phone Call,Schedule confirmation,Sara Hassan
COM06269,C0331,2026-01-08,Phone Call,New course announcement,Mohammed Ali
COM06902,C0364,2026-01-08,WhatsApp,Training needs assessment,Fatima Ahmed
COM06244,C0330,2026-01-08,Meeting,Quotation request,Noura Salem
COM06179,C0327,2026-01-08,Meeting,Quotation request,Noura Salem
COM06774,C0358,2026-01-08,Email,Course recommendation,Mohammed Ali
COM05769,C0301,2026-01-08,Meeting,General inquiry,Mohammed Ali
COM07980,C0422,2026-01-08,Phone Call,Course recommendation,Sara Hassan
COM07590,C0401,2026-01-08,WhatsApp,Renewal discussion,Fatima Ahmed
COM08043,C0425,2026-01-08,Email,Satisfaction survey,Mohammed Ali
COM03381,C0178,2026-01-08,Video Call,Schedule confirmation,Mohammed Ali
COM03153,C0169,2026-01-08,Video Call,General inquiry,Ahmed Abdullah
COM02813,C0153,2026-01-08,Email,Renewal discussion,Noura Salem
COM09241,C0493,2026-01-08,Email,New course announcement,Sara Hassan
COM05340,C0282,2026-01-08,WhatsApp,New course announcement,Sara Hassan
COM02643,C0143,2026-01-08,Meeting,Course recommendation,Mohammed Ali
COM08852,C0472,2026-01-08,Phone Call,Schedule confirmation,Fatima Ahmed
COM01458,C0078,2026-01-08,Video Call,New course announcement,Fatima Ahmed
COM01218,C0063,2026-01-08,Phone Call,Quotation request,Fatima Ahmed
COM08711,C0464,2026-01-08,Meeting,Renewal discussion,Sara Hassan
COM08749,C0466,2026-01-08,WhatsApp,Invoice query,Noura Salem
COM01902,C0101,2026-01-08,Meeting,Thank you message,Sara Hassan
COM01615,C0085,2026-01-08,Meeting,Invoice query,Ahmed Abdullah
COM01827,C0099,2026-01-09,Video Call,Course recommendation,Fatima Ahmed
COM06261,C0331,2026-01-09,Email,Course recommendation,Mohammed Ali
COM03750,C0196,2026-01-09,Phone Call,Renewal discussion,Mohammed Ali
COM01341,C0069,2026-01-09,Meeting,General inquiry,Fatima Ahmed
COM00795,C0038,2026-01-09,WhatsApp,Invoice query,Noura Salem
COM03374,C0178,2026-01-09,Phone Call,Follow-up on booking,Mohammed Ali
COM02875,C0156,2026-01-09,Meeting,General inquiry,Fatima Ahmed
COM06459,C0343,2026-01-09,Video Call,Course recommendation,Mohammed Ali
COM02750,C0149,2026-01-09,Phone Call,Quotation request,Sara Hassan
COM09180,C0488,2026-01-09,Meeting,Schedule confirmation,Sara Hassan
COM08360,C0444,2026-01-09,WhatsApp,Thank you message,Noura Salem
COM06508,C0345,2026-01-09,Email,Schedule confirmation,Noura Salem
COM08417,C0449,2026-01-09,Email,New course announcement,Ahmed Abdullah
COM08462,C0451,2026-01-09,Email,Satisfaction survey,Noura Salem
COM08506,C0455,2026-01-09,Phone Call,Course recommendation,Mohammed Ali
COM08218,C0436,2026-01-09,Phone Call,Thank you message,Noura Salem
COM04384,C0225,2026-01-09,Video Call,General inquiry,Sara Hassan
COM01342,C0069,2026-01-09,WhatsApp,Schedule confirmation,Fatima Ahmed
COM04462,C0230,2026-01-09,Video Call,Account review,Noura Salem
COM00204,C0009,2026-01-09,Phone Call,General inquiry,Noura Salem
COM07269,C0381,2026-01-09,Video Call,Feedback discussion,Noura Salem
COM05590,C0293,2026-01-09,Meeting,Training needs assessment,Fatima Ahmed
COM05523,C0289,2026-01-09,WhatsApp,Schedule confirmation,Ahmed Abdullah
COM00247,C0011,2026-01-09,Video Call,General inquiry,Noura Salem
COM05385,C0283,2026-01-09,WhatsApp,Thank you message,Fatima Ahmed
COM05262,C0277,2026-01-09,Phone Call,General inquiry,Mohammed Ali
COM00435,C0020,2026-01-09,Email,Schedule confirmation,Fatima Ahmed
COM07639,C0405,2026-01-09,WhatsApp,Quotation request,Noura Salem
COM04726,C0245,2026-01-09,Phone Call,Quotation request,Fatima Ahmed
COM07523,C0398,2026-01-09,WhatsApp,Satisfaction survey,Ahmed Abdullah
COM02700,C0146,2026-01-10,Phone Call,Schedule confirmation,Fatima Ahmed
COM05108,C0268,2026-01-10,Meeting,Satisfaction survey,Ahmed Abdullah
COM07112,C0375,2026-01-10,Video Call,Course recommendation,Fatima Ahmed
COM08415,C0449,2026-01-10,Meeting,Course recommendation,Ahmed Abdullah
COM05215,C0275,2026-01-10,Meeting,Satisfaction survey,Sara Hassan
COM09267,C0494,2026-01-10,Meeting,Satisfaction survey,Noura Salem
COM01735,C0092,2026-01-10,Meeting,Account review,Noura Salem
COM05482,C0287,2026-01-10,Email,Quotation request,Fatima Ahmed
COM07264,C0381,2026-01-10,Video Call,Schedule confirmation,Noura Salem
COM05727,C0299,2026-01-10,Video Call,Complaint resolution,Mohammed Ali
COM08416,C0449,2026-01-10,Phone Call,Invoice query,Ahmed Abdullah
COM04984,C0259,2026-01-10,Phone Call,Complaint resolution,Sara Hassan
COM08301,C0441,2026-01-10,Email,Thank you message,Mohammed Ali
COM09126,C0487,2026-01-10,Email,Thank you message,Sara Hassan
COM09321,C0497,2026-01-10,WhatsApp,Invoice query,Ahmed Abdullah
COM04021,C0212,2026-01-10,Video Call,Invoice query,Noura Salem
COM03766,C0197,2026-01-10,Email,Thank you message,Mohammed Ali
COM04936,C0255,2026-01-10,Email,Renewal discussion,Ahmed Abdullah
COM06161,C0326,2026-01-10,Email,Course recommendation,Fatima Ahmed
COM04497,C0232,2026-01-10,Meeting,Satisfaction survey,Fatima Ahmed
COM06313,C0334,2026-01-10,Email,Thank you message,Mohammed Ali
COM04158,C0218,2026-01-10,Meeting,Training needs assessment,Ahmed Abdullah
COM06392,C0339,2026-01-10,Email,Thank you message,Fatima Ahmed
COM04463,C0230,2026-01-10,Email,Invoice query,Noura Salem
COM03363,C0177,2026-01-10,Meeting,Invoice query,Mohammed Ali
COM07522,C0398,2026-01-10,WhatsApp,Feedback discussion,Ahmed Abdullah
COM06169,C0327,2026-01-10,Phone Call,New course announcement,Noura Salem
COM04687,C0242,2026-01-10,Meeting,Quotation request,Ahmed Abdullah
COM03927,C0206,2026-01-10,Email,Follow-up on booking,Fatima Ahmed
COM07811,C0411,2026-01-11,Meeting,General inquiry,Noura Salem
COM01444,C0078,2026-01-11,Phone Call,Invoice query,Fatima Ahmed
COM00323,C0015,2026-01-11,Phone Call,Feedback discussion,Mohammed Ali
COM07101,C0375,2026-01-11,WhatsApp,Account review,Fatima Ahmed
COM02100,C0114,2026-01-11,Video Call,General inquiry,Fatima Ahmed
COM02399,C0131,2026-01-11,Email,Invoice query,Fatima Ahmed
COM00402,C0018,2026-01-11,Phone Call,Complaint resolution,Sara Hassan
COM00823,C0041,2026-01-11,WhatsApp,Course recommendation,Sara Hassan
COM03211,C0172,2026-01-11,Video Call,Quotation request,Mohammed Ali
COM04421,C0226,2026-01-11,Phone Call,Invoice query,Sara Hassan
COM01841,C0099,2026-01-11,Meeting,Thank you message,Fatima Ahmed
COM02054,C0110,2026-01-11,WhatsApp,Thank you message,Mohammed Ali
