feedback_id,client_id,booking_id,feedback_date,overall_rating,nps_score,trainer_rating,comments
F00001,C0001,B00001,2022-05-17,4.2,8,4.0,"Good course overall, met expectations"
F00002,C0001,B00002,2022-07-10,4.2,7,4.6,
F00003,C0001,B00003,2022-08-16,4.8,9,4.7,"Exceeded expectations, highly recommend"
F00004,C0001,B00004,2022-10-12,3.6,7,3.5,"Decent workshop, learned some new things"
F00005,C0001,B00006,2023-01-17,3.9,8,3.8,"Decent workshop, learned some new things"
F00006,C0001,B00007,2023-03-09,3.6,7,3.8,
F00007,C0001,B00009,2023-05-31,4.2,8,4.3,"Useful content, could use more examples"
F00008,C0001,B00010,2023-08-03,3.4,1,3.6,"Too theoretical, needed more practical exercises"
F00009,C0001,B00011,2023-09-30,4.9,10,4.8,"Good pace, well-structured content"
F00010,C0001,B00014,2024-03-09,4.0,8,4.1,"Decent workshop, learned some new things"
F00011,C0003,B00016,2022-08-27,5.0,9,5.0,
F00012,C0003,B00017,2022-12-02,4.3,7,4.9,"Useful content, could use more examples"
F00013,C0003,B00018,2023-03-06,4.3,7,4.2,
F00014,C0003,B00019,2023-05-29,4.2,7,4.1,"Decent workshop, learned some new things"
F00015,C0003,B00020,2023-08-26,3.9,7,4.0,
F00016,C0003,B00021,2023-11-28,4.8,9,4.7,Very useful tools and frameworks provided
F00017,C0004,B00022,2023-10-27,4.8,10,5.0,"Exceeded expectations, highly recommend"
F00018,C0004,B00025,2024-02-25,3.9,8,4.2,
F00019,C0004,B00026,2024-03-27,3.9,7,3.9,
F00020,C0004,B00027,2024-05-17,3.5,8,3.6,"Useful content, could use more examples"
F00021,C0004,B00028,2024-07-05,3.9,7,3.7,
F00022,C0004,B00031,2024-10-27,4.5,10,4.6,
F00023,C0004,B00033,2025-01-12,4.5,10,4.3,Trainer was knowledgeable and approachable
F00024,C0004,B00034,2025-02-15,3.4,3,3.4,"Pace was too fast, hard to follow"
F00025,C0005,B00035,2022-11-15,4.5,10,5.0,Very useful tools and frameworks provided
F00026,C0005,B00036,2022-12-28,3.9,8,3.6,
F00027,C0005,B00037,2023-01-27,3.8,8,4.0,"Good course overall, met expectations"
F00028,C0005,B00038,2023-03-29,4.9,9,4.9,"Good pace, well-structured content"
F00029,C0005,B00041,2023-08-04,4.0,8,3.7,
F00030,C0005,B00042,2023-09-18,4.8,10,4.9,Highly engaging and interactive session
F00031,C0005,B00043,2023-11-01,4.6,10,4.1,Great real-world examples and case studies
F00032,C0005,B00044,2023-12-01,4.9,10,5.0,
F00033,C0005,B00045,2024-01-06,4.2,8,4.6,
F00034,C0006,B00046,2021-02-27,4.6,10,4.9,Great real-world examples and case studies
F00035,C0006,B00047,2021-03-28,4.5,10,5.0,"Good pace, well-structured content"
F00036,C0006,B00048,2021-04-29,4.0,8,4.4,"Decent workshop, learned some new things"
F00037,C0006,B00049,2021-06-03,4.4,7,4.5,"Decent workshop, learned some new things"
F00038,C0006,B00050,2021-07-19,4.1,8,4.1,"Good course overall, met expectations"
F00039,C0006,B00052,2021-10-05,4.3,7,4.9,"Useful content, could use more examples"
F00040,C0006,B00055,2022-01-15,5.0,9,4.9,
F00041,C0006,B00056,2022-02-06,4.2,7,4.3,
F00042,C0006,B00058,2022-04-16,3.8,8,4.3,
F00043,C0006,B00059,2022-05-25,4.6,10,4.8,"Good pace, well-structured content"
F00044,C0007,B00060,2024-06-15,3.8,8,3.9,"Useful content, could use more examples"
F00045,C0007,B00061,2024-07-26,4.5,9,4.6,Highly engaging and interactive session
F00046,C0007,B00062,2024-08-26,3.5,7,3.5,
F00047,C0007,B00063,2024-10-07,3.8,7,3.8,
F00048,C0007,B00064,2024-11-05,4.3,7,4.3,"Good course overall, met expectations"
F00049,C0007,B00066,2025-02-09,3.8,8,3.8,
F00050,C0007,B00070,2025-08-14,4.5,10,4.8,"Exceeded expectations, highly recommend"
F00051,C0007,B00073,2025-12-23,4.3,8,4.6,
F00052,C0008,B00074,2022-02-05,4.0,8,4.5,
F00053,C0009,B00076,2022-10-14,3.6,7,3.4,
F00054,C0009,B00077,2022-12-03,4.7,10,4.8,Great real-world examples and case studies
F00055,C0009,B00081,2023-07-19,4.7,10,4.8,
F00056,C0010,B00082,2022-09-05,4.1,7,4.3,"Decent workshop, learned some new things"
F00057,C0010,B00083,2022-12-20,4.0,7,4.3,
F00058,C0010,B00084,2023-04-09,4.0,7,3.8,Trainer was knowledgeable
F00059,C0010,B00085,2023-07-02,4.2,7,4.3,"Good course overall, met expectations"
F00060,C0010,B00086,2023-09-25,3.9,8,4.3,"Useful content, could use more examples"
F00061,C0010,B00087,2024-01-08,4.7,10,5.0,Great real-world examples and case studies
F00062,C0010,B00088,2024-04-01,3.7,8,3.9,Trainer was knowledgeable
F00063,C0011,B00090,2025-01-25,4.4,7,4.5,"Useful content, could use more examples"
F00064,C0011,B00091,2025-03-04,4.7,10,4.6,"Excellent trainer, very practical content"
F00065,C0011,B00092,2025-05-05,3.9,7,4.2,
F00066,C0011,B00093,2025-06-29,4.9,9,4.9,Trainer was knowledgeable and approachable
F00067,C0012,B00097,2022-02-25,3.5,8,3.9,
F00068,C0012,B00098,2022-06-29,4.2,8,4.1,"Good course overall, met expectations"
F00069,C0012,B00100,2023-02-18,4.0,7,3.6,"Good course overall, met expectations"
F00070,C0013,B00101,2021-01-20,3.9,7,4.3,
F00071,C0013,B00102,2021-04-28,5.0,9,5.0,Great real-world examples and case studies
F00072,C0013,B00103,2021-08-02,3.8,7,3.8,"Good course overall, met expectations"
F00073,C0014,B00105,2021-09-08,3.8,7,3.7,
F00074,C0014,B00106,2021-10-30,3.9,7,3.6,"Decent workshop, learned some new things"
F00075,C0014,B00107,2021-12-23,3.7,8,3.5,
F00076,C0014,B00109,2022-04-07,4.5,9,5.0,Highly engaging and interactive session
F00077,C0014,B00110,2022-06-14,4.6,9,5.0,Highly engaging and interactive session
F00078,C0014,B00111,2022-08-05,4.1,7,4.1,"Useful content, could use more examples"
F00079,C0014,B00112,2022-09-20,4.4,8,4.9,
F00080,C0014,B00114,2023-01-05,5.0,10,4.9,Great real-world examples and case studies
F00081,C0014,B00116,2023-03-30,3.7,8,4.1,
F00082,C0014,B00117,2023-05-13,3.8,8,3.5,"Useful content, could use more examples"
F00083,C0014,B00118,2023-06-14,5.0,10,5.0,Great real-world examples and case studies
F00084,C0014,B00120,2023-10-02,5.0,9,5.0,
F00085,C0015,B00121,2025-08-17,4.7,10,4.8,
F00086,C0015,B00122,2025-10-06,4.1,8,4.3,"Decent workshop, learned some new things"
F00087,C0015,B00123,2025-11-25,4.7,10,4.3,Great real-world examples and case studies
F00088,C0016,B00124,2023-04-18,4.5,9,4.9,
F00089,C0016,B00125,2023-05-27,4.4,7,4.2,"Good course overall, met expectations"
F00090,C0016,B00126,2023-07-10,4.2,8,4.6,Trainer was knowledgeable
F00091,C0016,B00128,2023-11-04,4.0,7,4.0,"Useful content, could use more examples"
F00092,C0016,B00129,2023-12-11,3.8,8,3.9,Trainer was knowledgeable
F00093,C0016,B00130,2024-01-20,4.9,10,4.9,
F00094,C0016,B00131,2024-03-02,4.3,8,4.5,Trainer was knowledgeable
F00095,C0016,B00132,2024-04-16,4.3,7,4.2,
F00096,C0017,B00133,2022-03-15,3.7,7,3.9,"Good course overall, met expectations"
F00097,C0017,B00134,2022-04-25,4.4,7,4.1,
F00098,C0017,B00135,2022-06-24,3.5,8,3.9,
F00099,C0017,B00136,2022-08-30,4.3,7,3.9,
F00100,C0017,B00137,2022-11-02,4.9,9,4.8,"Good pace, well-structured content"
F00101,C0017,B00138,2023-01-06,3.5,7,3.8,"Useful content, could use more examples"
F00102,C0017,B00141,2023-06-16,4.3,7,4.2,"Decent workshop, learned some new things"
F00103,C0017,B00142,2023-08-20,4.0,7,4.4,
F00104,C0017,B00143,2023-10-11,4.0,8,4.4,"Good course overall, met expectations"
F00105,C0017,B00144,2023-12-11,4.8,10,5.0,Highly engaging and interactive session
F00106,C0017,B00145,2024-02-23,4.0,8,4.5,"Good course overall, met expectations"
F00107,C0017,B00146,2024-04-10,4.5,9,4.6,
F00108,C0018,B00149,2023-01-20,5.0,10,5.0,
F00109,C0018,B00150,2023-04-13,4.0,7,4.1,"Useful content, could use more examples"
F00110,C0018,B00151,2023-06-30,3.9,7,4.1,"Useful content, could use more examples"
F00111,C0018,B00152,2023-09-27,4.9,10,4.7,Highly engaging and interactive session
F00112,C0018,B00153,2023-12-24,3.6,7,4.0,"Good course overall, met expectations"
F00113,C0018,B00154,2024-03-23,4.8,9,5.0,
F00114,C0019,B00155,2023-01-30,4.4,8,4.2,"Good course overall, met expectations"
F00115,C0019,B00156,2023-04-17,4.1,7,4.3,Trainer was knowledgeable
F00116,C0019,B00157,2023-06-07,4.5,9,4.9,"Exceeded expectations, highly recommend"
F00117,C0019,B00158,2023-08-07,4.5,9,5.0,Very useful tools and frameworks provided
F00118,C0019,B00159,2023-10-08,4.0,7,4.3,Trainer was knowledgeable
F00119,C0019,B00160,2023-12-21,4.5,9,4.7,
F00120,C0019,B00161,2024-02-09,4.9,9,5.0,"Good pace, well-structured content"
F00121,C0020,B00162,2024-11-21,3.8,7,3.8,
F00122,C0020,B00163,2025-01-29,4.0,7,4.2,
F00123,C0020,B00164,2025-04-01,3.6,7,3.9,
F00124,C0020,B00165,2025-05-18,4.0,8,3.9,Trainer was knowledgeable
F00125,C0020,B00166,2025-07-15,4.2,8,4.4,"Useful content, could use more examples"
F00126,C0020,B00167,2025-09-19,4.2,7,4.5,
F00127,C0020,B00168,2025-11-13,4.8,9,4.6,
F00128,C0021,B00169,2021-11-16,3.7,7,3.8,
F00129,C0021,B00172,2022-06-18,4.9,10,5.0,
F00130,C0021,B00173,2022-09-20,4.5,10,4.3,Very useful tools and frameworks provided
F00131,C0021,B00174,2022-11-27,4.6,10,4.7,"Good pace, well-structured content"
F00132,C0021,B00177,2023-07-18,3.8,7,4.0,"Decent workshop, learned some new things"
F00133,C0021,B00178,2023-10-15,4.0,8,3.9,"Good course overall, met expectations"
F00134,C0021,B00179,2024-01-08,4.4,8,4.4,
F00135,C0021,B00180,2024-03-21,4.8,10,4.5,
F00136,C0021,B00181,2024-06-15,4.0,8,4.4,Trainer was knowledgeable
F00137,C0021,B00182,2024-09-13,5.0,9,4.8,
F00138,C0021,B00183,2024-12-15,4.2,8,4.3,"Decent workshop, learned some new things"
F00139,C0022,B00184,2023-05-12,4.8,10,4.8,Very useful tools and frameworks provided
F00140,C0022,B00185,2023-06-20,4.2,8,4.0,"Decent workshop, learned some new things"
F00141,C0022,B00186,2023-07-25,5.0,9,4.7,Highly engaging and interactive session
F00142,C0022,B00187,2023-08-28,4.1,7,3.9,
F00143,C0022,B00188,2023-10-10,5.0,10,5.0,
F00144,C0022,B00189,2023-11-16,4.5,9,4.7,"Good pace, well-structured content"
F00145,C0022,B00190,2023-12-20,4.2,8,4.6,"Decent workshop, learned some new things"
F00146,C0022,B00191,2024-01-18,4.5,10,4.5,
F00147,C0022,B00193,2024-03-08,3.8,7,3.9,
F00148,C0022,B00194,2024-04-13,4.9,9,4.8,Trainer was knowledgeable and approachable
F00149,C0022,B00198,2024-08-24,5.0,9,5.0,"Good pace, well-structured content"
F00150,C0022,B00199,2024-10-05,4.8,9,5.0,"Exceeded expectations, highly recommend"
F00151,C0022,B00200,2024-11-21,3.5,8,3.4,
F00152,C0023,B00201,2025-01-13,4.1,8,4.5,"Decent workshop, learned some new things"
F00153,C0023,B00202,2025-02-02,4.9,9,4.6,"Good pace, well-structured content"
F00154,C0023,B00203,2025-03-15,4.1,7,4.6,"Decent workshop, learned some new things"
F00155,C0023,B00204,2025-05-01,4.6,10,4.6,Very useful tools and frameworks provided
F00156,C0023,B00205,2025-05-29,5.0,9,5.0,"Exceeded expectations, highly recommend"
F00157,C0023,B00206,2025-06-25,3.4,2,3.8,
F00158,C0023,B00207,2025-07-17,4.4,8,4.8,"Decent workshop, learned some new things"
F00159,C0023,B00209,2025-09-22,4.6,9,4.8,"Exceeded expectations, highly recommend"
F00160,C0024,B00210,2024-05-11,4.0,7,3.9,"Decent workshop, learned some new things"
F00161,C0024,B00211,2024-07-08,4.5,10,4.6,"Good pace, well-structured content"
F00162,C0024,B00213,2024-10-15,3.5,7,3.8,"Useful content, could use more examples"
F00163,C0024,B00214,2024-11-24,4.6,9,4.6,Very useful tools and frameworks provided
F00164,C0024,B00215,2024-12-29,4.0,8,4.4,Trainer was knowledgeable
F00165,C0024,B00216,2025-02-18,4.0,8,4.2,
F00166,C0024,B00217,2025-04-07,3.9,7,4.1,"Good course overall, met expectations"
F00167,C0025,B00218,2022-12-02,3.9,7,4.4,"Good course overall, met expectations"
F00168,C0025,B00219,2023-03-04,4.5,10,4.4,"Good pace, well-structured content"
F00169,C0025,B00221,2023-08-27,3.5,8,3.5,
F00170,C0025,B00222,2023-12-03,4.7,9,4.7,"Exceeded expectations, highly recommend"
F00171,C0025,B00224,2024-05-13,4.0,8,4.1,
F00172,C0025,B00225,2024-08-12,3.6,7,3.7,
F00173,C0025,B00226,2024-10-28,4.8,10,4.7,
F00174,C0025,B00227,2025-01-25,4.8,9,5.0,
F00175,C0025,B00228,2025-04-09,4.6,9,4.6,"Good pace, well-structured content"
F00176,C0025,B00229,2025-07-19,4.5,10,4.4,Great real-world examples and case studies
F00177,C0026,B00230,2025-07-07,4.7,9,4.7,
F00178,C0026,B00231,2025-09-14,4.3,8,4.9,"Useful content, could use more examples"
F00179,C0027,B00232,2023-08-13,4.0,7,3.7,"Decent workshop, learned some new things"
F00180,C0027,B00233,2023-09-06,3.8,8,3.9,
F00181,C0027,B00234,2023-09-28,4.6,9,4.2,
F00182,C0027,B00235,2023-10-31,4.5,10,4.5,"Excellent trainer, very practical content"
F00183,C0027,B00237,2024-01-17,4.6,10,4.6,Very useful tools and frameworks provided
F00184,C0027,B00240,2024-05-01,4.3,7,4.7,
F00185,C0027,B00241,2024-05-28,4.3,7,4.3,"Decent workshop, learned some new things"
F00186,C0027,B00242,2024-07-14,4.1,8,4.4,
F00187,C0027,B00243,2024-08-20,3.6,7,3.9,"Useful content, could use more examples"
F00188,C0027,B00245,2024-10-25,3.8,8,4.3,Trainer was knowledgeable
F00189,C0028,B00246,2023-10-01,4.2,8,4.3,
F00190,C0028,B00247,2023-11-26,4.6,9,4.4,
F00191,C0028,B00248,2024-02-05,4.0,8,4.3,
F00192,C0028,B00249,2024-03-22,4.0,8,4.4,
F00193,C0028,B00250,2024-05-22,3.9,7,4.0,"Decent workshop, learned some new things"
F00194,C0028,B00251,2024-07-26,4.5,9,4.2,Very useful tools and frameworks provided
F00195,C0028,B00254,2025-01-03,4.2,8,4.3,
F00196,C0029,B00255,2024-10-09,5.0,10,5.0,
F00197,C0029,B00257,2025-01-30,4.7,10,5.0,
F00198,C0029,B00258,2025-04-19,4.2,8,4.1,Trainer was knowledgeable
F00199,C0029,B00259,2025-07-05,4.2,8,4.4,Trainer was knowledgeable
F00200,C0030,B00260,2024-04-03,3.4,5,3.8,Trainer rushed through important topics
F00201,C0030,B00261,2024-05-26,4.2,8,4.6,"Decent workshop, learned some new things"
F00202,C0030,B00262,2024-07-08,4.9,9,5.0,
F00203,C0030,B00263,2024-09-07,3.9,8,3.8,
F00204,C0030,B00264,2024-11-06,3.9,8,4.0,
F00205,C0030,B00265,2025-01-08,4.4,7,3.9,
F00206,C0030,B00266,2025-02-18,4.0,7,4.3,"Good course overall, met expectations"
F00207,C0030,B00267,2025-04-13,4.9,9,4.6,"Excellent trainer, very practical content"
F00208,C0030,B00268,2025-06-17,4.3,8,4.3,
F00209,C0030,B00269,2025-08-26,4.0,8,3.8,Trainer was knowledgeable
F00210,C0030,B00270,2025-11-03,4.8,10,5.0,Great real-world examples and case studies
F00211,C0031,B00271,2022-11-06,4.5,10,4.6,"Good pace, well-structured content"
F00212,C0031,B00272,2023-01-10,4.6,10,4.6,Very useful tools and frameworks provided
F00213,C0031,B00273,2023-03-09,4.6,10,4.7,"Excellent trainer, very practical content"
F00214,C0031,B00274,2023-04-20,3.4,5,3.5,Trainer rushed through important topics
F00215,C0031,B00275,2023-06-15,4.2,7,4.1,"Useful content, could use more examples"
F00216,C0031,B00277,2023-10-03,3.7,8,4.2,
F00217,C0031,B00278,2023-11-25,4.6,9,4.3,
F00218,C0031,B00279,2024-01-23,4.1,8,4.3,
F00219,C0031,B00280,2024-04-06,3.6,7,3.9,"Useful content, could use more examples"
F00220,C0031,B00281,2024-05-17,4.9,9,4.6,"Excellent trainer, very practical content"
F00221,C0031,B00282,2024-07-14,4.2,7,4.6,
F00222,C0032,B00283,2024-07-21,3.7,8,4.3,"Useful content, could use more examples"
F00223,C0032,B00284,2024-08-19,4.7,9,5.0,Great real-world examples and case studies
F00224,C0032,B00285,2024-10-18,4.6,10,5.0,"Good pace, well-structured content"
F00225,C0032,B00286,2024-11-24,4.1,7,3.7,"Decent workshop, learned some new things"
F00226,C0032,B00287,2025-01-18,3.6,8,4.1,"Useful content, could use more examples"
F00227,C0032,B00288,2025-03-06,4.2,7,4.1,
F00228,C0032,B00289,2025-04-26,5.0,10,5.0,"Excellent trainer, very practical content"
F00229,C0032,B00290,2025-06-12,3.5,8,3.3,Trainer was knowledgeable
F00230,C0032,B00291,2025-07-21,4.6,10,4.3,
F00231,C0032,B00292,2025-09-07,4.3,7,4.4,Trainer was knowledgeable
F00232,C0032,B00294,2025-12-05,4.4,8,4.3,
F00233,C0033,B00296,2023-09-01,4.7,9,4.7,
F00234,C0033,B00297,2023-11-05,4.6,10,4.4,"Exceeded expectations, highly recommend"
F00235,C0033,B00298,2024-01-09,4.5,10,4.7,"Good pace, well-structured content"
F00236,C0033,B00299,2024-02-20,4.1,8,4.4,Trainer was knowledgeable
F00237,C0033,B00300,2024-04-22,4.5,10,5.0,
F00238,C0033,B00301,2024-06-16,4.4,7,4.7,
F00239,C0033,B00302,2024-08-26,4.0,7,4.0,Trainer was knowledgeable
F00240,C0033,B00303,2024-10-06,3.5,7,3.8,"Good course overall, met expectations"
F00241,C0033,B00304,2024-11-19,4.2,7,4.3,"Useful content, could use more examples"
F00242,C0033,B00305,2025-01-12,4.9,9,4.9,"Exceeded expectations, highly recommend"
F00243,C0033,B00306,2025-03-21,4.4,7,4.7,"Useful content, could use more examples"
F00244,C0033,B00307,2025-05-17,4.2,7,4.3,"Useful content, could use more examples"
F00245,C0033,B00308,2025-07-10,4.6,10,4.3,
F00246,C0033,B00309,2025-09-14,4.8,10,4.5,Great real-world examples and case studies
F00247,C0033,B00310,2025-10-30,4.7,10,4.7,"Exceeded expectations, highly recommend"
F00248,C0034,B00311,2022-11-12,4.1,8,4.1,
F00249,C0034,B00312,2022-12-06,5.0,10,5.0,
F00250,C0034,B00313,2023-01-09,3.6,7,3.7,
F00251,C0034,B00314,2023-02-18,3.5,8,3.5,"Decent workshop, learned some new things"
F00252,C0035,B00315,2021-08-01,4.5,10,4.6,"Exceeded expectations, highly recommend"
F00253,C0035,B00316,2021-11-05,4.3,8,3.9,
F00254,C0035,B00319,2022-08-19,4.5,9,4.6,
F00255,C0036,B00322,2024-06-06,3.8,8,4.3,
F00256,C0037,B00323,2024-11-04,4.7,9,4.2,
F00257,C0037,B00324,2024-12-19,4.7,10,5.0,"Exceeded expectations, highly recommend"
F00258,C0037,B00328,2025-07-23,3.6,8,3.9,
F00259,C0037,B00329,2025-09-17,3.9,8,4.4,"Useful content, could use more examples"
F00260,C0038,B00331,2023-12-31,3.7,7,3.9,"Decent workshop, learned some new things"
F00261,C0038,B00332,2024-02-19,4.5,10,4.7,
F00262,C0038,B00333,2024-04-07,4.1,8,4.4,Trainer was knowledgeable
F00263,C0038,B00334,2024-06-01,4.1,8,4.5,
F00264,C0038,B00335,2024-07-28,4.4,7,4.5,"Good course overall, met expectations"
F00265,C0038,B00336,2024-09-21,4.9,10,4.6,
F00266,C0038,B00337,2024-11-19,4.0,7,4.2,"Good course overall, met expectations"
F00267,C0038,B00338,2025-01-12,4.6,10,4.4,"Exceeded expectations, highly recommend"
F00268,C0038,B00341,2025-05-30,3.9,8,3.9,
F00269,C0038,B00342,2025-07-25,4.0,8,4.4,
F00270,C0038,B00343,2025-09-04,4.1,7,4.0,
F00271,C0038,B00344,2025-11-07,4.8,10,4.6,"Exceeded expectations, highly recommend"
F00272,C0039,B00345,2025-09-26,4.2,7,4.5,
F00273,C0039,B00346,2025-12-12,4.5,10,4.7,
F00274,C0040,B00347,2024-07-13,3.9,8,3.8,
F00275,C0040,B00349,2025-01-06,4.5,9,4.6,"Exceeded expectations, highly recommend"
F00276,C0040,B00350,2025-03-21,4.6,10,4.7,Trainer was knowledgeable and approachable
F00277,C0040,B00351,2025-06-23,3.9,7,4.2,"Useful content, could use more examples"
F00278,C0041,B00352,2025-07-26,4.4,8,4.7,"Good course overall, met expectations"
F00279,C0041,B00353,2025-08-25,3.9,7,4.0,"Decent workshop, learned some new things"
F00280,C0041,B00354,2025-10-07,4.9,10,5.0,
F00281,C0041,B00355,2025-11-05,5.0,10,4.9,
F00282,C0041,B00356,2025-12-12,4.1,7,4.4,"Good course overall, met expectations"
F00283,C0042,B00357,2022-01-21,3.8,7,3.8,
F00284,C0042,B00358,2022-03-17,4.3,8,4.8,
F00285,C0042,B00359,2022-05-14,4.3,7,4.3,"Useful content, could use more examples"
F00286,C0042,B00360,2022-07-31,4.0,8,4.2,"Useful content, could use more examples"
F00287,C0042,B00362,2022-11-21,4.5,9,4.4,"Exceeded expectations, highly recommend"
F00288,C0042,B00363,2023-01-09,5.0,10,5.0,"Exceeded expectations, highly recommend"
F00289,C0042,B00364,2023-03-23,4.8,10,4.5,
F00290,C0042,B00365,2023-06-07,4.9,9,4.5,
F00291,C0042,B00366,2023-08-03,4.0,8,4.4,"Useful content, could use more examples"
F00292,C0043,B00367,2024-04-11,4.5,10,4.3,Trainer was knowledgeable and approachable
F00293,C0043,B00368,2024-05-27,4.3,8,4.7,"Decent workshop, learned some new things"
F00294,C0043,B00369,2024-07-27,4.4,8,5.0,
F00295,C0043,B00370,2024-09-23,4.1,7,4.1,"Useful content, could use more examples"
F00296,C0043,B00372,2025-01-19,3.8,7,3.6,
F00297,C0043,B00373,2025-03-07,4.3,7,4.5,Trainer was knowledgeable
F00298,C0043,B00374,2025-04-15,4.1,7,4.0,
F00299,C0043,B00375,2025-06-21,5.0,9,5.0,"Good pace, well-structured content"
F00300,C0043,B00376,2025-08-04,3.5,7,4.0,
F00301,C0043,B00377,2025-09-18,4.9,9,4.7,Trainer was knowledgeable and approachable
F00302,C0043,B00378,2025-11-03,4.4,7,4.8,
F00303,C0044,B00379,2023-06-28,4.5,10,4.7,
F00304,C0044,B00380,2023-09-01,4.4,7,5.0,"Decent workshop, learned some new things"
F00305,C0044,B00381,2023-10-10,5.0,9,4.8,Very useful tools and frameworks provided
F00306,C0045,B00382,2022-03-08,4.6,9,4.6,Trainer was knowledgeable and approachable
F00307,C0045,B00383,2022-04-20,4.9,9,5.0,Highly engaging and interactive session
F00308,C0045,B00385,2022-08-04,4.5,9,4.5,Great real-world examples and case studies
F00309,C0045,B00386,2022-09-21,3.8,7,4.2,
F00310,C0045,B00388,2023-01-01,4.1,8,4.2,"Decent workshop, learned some new things"
F00311,C0045,B00389,2023-02-01,5.0,10,4.9,"Good pace, well-structured content"
F00312,C0045,B00390,2023-03-14,4.5,10,4.8,"Good pace, well-structured content"
F00313,C0045,B00392,2023-06-20,4.9,10,4.8,
F00314,C0046,B00397,2023-02-26,4.1,8,4.3,"Good course overall, met expectations"
F00315,C0047,B00398,2024-09-27,3.8,7,4.0,Trainer was knowledgeable
F00316,C0047,B00399,2024-10-30,4.7,9,4.5,"Good pace, well-structured content"
F00317,C0047,B00400,2024-11-19,4.2,7,4.5,"Good course overall, met expectations"
F00318,C0047,B00401,2024-12-29,5.0,9,5.0,"Good pace, well-structured content"
F00319,C0047,B00402,2025-01-20,4.5,10,5.0,Trainer was knowledgeable and approachable
F00320,C0047,B00404,2025-03-21,4.4,8,3.9,"Useful content, could use more examples"
F00321,C0047,B00405,2025-05-09,4.6,9,5.0,
F00322,C0048,B00406,2022-12-23,4.0,7,3.7,"Decent workshop, learned some new things"
F00323,C0048,B00407,2023-03-07,4.3,8,4.0,"Good course overall, met expectations"
F00324,C0048,B00408,2023-05-16,4.1,8,3.8,
F00325,C0048,B00410,2023-10-18,4.0,8,4.3,
F00326,C0048,B00411,2023-12-19,4.9,10,4.6,
F00327,C0048,B00412,2024-02-25,3.9,8,4.1,"Decent workshop, learned some new things"
F00328,C0048,B00413,2024-05-15,4.1,7,3.9,
F00329,C0048,B00414,2024-08-11,5.0,9,4.8,
F00330,C0049,B00415,2021-02-19,4.9,9,4.7,Great real-world examples and case studies
F00331,C0049,B00416,2021-04-28,4.4,8,4.9,Trainer was knowledgeable
F00332,C0049,B00417,2021-07-22,4.0,7,4.6,Trainer was knowledgeable
F00333,C0049,B00418,2021-10-01,4.7,10,5.0,"Good pace, well-structured content"
F00334,C0049,B00419,2021-12-07,4.4,7,4.8,
F00335,C0049,B00421,2022-05-07,4.2,8,4.3,
F00336,C0049,B00423,2022-10-26,3.4,3,3.5,Trainer rushed through important topics
F00337,C0050,B00426,2025-10-28,3.8,8,3.9,"Good course overall, met expectations"
F00338,C0051,B00427,2025-02-08,3.4,1,3.5,Not enough time for questions
F00339,C0051,B00428,2025-05-05,3.8,7,3.7,"Good course overall, met expectations"
F00340,C0052,B00430,2021-11-26,4.2,8,4.2,"Decent workshop, learned some new things"
F00341,C0052,B00431,2022-02-21,4.5,9,4.8,
F00342,C0052,B00432,2022-05-19,3.9,7,4.3,
F00343,C0052,B00436,2023-06-23,5.0,10,5.0,"Excellent trainer, very practical content"
F00344,C0052,B00437,2023-09-19,3.6,8,3.6,"Good course overall, met expectations"
F00345,C0053,B00438,2021-10-08,3.4,5,3.5,"Too theoretical, needed more practical exercises"
F00346,C0054,B00440,2022-03-18,4.0,7,4.4,
F00347,C0054,B00441,2022-05-18,3.9,7,3.5,
F00348,C0054,B00443,2022-08-16,4.2,7,4.7,"Good course overall, met expectations"
F00349,C0055,B00444,2022-03-29,4.1,7,4.4,
F00350,C0055,B00447,2022-09-26,4.5,10,4.9,"Exceeded expectations, highly recommend"
F00351,C0055,B00448,2022-12-12,3.8,8,3.9,
F00352,C0055,B00449,2023-02-19,4.3,8,4.1,
F00353,C0055,B00450,2023-04-18,3.8,7,4.0,
F00354,C0055,B00451,2023-06-16,4.5,10,4.5,Very useful tools and frameworks provided
F00355,C0055,B00452,2023-08-02,3.7,8,3.7,"Good course overall, met expectations"
F00356,C0055,B00453,2023-09-30,5.0,10,5.0,"Excellent trainer, very practical content"
F00357,C0055,B00454,2023-12-02,5.0,9,4.9,Very useful tools and frameworks provided
F00358,C0056,B00456,2024-03-11,3.8,8,4.2,
F00359,C0056,B00457,2024-04-07,4.3,8,4.9,"Decent workshop, learned some new things"
F00360,C0057,B00458,2022-04-24,4.4,8,4.6,
F00361,C0057,B00459,2022-06-13,4.6,9,4.6,
F00362,C0057,B00460,2022-08-01,4.6,9,5.0,
F00363,C0057,B00461,2022-09-22,3.7,8,3.9,"Useful content, could use more examples"
F00364,C0057,B00462,2022-10-22,4.8,10,5.0,
F00365,C0057,B00463,2022-12-12,4.6,10,4.8,Very useful tools and frameworks provided
F00366,C0057,B00464,2023-02-05,4.6,9,4.5,Great real-world examples and case studies
F00367,C0057,B00465,2023-03-23,4.7,9,5.0,"Excellent trainer, very practical content"
F00368,C0057,B00468,2023-07-11,3.4,6,3.9,"Pace was too fast, hard to follow"
F00369,C0057,B00469,2023-08-14,4.3,7,4.4,"Useful content, could use more examples"
F00370,C0057,B00470,2023-09-12,4.1,8,4.7,
F00371,C0057,B00472,2023-12-22,4.6,10,4.7,"Good pace, well-structured content"
F00372,C0057,B00473,2024-02-03,4.4,8,4.7,"Useful content, could use more examples"
F00373,C0057,B00474,2024-03-11,4.4,8,4.6,
F00374,C0058,B00475,2022-03-17,4.1,7,3.7,
F00375,C0058,B00476,2022-04-30,4.6,10,4.4,"Good pace, well-structured content"
F00376,C0058,B00478,2022-08-21,3.7,7,4.0,
F00377,C0058,B00479,2022-09-20,4.2,8,3.8,"Useful content, could use more examples"
F00378,C0058,B00480,2022-10-29,4.3,7,4.8,
F00379,C0058,B00481,2022-12-05,4.1,8,3.9,"Useful content, could use more examples"
F00380,C0058,B00482,2023-01-14,4.1,8,4.1,
F00381,C0058,B00485,2023-05-04,3.6,7,3.8,
F00382,C0058,B00487,2023-08-27,4.7,9,4.4,
F00383,C0058,B00488,2023-10-02,4.6,10,5.0,"Excellent trainer, very practical content"
F00384,C0058,B00489,2023-11-27,5.0,9,4.8,
F00385,C0059,B00491,2025-07-05,3.8,8,4.0,
F00386,C0059,B00492,2025-08-27,4.8,10,4.9,
F00387,C0059,B00493,2025-11-04,3.8,7,4.0,
F00388,C0059,B00494,2025-12-23,3.8,7,3.5,"Good course overall, met expectations"
F00389,C0060,B00495,2021-08-15,4.4,7,4.9,Trainer was knowledgeable
F00390,C0060,B00496,2021-10-31,4.6,9,5.0,
F00391,C0060,B00498,2022-03-03,4.7,10,4.7,"Excellent trainer, very practical content"
F00392,C0060,B00499,2022-04-26,3.8,8,4.1,
F00393,C0060,B00500,2022-06-10,3.5,7,3.9,
F00394,C0060,B00501,2022-08-21,4.2,7,4.8,Trainer was knowledgeable
F00395,C0061,B00503,2023-02-11,4.2,7,3.9,
F00396,C0061,B00504,2023-04-15,3.6,7,3.6,
F00397,C0061,B00505,2023-05-23,4.6,9,5.0,Trainer was knowledgeable and approachable
F00398,C0061,B00506,2023-07-17,3.6,7,3.5,"Decent workshop, learned some new things"
F00399,C0061,B00507,2023-09-16,4.4,8,4.7,
F00400,C0061,B00508,2023-10-28,4.6,9,4.3,
F00401,C0061,B00510,2024-02-14,4.6,10,4.6,
F00402,C0061,B00511,2024-04-15,3.7,8,4.3,"Good course overall, met expectations"
F00403,C0061,B00512,2024-06-10,4.3,8,4.1,
F00404,C0061,B00513,2024-07-18,4.3,8,4.1,
F00405,C0061,B00514,2024-08-30,4.2,7,4.4,
F00406,C0061,B00515,2024-10-16,4.4,7,4.5,"Decent workshop, learned some new things"
F00407,C0061,B00516,2024-11-28,3.5,7,4.0,
F00408,C0061,B00517,2025-01-20,4.0,7,4.3,
F00409,C0062,B00518,2024-12-23,3.6,7,3.9,
F00410,C0062,B00521,2025-04-24,4.8,10,4.8,
F00411,C0062,B00522,2025-05-28,4.6,9,4.7,
F00412,C0062,B00523,2025-07-27,4.8,9,4.6,"Exceeded expectations, highly recommend"
F00413,C0062,B00524,2025-09-24,5.0,9,5.0,Very useful tools and frameworks provided
F00414,C0062,B00525,2025-11-23,3.8,8,3.5,"Good course overall, met expectations"
F00415,C0063,B00526,2021-04-20,4.0,7,4.6,"Good course overall, met expectations"
F00416,C0063,B00527,2021-08-05,4.7,10,4.7,
F00417,C0063,B00529,2022-03-09,3.8,7,3.9,Trainer was knowledgeable
F00418,C0063,B00530,2022-06-16,4.1,7,4.4,"Useful content, could use more examples"
F00419,C0063,B00532,2023-01-20,4.7,10,4.9,Very useful tools and frameworks provided
F00420,C0063,B00533,2023-04-22,4.3,7,4.6,"Good course overall, met expectations"
F00421,C0063,B00534,2023-07-26,4.7,9,4.5,Trainer was knowledgeable and approachable
F00422,C0064,B00535,2021-03-07,3.9,8,4.0,Trainer was knowledgeable
F00423,C0064,B00536,2021-04-07,4.3,7,4.8,"Good course overall, met expectations"
F00424,C0064,B00537,2021-05-19,5.0,10,4.8,Highly engaging and interactive session
F00425,C0064,B00538,2021-07-12,4.0,7,4.2,
F00426,C0064,B00539,2021-08-27,4.0,7,3.9,
F00427,C0064,B00540,2021-10-01,4.4,7,4.2,
F00428,C0064,B00541,2021-11-15,3.5,8,3.5,
F00429,C0064,B00542,2021-12-25,4.5,10,4.7,
F00430,C0064,B00543,2022-02-19,4.5,9,4.2,"Good pace, well-structured content"
F00431,C0065,B00545,2023-02-23,3.6,7,3.6,
F00432,C0065,B00546,2023-04-19,4.1,8,4.0,Trainer was knowledgeable
F00433,C0065,B00547,2023-06-11,4.4,7,4.3,
F00434,C0065,B00548,2023-08-08,4.4,8,4.7,
F00435,C0065,B00549,2023-09-12,3.9,8,4.0,Trainer was knowledgeable
F00436,C0065,B00550,2023-10-09,4.7,9,4.9,Highly engaging and interactive session
F00437,C0065,B00553,2024-01-26,4.0,7,4.5,
F00438,C0065,B00555,2024-04-26,4.6,9,4.2,Very useful tools and frameworks provided
F00439,C0065,B00556,2024-05-30,4.8,9,4.8,Trainer was knowledgeable and approachable
F00440,C0065,B00557,2024-07-26,5.0,9,4.8,"Exceeded expectations, highly recommend"
F00441,C0066,B00559,2025-06-12,3.6,8,3.7,
F00442,C0067,B00561,2022-11-17,4.1,7,4.3,
F00443,C0067,B00562,2022-12-23,4.2,7,4.2,"Useful content, could use more examples"
F00444,C0067,B00563,2023-02-07,3.8,8,3.9,
F00445,C0067,B00564,2023-03-26,4.3,8,4.8,Trainer was knowledgeable
F00446,C0067,B00566,2023-07-14,4.5,10,4.5,Highly engaging and interactive session
F00447,C0067,B00568,2023-11-08,4.5,9,4.8,
F00448,C0067,B00569,2024-01-11,4.8,9,4.7,"Exceeded expectations, highly recommend"
F00449,C0067,B00570,2024-02-26,4.7,10,4.8,Trainer was knowledgeable and approachable
F00450,C0067,B00571,2024-04-29,3.9,8,4.0,"Decent workshop, learned some new things"
F00451,C0068,B00574,2022-01-07,3.7,7,3.6,
F00452,C0068,B00576,2022-05-24,3.6,8,3.9,
F00453,C0068,B00577,2022-07-26,3.6,8,3.6,
F00454,C0069,B00578,2024-04-17,3.8,7,3.9,
F00455,C0069,B00580,2024-06-25,4.7,9,4.6,"Excellent trainer, very practical content"
F00456,C0069,B00582,2024-08-31,3.7,7,3.8,
F00457,C0069,B00583,2024-09-27,4.4,7,4.7,"Good course overall, met expectations"
F00458,C0069,B00584,2024-10-17,4.2,8,4.3,
F00459,C0069,B00585,2024-11-07,4.7,10,4.6,Highly engaging and interactive session
F00460,C0070,B00586,2024-04-27,4.2,8,4.4,"Useful content, could use more examples"
F00461,C0071,B00589,2025-09-05,3.5,8,3.6,
F00462,C0072,B00591,2021-06-30,5.0,9,4.8,Great real-world examples and case studies
F00463,C0072,B00592,2021-08-04,4.0,8,3.8,Trainer was knowledgeable
F00464,C0072,B00593,2021-09-11,4.7,10,4.4,Very useful tools and frameworks provided
F00465,C0072,B00594,2021-10-03,4.1,8,3.9,"Good course overall, met expectations"
F00466,C0072,B00595,2021-11-03,3.4,1,3.8,Trainer rushed through important topics
F00467,C0072,B00596,2021-12-01,5.0,9,4.8,"Exceeded expectations, highly recommend"
F00468,C0072,B00598,2022-02-18,4.4,8,4.9,"Decent workshop, learned some new things"
F00469,C0073,B00599,2023-06-06,4.1,7,4.2,
F00470,C0073,B00601,2023-08-08,4.7,9,4.4,
F00471,C0073,B00602,2023-09-07,5.0,9,5.0,
F00472,C0073,B00603,2023-09-23,4.6,10,4.9,
F00473,C0073,B00604,2023-10-18,4.5,9,4.4,
F00474,C0073,B00605,2023-11-30,5.0,9,5.0,
F00475,C0073,B00606,2023-12-31,4.8,10,4.8,"Good pace, well-structured content"
F00476,C0073,B00607,2024-01-30,4.2,7,3.9,
F00477,C0073,B00608,2024-03-11,4.9,10,5.0,
F00478,C0073,B00610,2024-05-03,4.5,9,5.0,"Good pace, well-structured content"
F00479,C0073,B00611,2024-05-29,4.1,8,4.3,"Useful content, could use more examples"
F00480,C0073,B00612,2024-07-06,4.0,8,4.0,
F00481,C0073,B00613,2024-08-15,5.0,10,5.0,"Good pace, well-structured content"
F00482,C0074,B00615,2024-10-07,4.9,10,4.7,Very useful tools and frameworks provided
F00483,C0074,B00617,2025-04-14,4.7,9,5.0,
F00484,C0074,B00619,2025-10-18,4.4,7,4.8,
F00485,C0075,B00620,2022-02-07,3.3,3,3.5,
F00486,C0075,B00621,2022-04-04,4.8,9,4.8,
F00487,C0075,B00622,2022-06-25,4.5,10,4.6,
F00488,C0076,B00624,2024-08-24,3.8,8,3.9,
F00489,C0076,B00625,2024-12-15,3.9,7,3.6,
F00490,C0076,B00626,2025-04-06,4.1,7,4.4,
F00491,C0076,B00627,2025-08-07,4.0,8,4.2,"Good course overall, met expectations"
F00492,C0078,B00629,2023-02-23,3.7,7,4.1,
F00493,C0078,B00630,2023-05-11,4.5,9,4.4,"Excellent trainer, very practical content"
F00494,C0078,B00631,2023-07-06,4.3,7,4.5,
F00495,C0078,B00632,2023-09-21,4.7,9,4.9,Highly engaging and interactive session
F00496,C0078,B00633,2023-11-28,4.9,10,5.0,Very useful tools and frameworks provided
F00497,C0078,B00634,2024-01-25,4.0,8,3.7,
F00498,C0078,B00635,2024-04-03,4.2,7,4.7,"Useful content, could use more examples"
F00499,C0078,B00636,2024-06-09,3.9,8,4.2,
F00500,C0078,B00638,2024-10-17,5.0,10,4.8,Highly engaging and interactive session
F00501,C0078,B00640,2025-01-24,3.7,7,3.5,"Decent workshop, learned some new things"
F00502,C0078,B00642,2025-05-22,4.6,10,4.3,
F00503,C0079,B00643,2024-09-06,4.4,8,4.4,"Decent workshop, learned some new things"
F00504,C0079,B00645,2024-11-16,4.5,9,4.7,Very useful tools and frameworks provided
F00505,C0079,B00646,2025-01-13,5.0,9,5.0,"Good pace, well-structured content"
F00506,C0079,B00647,2025-03-16,4.7,9,5.0,
F00507,C0079,B00648,2025-05-06,3.5,8,3.9,
F00508,C0079,B00649,2025-06-26,3.8,7,3.4,Trainer was knowledgeable
F00509,C0079,B00651,2025-09-21,4.5,10,4.6,Trainer was knowledgeable and approachable
F00510,C0079,B00652,2025-11-24,4.8,10,4.3,"Good pace, well-structured content"
F00511,C0080,B00653,2022-04-24,4.1,8,4.4,
F00512,C0080,B00654,2022-06-19,4.1,8,4.3,"Useful content, could use more examples"
F00513,C0080,B00656,2022-09-10,3.7,8,3.4,"Decent workshop, learned some new things"
F00514,C0080,B00657,2022-11-14,3.8,7,3.7,
F00515,C0080,B00660,2023-05-10,4.5,10,4.6,Highly engaging and interactive session
F00516,C0080,B00661,2023-06-24,3.7,7,3.9,
F00517,C0080,B00662,2023-07-31,4.4,7,4.5,
F00518,C0081,B00665,2024-03-21,4.2,8,4.3,"Decent workshop, learned some new things"
F00519,C0082,B00666,2023-06-02,3.7,7,3.9,
F00520,C0082,B00667,2023-07-20,3.7,7,3.8,"Decent workshop, learned some new things"
F00521,C0082,B00668,2023-09-08,4.2,8,4.4,"Useful content, could use more examples"
F00522,C0082,B00669,2023-11-12,4.6,10,5.0,"Exceeded expectations, highly recommend"
F00523,C0082,B00670,2024-01-21,4.2,8,3.9,Trainer was knowledgeable
F00524,C0082,B00671,2024-03-21,5.0,9,5.0,
F00525,C0083,B00674,2023-12-14,4.2,7,4.5,
F00526,C0083,B00675,2024-02-11,4.6,10,4.8,
F00527,C0083,B00676,2024-04-14,4.8,9,5.0,"Good pace, well-structured content"
F00528,C0083,B00677,2024-06-12,3.9,7,4.2,
F00529,C0083,B00678,2024-08-11,5.0,9,4.7,
F00530,C0083,B00681,2025-01-29,3.9,7,4.0,Trainer was knowledgeable
F00531,C0084,B00682,2022-11-19,4.8,9,5.0,Great real-world examples and case studies
F00532,C0084,B00684,2023-03-07,4.7,9,4.5,
F00533,C0084,B00685,2023-05-05,4.4,8,4.3,
F00534,C0084,B00686,2023-06-11,3.7,7,3.4,"Decent workshop, learned some new things"
F00535,C0084,B00687,2023-07-21,5.0,10,4.9,Great real-world examples and case studies
F00536,C0084,B00688,2023-09-09,3.4,0,3.7,"Pace was too fast, hard to follow"
F00537,C0084,B00690,2023-11-30,5.0,9,5.0,Trainer was knowledgeable and approachable
F00538,C0084,B00691,2023-12-30,4.5,9,4.4,
F00539,C0084,B00692,2024-02-27,4.4,7,4.7,
F00540,C0084,B00693,2024-04-22,3.8,8,4.3,"Decent workshop, learned some new things"
F00541,C0084,B00694,2024-06-04,3.6,7,3.7,"Useful content, could use more examples"
F00542,C0084,B00695,2024-07-14,4.2,8,4.3,
F00543,C0085,B00696,2025-11-18,5.0,10,4.7,
F00544,C0086,B00698,2024-04-28,4.4,7,4.3,
F00545,C0086,B00699,2024-06-25,4.9,9,4.9,Very useful tools and frameworks provided
F00546,C0086,B00700,2024-08-15,4.0,8,3.9,"Decent workshop, learned some new things"
F00547,C0086,B00701,2024-10-18,4.0,8,4.1,
F00548,C0086,B00702,2024-12-30,4.2,7,3.9,Trainer was knowledgeable
F00549,C0086,B00704,2025-04-10,4.1,7,4.2,"Useful content, could use more examples"
F00550,C0086,B00705,2025-06-08,4.0,8,4.3,
F00551,C0087,B00707,2022-08-08,3.9,7,4.3,
F00552,C0087,B00708,2022-11-13,4.0,8,3.8,"Decent workshop, learned some new things"
F00553,C0087,B00709,2023-03-13,5.0,9,5.0,"Excellent trainer, very practical content"
F00554,C0087,B00711,2023-09-28,3.7,8,4.2,"Good course overall, met expectations"
F00555,C0088,B00712,2021-11-19,4.6,10,4.4,
F00556,C0088,B00714,2022-04-22,3.9,7,4.0,
F00557,C0088,B00715,2022-06-23,4.7,9,4.6,"Exceeded expectations, highly recommend"
F00558,C0088,B00717,2022-11-27,4.0,8,4.4,
F00559,C0089,B00718,2022-11-15,4.5,10,4.4,"Exceeded expectations, highly recommend"
F00560,C0090,B00719,2024-03-08,4.3,8,4.5,"Decent workshop, learned some new things"
F00561,C0090,B00720,2024-06-09,4.3,8,4.3,Trainer was knowledgeable
F00562,C0090,B00721,2024-09-15,4.0,8,3.8,"Decent workshop, learned some new things"
F00563,C0090,B00722,2024-12-24,4.4,7,4.6,"Useful content, could use more examples"
F00564,C0090,B00723,2025-03-14,4.7,10,4.7,Highly engaging and interactive session
F00565,C0090,B00724,2025-06-02,4.8,9,4.7,"Exceeded expectations, highly recommend"
F00566,C0091,B00725,2025-05-25,4.0,8,4.4,
F00567,C0091,B00726,2025-07-09,4.3,8,4.2,
F00568,C0091,B00727,2025-08-24,4.2,7,4.1,
F00569,C0091,B00728,2025-10-31,4.1,7,4.0,Trainer was knowledgeable
F00570,C0091,B00729,2025-12-21,4.3,8,4.7,
F00571,C0092,B00730,2022-01-29,4.7,10,4.9,
F00572,C0092,B00731,2022-04-28,4.8,10,4.7,"Good pace, well-structured content"
F00573,C0092,B00733,2022-10-09,3.4,2,3.7,
F00574,C0092,B00736,2023-06-01,3.9,7,4.1,
F00575,C0092,B00737,2023-08-16,3.7,7,3.7,"Decent workshop, learned some new things"
F00576,C0092,B00738,2023-11-27,4.5,9,4.9,
F00577,C0092,B00739,2024-02-12,4.2,8,4.7,
F00578,C0093,B00740,2022-07-04,3.9,8,4.2,Trainer was knowledgeable
F00579,C0093,B00743,2023-07-11,4.3,8,4.5,
F00580,C0093,B00744,2023-11-08,4.4,7,4.3,Trainer was knowledgeable
F00581,C0094,B00746,2022-01-24,3.9,7,4.3,"Good course overall, met expectations"
F00582,C0094,B00747,2022-03-18,3.5,8,4.0,
F00583,C0094,B00748,2022-05-24,4.4,7,4.0,"Decent workshop, learned some new things"
F00584,C0094,B00749,2022-08-06,4.7,10,4.8,
F00585,C0094,B00751,2022-11-29,4.3,8,4.4,
F00586,C0094,B00753,2023-04-22,4.0,8,4.3,
F00587,C0094,B00754,2023-07-06,4.9,10,5.0,"Excellent trainer, very practical content"
F00588,C0094,B00755,2023-09-13,4.7,9,4.9,Highly engaging and interactive session
F00589,C0095,B00756,2023-08-28,4.5,9,4.8,"Exceeded expectations, highly recommend"
F00590,C0095,B00757,2023-10-25,4.0,7,4.2,
F00591,C0095,B00758,2023-12-24,4.6,10,4.3,Highly engaging and interactive session
F00592,C0096,B00759,2025-02-25,3.7,7,3.7,
F00593,C0096,B00760,2025-04-10,4.0,7,4.1,"Good course overall, met expectations"
F00594,C0096,B00762,2025-08-09,3.4,0,3.5,"Too theoretical, needed more practical exercises"
F00595,C0097,B00763,2024-01-07,4.2,7,4.1,"Useful content, could use more examples"
F00596,C0097,B00764,2024-04-08,4.0,8,4.4,
F00597,C0097,B00766,2024-09-26,5.0,10,4.9,Trainer was knowledgeable and approachable
F00598,C0097,B00767,2024-12-17,4.5,9,4.1,"Good pace, well-structured content"
F00599,C0097,B00768,2025-03-16,4.5,9,4.6,"Excellent trainer, very practical content"
F00600,C0097,B00769,2025-06-03,3.8,7,4.1,Trainer was knowledgeable
F00601,C0098,B00771,2023-10-27,4.2,7,4.2,
F00602,C0098,B00773,2024-03-07,3.8,7,3.5,"Decent workshop, learned some new things"
F00603,C0098,B00774,2024-05-22,3.9,7,4.0,Trainer was knowledgeable
F00604,C0098,B00775,2024-07-23,3.6,8,3.8,
F00605,C0098,B00776,2024-10-11,4.0,7,4.1,
F00606,C0099,B00777,2023-03-05,4.4,7,4.4,
F00607,C0099,B00778,2023-04-20,3.4,4,3.6,Trainer rushed through important topics
F00608,C0099,B00781,2023-09-12,3.7,8,3.7,
F00609,C0099,B00783,2023-12-17,4.2,7,4.3,"Useful content, could use more examples"
F00610,C0099,B00784,2024-01-27,4.9,10,4.9,
F00611,C0099,B00785,2024-03-28,4.4,8,4.5,"Decent workshop, learned some new things"
F00612,C0099,B00786,2024-05-15,4.7,10,4.6,Highly engaging and interactive session
F00613,C0099,B00790,2024-12-15,3.4,0,3.7,Trainer rushed through important topics
F00614,C0100,B00791,2022-05-04,4.2,8,4.3,
F00615,C0100,B00792,2022-06-29,4.0,7,4.2,Trainer was knowledgeable
F00616,C0100,B00793,2022-08-23,4.1,8,4.3,
F00617,C0100,B00794,2022-10-27,3.7,8,3.6,
F00618,C0100,B00795,2022-12-19,4.6,9,4.6,Highly engaging and interactive session
F00619,C0100,B00796,2023-02-25,3.8,8,3.9,"Decent workshop, learned some new things"
F00620,C0100,B00797,2023-05-07,4.1,7,4.1,"Decent workshop, learned some new things"
F00621,C0100,B00798,2023-07-22,4.8,10,4.9,"Excellent trainer, very practical content"
F00622,C0100,B00799,2023-09-23,4.0,7,4.2,"Good course overall, met expectations"
F00623,C0100,B00800,2023-11-26,3.8,7,3.7,"Useful content, could use more examples"
F00624,C0100,B00801,2024-01-06,3.9,8,4.0,"Decent workshop, learned some new things"
F00625,C0100,B00802,2024-02-29,3.6,8,3.8,
F00626,C0100,B00803,2024-04-21,4.6,9,4.7,Very useful tools and frameworks provided
F00627,C0100,B00804,2024-07-01,3.4,5,3.4,"Too theoretical, needed more practical exercises"
F00628,C0100,B00805,2024-08-21,4.3,7,4.5,"Useful content, could use more examples"
F00629,C0100,B00806,2024-10-23,5.0,9,5.0,"Excellent trainer, very practical content"
F00630,C0100,B00807,2025-01-02,3.6,7,4.2,
F00631,C0100,B00808,2025-02-20,4.1,7,4.4,Trainer was knowledgeable
F00632,C0100,B00809,2025-04-21,3.5,8,3.7,"Decent workshop, learned some new things"
F00633,C0101,B00810,2024-10-31,4.4,8,4.6,"Decent workshop, learned some new things"
F00634,C0101,B00811,2025-01-06,4.5,9,4.3,Highly engaging and interactive session
F00635,C0101,B00814,2025-05-31,4.0,7,4.2,"Good course overall, met expectations"
F00636,C0101,B00815,2025-07-26,4.1,8,4.3,
F00637,C0101,B00816,2025-09-29,3.6,8,4.0,"Decent workshop, learned some new things"
F00638,C0101,B00817,2025-11-15,4.7,10,4.9,Highly engaging and interactive session
F00639,C0102,B00818,2021-01-30,4.0,7,4.6,"Good course overall, met expectations"
F00640,C0102,B00819,2021-03-13,4.3,7,4.5,
F00641,C0102,B00820,2021-05-17,4.2,7,4.2,
F00642,C0102,B00821,2021-07-28,4.0,7,4.1,
F00643,C0102,B00822,2021-09-11,4.0,7,4.2,
F00644,C0102,B00823,2021-11-20,4.0,8,4.0,
F00645,C0102,B00824,2022-01-12,4.0,7,4.2,"Good course overall, met expectations"
F00646,C0102,B00826,2022-05-17,3.9,8,3.7,Trainer was knowledgeable
F00647,C0103,B00828,2025-06-12,4.9,9,4.7,"Exceeded expectations, highly recommend"
F00648,C0103,B00829,2025-07-14,3.9,7,3.9,"Good course overall, met expectations"
F00649,C0103,B00830,2025-08-09,4.5,10,4.4,
F00650,C0103,B00831,2025-09-15,4.1,8,4.1,
F00651,C0104,B00833,2021-05-10,3.4,6,3.9,Trainer rushed through important topics
F00652,C0104,B00834,2021-08-01,4.3,8,3.8,Trainer was knowledgeable
F00653,C0104,B00835,2021-10-19,4.3,7,4.5,"Useful content, could use more examples"
F00654,C0104,B00836,2021-12-31,4.4,7,4.1,
F00655,C0104,B00837,2022-03-08,4.6,9,5.0,Trainer was knowledgeable and approachable
F00656,C0104,B00839,2022-08-13,4.1,7,4.2,"Useful content, could use more examples"
F00657,C0104,B00840,2022-10-29,3.6,8,4.1,
F00658,C0104,B00841,2023-02-03,4.6,10,5.0,Highly engaging and interactive session
F00659,C0104,B00843,2023-07-20,3.7,7,4.3,Trainer was knowledgeable
F00660,C0104,B00844,2023-10-22,4.2,8,4.3,
F00661,C0104,B00845,2024-01-06,3.6,8,4.0,
F00662,C0104,B00846,2024-04-04,4.2,7,4.5,"Decent workshop, learned some new things"
F00663,C0105,B00847,2022-04-29,4.0,8,4.3,
F00664,C0105,B00848,2022-06-19,4.5,9,4.3,Great real-world examples and case studies
F00665,C0105,B00849,2022-08-03,3.9,7,4.1,"Useful content, could use more examples"
F00666,C0105,B00850,2022-09-23,4.7,9,4.3,Great real-world examples and case studies
F00667,C0106,B00851,2025-05-29,4.7,9,4.5,
F00668,C0106,B00852,2025-07-19,4.2,7,4.5,Trainer was knowledgeable
F00669,C0106,B00853,2025-09-18,4.1,7,3.9,"Useful content, could use more examples"
F00670,C0106,B00854,2025-11-24,4.9,10,5.0,
F00671,C0107,B00855,2025-05-31,3.4,1,3.8,"Too theoretical, needed more practical exercises"
F00672,C0107,B00856,2025-07-10,3.7,7,3.9,Trainer was knowledgeable
F00673,C0107,B00857,2025-08-19,3.9,8,3.8,Trainer was knowledgeable
F00674,C0108,B00858,2025-05-28,4.3,7,4.4,
F00675,C0108,B00859,2025-09-05,4.1,8,4.0,
F00676,C0109,B00860,2022-03-28,4.2,8,4.2,
F00677,C0109,B00861,2022-05-20,4.7,10,4.7,Trainer was knowledgeable and approachable
F00678,C0109,B00862,2022-07-07,3.6,8,3.8,
F00679,C0109,B00863,2022-08-18,3.9,7,3.7,
F00680,C0109,B00865,2022-11-24,3.7,8,3.8,
F00681,C0109,B00866,2023-01-09,3.7,8,3.8,"Decent workshop, learned some new things"
F00682,C0109,B00867,2023-03-05,4.4,8,4.4,"Decent workshop, learned some new things"
F00683,C0109,B00868,2023-05-16,4.7,10,4.8,"Excellent trainer, very practical content"
F00684,C0109,B00869,2023-07-03,3.9,7,4.0,Trainer was knowledgeable
F00685,C0109,B00870,2023-09-07,4.9,10,4.9,Trainer was knowledgeable and approachable
F00686,C0109,B00871,2023-11-08,3.4,4,3.6,"Pace was too fast, hard to follow"
F00687,C0109,B00872,2023-12-25,4.1,7,4.4,
F00688,C0110,B00873,2024-10-17,4.5,10,4.5,
F00689,C0110,B00874,2024-12-20,4.2,8,4.2,
F00690,C0110,B00875,2025-02-17,4.9,9,4.9,"Good pace, well-structured content"
F00691,C0110,B00876,2025-04-18,4.7,9,4.8,"Exceeded expectations, highly recommend"
F00692,C0110,B00877,2025-06-25,5.0,9,4.9,"Exceeded expectations, highly recommend"
F00693,C0110,B00878,2025-08-22,3.9,8,4.2,"Good course overall, met expectations"
F00694,C0110,B00879,2025-10-30,4.6,9,4.6,Trainer was knowledgeable and approachable
F00695,C0111,B00880,2024-07-24,3.5,8,3.6,
F00696,C0111,B00881,2024-09-03,3.3,3,3.8,Trainer rushed through important topics
F00697,C0111,B00882,2024-10-03,5.0,10,4.9,Very useful tools and frameworks provided
F00698,C0111,B00883,2024-11-02,5.0,10,5.0,"Exceeded expectations, highly recommend"
F00699,C0111,B00884,2024-12-04,4.0,7,3.9,"Useful content, could use more examples"
F00700,C0111,B00885,2025-01-16,4.0,8,3.9,"Useful content, could use more examples"
F00701,C0111,B00886,2025-02-27,3.9,8,3.5,
F00702,C0111,B00887,2025-04-04,4.7,9,4.4,Trainer was knowledgeable and approachable
F00703,C0111,B00888,2025-05-11,4.0,8,4.1,"Decent workshop, learned some new things"
F00704,C0111,B00889,2025-06-09,4.1,8,4.0,Trainer was knowledgeable
F00705,C0111,B00890,2025-07-22,4.9,9,5.0,"Exceeded expectations, highly recommend"
F00706,C0111,B00891,2025-08-21,3.6,8,3.6,"Good course overall, met expectations"
F00707,C0111,B00892,2025-10-12,3.8,8,3.9,
F00708,C0111,B00893,2025-11-05,3.8,8,3.6,
F00709,C0111,B00894,2025-12-11,3.6,8,3.8,"Useful content, could use more examples"
F00710,C0112,B00896,2025-10-16,3.7,8,3.7,"Decent workshop, learned some new things"
F00711,C0112,B00897,2025-11-24,4.4,8,4.8,
F00712,C0113,B00898,2025-05-10,4.1,8,4.0,"Useful content, could use more examples"
F00713,C0113,B00899,2025-06-03,4.9,9,4.7,"Excellent trainer, very practical content"
F00714,C0113,B00900,2025-06-16,4.8,9,4.6,"Exceeded expectations, highly recommend"
F00715,C0113,B00901,2025-07-30,4.7,10,4.3,"Excellent trainer, very practical content"
F00716,C0114,B00904,2021-08-27,4.1,8,4.1,
F00717,C0114,B00906,2022-01-16,4.4,8,4.3,"Good course overall, met expectations"
F00718,C0114,B00907,2022-03-30,4.5,10,4.8,Highly engaging and interactive session
F00719,C0114,B00908,2022-06-02,4.7,10,4.6,Very useful tools and frameworks provided
F00720,C0114,B00909,2022-08-30,4.2,7,4.7,"Good course overall, met expectations"
F00721,C0114,B00910,2022-11-16,4.6,9,4.9,"Exceeded expectations, highly recommend"
F00722,C0114,B00911,2023-01-21,4.4,7,4.8,
F00723,C0115,B00912,2024-05-30,4.8,10,4.8,Trainer was knowledgeable and approachable
F00724,C0115,B00913,2024-08-22,4.5,10,4.3,
F00725,C0115,B00914,2024-11-16,3.7,8,3.9,
F00726,C0115,B00916,2025-04-06,4.8,10,4.4,"Exceeded expectations, highly recommend"
F00727,C0115,B00917,2025-06-16,4.5,10,4.5,"Exceeded expectations, highly recommend"
F00728,C0115,B00918,2025-09-03,3.8,8,4.3,
F00729,C0116,B00919,2023-07-16,3.7,8,3.6,"Good course overall, met expectations"
F00730,C0116,B00920,2023-09-12,5.0,9,4.9,Trainer was knowledgeable and approachable
F00731,C0116,B00921,2023-10-21,4.1,8,4.2,"Good course overall, met expectations"
F00732,C0117,B00922,2021-04-28,4.9,9,5.0,Great real-world examples and case studies
F00733,C0117,B00923,2021-07-02,3.6,7,4.1,
F00734,C0117,B00924,2021-10-04,3.9,7,3.9,"Good course overall, met expectations"
F00735,C0117,B00925,2021-12-30,3.9,7,4.3,
F00736,C0118,B00927,2023-04-19,4.5,9,4.3,"Good pace, well-structured content"
F00737,C0118,B00928,2023-06-03,3.5,7,3.7,
F00738,C0118,B00929,2023-08-03,4.3,8,4.5,Trainer was knowledgeable
F00739,C0118,B00930,2023-09-09,3.3,1,3.5,
F00740,C0118,B00931,2023-10-17,4.2,7,4.4,"Decent workshop, learned some new things"
F00741,C0118,B00932,2023-12-08,4.1,8,3.9,"Decent workshop, learned some new things"
F00742,C0118,B00933,2024-02-04,4.3,7,3.9,"Good course overall, met expectations"
F00743,C0118,B00935,2024-04-15,4.7,10,4.7,"Excellent trainer, very practical content"
F00744,C0118,B00936,2024-05-20,4.4,8,5.0,"Decent workshop, learned some new things"
F00745,C0118,B00937,2024-06-15,3.8,7,3.9,
F00746,C0119,B00938,2022-10-26,4.6,9,4.5,
F00747,C0119,B00940,2023-01-31,4.8,10,5.0,Very useful tools and frameworks provided
F00748,C0119,B00941,2023-03-07,3.4,4,3.5,"Pace was too fast, hard to follow"
F00749,C0120,B00942,2023-12-24,3.9,8,4.2,
F00750,C0120,B00943,2024-03-27,4.2,7,4.4,
F00751,C0120,B00944,2024-06-15,4.4,8,4.3,Trainer was knowledgeable
F00752,C0120,B00945,2024-08-24,4.0,7,4.4,
F00753,C0120,B00947,2025-02-14,4.3,7,4.3,"Useful content, could use more examples"
F00754,C0121,B00948,2023-11-26,4.3,7,3.9,
F00755,C0121,B00949,2024-02-20,3.8,8,3.9,Trainer was knowledgeable
F00756,C0121,B00950,2024-05-30,4.4,7,4.5,"Good course overall, met expectations"
F00757,C0121,B00951,2024-08-04,4.7,10,4.6,"Good pace, well-structured content"
F00758,C0121,B00952,2024-10-24,3.6,8,3.8,
F00759,C0121,B00954,2025-04-28,4.6,10,4.4,"Good pace, well-structured content"
F00760,C0121,B00955,2025-08-06,4.3,7,4.4,
F00761,C0122,B00957,2021-06-01,4.6,9,4.8,"Excellent trainer, very practical content"
F00762,C0123,B00958,2023-09-18,4.6,9,5.0,Very useful tools and frameworks provided
F00763,C0123,B00960,2024-01-08,4.1,8,4.2,"Useful content, could use more examples"
F00764,C0123,B00961,2024-03-20,3.7,7,4.2,
F00765,C0123,B00962,2024-05-18,3.5,7,3.6,Trainer was knowledgeable
F00766,C0123,B00963,2024-07-21,3.9,8,3.9,"Useful content, could use more examples"
F00767,C0123,B00964,2024-09-26,4.4,8,4.2,"Decent workshop, learned some new things"
F00768,C0123,B00965,2024-11-23,4.2,7,4.2,
F00769,C0123,B00966,2025-01-07,4.1,7,4.6,"Good course overall, met expectations"
F00770,C0124,B00967,2024-03-15,4.1,7,4.3,
F00771,C0124,B00968,2024-04-27,4.3,8,4.3,
F00772,C0124,B00969,2024-06-04,4.3,8,4.3,"Useful content, could use more examples"
F00773,C0124,B00970,2024-07-19,4.6,10,4.9,"Excellent trainer, very practical content"
F00774,C0124,B00971,2024-08-25,4.1,8,3.8,Trainer was knowledgeable
F00775,C0124,B00972,2024-10-11,5.0,10,5.0,"Excellent trainer, very practical content"
F00776,C0124,B00973,2024-12-10,4.4,7,4.7,
F00777,C0124,B00974,2025-01-27,4.8,10,5.0,Great real-world examples and case studies
F00778,C0124,B00975,2025-03-16,4.3,8,4.0,"Decent workshop, learned some new things"
F00779,C0124,B00976,2025-04-19,4.4,7,4.6,"Good course overall, met expectations"
F00780,C0124,B00977,2025-06-18,4.2,7,4.6,
F00781,C0124,B00979,2025-10-09,3.7,8,3.6,"Useful content, could use more examples"
F00782,C0125,B00981,2023-08-03,4.4,7,4.6,
F00783,C0125,B00982,2023-09-16,4.2,8,4.0,
F00784,C0125,B00983,2023-10-22,4.9,10,5.0,
F00785,C0125,B00984,2023-12-09,4.1,7,4.6,
F00786,C0125,B00985,2024-01-26,4.8,10,5.0,
F00787,C0125,B00986,2024-02-11,4.1,7,3.9,"Good course overall, met expectations"
F00788,C0125,B00987,2024-03-29,4.1,8,4.5,"Useful content, could use more examples"
F00789,C0125,B00988,2024-05-13,4.6,10,4.5,"Excellent trainer, very practical content"
F00790,C0126,B00990,2025-07-21,4.6,9,4.3,Great real-world examples and case studies
F00791,C0127,B00991,2025-11-29,5.0,10,5.0,"Exceeded expectations, highly recommend"
F00792,C0128,B00992,2025-03-30,4.5,10,4.8,"Exceeded expectations, highly recommend"
F00793,C0128,B00993,2025-05-06,3.4,2,3.5,
F00794,C0128,B00994,2025-06-13,4.2,8,4.2,
F00795,C0128,B00995,2025-07-19,4.9,9,5.0,Very useful tools and frameworks provided
F00796,C0129,B00996,2023-05-17,4.1,8,4.5,
F00797,C0129,B00997,2023-07-07,3.7,7,3.9,
F00798,C0129,B00998,2023-08-29,4.9,9,4.8,"Good pace, well-structured content"
F00799,C0129,B00999,2023-10-10,4.2,8,4.3,"Good course overall, met expectations"
F00800,C0129,B01000,2023-11-17,4.1,7,3.9,Trainer was knowledgeable
F00801,C0129,B01001,2024-01-07,4.1,8,4.2,"Useful content, could use more examples"
F00802,C0129,B01002,2024-02-14,3.6,7,3.8,
F00803,C0129,B01003,2024-04-13,4.1,8,3.9,"Decent workshop, learned some new things"
F00804,C0129,B01008,2025-01-23,4.4,8,4.5,
F00805,C0129,B01010,2025-05-15,4.5,10,4.4,Very useful tools and frameworks provided
F00806,C0129,B01011,2025-07-13,3.6,8,3.8,
F00807,C0129,B01012,2025-08-19,4.7,10,4.7,
F00808,C0129,B01013,2025-10-09,4.0,8,4.2,
F00809,C0130,B01014,2023-09-12,4.5,10,4.1,Highly engaging and interactive session
F00810,C0130,B01015,2023-10-31,4.5,9,4.8,Highly engaging and interactive session
F00811,C0130,B01016,2024-01-10,4.8,9,4.5,Trainer was knowledgeable and approachable
F00812,C0130,B01018,2024-05-14,5.0,10,5.0,Trainer was knowledgeable and approachable
F00813,C0130,B01019,2024-07-01,4.8,10,4.8,
F00814,C0130,B01020,2024-09-02,4.7,9,4.5,Great real-world examples and case studies
F00815,C0130,B01021,2024-10-31,3.9,8,3.9,
F00816,C0130,B01023,2025-02-21,3.8,8,3.8,"Decent workshop, learned some new things"
F00817,C0130,B01024,2025-04-30,4.5,10,4.6,Highly engaging and interactive session
F00818,C0130,B01025,2025-07-10,3.7,7,4.3,
F00819,C0130,B01026,2025-09-02,4.6,10,4.8,"Good pace, well-structured content"
F00820,C0131,B01027,2022-08-26,4.7,10,4.6,Very useful tools and frameworks provided
F00821,C0131,B01028,2022-10-26,3.4,1,3.7,
F00822,C0131,B01030,2023-02-15,3.8,7,3.9,
F00823,C0131,B01032,2023-06-11,4.0,7,4.0,
F00824,C0131,B01033,2023-08-06,4.1,8,4.2,
F00825,C0132,B01034,2022-05-27,4.8,9,5.0,"Exceeded expectations, highly recommend"
F00826,C0132,B01035,2022-07-02,3.2,5,3.6,
F00827,C0132,B01036,2022-08-08,4.1,8,4.4,"Useful content, could use more examples"
F00828,C0132,B01037,2022-09-16,4.1,8,3.8,Trainer was knowledgeable
F00829,C0132,B01038,2022-10-17,3.8,8,3.9,
F00830,C0132,B01039,2022-10-31,4.8,9,5.0,
F00831,C0132,B01040,2022-12-19,3.8,7,4.0,"Useful content, could use more examples"
F00832,C0132,B01041,2023-02-04,4.3,8,4.8,
F00833,C0132,B01042,2023-03-14,4.2,7,4.1,
F00834,C0132,B01043,2023-04-10,3.7,8,4.0,
F00835,C0132,B01044,2023-05-22,4.1,7,4.0,
F00836,C0132,B01045,2023-07-06,4.2,8,4.6,"Decent workshop, learned some new things"
F00837,C0132,B01046,2023-08-02,3.8,8,3.6,Trainer was knowledgeable
F00838,C0132,B01047,2023-09-06,4.0,7,3.7,
F00839,C0132,B01048,2023-10-13,4.6,9,4.9,"Excellent trainer, very practical content"
F00840,C0132,B01050,2023-12-31,4.0,7,4.4,"Good course overall, met expectations"
F00841,C0132,B01051,2024-02-01,4.5,9,4.9,Trainer was knowledgeable and approachable
F00842,C0133,B01053,2025-02-08,4.3,7,4.4,"Useful content, could use more examples"
F00843,C0133,B01054,2025-03-22,3.6,8,3.8,Trainer was knowledgeable
F00844,C0133,B01056,2025-05-31,3.7,7,4.1,
F00845,C0133,B01057,2025-07-03,4.5,10,4.8,
F00846,C0133,B01058,2025-08-18,3.7,7,3.8,"Good course overall, met expectations"
F00847,C0133,B01059,2025-09-28,4.7,10,5.0,Highly engaging and interactive session
F00848,C0133,B01060,2025-11-12,5.0,10,4.9,"Excellent trainer, very practical content"
F00849,C0133,B01061,2025-12-06,4.8,10,4.7,Highly engaging and interactive session
F00850,C0134,B01062,2023-06-30,4.9,10,4.8,"Excellent trainer, very practical content"
F00851,C0134,B01063,2023-08-10,5.0,10,5.0,Trainer was knowledgeable and approachable
F00852,C0134,B01064,2023-09-11,3.7,7,4.0,"Decent workshop, learned some new things"
F00853,C0134,B01065,2023-10-05,4.1,7,4.6,
F00854,C0134,B01066,2023-10-29,3.8,7,3.8,
F00855,C0134,B01067,2023-11-25,4.7,10,4.7,Great real-world examples and case studies
F00856,C0134,B01068,2023-12-22,4.8,9,4.5,Great real-world examples and case studies
F00857,C0134,B01070,2024-02-09,3.8,8,3.6,
F00858,C0134,B01071,2024-03-10,4.6,9,4.4,"Exceeded expectations, highly recommend"
F00859,C0134,B01072,2024-04-06,3.9,8,3.5,"Useful content, could use more examples"
F00860,C0134,B01074,2024-06-08,5.0,9,4.8,
F00861,C0134,B01075,2024-07-10,3.3,4,3.5,Not enough time for questions
F00862,C0134,B01076,2024-08-17,3.8,8,3.8,"Decent workshop, learned some new things"
F00863,C0135,B01077,2024-03-24,4.7,10,4.3,
F00864,C0135,B01078,2024-05-06,5.0,10,5.0,"Good pace, well-structured content"
F00865,C0136,B01079,2023-02-15,3.8,7,3.9,
F00866,C0136,B01081,2023-06-17,4.8,10,4.7,Great real-world examples and case studies
F00867,C0136,B01082,2023-08-11,3.4,4,3.8,Not enough time for questions
F00868,C0136,B01083,2023-10-13,5.0,9,4.9,Great real-world examples and case studies
F00869,C0136,B01084,2023-11-27,3.9,8,4.1,Trainer was knowledgeable
F00870,C0136,B01085,2024-01-11,5.0,9,4.9,
F00871,C0136,B01087,2024-05-14,4.1,8,4.3,Trainer was knowledgeable
F00872,C0136,B01088,2024-07-12,3.8,7,3.8,
F00873,C0136,B01089,2024-09-09,4.1,7,4.7,"Good course overall, met expectations"
F00874,C0136,B01090,2024-10-23,4.9,10,5.0,
F00875,C0136,B01091,2024-12-12,4.4,8,4.7,
F00876,C0136,B01092,2025-01-22,4.7,10,4.8,Trainer was knowledgeable and approachable
F00877,C0136,B01093,2025-03-06,4.4,8,4.1,
F00878,C0136,B01094,2025-04-28,4.6,10,4.7,
F00879,C0136,B01095,2025-06-05,5.0,9,5.0,
F00880,C0136,B01096,2025-07-24,4.0,7,3.8,
F00881,C0137,B01099,2023-04-14,3.4,1,3.7,
F00882,C0137,B01100,2023-06-24,4.2,8,3.9,Trainer was knowledgeable
F00883,C0137,B01101,2023-08-02,4.8,9,4.9,
F00884,C0137,B01102,2023-09-08,3.8,7,4.0,"Useful content, could use more examples"
F00885,C0137,B01103,2023-11-17,3.7,8,3.9,
F00886,C0137,B01104,2024-01-08,4.0,8,4.3,
F00887,C0137,B01106,2024-04-22,4.7,9,4.5,Great real-world examples and case studies
F00888,C0138,B01107,2021-12-29,4.6,10,5.0,Great real-world examples and case studies
F00889,C0138,B01108,2022-03-30,3.7,8,4.1,"Decent workshop, learned some new things"
F00890,C0138,B01109,2022-07-09,4.2,7,4.8,
F00891,C0138,B01110,2022-10-09,4.6,10,5.0,Trainer was knowledgeable and approachable
F00892,C0138,B01111,2022-12-30,4.8,10,4.8,"Exceeded expectations, highly recommend"
F00893,C0138,B01112,2023-03-21,4.4,8,4.5,Trainer was knowledgeable
F00894,C0138,B01113,2023-06-21,4.2,8,4.0,
F00895,C0139,B01118,2022-06-30,3.9,7,4.1,
F00896,C0139,B01119,2022-08-14,4.3,7,4.3,"Good course overall, met expectations"
F00897,C0139,B01121,2022-11-25,4.2,8,3.8,"Useful content, could use more examples"
F00898,C0139,B01122,2023-01-10,3.8,8,3.6,
F00899,C0139,B01123,2023-03-13,4.8,10,4.6,Very useful tools and frameworks provided
F00900,C0140,B01124,2021-03-07,3.5,8,4.1,
F00901,C0140,B01125,2021-06-23,4.2,7,4.4,
F00902,C0140,B01126,2021-09-29,4.3,7,4.6,
F00903,C0140,B01127,2021-12-27,4.3,8,4.5,
F00904,C0140,B01128,2022-04-18,3.7,8,3.7,"Good course overall, met expectations"
F00905,C0140,B01129,2022-07-28,3.4,4,3.7,Not enough time for questions
F00906,C0140,B01130,2022-10-28,4.2,7,4.4,"Good course overall, met expectations"
F00907,C0141,B01132,2021-12-27,4.5,9,4.5,Trainer was knowledgeable and approachable
F00908,C0141,B01133,2022-03-06,4.0,8,3.8,"Useful content, could use more examples"
F00909,C0142,B01134,2023-12-03,4.3,8,4.2,"Good course overall, met expectations"
F00910,C0142,B01136,2024-03-16,4.4,7,4.4,"Decent workshop, learned some new things"
F00911,C0142,B01137,2024-05-02,4.2,8,4.4,Trainer was knowledgeable
F00912,C0142,B01138,2024-06-21,4.8,9,4.6,"Excellent trainer, very practical content"
F00913,C0142,B01139,2024-07-30,3.6,8,3.8,"Useful content, could use more examples"
F00914,C0142,B01140,2024-09-10,4.3,8,4.2,
F00915,C0142,B01141,2024-11-09,4.4,8,4.4,"Useful content, could use more examples"
F00916,C0142,B01142,2024-12-22,4.1,8,4.1,Trainer was knowledgeable
F00917,C0142,B01143,2025-02-20,4.9,9,5.0,Highly engaging and interactive session
F00918,C0143,B01144,2024-04-21,4.6,10,4.3,Trainer was knowledgeable and approachable
F00919,C0143,B01145,2024-06-23,3.3,4,3.5,
F00920,C0143,B01146,2024-09-04,3.8,7,3.8,
F00921,C0143,B01147,2024-12-02,4.5,9,4.7,Highly engaging and interactive session
F00922,C0143,B01148,2025-02-24,3.9,8,3.7,"Good course overall, met expectations"
F00923,C0143,B01149,2025-05-08,4.0,7,3.9,"Useful content, could use more examples"
F00924,C0143,B01150,2025-07-08,3.7,8,4.1,
F00925,C0144,B01151,2024-12-08,4.9,9,4.9,"Exceeded expectations, highly recommend"
F00926,C0144,B01152,2025-01-11,4.7,10,4.4,
F00927,C0144,B01153,2025-02-18,4.0,8,4.1,"Decent workshop, learned some new things"
F00928,C0144,B01154,2025-03-17,4.9,10,4.5,
F00929,C0144,B01155,2025-04-27,3.7,8,4.1,
F00930,C0144,B01156,2025-05-18,3.7,7,3.9,"Good course overall, met expectations"
F00931,C0144,B01157,2025-06-30,3.9,8,4.5,
F00932,C0144,B01158,2025-07-29,4.0,8,3.9,"Good course overall, met expectations"
F00933,C0144,B01159,2025-08-20,3.6,8,3.8,"Good course overall, met expectations"
F00934,C0144,B01160,2025-10-07,5.0,9,4.9,Great real-world examples and case studies
F00935,C0144,B01161,2025-11-18,4.4,7,4.3,"Useful content, could use more examples"
F00936,C0144,B01162,2025-12-28,4.0,7,4.2,
F00937,C0145,B01164,2024-07-01,4.5,10,4.2,
F00938,C0145,B01165,2024-08-25,5.0,9,4.7,"Excellent trainer, very practical content"
F00939,C0145,B01166,2024-09-27,3.9,8,3.9,
F00940,C0145,B01167,2024-11-08,3.4,0,3.4,
F00941,C0145,B01169,2025-01-28,3.4,2,3.9,"Content was basic, expected more depth"
F00942,C0145,B01170,2025-03-22,3.6,7,4.0,
F00943,C0145,B01172,2025-06-21,4.8,9,4.5,
F00944,C0145,B01173,2025-08-05,4.9,9,4.6,"Exceeded expectations, highly recommend"
F00945,C0145,B01175,2025-11-21,3.4,5,3.6,"Content was basic, expected more depth"
F00946,C0146,B01176,2021-08-05,4.4,8,4.8,"Good course overall, met expectations"
F00947,C0146,B01177,2021-09-23,4.1,8,4.3,
F00948,C0146,B01178,2021-11-24,4.0,7,4.5,"Decent workshop, learned some new things"
F00949,C0146,B01179,2022-01-12,4.4,7,4.7,Trainer was knowledgeable
F00950,C0146,B01180,2022-03-08,4.0,7,4.0,
F00951,C0146,B01181,2022-05-08,3.4,4,3.6,Not enough time for questions
F00952,C0146,B01182,2022-06-25,4.5,9,4.6,"Good pace, well-structured content"
F00953,C0146,B01183,2022-08-26,3.8,7,3.4,
F00954,C0146,B01185,2022-12-27,3.9,7,4.0,"Decent workshop, learned some new things"
F00955,C0146,B01186,2023-03-06,4.0,7,4.4,
F00956,C0146,B01187,2023-04-24,4.4,7,4.4,
F00957,C0146,B01188,2023-06-21,4.2,8,4.4,"Good course overall, met expectations"
F00958,C0146,B01189,2023-08-14,3.6,8,3.6,"Useful content, could use more examples"
F00959,C0146,B01190,2023-10-13,4.0,8,4.7,
F00960,C0146,B01192,2024-01-30,3.8,8,4.0,
F00961,C0147,B01194,2023-06-18,3.9,7,3.9,"Useful content, could use more examples"
F00962,C0147,B01196,2023-11-05,4.9,10,5.0,
F00963,C0147,B01197,2024-01-26,4.2,7,4.5,
F00964,C0147,B01198,2024-04-20,3.5,8,3.7,
F00965,C0147,B01200,2024-09-18,4.0,8,4.3,
F00966,C0147,B01201,2024-12-15,4.9,10,4.6,
F00967,C0148,B01202,2021-04-21,3.6,7,3.6,
F00968,C0148,B01204,2021-08-12,4.9,9,5.0,
F00969,C0148,B01205,2021-10-05,4.1,7,4.4,
F00970,C0148,B01206,2021-11-19,3.8,7,4.0,
F00971,C0148,B01207,2022-01-31,3.9,7,3.6,
F00972,C0149,B01208,2025-07-05,3.8,8,4.1,
F00973,C0149,B01209,2025-09-04,5.0,9,5.0,Trainer was knowledgeable and approachable
F00974,C0149,B01210,2025-11-07,3.9,8,3.7,
F00975,C0150,B01211,2022-01-19,4.9,9,4.6,"Excellent trainer, very practical content"
F00976,C0150,B01213,2022-03-24,3.6,7,3.8,"Decent workshop, learned some new things"
F00977,C0150,B01214,2022-04-24,3.9,8,4.1,
F00978,C0150,B01215,2022-05-14,4.1,7,4.2,
F00979,C0150,B01216,2022-06-02,3.9,8,4.0,"Good course overall, met expectations"
F00980,C0150,B01220,2022-10-09,3.5,7,3.6,
F00981,C0151,B01222,2021-12-10,4.8,9,4.5,Very useful tools and frameworks provided
F00982,C0151,B01223,2022-01-11,4.0,7,4.1,"Useful content, could use more examples"
F00983,C0151,B01224,2022-02-06,4.2,7,4.3,"Decent workshop, learned some new things"
F00984,C0152,B01225,2021-07-05,3.4,2,3.7,"Content was basic, expected more depth"
F00985,C0152,B01226,2021-07-30,3.3,5,3.9,"Content was basic, expected more depth"
F00986,C0152,B01227,2021-09-09,4.2,8,4.0,
F00987,C0152,B01229,2021-10-29,5.0,9,5.0,Trainer was knowledgeable and approachable
F00988,C0152,B01230,2021-12-11,4.2,7,4.3,"Useful content, could use more examples"
F00989,C0152,B01231,2022-01-18,3.3,6,3.5,Not enough time for questions
F00990,C0152,B01232,2022-02-21,3.4,6,3.8,"Content was basic, expected more depth"
F00991,C0152,B01233,2022-03-11,5.0,10,4.8,Trainer was knowledgeable and approachable
F00992,C0152,B01234,2022-04-07,4.5,9,5.0,
F00993,C0152,B01235,2022-05-04,4.6,9,4.5,Great real-world examples and case studies
F00994,C0152,B01236,2022-05-26,4.3,8,4.7,"Good course overall, met expectations"
F00995,C0152,B01237,2022-06-27,3.5,8,3.4,"Decent workshop, learned some new things"
F00996,C0153,B01238,2023-07-20,4.5,9,4.6,
F00997,C0153,B01240,2023-11-23,4.6,9,4.6,Highly engaging and interactive session
F00998,C0153,B01241,2024-01-09,5.0,10,5.0,"Excellent trainer, very practical content"
F00999,C0153,B01242,2024-03-11,5.0,10,4.9,
F01000,C0153,B01243,2024-05-14,4.5,10,4.4,
F01001,C0153,B01244,2024-07-27,4.7,9,5.0,
F01002,C0153,B01245,2024-10-01,4.0,7,4.0,
F01003,C0153,B01246,2024-11-17,4.0,7,3.7,"Decent workshop, learned some new things"
F01004,C0153,B01247,2025-01-01,3.9,8,4.1,
F01005,C0153,B01248,2025-03-07,3.6,8,4.0,
F01006,C0153,B01249,2025-05-15,4.1,8,4.2,"Good course overall, met expectations"
F01007,C0153,B01250,2025-07-17,4.1,7,3.7,"Decent workshop, learned some new things"
F01008,C0154,B01251,2025-07-28,4.6,9,5.0,Great real-world examples and case studies
F01009,C0155,B01252,2021-10-07,4.6,9,4.7,"Excellent trainer, very practical content"
F01010,C0155,B01254,2022-02-21,3.8,7,3.7,Trainer was knowledgeable
F01011,C0155,B01255,2022-05-03,4.7,10,4.9,Very useful tools and frameworks provided
F01012,C0156,B01256,2023-12-25,3.7,8,4.0,"Decent workshop, learned some new things"
F01013,C0156,B01257,2024-03-01,3.9,7,4.2,
F01014,C0156,B01258,2024-04-29,3.7,7,3.8,"Good course overall, met expectations"
F01015,C0156,B01259,2024-06-08,4.7,10,4.7,Highly engaging and interactive session
F01016,C0156,B01260,2024-08-05,3.8,8,3.8,
F01017,C0156,B01261,2024-09-22,5.0,9,5.0,
F01018,C0156,B01262,2024-11-19,4.0,8,4.0,"Decent workshop, learned some new things"
F01019,C0156,B01263,2025-01-14,3.9,8,4.2,"Good course overall, met expectations"
F01020,C0156,B01264,2025-03-13,5.0,9,5.0,"Exceeded expectations, highly recommend"
F01021,C0156,B01265,2025-04-25,4.3,8,4.1,
F01022,C0156,B01266,2025-06-22,5.0,9,4.9,
F01023,C0156,B01267,2025-08-08,3.4,4,3.9,"Too theoretical, needed more practical exercises"
F01024,C0156,B01268,2025-10-11,4.6,10,4.7,
F01025,C0156,B01269,2025-12-04,5.0,9,5.0,Highly engaging and interactive session
F01026,C0157,B01270,2021-08-08,3.7,7,4.1,"Decent workshop, learned some new things"
F01027,C0157,B01271,2021-11-01,4.2,7,4.4,
F01028,C0157,B01272,2022-01-20,3.8,7,3.9,"Good course overall, met expectations"
F01029,C0157,B01273,2022-03-28,3.8,8,3.6,
F01030,C0157,B01274,2022-06-07,4.5,9,4.7,
F01031,C0157,B01276,2022-10-25,4.5,9,4.4,Great real-world examples and case studies
F01032,C0157,B01277,2023-01-13,4.8,10,5.0,Highly engaging and interactive session
F01033,C0157,B01278,2023-04-05,3.5,7,3.6,
F01034,C0158,B01279,2021-05-22,4.8,10,5.0,"Good pace, well-structured content"
F01035,C0158,B01280,2021-08-26,4.0,7,4.0,"Good course overall, met expectations"
F01036,C0158,B01281,2021-11-25,3.8,8,3.7,
F01037,C0158,B01282,2022-03-20,4.7,9,4.4,
F01038,C0158,B01283,2022-06-20,3.8,8,3.8,Trainer was knowledgeable
F01039,C0158,B01284,2022-10-03,4.3,8,4.5,
F01040,C0158,B01285,2022-12-26,4.8,9,4.9,Great real-world examples and case studies
F01041,C0159,B01287,2021-08-29,4.9,10,4.9,Highly engaging and interactive session
F01042,C0159,B01288,2021-10-20,3.9,8,4.0,"Useful content, could use more examples"
F01043,C0159,B01289,2021-12-06,3.8,8,4.0,
F01044,C0159,B01290,2022-02-01,5.0,10,5.0,"Good pace, well-structured content"
F01045,C0159,B01291,2022-03-15,4.0,8,3.5,"Useful content, could use more examples"
F01046,C0159,B01292,2022-05-25,3.9,8,4.0,"Decent workshop, learned some new things"
F01047,C0159,B01294,2022-09-18,4.1,7,4.3,"Decent workshop, learned some new things"
F01048,C0159,B01295,2022-11-15,4.7,9,5.0,
F01049,C0159,B01296,2023-01-17,4.2,8,4.8,"Decent workshop, learned some new things"
F01050,C0159,B01298,2023-06-05,4.9,9,4.8,
F01051,C0159,B01299,2023-07-15,4.0,8,4.5,"Decent workshop, learned some new things"
F01052,C0159,B01300,2023-09-01,4.9,9,4.9,Great real-world examples and case studies
F01053,C0159,B01301,2023-10-30,4.5,9,4.2,
F01054,C0159,B01302,2023-12-23,3.4,3,3.8,Trainer rushed through important topics
F01055,C0160,B01304,2024-06-18,3.6,8,4.1,"Good course overall, met expectations"
F01056,C0160,B01306,2025-02-06,4.1,7,3.9,"Good course overall, met expectations"
F01057,C0160,B01307,2025-05-30,3.8,7,3.8,"Useful content, could use more examples"
F01058,C0160,B01308,2025-09-14,5.0,9,4.8,
F01059,C0161,B01309,2024-02-16,4.1,8,4.2,
F01060,C0161,B01310,2024-03-26,4.5,9,4.7,
F01061,C0161,B01313,2024-08-20,4.1,7,4.4,
F01062,C0161,B01314,2024-10-01,4.4,8,4.8,
F01063,C0161,B01316,2025-01-18,3.8,7,4.3,"Good course overall, met expectations"
F01064,C0162,B01319,2025-09-22,4.8,9,4.5,
F01065,C0163,B01321,2021-05-19,4.8,9,4.9,
F01066,C0163,B01322,2021-08-01,3.7,7,3.7,Trainer was knowledgeable
F01067,C0163,B01324,2021-11-13,3.6,7,3.9,"Good course overall, met expectations"
F01068,C0163,B01325,2022-01-17,4.9,10,4.7,"Exceeded expectations, highly recommend"
F01069,C0163,B01326,2022-03-21,4.7,9,5.0,
F01070,C0163,B01327,2022-05-31,4.3,7,3.9,
F01071,C0163,B01328,2022-07-29,4.1,8,4.6,
F01072,C0163,B01329,2022-09-13,3.4,3,3.7,"Too theoretical, needed more practical exercises"
F01073,C0163,B01330,2022-11-04,4.5,9,4.5,
F01074,C0164,B01333,2025-10-13,4.6,10,4.6,
F01075,C0165,B01334,2022-04-24,3.9,8,3.9,
F01076,C0165,B01335,2022-06-29,3.9,7,3.8,
F01077,C0165,B01336,2022-08-28,5.0,9,5.0,Great real-world examples and case studies
F01078,C0165,B01337,2022-11-10,4.7,9,5.0,"Good pace, well-structured content"
F01079,C0165,B01338,2023-01-14,4.1,7,4.3,"Useful content, could use more examples"
F01080,C0165,B01339,2023-03-28,4.2,8,4.2,"Useful content, could use more examples"
F01081,C0165,B01340,2023-06-05,3.6,7,3.7,"Good course overall, met expectations"
F01082,C0165,B01341,2023-07-31,4.7,9,5.0,Very useful tools and frameworks provided
F01083,C0165,B01342,2023-10-05,4.1,8,4.6,"Useful content, could use more examples"
F01084,C0165,B01344,2024-01-27,4.2,8,4.4,Trainer was knowledgeable
F01085,C0165,B01345,2024-03-12,3.7,8,3.6,
F01086,C0165,B01346,2024-05-12,4.6,9,4.3,Very useful tools and frameworks provided
F01087,C0166,B01347,2022-01-03,3.4,3,3.5,Trainer rushed through important topics
F01088,C0166,B01348,2022-04-30,4.8,10,4.5,
F01089,C0166,B01349,2022-08-18,4.1,7,4.1,"Good course overall, met expectations"
F01090,C0166,B01350,2022-12-19,4.7,9,4.8,
F01091,C0166,B01351,2023-04-09,4.4,7,5.0,
F01092,C0166,B01352,2023-07-25,3.7,7,3.8,
F01093,C0166,B01353,2023-11-02,4.2,7,4.2,"Decent workshop, learned some new things"
F01094,C0166,B01354,2024-02-21,4.5,10,4.6,"Excellent trainer, very practical content"
F01095,C0166,B01355,2024-06-13,4.6,10,5.0,Highly engaging and interactive session
F01096,C0166,B01356,2024-09-25,4.7,10,4.8,"Excellent trainer, very practical content"
F01097,C0167,B01357,2021-12-20,3.7,8,4.0,"Good course overall, met expectations"
F01098,C0167,B01358,2022-01-20,3.2,4,3.5,
F01099,C0167,B01359,2022-02-25,5.0,10,5.0,Great real-world examples and case studies
F01100,C0167,B01360,2022-03-31,4.7,9,4.5,"Excellent trainer, very practical content"
F01101,C0167,B01361,2022-05-08,4.7,10,4.9,Great real-world examples and case studies
F01102,C0167,B01362,2022-06-06,3.9,7,4.0,"Good course overall, met expectations"
F01103,C0167,B01363,2022-07-26,3.8,7,4.1,Trainer was knowledgeable
F01104,C0167,B01364,2022-08-30,4.6,10,4.4,"Exceeded expectations, highly recommend"
F01105,C0167,B01365,2022-10-11,4.9,10,4.7,"Exceeded expectations, highly recommend"
F01106,C0167,B01366,2022-11-25,4.1,8,4.5,"Decent workshop, learned some new things"
F01107,C0167,B01367,2023-01-08,4.1,7,4.0,"Decent workshop, learned some new things"
F01108,C0167,B01368,2023-02-18,3.9,7,3.8,
F01109,C0167,B01370,2023-04-29,4.1,7,4.4,
F01110,C0167,B01371,2023-06-17,3.7,8,4.3,Trainer was knowledgeable
F01111,C0167,B01373,2023-09-01,4.8,9,4.6,"Good pace, well-structured content"
F01112,C0167,B01374,2023-10-02,3.8,8,3.8,Trainer was knowledgeable
F01113,C0168,B01375,2021-12-18,4.0,7,3.8,
F01114,C0168,B01376,2022-01-30,4.1,7,3.9,Trainer was knowledgeable
F01115,C0168,B01377,2022-02-24,4.8,9,4.4,
F01116,C0168,B01378,2022-03-20,3.7,8,4.3,Trainer was knowledgeable
F01117,C0168,B01379,2022-04-21,4.1,7,4.5,"Useful content, could use more examples"
F01118,C0168,B01380,2022-06-03,3.7,7,3.7,Trainer was knowledgeable
F01119,C0168,B01382,2022-08-11,4.7,9,4.7,"Good pace, well-structured content"
F01120,C0168,B01384,2022-10-21,4.2,7,4.1,Trainer was knowledgeable
F01121,C0168,B01385,2022-12-07,5.0,10,4.7,
F01122,C0168,B01386,2023-01-01,4.2,8,4.4,"Useful content, could use more examples"
F01123,C0168,B01387,2023-02-08,4.4,7,4.1,
F01124,C0168,B01388,2023-03-07,3.4,1,3.8,Trainer rushed through important topics
F01125,C0168,B01389,2023-04-23,5.0,9,4.8,
F01126,C0168,B01390,2023-05-23,3.6,7,4.0,
F01127,C0169,B01391,2022-11-09,3.6,7,3.9,"Good course overall, met expectations"
F01128,C0169,B01392,2022-12-29,3.4,6,3.6,
F01129,C0169,B01393,2023-01-21,4.2,7,4.5,
F01130,C0169,B01394,2023-03-04,4.6,9,4.7,"Good pace, well-structured content"
F01131,C0169,B01395,2023-04-05,4.4,7,5.0,
F01132,C0169,B01396,2023-05-16,3.3,3,3.4,
F01133,C0169,B01398,2023-07-07,4.4,8,4.3,
F01134,C0169,B01399,2023-08-11,4.0,8,4.0,"Useful content, could use more examples"
F01135,C0169,B01403,2023-12-14,4.7,9,4.9,Very useful tools and frameworks provided
F01136,C0169,B01404,2023-12-29,4.0,8,3.9,
F01137,C0169,B01405,2024-02-01,4.3,7,4.2,Trainer was knowledgeable
F01138,C0169,B01406,2024-02-23,4.7,9,4.8,Highly engaging and interactive session
F01139,C0169,B01407,2024-03-17,4.5,10,4.7,
F01140,C0170,B01409,2023-08-29,3.8,7,4.0,"Good course overall, met expectations"
F01141,C0170,B01411,2024-01-27,4.7,10,4.3,
F01142,C0170,B01412,2024-04-06,4.4,8,4.8,"Good course overall, met expectations"
F01143,C0170,B01413,2024-05-30,3.8,8,3.9,
F01144,C0170,B01414,2024-08-20,4.2,8,4.3,"Good course overall, met expectations"
F01145,C0170,B01415,2024-10-25,4.8,10,4.6,"Exceeded expectations, highly recommend"
F01146,C0170,B01416,2024-12-20,4.2,7,4.6,"Useful content, could use more examples"
F01147,C0170,B01417,2025-03-14,3.8,8,3.6,Trainer was knowledgeable
F01148,C0170,B01419,2025-08-04,3.7,8,4.0,"Decent workshop, learned some new things"
F01149,C0171,B01421,2022-08-05,3.5,8,3.7,
F01150,C0171,B01422,2022-10-17,3.7,7,3.9,
F01151,C0171,B01423,2022-12-29,3.8,8,4.0,"Decent workshop, learned some new things"
F01152,C0171,B01424,2023-03-18,4.3,7,4.3,
F01153,C0171,B01427,2023-09-25,3.6,8,3.9,Trainer was knowledgeable
F01154,C0172,B01430,2025-01-17,3.9,7,4.1,"Useful content, could use more examples"
F01155,C0172,B01433,2025-05-29,4.8,10,5.0,
F01156,C0172,B01434,2025-07-09,4.7,9,4.5,Trainer was knowledgeable and approachable
F01157,C0172,B01435,2025-08-19,4.6,9,4.6,Trainer was knowledgeable and approachable
F01158,C0172,B01436,2025-10-09,4.6,9,4.6,
F01159,C0173,B01438,2024-04-04,4.5,10,4.6,
F01160,C0173,B01439,2024-06-10,4.1,7,4.2,"Decent workshop, learned some new things"
F01161,C0173,B01440,2024-09-05,4.8,10,4.8,"Excellent trainer, very practical content"
F01162,C0173,B01441,2024-11-23,4.4,8,4.8,
F01163,C0173,B01443,2025-04-13,4.1,8,4.4,"Decent workshop, learned some new things"
F01164,C0173,B01444,2025-06-23,4.0,7,3.7,
F01165,C0173,B01445,2025-08-23,4.1,8,4.5,
F01166,C0174,B01446,2021-04-28,4.4,7,4.4,
F01167,C0174,B01447,2021-06-16,3.7,7,3.9,"Good course overall, met expectations"
F01168,C0174,B01448,2021-07-23,4.9,9,5.0,Great real-world examples and case studies
F01169,C0174,B01449,2021-08-28,4.9,10,5.0,"Exceeded expectations, highly recommend"
F01170,C0174,B01451,2021-11-09,4.1,7,4.6,"Decent workshop, learned some new things"
F01171,C0174,B01452,2021-11-29,4.6,9,4.8,"Excellent trainer, very practical content"
F01172,C0174,B01453,2022-01-10,4.4,8,4.4,"Useful content, could use more examples"
F01173,C0174,B01455,2022-04-11,4.1,8,4.5,"Good course overall, met expectations"
F01174,C0174,B01456,2022-05-21,5.0,10,5.0,Great real-world examples and case studies
F01175,C0174,B01457,2022-07-06,3.8,7,3.7,"Decent workshop, learned some new things"
F01176,C0174,B01458,2022-07-30,4.8,9,4.8,
F01177,C0174,B01459,2022-08-20,3.7,8,3.6,
F01178,C0174,B01461,2022-11-18,4.4,8,4.4,"Decent workshop, learned some new things"
F01179,C0174,B01462,2022-12-12,3.8,8,3.9,"Good course overall, met expectations"
F01180,C0174,B01463,2023-01-20,3.7,7,4.1,
F01181,C0175,B01464,2022-11-22,4.8,10,4.6,"Excellent trainer, very practical content"
F01182,C0175,B01465,2023-01-14,3.7,7,3.8,
F01183,C0175,B01466,2023-02-27,4.8,9,4.9,"Exceeded expectations, highly recommend"
F01184,C0175,B01467,2023-04-01,3.9,8,4.1,"Decent workshop, learned some new things"
F01185,C0175,B01470,2023-08-06,5.0,9,5.0,Great real-world examples and case studies
F01186,C0176,B01471,2023-07-01,3.4,3,3.5,
F01187,C0176,B01472,2023-09-02,4.3,7,4.4,"Useful content, could use more examples"
F01188,C0176,B01473,2023-10-18,4.8,10,4.4,Highly engaging and interactive session
F01189,C0176,B01474,2023-11-30,4.7,9,4.7,"Excellent trainer, very practical content"
F01190,C0176,B01477,2024-05-08,4.4,8,4.4,"Good course overall, met expectations"
F01191,C0176,B01478,2024-06-30,3.7,8,3.6,"Decent workshop, learned some new things"
F01192,C0176,B01479,2024-08-23,4.2,7,3.8,
F01193,C0176,B01480,2024-11-05,4.2,7,4.1,"Decent workshop, learned some new things"
F01194,C0176,B01481,2025-01-07,4.8,10,5.0,"Good pace, well-structured content"
F01195,C0176,B01482,2025-02-27,4.0,8,4.3,
F01196,C0176,B01485,2025-08-04,3.9,8,4.1,
F01197,C0177,B01486,2025-03-27,3.9,7,4.1,"Decent workshop, learned some new things"
F01198,C0177,B01487,2025-06-13,3.7,8,4.0,"Useful content, could use more examples"
F01199,C0177,B01488,2025-09-06,4.7,9,4.5,"Good pace, well-structured content"
F01200,C0178,B01489,2025-05-29,4.4,8,4.7,
F01201,C0178,B01490,2025-07-04,3.9,8,4.4,
F01202,C0178,B01491,2025-08-12,3.9,8,3.8,
F01203,C0178,B01492,2025-09-21,4.0,8,3.6,
F01204,C0178,B01493,2025-11-01,3.5,8,3.6,"Decent workshop, learned some new things"
F01205,C0178,B01494,2025-12-24,4.5,9,4.8,
F01206,C0179,B01495,2023-03-05,4.4,7,4.2,"Good course overall, met expectations"
F01207,C0179,B01496,2023-04-11,3.9,7,4.3,"Decent workshop, learned some new things"
F01208,C0179,B01497,2023-05-23,4.3,8,4.3,"Good course overall, met expectations"
F01209,C0180,B01498,2022-09-10,4.3,8,4.1,
F01210,C0180,B01499,2022-10-09,4.9,10,5.0,Great real-world examples and case studies
F01211,C0180,B01500,2022-11-07,4.6,9,4.9,
F01212,C0180,B01502,2023-02-06,3.8,8,3.7,"Decent workshop, learned some new things"
F01213,C0180,B01504,2023-05-11,4.7,10,5.0,Very useful tools and frameworks provided
F01214,C0180,B01505,2023-06-19,4.9,10,4.8,
F01215,C0180,B01506,2023-08-14,3.6,7,4.2,
F01216,C0181,B01507,2025-03-18,4.4,8,4.2,
F01217,C0181,B01508,2025-05-22,4.2,7,4.4,
F01218,C0181,B01509,2025-07-31,4.7,9,5.0,Highly engaging and interactive session
F01219,C0181,B01510,2025-10-03,4.6,9,4.8,
F01220,C0181,B01511,2025-11-20,3.9,8,3.6,Trainer was knowledgeable
F01221,C0182,B01512,2024-05-06,4.4,8,4.8,
F01222,C0182,B01513,2024-06-10,4.1,7,4.4,Trainer was knowledgeable
F01223,C0182,B01514,2024-08-07,4.5,9,4.7,Great real-world examples and case studies
F01224,C0182,B01515,2024-09-24,3.7,8,3.9,Trainer was knowledgeable
F01225,C0182,B01517,2024-12-28,4.0,7,4.1,"Good course overall, met expectations"
F01226,C0182,B01518,2025-02-26,3.4,1,3.8,
F01227,C0182,B01519,2025-04-05,4.4,7,4.2,"Good course overall, met expectations"
F01228,C0182,B01520,2025-05-13,3.8,8,4.0,
F01229,C0182,B01522,2025-08-11,4.0,8,3.6,"Useful content, could use more examples"
F01230,C0182,B01524,2025-11-16,4.0,8,4.1,
F01231,C0183,B01525,2023-10-03,4.0,7,3.7,"Good course overall, met expectations"
F01232,C0185,B01527,2024-03-07,4.1,7,4.6,
F01233,C0185,B01528,2024-04-06,4.5,10,4.3,Great real-world examples and case studies
F01234,C0185,B01530,2024-05-30,3.6,7,3.8,
F01235,C0185,B01531,2024-06-28,5.0,10,4.9,"Good pace, well-structured content"
F01236,C0185,B01532,2024-07-22,4.8,9,4.8,
F01237,C0185,B01533,2024-08-19,4.0,8,4.2,
F01238,C0185,B01534,2024-09-04,4.5,9,4.6,Very useful tools and frameworks provided
F01239,C0185,B01536,2024-10-21,4.6,10,4.1,Great real-world examples and case studies
F01240,C0185,B01537,2024-11-19,4.7,9,4.3,"Good pace, well-structured content"
F01241,C0185,B01538,2024-12-12,3.9,7,4.3,"Good course overall, met expectations"
F01242,C0186,B01539,2023-04-16,4.3,7,4.5,
F01243,C0186,B01540,2023-07-21,4.9,10,4.8,
F01244,C0186,B01541,2023-11-25,5.0,9,5.0,
F01245,C0186,B01542,2024-02-28,4.4,8,4.5,
F01246,C0186,B01543,2024-07-01,3.4,1,3.5,
F01247,C0186,B01544,2024-10-26,4.1,8,4.1,
F01248,C0186,B01545,2025-02-04,4.8,9,4.9,Trainer was knowledgeable and approachable
F01249,C0186,B01546,2025-05-30,4.5,10,4.9,
F01250,C0187,B01548,2024-06-23,3.8,8,4.1,"Good course overall, met expectations"
F01251,C0187,B01550,2025-02-19,4.8,10,4.6,"Excellent trainer, very practical content"
F01252,C0187,B01551,2025-06-22,4.9,9,5.0,
F01253,C0188,B01552,2021-12-01,3.4,3,3.7,Trainer rushed through important topics
F01254,C0188,B01553,2022-01-21,4.0,7,4.3,
F01255,C0188,B01554,2022-03-09,4.4,7,4.2,"Decent workshop, learned some new things"
F01256,C0188,B01555,2022-04-29,3.6,7,4.0,
F01257,C0188,B01556,2022-06-18,3.7,8,3.5,
F01258,C0188,B01557,2022-07-29,4.6,9,4.7,
F01259,C0188,B01558,2022-09-22,3.6,8,3.4,"Useful content, could use more examples"
F01260,C0188,B01559,2022-11-14,5.0,9,4.9,
F01261,C0188,B01560,2023-01-10,5.0,10,5.0,Highly engaging and interactive session
F01262,C0188,B01561,2023-02-21,4.2,8,4.5,
F01263,C0188,B01562,2023-04-26,4.2,7,4.4,
F01264,C0188,B01563,2023-06-18,3.8,8,3.9,Trainer was knowledgeable
F01265,C0188,B01564,2023-08-20,4.3,7,4.1,
F01266,C0189,B01567,2024-03-14,4.2,8,4.1,
F01267,C0189,B01569,2024-08-22,3.3,2,3.8,
F01268,C0189,B01571,2025-01-31,3.6,8,3.6,"Good course overall, met expectations"
F01269,C0189,B01572,2025-04-13,3.6,7,4.0,"Good course overall, met expectations"
F01270,C0190,B01574,2024-10-18,4.3,8,4.6,Trainer was knowledgeable
F01271,C0190,B01575,2024-11-22,4.7,9,4.9,"Exceeded expectations, highly recommend"
F01272,C0190,B01576,2024-12-30,5.0,10,5.0,Great real-world examples and case studies
F01273,C0190,B01577,2025-01-24,4.1,8,3.9,
F01274,C0190,B01578,2025-02-24,4.0,7,4.1,
F01275,C0190,B01581,2025-06-10,4.2,7,4.6,"Decent workshop, learned some new things"
F01276,C0190,B01582,2025-07-19,5.0,10,5.0,"Exceeded expectations, highly recommend"
F01277,C0190,B01583,2025-08-23,4.3,7,4.5,Trainer was knowledgeable
F01278,C0190,B01584,2025-10-14,4.5,10,4.3,
F01279,C0190,B01585,2025-11-12,3.7,7,4.0,"Good course overall, met expectations"
F01280,C0191,B01587,2022-03-06,4.1,7,4.2,
F01281,C0191,B01588,2022-05-09,3.7,8,4.2,"Good course overall, met expectations"
F01282,C0191,B01590,2022-08-22,4.3,8,4.5,"Good course overall, met expectations"
F01283,C0191,B01591,2022-10-06,4.3,8,4.4,
F01284,C0191,B01592,2022-11-15,5.0,10,5.0,"Good pace, well-structured content"
F01285,C0191,B01593,2023-01-25,4.1,7,4.1,"Good course overall, met expectations"
F01286,C0191,B01594,2023-03-24,5.0,9,5.0,Trainer was knowledgeable and approachable
F01287,C0191,B01595,2023-05-22,4.3,8,4.2,"Useful content, could use more examples"
F01288,C0191,B01596,2023-07-12,4.9,9,4.9,"Good pace, well-structured content"
F01289,C0191,B01597,2023-08-31,4.7,9,4.8,
F01290,C0191,B01598,2023-10-13,4.6,10,4.2,Great real-world examples and case studies
F01291,C0191,B01599,2023-12-12,4.5,10,4.9,"Excellent trainer, very practical content"
F01292,C0191,B01600,2024-02-10,4.0,7,4.3,
F01293,C0191,B01601,2024-04-03,4.9,9,5.0,Trainer was knowledgeable and approachable
F01294,C0191,B01603,2024-08-11,4.8,9,4.8,"Excellent trainer, very practical content"
F01295,C0191,B01604,2024-10-07,4.8,10,5.0,
F01296,C0192,B01606,2021-08-18,5.0,10,4.7,"Good pace, well-structured content"
F01297,C0192,B01607,2021-10-11,4.1,7,4.6,
F01298,C0192,B01608,2021-12-01,4.8,10,5.0,
F01299,C0192,B01609,2022-01-18,3.4,4,3.8,
F01300,C0193,B01610,2022-09-29,3.9,8,4.3,"Decent workshop, learned some new things"
F01301,C0193,B01611,2022-10-30,4.8,10,5.0,Highly engaging and interactive session
F01302,C0193,B01612,2022-12-05,4.8,10,4.6,"Excellent trainer, very practical content"
F01303,C0193,B01613,2023-01-17,4.9,9,4.8,"Excellent trainer, very practical content"
F01304,C0194,B01615,2023-08-29,4.9,9,4.8,Trainer was knowledgeable and approachable
F01305,C0194,B01616,2023-11-29,3.5,7,3.6,
F01306,C0194,B01617,2024-02-24,4.8,10,4.7,Trainer was knowledgeable and approachable
F01307,C0194,B01618,2024-04-28,4.8,9,5.0,Highly engaging and interactive session
F01308,C0194,B01619,2024-07-24,4.4,7,4.5,
F01309,C0194,B01620,2024-10-05,4.0,8,4.5,"Decent workshop, learned some new things"
F01310,C0194,B01621,2024-12-10,3.6,7,4.1,"Useful content, could use more examples"
F01311,C0195,B01622,2022-07-04,4.5,10,4.6,Very useful tools and frameworks provided
F01312,C0195,B01623,2022-08-09,4.7,9,4.9,"Exceeded expectations, highly recommend"
F01313,C0195,B01624,2022-09-20,3.8,7,3.9,
F01314,C0195,B01625,2022-10-28,4.1,7,4.0,
F01315,C0195,B01626,2022-11-25,4.1,7,4.5,
F01316,C0195,B01627,2022-12-30,4.4,7,4.7,
F01317,C0195,B01628,2023-02-18,3.4,5,3.8,"Content was basic, expected more depth"
F01318,C0195,B01629,2023-04-14,4.8,9,4.7,Trainer was knowledgeable and approachable
F01319,C0195,B01630,2023-06-09,4.0,7,4.1,
F01320,C0195,B01631,2023-07-12,3.5,8,3.8,
F01321,C0195,B01633,2023-09-18,4.3,7,4.4,
F01322,C0195,B01634,2023-11-15,4.6,10,5.0,Highly engaging and interactive session
F01323,C0195,B01636,2024-02-07,3.7,8,3.7,"Useful content, could use more examples"
F01324,C0195,B01637,2024-04-07,4.3,7,4.6,
F01325,C0195,B01639,2024-07-06,3.5,8,4.1,"Good course overall, met expectations"
F01326,C0195,B01641,2024-09-18,3.5,7,4.1,
F01327,C0196,B01642,2023-04-23,3.6,7,4.1,"Useful content, could use more examples"
F01328,C0196,B01643,2023-06-15,4.3,8,3.9,"Good course overall, met expectations"
F01329,C0196,B01644,2023-07-26,4.2,8,4.4,"Good course overall, met expectations"
F01330,C0196,B01645,2023-09-09,4.3,8,4.2,
F01331,C0196,B01646,2023-10-28,4.1,7,4.2,
F01332,C0196,B01647,2023-12-22,4.7,10,4.9,
F01333,C0196,B01648,2024-02-06,3.9,8,3.6,Trainer was knowledgeable
F01334,C0196,B01649,2024-03-25,4.4,7,5.0,"Good course overall, met expectations"
F01335,C0196,B01650,2024-04-29,4.5,9,4.8,"Excellent trainer, very practical content"
F01336,C0196,B01651,2024-05-24,3.6,8,4.0,Trainer was knowledgeable
F01337,C0197,B01652,2024-03-01,4.2,8,4.5,
F01338,C0197,B01653,2024-05-24,4.4,7,4.7,
F01339,C0197,B01654,2024-07-20,4.2,8,4.6,
F01340,C0197,B01655,2024-09-16,4.3,7,4.8,"Useful content, could use more examples"
F01341,C0197,B01656,2024-12-14,4.0,8,4.1,"Decent workshop, learned some new things"
F01342,C0198,B01657,2021-04-08,4.0,8,4.4,
F01343,C0198,B01658,2021-05-23,4.1,8,3.8,
F01344,C0198,B01659,2021-07-06,4.2,7,4.2,
F01345,C0199,B01661,2025-07-11,3.7,7,3.4,"Decent workshop, learned some new things"
F01346,C0200,B01662,2021-06-04,4.3,7,4.8,
F01347,C0200,B01663,2021-08-16,4.3,7,4.5,"Useful content, could use more examples"
F01348,C0200,B01664,2021-10-23,4.2,7,4.3,
F01349,C0201,B01665,2022-03-09,3.4,2,3.8,Trainer rushed through important topics
F01350,C0201,B01666,2022-05-06,3.5,7,3.9,
F01351,C0201,B01667,2022-06-15,4.3,7,4.5,Trainer was knowledgeable
F01352,C0201,B01668,2022-08-21,4.7,9,5.0,Very useful tools and frameworks provided
F01353,C0201,B01669,2022-10-04,3.6,8,3.8,"Good course overall, met expectations"
F01354,C0201,B01671,2023-01-06,4.9,10,4.8,
F01355,C0201,B01672,2023-03-10,4.8,9,4.7,"Exceeded expectations, highly recommend"
F01356,C0201,B01673,2023-05-21,4.0,8,4.1,
F01357,C0201,B01674,2023-07-21,4.3,8,4.6,"Decent workshop, learned some new things"
F01358,C0201,B01676,2023-11-13,4.2,7,4.4,Trainer was knowledgeable
F01359,C0201,B01678,2024-02-29,3.8,7,3.8,"Good course overall, met expectations"
F01360,C0202,B01681,2025-08-19,4.5,9,4.4,
F01361,C0202,B01682,2025-10-12,4.7,10,4.9,
F01362,C0203,B01684,2024-04-09,3.8,8,4.0,
F01363,C0203,B01685,2024-04-30,4.0,8,3.9,
F01364,C0203,B01687,2024-08-04,3.6,8,3.5,
F01365,C0203,B01688,2024-09-24,3.8,7,3.5,
F01366,C0203,B01690,2024-12-25,3.9,8,4.1,"Decent workshop, learned some new things"
F01367,C0203,B01691,2025-02-09,4.6,9,5.0,
F01368,C0203,B01692,2025-03-13,4.0,8,3.9,
F01369,C0203,B01693,2025-05-06,4.5,9,4.4,Great real-world examples and case studies
F01370,C0203,B01694,2025-06-15,4.6,10,4.8,
F01371,C0203,B01695,2025-07-11,5.0,10,4.8,"Exceeded expectations, highly recommend"
F01372,C0203,B01696,2025-08-29,3.6,7,3.5,"Good course overall, met expectations"
F01373,C0203,B01698,2025-12-06,4.3,7,4.6,"Useful content, could use more examples"
F01374,C0204,B01699,2024-03-29,4.1,8,4.2,
F01375,C0205,B01702,2023-10-13,4.2,8,4.3,
F01376,C0205,B01703,2023-12-29,3.6,7,3.5,
F01377,C0205,B01705,2024-06-25,4.2,8,4.2,
F01378,C0205,B01707,2024-12-30,4.3,8,4.6,
F01379,C0205,B01708,2025-03-20,4.2,7,4.0,
F01380,C0205,B01710,2025-08-18,5.0,9,5.0,"Excellent trainer, very practical content"
F01381,C0206,B01711,2021-09-24,4.9,10,4.8,"Excellent trainer, very practical content"
F01382,C0206,B01714,2021-12-25,4.5,9,4.8,"Good pace, well-structured content"
F01383,C0206,B01715,2022-01-06,4.9,9,5.0,
F01384,C0206,B01717,2022-04-02,4.8,9,4.8,
F01385,C0206,B01718,2022-05-12,3.5,8,3.9,"Good course overall, met expectations"
F01386,C0206,B01719,2022-06-06,4.6,10,4.7,"Excellent trainer, very practical content"
F01387,C0206,B01720,2022-06-28,3.3,6,3.4,
F01388,C0206,B01721,2022-08-09,3.3,6,3.8,
F01389,C0206,B01722,2022-09-15,4.5,10,4.9,Very useful tools and frameworks provided
F01390,C0206,B01723,2022-10-21,4.7,9,4.4,
F01391,C0206,B01724,2022-12-02,4.1,8,3.7,
F01392,C0206,B01725,2023-01-18,4.8,9,5.0,Highly engaging and interactive session
F01393,C0206,B01726,2023-02-26,3.8,7,4.0,Trainer was knowledgeable
F01394,C0206,B01727,2023-03-16,4.0,7,4.6,
F01395,C0206,B01728,2023-04-28,3.6,8,3.6,"Useful content, could use more examples"
F01396,C0206,B01729,2023-06-02,4.6,10,4.5,Very useful tools and frameworks provided
F01397,C0207,B01731,2023-02-14,3.6,8,4.2,
F01398,C0207,B01732,2023-04-06,4.1,8,4.1,Trainer was knowledgeable
F01399,C0207,B01733,2023-06-12,3.9,7,3.9,"Decent workshop, learned some new things"
F01400,C0207,B01734,2023-08-05,3.6,8,3.6,
F01401,C0207,B01735,2023-09-28,4.2,8,4.7,"Decent workshop, learned some new things"
F01402,C0207,B01736,2023-11-13,3.6,8,3.6,Trainer was knowledgeable
F01403,C0207,B01739,2024-04-29,4.8,9,5.0,Great real-world examples and case studies
F01404,C0207,B01741,2024-08-15,4.2,7,4.3,Trainer was knowledgeable
F01405,C0207,B01742,2024-10-10,3.9,7,4.6,
F01406,C0207,B01744,2025-02-22,4.7,9,5.0,Very useful tools and frameworks provided
F01407,C0207,B01745,2025-04-18,3.6,7,3.8,
F01408,C0207,B01748,2025-10-24,3.7,8,4.0,"Useful content, could use more examples"
F01409,C0208,B01749,2025-06-16,5.0,9,4.9,
F01410,C0209,B01751,2022-03-13,4.1,7,4.4,"Decent workshop, learned some new things"
F01411,C0209,B01752,2022-05-09,4.4,8,4.6,
F01412,C0209,B01754,2022-08-28,4.7,10,4.8,Very useful tools and frameworks provided
F01413,C0209,B01755,2022-10-12,4.3,7,4.5,"Decent workshop, learned some new things"
F01414,C0209,B01757,2023-01-26,4.0,8,4.3,Trainer was knowledgeable
F01415,C0209,B01758,2023-03-29,4.0,8,4.5,"Decent workshop, learned some new things"
F01416,C0209,B01759,2023-06-03,4.0,7,4.1,"Decent workshop, learned some new things"
F01417,C0209,B01760,2023-07-28,3.8,8,3.9,
F01418,C0209,B01762,2023-10-28,4.7,10,4.7,
F01419,C0210,B01763,2024-01-10,4.1,8,4.2,
F01420,C0210,B01764,2024-02-15,4.1,7,4.4,"Decent workshop, learned some new things"
F01421,C0210,B01765,2024-03-19,4.5,9,4.4,
F01422,C0210,B01766,2024-04-24,3.8,8,3.5,"Useful content, could use more examples"
F01423,C0210,B01768,2024-06-19,3.5,7,3.9,
F01424,C0210,B01769,2024-07-18,4.2,7,3.8,
F01425,C0210,B01770,2024-08-28,4.8,10,5.0,Great real-world examples and case studies
F01426,C0210,B01771,2024-10-16,3.7,8,3.7,
F01427,C0210,B01773,2024-12-25,3.7,8,3.8,
F01428,C0210,B01774,2025-01-29,4.0,7,4.5,Trainer was knowledgeable
F01429,C0210,B01775,2025-03-11,4.4,8,4.6,"Decent workshop, learned some new things"
F01430,C0211,B01776,2023-10-27,4.3,8,4.6,"Good course overall, met expectations"
F01431,C0211,B01777,2023-12-31,4.6,9,5.0,Great real-world examples and case studies
F01432,C0211,B01778,2024-03-05,4.8,10,4.8,"Excellent trainer, very practical content"
F01433,C0211,B01779,2024-05-12,3.6,8,3.7,
F01434,C0211,B01781,2024-09-19,3.8,8,3.8,"Useful content, could use more examples"
F01435,C0212,B01782,2022-12-13,4.2,8,4.4,
F01436,C0212,B01783,2023-04-20,4.1,8,4.5,
F01437,C0212,B01785,2024-01-08,4.7,9,5.0,
F01438,C0212,B01786,2024-05-16,4.6,9,4.4,Very useful tools and frameworks provided
F01439,C0212,B01787,2024-09-20,3.8,8,3.7,
F01440,C0213,B01788,2021-05-08,3.6,8,4.1,Trainer was knowledgeable
F01441,C0213,B01789,2021-08-30,3.9,8,4.4,
F01442,C0213,B01790,2021-12-21,4.9,9,5.0,
F01443,C0213,B01791,2022-03-26,3.7,8,4.1,"Good course overall, met expectations"
F01444,C0213,B01793,2022-11-18,5.0,9,5.0,Highly engaging and interactive session
F01445,C0214,B01795,2023-08-13,3.9,7,3.7,
F01446,C0214,B01796,2023-09-24,4.5,9,5.0,
F01447,C0214,B01797,2023-10-29,4.6,10,4.6,Great real-world examples and case studies
F01448,C0214,B01799,2024-01-05,4.2,8,4.2,
F01449,C0214,B01800,2024-02-02,4.2,8,4.4,"Decent workshop, learned some new things"
F01450,C0214,B01801,2024-03-04,4.0,7,3.9,Trainer was knowledgeable
F01451,C0214,B01803,2024-05-18,3.5,7,3.9,Trainer was knowledgeable
F01452,C0214,B01805,2024-08-15,3.5,8,3.9,"Good course overall, met expectations"
F01453,C0214,B01806,2024-09-09,3.3,0,3.5,
F01454,C0214,B01807,2024-10-03,3.8,8,3.9,
F01455,C0215,B01810,2022-04-19,3.2,3,3.8,
F01456,C0215,B01811,2022-07-27,4.9,9,5.0,"Good pace, well-structured content"
F01457,C0215,B01812,2022-10-31,4.7,10,4.4,
F01458,C0215,B01813,2023-02-11,4.1,8,4.2,"Decent workshop, learned some new things"
F01459,C0216,B01814,2024-04-30,4.3,7,4.2,"Decent workshop, learned some new things"
F01460,C0216,B01816,2024-08-21,3.7,8,4.0,Trainer was knowledgeable
F01461,C0216,B01817,2024-10-09,4.7,10,5.0,"Good pace, well-structured content"
F01462,C0216,B01818,2024-12-08,4.0,7,3.8,
F01463,C0216,B01819,2025-01-26,4.6,10,4.5,
F01464,C0216,B01820,2025-03-19,4.7,10,5.0,Trainer was knowledgeable and approachable
F01465,C0216,B01821,2025-05-25,4.4,7,4.4,
F01466,C0216,B01822,2025-07-19,4.5,10,4.9,Trainer was knowledgeable and approachable
F01467,C0216,B01823,2025-09-08,4.9,9,5.0,Trainer was knowledgeable and approachable
F01468,C0216,B01824,2025-10-24,3.5,8,3.5,"Decent workshop, learned some new things"
F01469,C0217,B01825,2023-08-26,4.9,10,5.0,Very useful tools and frameworks provided
F01470,C0217,B01826,2023-10-02,4.2,8,4.4,"Good course overall, met expectations"
F01471,C0217,B01827,2023-11-19,4.6,10,4.4,"Exceeded expectations, highly recommend"
F01472,C0217,B01828,2023-12-18,4.4,8,4.4,
F01473,C0217,B01829,2024-01-24,4.5,10,4.4,Highly engaging and interactive session
F01474,C0217,B01830,2024-03-08,3.7,8,4.1,
F01475,C0217,B01831,2024-04-23,4.6,9,4.5,Highly engaging and interactive session
F01476,C0217,B01832,2024-06-07,4.9,9,4.8,
F01477,C0217,B01833,2024-07-26,5.0,10,5.0,"Excellent trainer, very practical content"
F01478,C0217,B01834,2024-08-26,4.1,7,4.1,
F01479,C0217,B01835,2024-10-23,4.0,7,4.1,
F01480,C0217,B01837,2024-12-27,4.1,8,4.4,"Decent workshop, learned some new things"
F01481,C0217,B01838,2025-02-17,4.9,10,5.0,"Exceeded expectations, highly recommend"
F01482,C0217,B01839,2025-04-06,4.9,9,4.7,Highly engaging and interactive session
F01483,C0217,B01840,2025-06-02,4.3,7,4.4,Trainer was knowledgeable
F01484,C0217,B01841,2025-07-21,3.3,3,3.5,Trainer rushed through important topics
F01485,C0217,B01842,2025-09-07,4.6,10,4.4,Great real-world examples and case studies
F01486,C0217,B01843,2025-10-20,4.3,7,4.1,"Good course overall, met expectations"
F01487,C0218,B01844,2025-09-10,4.1,8,3.9,
F01488,C0218,B01845,2025-11-12,4.6,10,4.2,"Exceeded expectations, highly recommend"
F01489,C0219,B01846,2021-09-21,3.9,8,4.2,"Decent workshop, learned some new things"
F01490,C0219,B01847,2021-11-22,4.2,7,4.4,"Useful content, could use more examples"
F01491,C0219,B01848,2022-01-13,3.9,7,4.0,
F01492,C0219,B01849,2022-03-19,4.1,8,4.2,"Good course overall, met expectations"
F01493,C0219,B01850,2022-05-14,4.7,10,4.9,
F01494,C0219,B01851,2022-07-21,4.4,7,4.8,"Decent workshop, learned some new things"
F01495,C0219,B01852,2022-09-08,3.4,0,3.7,Trainer rushed through important topics
F01496,C0219,B01853,2022-11-12,4.4,8,4.4,"Useful content, could use more examples"
F01497,C0219,B01854,2022-12-28,4.1,7,3.9,
F01498,C0219,B01855,2023-03-04,4.0,8,4.2,"Decent workshop, learned some new things"
F01499,C0220,B01860,2023-11-14,4.6,10,4.9,Great real-world examples and case studies
F01500,C0220,B01861,2024-02-12,4.3,8,4.1,Trainer was knowledgeable
F01501,C0220,B01862,2024-05-28,4.4,7,4.3,
F01502,C0220,B01863,2024-09-03,3.6,7,3.6,Trainer was knowledgeable
F01503,C0221,B01865,2021-11-27,3.7,7,3.5,"Decent workshop, learned some new things"
F01504,C0221,B01866,2022-03-23,3.6,7,3.9,
F01505,C0221,B01867,2022-07-09,3.6,8,3.8,"Good course overall, met expectations"
F01506,C0221,B01868,2022-10-30,4.9,10,5.0,
F01507,C0222,B01871,2021-05-12,4.2,8,4.5,
F01508,C0222,B01872,2021-06-30,3.9,7,3.5,"Decent workshop, learned some new things"
F01509,C0222,B01873,2021-08-13,4.4,7,4.8,"Good course overall, met expectations"
F01510,C0222,B01874,2021-09-19,4.8,10,5.0,
F01511,C0222,B01875,2021-11-20,4.6,9,4.7,Very useful tools and frameworks provided
F01512,C0222,B01876,2021-12-30,4.0,8,4.1,
F01513,C0222,B01877,2022-02-28,4.8,9,4.9,"Exceeded expectations, highly recommend"
F01514,C0222,B01879,2022-07-09,3.6,8,4.1,
F01515,C0222,B01880,2022-08-15,4.2,7,4.3,
F01516,C0222,B01881,2022-10-13,4.1,8,3.7,Trainer was knowledgeable
F01517,C0223,B01882,2022-07-27,4.6,10,4.5,
F01518,C0223,B01883,2022-09-10,4.1,8,4.5,"Useful content, could use more examples"
F01519,C0223,B01884,2022-10-31,4.0,8,4.1,
F01520,C0223,B01885,2022-12-21,4.3,7,4.7,
F01521,C0223,B01886,2023-02-11,3.4,1,3.9,Trainer rushed through important topics
F01522,C0223,B01887,2023-03-25,4.1,8,4.0,Trainer was knowledgeable
F01523,C0223,B01888,2023-06-02,3.6,7,4.0,
F01524,C0223,B01889,2023-07-27,4.0,8,4.2,"Good course overall, met expectations"
F01525,C0223,B01892,2023-12-19,4.9,10,4.8,"Good pace, well-structured content"
F01526,C0223,B01893,2024-02-09,5.0,10,4.7,
F01527,C0223,B01894,2024-03-22,4.8,9,4.8,Very useful tools and frameworks provided
F01528,C0223,B01895,2024-05-04,5.0,10,5.0,"Exceeded expectations, highly recommend"
F01529,C0224,B01897,2023-12-14,3.9,7,3.6,"Decent workshop, learned some new things"
F01530,C0224,B01898,2024-01-23,3.5,7,3.6,"Useful content, could use more examples"
F01531,C0224,B01899,2024-02-24,4.9,10,4.7,
F01532,C0224,B01900,2024-04-04,3.7,8,3.9,Trainer was knowledgeable
F01533,C0224,B01901,2024-05-20,3.6,7,4.2,
F01534,C0224,B01902,2024-06-26,4.5,10,4.5,Very useful tools and frameworks provided
F01535,C0224,B01903,2024-08-14,3.7,7,4.4,
F01536,C0224,B01904,2024-09-23,3.4,2,3.7,Trainer rushed through important topics
F01537,C0224,B01905,2024-10-20,3.8,7,3.9,
F01538,C0224,B01906,2024-12-03,4.7,9,5.0,Trainer was knowledgeable and approachable
F01539,C0224,B01908,2025-03-11,5.0,9,5.0,"Excellent trainer, very practical content"
F01540,C0224,B01909,2025-04-09,4.5,9,4.5,Highly engaging and interactive session
F01541,C0224,B01912,2025-08-13,4.2,7,4.6,"Decent workshop, learned some new things"
F01542,C0224,B01913,2025-10-02,3.8,7,3.8,"Decent workshop, learned some new things"
F01543,C0224,B01914,2025-11-23,4.7,9,5.0,Great real-world examples and case studies
F01544,C0224,B01915,2025-12-21,4.4,8,4.3,
F01545,C0225,B01916,2022-10-20,5.0,9,5.0,
F01546,C0225,B01917,2022-12-06,4.1,8,4.0,
F01547,C0225,B01919,2023-03-27,3.6,7,4.0,"Useful content, could use more examples"
F01548,C0225,B01920,2023-05-18,4.7,10,4.8,"Good pace, well-structured content"
F01549,C0225,B01921,2023-07-13,4.4,7,4.1,
F01550,C0225,B01922,2023-09-07,3.9,7,3.6,Trainer was knowledgeable
F01551,C0225,B01923,2023-10-31,4.2,7,4.0,
F01552,C0225,B01924,2023-12-14,4.6,9,4.6,Very useful tools and frameworks provided
F01553,C0225,B01925,2024-02-17,4.7,9,4.7,"Excellent trainer, very practical content"
F01554,C0225,B01926,2024-04-24,3.6,7,4.0,
F01555,C0225,B01927,2024-06-15,5.0,10,4.9,
F01556,C0225,B01928,2024-08-01,4.0,8,4.4,
F01557,C0225,B01929,2024-10-06,3.6,8,3.7,Trainer was knowledgeable
F01558,C0225,B01930,2024-12-07,3.4,4,3.6,
F01559,C0225,B01931,2025-02-18,4.5,10,4.6,Trainer was knowledgeable and approachable
F01560,C0225,B01932,2025-04-04,4.2,7,4.5,"Useful content, could use more examples"
F01561,C0225,B01933,2025-05-22,4.7,10,4.6,Great real-world examples and case studies
F01562,C0225,B01934,2025-07-05,4.7,10,4.7,
F01563,C0226,B01935,2024-11-09,3.6,7,3.7,
F01564,C0226,B01937,2025-02-28,4.0,8,4.4,
F01565,C0226,B01938,2025-04-24,4.2,8,4.8,"Good course overall, met expectations"
F01566,C0226,B01939,2025-06-26,3.8,8,4.0,
F01567,C0226,B01941,2025-10-10,5.0,10,5.0,Trainer was knowledgeable and approachable
F01568,C0226,B01942,2025-12-14,3.8,7,3.9,"Useful content, could use more examples"
F01569,C0227,B01943,2021-11-27,3.6,7,4.0,"Decent workshop, learned some new things"
F01570,C0227,B01945,2022-08-01,4.4,8,4.4,"Decent workshop, learned some new things"
F01571,C0227,B01946,2022-11-18,3.7,7,3.6,
F01572,C0227,B01947,2023-03-06,5.0,9,4.9,
F01573,C0228,B01948,2022-05-09,4.4,8,4.8,
F01574,C0228,B01951,2022-11-14,5.0,10,4.7,
F01575,C0228,B01952,2023-01-21,4.5,9,5.0,Highly engaging and interactive session
F01576,C0228,B01954,2023-05-17,3.6,7,4.0,
F01577,C0228,B01955,2023-07-06,4.6,9,4.7,Great real-world examples and case studies
F01578,C0228,B01956,2023-08-23,3.9,8,4.2,
F01579,C0229,B01957,2025-02-08,4.9,10,4.9,Highly engaging and interactive session
F01580,C0230,B01958,2025-12-02,3.4,5,4.0,Trainer rushed through important topics
F01581,C0231,B01959,2022-03-04,3.8,7,4.2,"Useful content, could use more examples"
F01582,C0231,B01961,2022-10-08,4.3,7,4.2,Trainer was knowledgeable
F01583,C0231,B01962,2023-01-13,4.2,7,4.6,
F01584,C0231,B01963,2023-05-20,4.4,7,4.5,"Decent workshop, learned some new things"
F01585,C0231,B01964,2023-09-14,3.5,7,3.6,"Useful content, could use more examples"
F01586,C0231,B01966,2024-04-26,4.5,10,4.6,"Good pace, well-structured content"
F01587,C0231,B01967,2024-08-21,4.1,7,4.2,"Good course overall, met expectations"
F01588,C0232,B01968,2021-07-01,4.0,7,4.3,"Useful content, could use more examples"
F01589,C0232,B01969,2021-09-02,3.9,7,4.4,"Good course overall, met expectations"
F01590,C0232,B01970,2021-10-15,4.8,9,4.6,
F01591,C0232,B01971,2021-11-24,3.8,8,3.6,"Good course overall, met expectations"
F01592,C0232,B01972,2022-01-04,3.6,8,3.9,
F01593,C0232,B01975,2022-06-17,4.5,9,4.6,"Good pace, well-structured content"
F01594,C0232,B01976,2022-07-29,4.2,8,4.5,
F01595,C0232,B01978,2022-10-24,4.0,7,3.9,"Useful content, could use more examples"
F01596,C0233,B01980,2021-02-20,4.7,9,4.9,Very useful tools and frameworks provided
F01597,C0233,B01981,2021-05-27,4.0,7,4.0,"Decent workshop, learned some new things"
F01598,C0233,B01982,2021-09-06,3.6,8,3.8,
F01599,C0233,B01983,2021-12-14,4.6,10,5.0,"Good pace, well-structured content"
F01600,C0233,B01984,2022-03-04,4.8,10,4.7,Trainer was knowledgeable and approachable
F01601,C0233,B01985,2022-06-03,4.3,8,4.7,Trainer was knowledgeable
F01602,C0233,B01986,2022-08-20,4.7,9,4.8,"Exceeded expectations, highly recommend"
F01603,C0233,B01988,2023-02-11,4.7,9,4.8,
F01604,C0233,B01989,2023-04-30,4.9,9,4.6,"Excellent trainer, very practical content"
F01605,C0233,B01990,2023-07-05,4.6,9,4.2,"Excellent trainer, very practical content"
F01606,C0233,B01994,2024-06-13,3.5,8,4.1,
F01607,C0234,B01995,2024-12-31,4.4,8,4.9,
F01608,C0234,B01996,2025-03-29,4.6,10,5.0,"Exceeded expectations, highly recommend"
F01609,C0234,B01997,2025-06-26,3.7,7,4.1,Trainer was knowledgeable
F01610,C0234,B01998,2025-09-13,4.1,7,4.5,
F01611,C0235,B01999,2022-10-16,4.6,10,4.8,
F01612,C0235,B02000,2022-12-04,4.5,10,4.4,"Exceeded expectations, highly recommend"
F01613,C0235,B02001,2023-01-07,3.8,8,4.0,
F01614,C0235,B02002,2023-03-07,4.5,10,4.7,Very useful tools and frameworks provided
F01615,C0235,B02005,2023-07-28,4.5,10,4.2,Great real-world examples and case studies
F01616,C0235,B02006,2023-09-11,5.0,10,5.0,
F01617,C0235,B02007,2023-10-17,4.5,9,4.7,"Exceeded expectations, highly recommend"
F01618,C0235,B02010,2024-02-21,3.9,7,4.3,
F01619,C0235,B02011,2024-04-08,4.4,7,4.7,
F01620,C0235,B02012,2024-05-30,3.6,8,4.1,"Good course overall, met expectations"
F01621,C0235,B02013,2024-07-31,4.3,8,4.5,
F01622,C0235,B02014,2024-09-23,4.0,7,3.9,Trainer was knowledgeable
F01623,C0235,B02015,2024-10-29,3.9,7,3.7,
F01624,C0235,B02016,2024-12-27,3.9,7,3.7,"Useful content, could use more examples"
F01625,C0235,B02017,2025-02-23,4.1,8,4.6,
F01626,C0235,B02018,2025-04-25,4.0,8,4.1,
F01627,C0236,B02019,2024-10-20,3.5,8,3.7,"Good course overall, met expectations"
F01628,C0236,B02020,2025-02-10,3.4,2,3.6,"Too theoretical, needed more practical exercises"
F01629,C0236,B02021,2025-06-24,4.6,10,5.0,"Exceeded expectations, highly recommend"
F01630,C0236,B02022,2025-11-03,3.8,7,3.8,
F01631,C0237,B02023,2023-10-21,4.1,8,4.2,
F01632,C0237,B02024,2023-12-10,4.5,9,4.6,Very useful tools and frameworks provided
F01633,C0237,B02025,2024-02-14,4.3,8,4.0,
F01634,C0237,B02027,2024-06-25,3.3,5,3.6,"Content was basic, expected more depth"
F01635,C0237,B02028,2024-08-23,4.0,7,3.8,
F01636,C0237,B02029,2024-10-28,4.5,9,4.4,
F01637,C0237,B02031,2025-03-18,4.3,8,4.8,
F01638,C0237,B02032,2025-05-11,4.6,10,4.7,
F01639,C0237,B02034,2025-08-16,3.3,3,4.0,
F01640,C0237,B02035,2025-10-19,3.6,8,4.0,Trainer was knowledgeable
F01641,C0237,B02036,2025-11-29,3.3,1,3.4,
F01642,C0238,B02037,2021-08-25,4.6,9,4.3,"Excellent trainer, very practical content"
F01643,C0238,B02038,2021-10-07,3.6,7,3.8,
F01644,C0238,B02039,2021-11-20,5.0,10,5.0,"Excellent trainer, very practical content"
F01645,C0238,B02040,2021-12-20,4.3,7,4.1,
F01646,C0238,B02041,2022-01-18,4.0,7,4.0,
F01647,C0238,B02042,2022-02-10,4.3,8,4.5,"Decent workshop, learned some new things"
F01648,C0238,B02043,2022-03-31,3.8,8,4.2,
F01649,C0238,B02044,2022-05-07,4.8,9,4.6,
F01650,C0238,B02046,2022-07-12,4.5,9,4.7,Trainer was knowledgeable and approachable
F01651,C0238,B02047,2022-08-21,4.3,8,4.5,"Useful content, could use more examples"
F01652,C0238,B02048,2022-09-27,4.1,7,4.0,
F01653,C0238,B02049,2022-11-14,3.8,7,3.9,Trainer was knowledgeable
F01654,C0238,B02050,2022-12-28,3.4,6,3.5,"Content was basic, expected more depth"
F01655,C0238,B02051,2023-01-26,4.9,10,5.0,Trainer was knowledgeable and approachable
F01656,C0238,B02052,2023-02-23,5.0,9,5.0,
F01657,C0238,B02053,2023-04-10,3.8,8,3.8,"Decent workshop, learned some new things"
F01658,C0239,B02054,2023-11-10,4.3,8,4.3,"Useful content, could use more examples"
F01659,C0239,B02055,2024-01-03,4.2,8,4.4,"Good course overall, met expectations"
F01660,C0239,B02056,2024-02-17,5.0,10,5.0,
F01661,C0239,B02059,2024-08-01,3.4,1,3.6,
F01662,C0239,B02060,2024-09-18,5.0,9,5.0,
F01663,C0239,B02061,2024-11-13,5.0,10,4.8,Trainer was knowledgeable and approachable
F01664,C0239,B02062,2024-12-16,4.7,9,4.3,"Exceeded expectations, highly recommend"
F01665,C0240,B02063,2024-06-15,3.8,7,3.8,"Decent workshop, learned some new things"
F01666,C0240,B02064,2024-08-03,4.7,10,4.9,Trainer was knowledgeable and approachable
F01667,C0240,B02065,2024-09-14,4.2,8,4.2,
F01668,C0240,B02068,2025-01-11,4.9,9,4.5,"Good pace, well-structured content"
F01669,C0240,B02070,2025-03-31,3.7,8,3.9,"Useful content, could use more examples"
F01670,C0240,B02071,2025-05-06,4.5,10,4.7,"Excellent trainer, very practical content"
F01671,C0240,B02072,2025-06-18,4.5,9,4.7,"Exceeded expectations, highly recommend"
F01672,C0240,B02073,2025-07-15,5.0,10,4.9,Highly engaging and interactive session
F01673,C0240,B02074,2025-08-14,4.5,9,5.0,"Good pace, well-structured content"
F01674,C0242,B02076,2025-06-14,4.6,9,4.9,"Good pace, well-structured content"
F01675,C0243,B02077,2021-08-03,4.0,8,3.8,"Useful content, could use more examples"
F01676,C0244,B02079,2024-05-18,4.1,8,4.2,"Useful content, could use more examples"
F01677,C0244,B02080,2024-06-24,3.6,7,4.0,
F01678,C0244,B02081,2024-08-13,4.7,9,5.0,Very useful tools and frameworks provided
F01679,C0244,B02082,2024-09-20,4.4,8,4.5,
F01680,C0244,B02083,2024-10-28,4.4,7,4.3,
F01681,C0244,B02084,2024-12-15,4.0,8,3.8,Trainer was knowledgeable
F01682,C0244,B02085,2025-01-29,3.7,7,3.7,
F01683,C0244,B02086,2025-03-19,4.7,10,4.7,
F01684,C0244,B02087,2025-04-25,4.4,7,4.8,
F01685,C0244,B02088,2025-06-03,4.1,8,4.4,
F01686,C0244,B02089,2025-07-11,4.7,9,4.4,
F01687,C0244,B02090,2025-08-24,5.0,10,4.7,
F01688,C0244,B02091,2025-10-16,4.9,9,4.8,Highly engaging and interactive session
F01689,C0244,B02092,2025-12-14,4.3,7,4.8,
F01690,C0245,B02095,2024-10-10,4.8,9,4.9,"Exceeded expectations, highly recommend"
F01691,C0245,B02096,2024-11-07,4.8,9,4.6,"Excellent trainer, very practical content"
F01692,C0245,B02099,2025-03-23,4.3,7,4.2,
F01693,C0245,B02100,2025-05-10,4.8,9,5.0,Very useful tools and frameworks provided
F01694,C0245,B02101,2025-06-04,3.5,8,3.8,"Good course overall, met expectations"
F01695,C0245,B02103,2025-09-05,3.8,8,3.6,
F01696,C0245,B02104,2025-10-08,3.4,0,3.5,"Content was basic, expected more depth"
F01697,C0246,B02106,2024-02-06,3.4,3,3.7,
F01698,C0247,B02107,2024-10-31,4.4,7,4.5,Trainer was knowledgeable
F01699,C0247,B02108,2025-01-21,4.5,9,4.0,Great real-world examples and case studies
F01700,C0247,B02110,2025-05-25,4.0,7,3.9,
F01701,C0247,B02111,2025-07-28,5.0,10,4.8,
F01702,C0248,B02113,2024-08-14,3.6,8,3.7,"Useful content, could use more examples"
F01703,C0248,B02115,2025-01-08,4.3,8,4.5,
F01704,C0248,B02116,2025-03-22,4.3,7,4.3,"Decent workshop, learned some new things"
F01705,C0249,B02117,2024-10-16,4.7,10,4.8,"Exceeded expectations, highly recommend"
F01706,C0250,B02119,2022-04-08,4.3,7,4.4,"Useful content, could use more examples"
F01707,C0250,B02120,2022-05-08,4.3,8,4.4,
F01708,C0251,B02121,2021-01-27,4.3,8,4.6,"Good course overall, met expectations"
F01709,C0251,B02122,2021-03-22,4.3,7,4.2,
F01710,C0251,B02123,2021-04-13,4.0,7,4.3,"Good course overall, met expectations"
F01711,C0251,B02124,2021-05-27,4.7,9,4.9,Very useful tools and frameworks provided
F01712,C0251,B02125,2021-06-19,4.6,10,4.3,Very useful tools and frameworks provided
F01713,C0251,B02127,2021-08-26,4.3,7,4.2,"Useful content, could use more examples"
F01714,C0251,B02128,2021-09-20,4.1,7,4.0,"Good course overall, met expectations"
F01715,C0251,B02129,2021-10-25,4.3,8,4.1,
F01716,C0251,B02130,2021-11-22,3.8,8,4.0,"Good course overall, met expectations"
F01717,C0251,B02131,2021-12-24,4.7,9,4.6,"Good pace, well-structured content"
F01718,C0252,B02133,2022-06-16,4.4,7,4.5,"Good course overall, met expectations"
F01719,C0252,B02134,2022-07-16,4.7,9,4.8,"Exceeded expectations, highly recommend"
F01720,C0252,B02136,2022-10-31,4.3,7,4.3,Trainer was knowledgeable
F01721,C0252,B02138,2023-01-12,5.0,9,5.0,Great real-world examples and case studies
F01722,C0252,B02139,2023-03-01,4.7,10,4.9,
F01723,C0252,B02140,2023-04-27,3.9,7,4.4,"Decent workshop, learned some new things"
F01724,C0252,B02141,2023-06-07,3.8,8,4.1,"Useful content, could use more examples"
F01725,C0252,B02142,2023-07-10,4.0,8,4.5,"Decent workshop, learned some new things"
F01726,C0252,B02143,2023-09-01,4.6,9,4.2,"Excellent trainer, very practical content"
F01727,C0252,B02144,2023-10-22,4.0,7,4.3,
F01728,C0252,B02145,2023-11-28,3.6,7,4.2,
F01729,C0252,B02146,2023-12-30,3.6,8,3.8,
F01730,C0252,B02147,2024-02-23,3.8,8,3.9,
F01731,C0252,B02148,2024-03-22,4.3,8,4.5,
F01732,C0252,B02149,2024-04-24,4.8,9,4.8,Trainer was knowledgeable and approachable
F01733,C0252,B02150,2024-05-31,4.2,8,4.2,
F01734,C0253,B02153,2024-10-30,3.6,7,3.8,"Good course overall, met expectations"
F01735,C0253,B02154,2024-12-25,4.2,7,4.3,
F01736,C0254,B02155,2021-08-19,4.0,7,3.8,
F01737,C0254,B02156,2021-10-20,4.0,8,4.0,"Useful content, could use more examples"
F01738,C0254,B02157,2021-12-09,4.8,10,4.9,"Excellent trainer, very practical content"
F01739,C0254,B02159,2022-03-20,4.1,8,4.1,
F01740,C0254,B02161,2022-06-27,4.5,9,4.3,"Exceeded expectations, highly recommend"
F01741,C0254,B02162,2022-08-12,4.1,8,4.4,
F01742,C0254,B02164,2022-12-16,4.8,9,5.0,Highly engaging and interactive session
F01743,C0255,B02166,2021-05-18,3.8,7,3.7,Trainer was knowledgeable
F01744,C0255,B02167,2021-07-02,4.0,8,4.1,
F01745,C0255,B02168,2021-07-31,4.3,8,4.7,Trainer was knowledgeable
F01746,C0255,B02169,2021-09-01,5.0,10,4.7,Trainer was knowledgeable and approachable
F01747,C0255,B02170,2021-10-11,4.0,8,3.8,
F01748,C0255,B02171,2021-10-28,3.8,8,3.8,
F01749,C0255,B02172,2021-12-06,4.0,8,4.2,
F01750,C0255,B02173,2022-01-17,4.0,8,4.0,Trainer was knowledgeable
F01751,C0255,B02174,2022-02-18,4.1,7,3.7,
F01752,C0255,B02176,2022-03-29,4.4,8,4.2,"Decent workshop, learned some new things"
F01753,C0255,B02178,2022-06-04,4.7,9,4.7,
F01754,C0255,B02179,2022-07-18,4.2,7,4.1,
F01755,C0255,B02180,2022-09-08,3.6,8,3.6,"Useful content, could use more examples"
F01756,C0255,B02183,2022-12-27,4.6,9,4.7,Very useful tools and frameworks provided
F01757,C0256,B02184,2023-07-04,3.7,8,3.8,
F01758,C0256,B02185,2023-09-24,3.8,8,3.8,Trainer was knowledgeable
F01759,C0256,B02186,2023-12-16,4.1,8,4.3,"Good course overall, met expectations"
F01760,C0256,B02188,2024-06-03,3.8,7,3.6,
F01761,C0256,B02190,2024-11-08,3.8,7,4.1,
F01762,C0256,B02191,2025-01-29,5.0,9,4.9,"Exceeded expectations, highly recommend"
F01763,C0256,B02192,2025-04-03,4.5,10,4.5,Great real-world examples and case studies
F01764,C0257,B02195,2021-07-05,3.4,0,3.4,"Too theoretical, needed more practical exercises"
F01765,C0257,B02196,2021-07-20,3.7,8,3.9,"Useful content, could use more examples"
F01766,C0257,B02197,2021-08-28,5.0,10,5.0,"Exceeded expectations, highly recommend"
F01767,C0258,B02198,2021-06-25,4.3,7,4.4,"Decent workshop, learned some new things"
F01768,C0258,B02200,2021-10-20,4.4,7,4.3,
F01769,C0258,B02201,2021-12-09,3.3,3,3.4,"Pace was too fast, hard to follow"
F01770,C0258,B02202,2022-02-06,4.7,10,4.7,Very useful tools and frameworks provided
F01771,C0258,B02203,2022-04-14,5.0,10,5.0,
F01772,C0258,B02204,2022-06-12,4.2,7,3.9,"Useful content, could use more examples"
F01773,C0259,B02206,2023-07-18,4.5,10,4.5,"Exceeded expectations, highly recommend"
F01774,C0259,B02207,2023-09-22,5.0,9,4.6,Highly engaging and interactive session
F01775,C0259,B02208,2023-11-14,5.0,9,5.0,"Exceeded expectations, highly recommend"
F01776,C0259,B02210,2024-04-02,4.8,9,5.0,Trainer was knowledgeable and approachable
F01777,C0259,B02211,2024-06-13,3.2,0,3.4,Trainer rushed through important topics
F01778,C0259,B02214,2025-01-18,4.5,9,4.3,
F01779,C0259,B02215,2025-03-15,3.9,7,3.8,
F01780,C0260,B02216,2024-11-11,4.6,10,4.6,"Excellent trainer, very practical content"
F01781,C0260,B02217,2024-12-21,4.4,7,4.6,"Good course overall, met expectations"
F01782,C0260,B02218,2025-03-02,3.6,8,3.9,
F01783,C0260,B02220,2025-06-21,3.5,8,3.5,"Decent workshop, learned some new things"
F01784,C0260,B02221,2025-08-27,4.4,8,4.3,"Good course overall, met expectations"
F01785,C0260,B02222,2025-10-14,4.5,10,4.5,
F01786,C0260,B02223,2025-12-02,4.5,9,4.3,Great real-world examples and case studies
F01787,C0261,B02225,2024-03-16,4.4,7,4.6,Trainer was knowledgeable
F01788,C0261,B02226,2024-05-14,5.0,10,5.0,
F01789,C0261,B02227,2024-07-12,3.7,7,3.9,Trainer was knowledgeable
F01790,C0261,B02229,2024-11-18,4.6,9,4.6,"Good pace, well-structured content"
F01791,C0262,B02230,2025-04-21,4.1,8,4.4,"Decent workshop, learned some new things"
F01792,C0263,B02231,2022-09-23,4.7,10,5.0,Highly engaging and interactive session
F01793,C0263,B02232,2022-11-08,4.9,10,5.0,Great real-world examples and case studies
F01794,C0263,B02233,2022-12-06,3.9,7,3.5,"Good course overall, met expectations"
F01795,C0263,B02234,2022-12-30,4.1,7,4.1,Trainer was knowledgeable
F01796,C0263,B02235,2023-02-01,4.2,7,4.1,
F01797,C0263,B02236,2023-03-13,4.2,8,4.3,
F01798,C0263,B02237,2023-04-28,5.0,9,4.7,"Exceeded expectations, highly recommend"
F01799,C0263,B02238,2023-06-03,4.8,9,4.4,"Exceeded expectations, highly recommend"
F01800,C0263,B02239,2023-07-02,4.3,7,4.4,
F01801,C0263,B02240,2023-08-09,4.2,8,4.5,"Good course overall, met expectations"
F01802,C0263,B02241,2023-09-12,4.4,8,4.8,
F01803,C0264,B02242,2024-12-01,4.3,8,4.9,"Useful content, could use more examples"
F01804,C0264,B02243,2025-02-02,3.8,8,3.4,
F01805,C0264,B02244,2025-04-06,4.7,9,4.9,Great real-world examples and case studies
F01806,C0264,B02245,2025-06-25,4.1,8,4.1,"Decent workshop, learned some new things"
F01807,C0265,B02246,2022-10-20,4.8,9,4.7,Trainer was knowledgeable and approachable
F01808,C0266,B02248,2021-06-29,3.8,8,4.3,"Good course overall, met expectations"
F01809,C0266,B02249,2021-08-30,4.1,7,4.6,
F01810,C0266,B02250,2021-11-08,4.8,9,4.9,"Good pace, well-structured content"
F01811,C0266,B02251,2022-01-16,5.0,10,5.0,"Exceeded expectations, highly recommend"
F01812,C0267,B02253,2021-08-16,4.7,9,4.6,
F01813,C0267,B02254,2021-10-25,3.8,8,4.1,"Good course overall, met expectations"
F01814,C0267,B02255,2022-02-01,4.6,10,4.7,
F01815,C0268,B02256,2021-09-13,3.8,7,3.6,"Useful content, could use more examples"
F01816,C0268,B02258,2022-02-18,3.6,7,3.4,"Good course overall, met expectations"
F01817,C0268,B02259,2022-05-16,4.8,10,5.0,"Exceeded expectations, highly recommend"
F01818,C0268,B02260,2022-08-03,4.8,10,4.6,Trainer was knowledgeable and approachable
F01819,C0269,B02261,2024-01-02,4.0,7,4.3,"Decent workshop, learned some new things"
F01820,C0269,B02262,2024-03-11,3.9,8,4.0,"Decent workshop, learned some new things"
F01821,C0269,B02263,2024-05-15,4.2,8,4.3,
F01822,C0269,B02264,2024-07-17,3.7,8,4.2,"Useful content, could use more examples"
F01823,C0269,B02265,2024-08-31,3.9,8,3.9,
F01824,C0269,B02266,2024-10-29,4.3,8,4.2,"Decent workshop, learned some new things"
F01825,C0269,B02267,2025-01-04,3.7,8,4.0,"Decent workshop, learned some new things"
F01826,C0269,B02268,2025-03-06,4.4,7,4.7,"Decent workshop, learned some new things"
F01827,C0269,B02269,2025-04-28,3.5,8,3.6,
F01828,C0269,B02270,2025-06-28,4.2,7,4.7,
F01829,C0269,B02273,2025-11-24,4.6,9,5.0,
F01830,C0270,B02275,2025-05-14,4.4,8,4.5,
F01831,C0270,B02276,2025-07-03,3.6,8,3.6,
F01832,C0270,B02279,2025-12-14,4.1,8,4.1,
F01833,C0271,B02280,2024-04-27,4.6,9,4.9,Great real-world examples and case studies
F01834,C0271,B02281,2024-07-01,5.0,9,5.0,Highly engaging and interactive session
F01835,C0271,B02282,2024-09-06,4.6,10,4.8,"Excellent trainer, very practical content"
F01836,C0271,B02283,2024-11-15,4.8,9,5.0,Very useful tools and frameworks provided
F01837,C0271,B02284,2025-01-13,5.0,10,5.0,
F01838,C0271,B02285,2025-03-02,3.9,7,4.2,"Decent workshop, learned some new things"
F01839,C0271,B02286,2025-04-29,4.8,10,5.0,Trainer was knowledgeable and approachable
F01840,C0272,B02287,2025-02-20,3.8,7,4.0,
F01841,C0272,B02288,2025-06-08,4.7,9,4.8,"Excellent trainer, very practical content"
F01842,C0272,B02289,2025-10-04,4.1,7,4.2,"Useful content, could use more examples"
F01843,C0273,B02290,2023-06-07,3.9,8,4.1,"Good course overall, met expectations"
F01844,C0273,B02291,2023-08-02,4.5,10,4.9,Highly engaging and interactive session
F01845,C0274,B02294,2022-10-26,4.0,8,4.0,
F01846,C0275,B02299,2024-01-14,3.5,8,3.6,
F01847,C0275,B02300,2024-03-25,4.8,10,4.5,"Excellent trainer, very practical content"
F01848,C0275,B02302,2024-08-14,4.1,8,3.6,
F01849,C0275,B02303,2024-11-01,4.5,9,4.3,"Exceeded expectations, highly recommend"
F01850,C0275,B02304,2025-01-24,4.4,8,4.3,
F01851,C0275,B02305,2025-03-23,3.9,8,3.4,
F01852,C0275,B02306,2025-06-16,4.6,9,4.5,Trainer was knowledgeable and approachable
F01853,C0276,B02307,2021-09-09,3.8,8,3.8,
F01854,C0276,B02308,2021-11-15,4.3,8,4.0,"Good course overall, met expectations"
F01855,C0276,B02309,2022-01-14,3.7,8,3.8,"Useful content, could use more examples"
F01856,C0276,B02310,2022-03-22,4.8,10,4.5,
F01857,C0276,B02311,2022-06-04,3.4,5,3.5,
F01858,C0276,B02312,2022-07-31,4.9,10,4.9,
F01859,C0276,B02313,2022-10-24,4.4,7,4.6,"Decent workshop, learned some new things"
F01860,C0276,B02314,2023-01-05,4.8,9,4.4,Very useful tools and frameworks provided
F01861,C0276,B02315,2023-03-26,3.9,7,4.3,Trainer was knowledgeable
F01862,C0276,B02316,2023-06-13,4.5,9,4.6,"Exceeded expectations, highly recommend"
F01863,C0277,B02318,2024-10-25,4.2,7,4.5,"Decent workshop, learned some new things"
F01864,C0277,B02319,2025-02-01,4.6,10,4.3,Highly engaging and interactive session
F01865,C0277,B02320,2025-05-02,4.0,7,4.0,"Decent workshop, learned some new things"
F01866,C0277,B02321,2025-07-23,3.8,7,4.1,"Decent workshop, learned some new things"
F01867,C0277,B02322,2025-10-22,5.0,9,4.9,Trainer was knowledgeable and approachable
F01868,C0278,B02323,2023-09-30,4.7,10,4.8,"Excellent trainer, very practical content"
F01869,C0278,B02325,2024-03-15,4.2,7,4.1,"Good course overall, met expectations"
F01870,C0278,B02326,2024-06-13,4.2,8,4.6,"Decent workshop, learned some new things"
F01871,C0278,B02327,2024-09-15,3.8,8,4.0,
F01872,C0278,B02328,2024-11-25,4.3,8,4.4,"Useful content, could use more examples"
F01873,C0278,B02330,2025-04-21,4.2,8,4.3,Trainer was knowledgeable
F01874,C0278,B02331,2025-06-29,3.5,7,3.6,
F01875,C0279,B02332,2022-08-19,4.1,8,4.1,
F01876,C0279,B02333,2022-10-17,4.2,8,4.1,"Decent workshop, learned some new things"
F01877,C0279,B02334,2022-12-14,3.7,7,3.7,"Decent workshop, learned some new things"
F01878,C0279,B02335,2023-03-01,4.0,8,4.0,"Good course overall, met expectations"
F01879,C0279,B02338,2023-10-03,4.1,8,4.0,Trainer was knowledgeable
F01880,C0279,B02339,2023-12-26,4.0,8,4.3,
F01881,C0280,B02342,2025-07-22,3.7,7,3.7,
F01882,C0281,B02343,2022-02-27,4.2,7,4.2,
F01883,C0281,B02344,2022-03-19,4.9,9,5.0,Great real-world examples and case studies
F01884,C0282,B02346,2022-09-03,4.8,9,4.6,"Excellent trainer, very practical content"
F01885,C0282,B02347,2022-10-24,4.6,9,4.8,Very useful tools and frameworks provided
F01886,C0282,B02348,2022-12-14,4.6,10,4.7,Very useful tools and frameworks provided
F01887,C0282,B02350,2023-03-12,4.1,8,4.3,
F01888,C0282,B02351,2023-05-11,4.1,8,4.1,
F01889,C0282,B02352,2023-07-03,5.0,9,5.0,Great real-world examples and case studies
F01890,C0282,B02353,2023-08-20,4.6,9,4.8,Very useful tools and frameworks provided
F01891,C0282,B02354,2023-10-07,4.1,8,3.7,"Useful content, could use more examples"
F01892,C0282,B02355,2023-11-21,5.0,9,5.0,"Excellent trainer, very practical content"
F01893,C0282,B02356,2024-01-11,4.0,7,4.4,
F01894,C0282,B02357,2024-02-29,3.9,8,4.1,"Decent workshop, learned some new things"
F01895,C0283,B02360,2024-05-14,4.1,8,4.2,"Useful content, could use more examples"
F01896,C0283,B02361,2024-06-13,4.7,9,4.7,"Exceeded expectations, highly recommend"
F01897,C0283,B02362,2024-07-31,4.8,10,5.0,Great real-world examples and case studies
F01898,C0283,B02363,2024-09-12,3.7,7,3.7,"Useful content, could use more examples"
F01899,C0283,B02364,2024-11-02,3.6,7,3.9,
F01900,C0283,B02365,2024-12-01,4.8,9,5.0,Trainer was knowledgeable and approachable
F01901,C0283,B02366,2025-01-15,4.2,7,4.0,
F01902,C0283,B02367,2025-03-02,3.9,7,3.6,
F01903,C0283,B02368,2025-04-05,3.6,7,3.5,
F01904,C0283,B02369,2025-05-13,4.1,7,4.0,Trainer was knowledgeable
F01905,C0283,B02370,2025-06-28,4.1,7,4.4,
F01906,C0283,B02371,2025-08-14,3.9,8,4.1,"Useful content, could use more examples"
F01907,C0283,B02373,2025-10-16,4.4,7,4.6,
F01908,C0284,B02376,2021-03-04,4.9,10,4.6,Highly engaging and interactive session
F01909,C0284,B02377,2021-03-30,5.0,10,5.0,"Exceeded expectations, highly recommend"
F01910,C0284,B02378,2021-06-03,4.1,8,4.1,Trainer was knowledgeable
F01911,C0284,B02379,2021-07-12,4.0,8,3.5,
F01912,C0284,B02380,2021-09-08,5.0,9,5.0,
F01913,C0284,B02381,2021-11-06,4.3,7,4.9,
F01914,C0284,B02382,2021-12-08,3.9,8,3.6,"Good course overall, met expectations"
F01915,C0284,B02384,2022-03-02,4.4,7,4.8,
F01916,C0284,B02385,2022-04-14,3.8,7,3.7,"Good course overall, met expectations"
F01917,C0284,B02386,2022-05-14,3.6,8,3.9,"Useful content, could use more examples"
F01918,C0284,B02387,2022-06-20,4.1,7,3.9,
F01919,C0284,B02388,2022-07-25,3.9,8,4.5,"Decent workshop, learned some new things"
F01920,C0284,B02389,2022-09-17,3.4,4,3.5,
F01921,C0284,B02390,2022-11-09,4.0,7,4.0,
F01922,C0284,B02391,2022-12-30,4.4,7,4.6,"Good course overall, met expectations"
F01923,C0284,B02392,2023-02-23,3.7,8,3.4,"Good course overall, met expectations"
F01924,C0285,B02393,2023-10-15,4.3,8,4.0,"Useful content, could use more examples"
F01925,C0285,B02394,2023-12-20,4.9,10,4.8,Trainer was knowledgeable and approachable
F01926,C0285,B02395,2024-02-10,3.3,1,3.8,Trainer rushed through important topics
F01927,C0285,B02396,2024-04-03,3.7,7,4.3,
F01928,C0285,B02397,2024-05-01,3.9,8,3.7,"Decent workshop, learned some new things"
F01929,C0285,B02398,2024-06-22,3.5,7,3.5,
F01930,C0285,B02399,2024-08-04,4.4,7,4.5,
F01931,C0286,B02401,2021-02-15,3.7,7,3.4,
F01932,C0286,B02403,2021-04-29,4.6,10,4.8,"Good pace, well-structured content"
F01933,C0286,B02406,2021-08-24,4.2,8,4.1,"Decent workshop, learned some new things"
F01934,C0286,B02407,2021-09-30,4.3,8,4.9,"Decent workshop, learned some new things"
F01935,C0286,B02408,2021-10-25,3.6,7,3.7,"Good course overall, met expectations"
F01936,C0286,B02409,2021-11-30,3.8,8,4.0,"Decent workshop, learned some new things"
F01937,C0286,B02410,2021-12-27,4.1,8,4.0,
F01938,C0286,B02411,2022-01-28,3.5,7,3.7,
F01939,C0286,B02412,2022-02-21,4.9,9,5.0,
F01940,C0286,B02414,2022-04-21,4.2,8,4.3,
F01941,C0286,B02415,2022-05-21,4.0,7,4.5,
F01942,C0286,B02416,2022-07-08,4.5,10,4.5,Great real-world examples and case studies
F01943,C0287,B02417,2024-10-01,3.7,7,3.7,
F01944,C0287,B02418,2024-12-10,4.3,8,4.0,
F01945,C0287,B02419,2025-01-18,4.3,8,4.4,Trainer was knowledgeable
F01946,C0287,B02420,2025-03-14,3.7,7,3.9,
F01947,C0287,B02421,2025-05-15,4.3,7,4.5,"Decent workshop, learned some new things"
F01948,C0287,B02422,2025-07-20,4.0,8,3.8,"Useful content, could use more examples"
F01949,C0288,B02423,2022-12-17,3.7,7,4.0,
F01950,C0288,B02425,2023-04-08,3.6,7,3.9,
F01951,C0288,B02426,2023-06-20,4.0,8,3.9,
F01952,C0288,B02428,2023-10-25,4.4,8,4.0,
F01953,C0288,B02429,2024-01-05,4.2,8,4.3,
F01954,C0288,B02430,2024-03-03,3.4,4,3.6,
F01955,C0288,B02431,2024-05-03,4.1,7,4.5,Trainer was knowledgeable
F01956,C0288,B02433,2024-08-26,4.1,7,4.4,
F01957,C0289,B02435,2023-12-06,3.9,8,4.1,Trainer was knowledgeable
F01958,C0289,B02437,2024-03-30,4.8,9,5.0,"Good pace, well-structured content"
F01959,C0289,B02438,2024-05-12,4.3,7,4.6,
F01960,C0289,B02439,2024-06-17,4.4,7,4.2,"Useful content, could use more examples"
F01961,C0289,B02440,2024-08-14,4.6,9,5.0,
F01962,C0289,B02441,2024-10-11,4.6,9,4.8,"Excellent trainer, very practical content"
F01963,C0289,B02442,2024-11-19,3.7,7,3.7,"Decent workshop, learned some new things"
F01964,C0289,B02443,2025-01-16,3.5,7,4.1,"Decent workshop, learned some new things"
F01965,C0289,B02445,2025-05-01,4.2,8,4.2,
F01966,C0289,B02446,2025-06-11,4.6,9,4.3,Trainer was knowledgeable and approachable
F01967,C0289,B02447,2025-07-24,4.4,7,4.2,Trainer was knowledgeable
F01968,C0289,B02448,2025-09-18,4.1,8,4.7,
F01969,C0289,B02449,2025-11-04,3.3,6,4.0,
F01970,C0289,B02450,2025-12-28,4.0,8,3.9,"Useful content, could use more examples"
F01971,C0290,B02451,2023-05-30,4.6,9,4.9,
F01972,C0290,B02452,2023-08-27,3.9,8,4.3,"Decent workshop, learned some new things"
F01973,C0290,B02453,2023-11-11,4.0,8,3.9,
F01974,C0290,B02454,2024-01-22,3.6,8,4.0,
F01975,C0290,B02455,2024-05-04,4.6,10,5.0,
F01976,C0290,B02456,2024-08-07,4.0,8,4.3,
F01977,C0290,B02457,2024-11-02,4.4,8,4.8,"Useful content, could use more examples"
F01978,C0291,B02458,2024-01-03,4.0,7,4.2,
F01979,C0291,B02459,2024-01-23,4.0,7,3.8,"Good course overall, met expectations"
F01980,C0291,B02460,2024-02-28,4.1,7,4.1,
F01981,C0291,B02461,2024-04-05,3.3,4,3.6,Not enough time for questions
F01982,C0291,B02462,2024-05-07,3.8,7,4.3,
F01983,C0291,B02463,2024-05-30,3.5,7,3.8,
F01984,C0291,B02465,2024-08-08,3.5,8,3.7,"Good course overall, met expectations"
F01985,C0291,B02466,2024-08-24,4.7,10,4.8,Very useful tools and frameworks provided
F01986,C0291,B02467,2024-09-12,4.0,8,4.0,"Decent workshop, learned some new things"
F01987,C0291,B02468,2024-10-08,4.6,10,4.4,Trainer was knowledgeable and approachable
F01988,C0291,B02469,2024-11-15,4.6,10,5.0,Great real-world examples and case studies
F01989,C0291,B02470,2024-12-16,4.6,9,5.0,Highly engaging and interactive session
F01990,C0291,B02472,2025-01-30,4.8,9,4.7,
F01991,C0291,B02473,2025-02-24,4.9,9,5.0,Very useful tools and frameworks provided
F01992,C0291,B02474,2025-04-03,4.9,10,4.9,"Good pace, well-structured content"
F01993,C0292,B02475,2024-06-08,4.2,8,4.7,
F01994,C0292,B02476,2024-07-26,4.5,9,4.3,Great real-world examples and case studies
F01995,C0292,B02478,2024-11-14,4.1,8,4.5,
F01996,C0292,B02479,2025-01-07,5.0,9,4.9,Very useful tools and frameworks provided
F01997,C0292,B02480,2025-02-23,4.1,7,4.2,
F01998,C0292,B02481,2025-04-05,3.7,8,3.5,
F01999,C0292,B02482,2025-06-01,4.1,7,4.2,Trainer was knowledgeable
F02000,C0292,B02483,2025-07-27,3.6,8,3.9,
F02001,C0292,B02484,2025-09-22,4.4,7,4.5,"Useful content, could use more examples"
F02002,C0292,B02485,2025-11-20,4.5,10,4.8,
F02003,C0293,B02487,2025-03-05,4.3,7,4.2,"Useful content, could use more examples"
F02004,C0293,B02489,2025-07-30,4.4,7,4.5,
F02005,C0293,B02490,2025-09-24,4.5,10,4.6,"Exceeded expectations, highly recommend"
F02006,C0294,B02491,2024-08-01,4.7,10,5.0,Great real-world examples and case studies
F02007,C0294,B02492,2024-09-26,4.7,9,5.0,"Exceeded expectations, highly recommend"
F02008,C0294,B02493,2024-11-03,4.0,7,4.0,"Useful content, could use more examples"
F02009,C0294,B02494,2024-12-24,4.3,7,4.3,"Useful content, could use more examples"
F02010,C0294,B02496,2025-03-05,4.7,9,4.9,"Good pace, well-structured content"
F02011,C0294,B02497,2025-04-17,4.3,8,4.4,
F02012,C0294,B02498,2025-06-18,4.4,7,4.8,
F02013,C0294,B02499,2025-07-21,4.6,10,4.8,
F02014,C0294,B02500,2025-08-24,5.0,10,4.9,Trainer was knowledgeable and approachable
F02015,C0294,B02501,2025-10-20,4.8,10,4.7,
F02016,C0294,B02502,2025-11-18,4.0,7,4.1,
F02017,C0295,B02503,2024-07-29,4.9,10,4.9,Highly engaging and interactive session
F02018,C0295,B02504,2024-09-02,4.3,7,4.6,Trainer was knowledgeable
F02019,C0295,B02505,2024-10-27,4.9,9,5.0,"Good pace, well-structured content"
F02020,C0295,B02506,2024-12-14,4.7,10,5.0,"Exceeded expectations, highly recommend"
F02021,C0295,B02507,2025-01-29,4.4,8,4.7,
F02022,C0295,B02508,2025-03-26,4.5,10,4.7,
F02023,C0295,B02509,2025-05-20,3.7,8,3.9,"Good course overall, met expectations"
F02024,C0295,B02510,2025-07-07,4.3,7,4.3,
F02025,C0295,B02512,2025-10-09,5.0,9,5.0,
F02026,C0295,B02513,2025-11-18,3.6,8,3.8,
F02027,C0296,B02514,2021-06-13,3.4,1,3.6,"Pace was too fast, hard to follow"
F02028,C0296,B02515,2021-08-15,4.6,10,4.7,Great real-world examples and case studies
F02029,C0296,B02516,2021-10-08,3.7,7,4.0,"Decent workshop, learned some new things"
F02030,C0296,B02517,2021-12-06,3.8,7,4.0,
F02031,C0296,B02518,2022-02-22,4.6,10,4.9,
F02032,C0296,B02519,2022-04-14,4.1,8,4.4,Trainer was knowledgeable
F02033,C0296,B02520,2022-06-06,4.1,8,3.8,
F02034,C0296,B02522,2022-10-12,4.1,7,3.8,
F02035,C0296,B02523,2022-12-28,4.8,10,4.9,Very useful tools and frameworks provided
F02036,C0296,B02525,2023-05-22,3.4,5,4.0,Not enough time for questions
F02037,C0296,B02526,2023-07-14,4.9,10,5.0,Very useful tools and frameworks provided
F02038,C0297,B02527,2025-11-30,4.6,10,4.5,"Excellent trainer, very practical content"
F02039,C0298,B02528,2021-08-15,3.4,2,3.8,Trainer rushed through important topics
F02040,C0298,B02529,2021-10-05,4.8,9,5.0,Highly engaging and interactive session
F02041,C0298,B02530,2021-11-10,3.6,7,3.9,
F02042,C0298,B02531,2021-12-22,4.4,8,4.9,
F02043,C0298,B02532,2022-02-27,3.5,7,3.7,"Good course overall, met expectations"
F02044,C0298,B02533,2022-05-01,3.5,8,3.7,
F02045,C0298,B02534,2022-06-15,4.2,8,4.4,
F02046,C0298,B02535,2022-07-25,4.4,7,4.7,"Good course overall, met expectations"
F02047,C0298,B02536,2022-09-23,3.6,7,3.7,
F02048,C0298,B02537,2022-11-12,4.4,7,4.6,Trainer was knowledgeable
F02049,C0298,B02539,2023-02-17,4.0,7,3.9,
F02050,C0298,B02540,2023-04-01,3.7,8,3.8,"Decent workshop, learned some new things"
F02051,C0298,B02541,2023-05-11,3.5,7,4.0,"Good course overall, met expectations"
F02052,C0298,B02542,2023-06-15,4.0,7,4.3,"Useful content, could use more examples"
F02053,C0298,B02543,2023-08-03,3.9,8,4.3,
F02054,C0298,B02544,2023-09-12,3.8,8,4.2,
F02055,C0298,B02546,2023-12-29,4.5,10,4.6,"Excellent trainer, very practical content"
F02056,C0299,B02547,2025-12-14,3.9,7,4.3,"Useful content, could use more examples"
F02057,C0300,B02548,2024-05-24,4.2,8,4.1,
F02058,C0300,B02549,2024-07-31,4.2,7,4.7,
F02059,C0300,B02550,2024-09-23,4.3,8,4.2,
F02060,C0300,B02551,2024-12-09,4.6,10,4.6,
F02061,C0300,B02552,2025-02-18,3.9,7,3.8,"Good course overall, met expectations"
F02062,C0300,B02553,2025-04-03,4.3,7,4.4,
F02063,C0300,B02554,2025-06-01,4.7,9,5.0,Highly engaging and interactive session
F02064,C0300,B02555,2025-07-30,5.0,10,4.8,"Good pace, well-structured content"
F02065,C0300,B02556,2025-10-09,5.0,10,5.0,Great real-world examples and case studies
F02066,C0300,B02557,2025-12-03,4.0,8,4.1,
F02067,C0301,B02558,2023-02-15,4.5,10,5.0,Great real-world examples and case studies
F02068,C0301,B02560,2023-03-20,4.6,10,4.4,"Good pace, well-structured content"
F02069,C0301,B02561,2023-04-11,4.1,8,4.2,"Useful content, could use more examples"
F02070,C0301,B02562,2023-05-02,4.9,9,4.9,"Excellent trainer, very practical content"
F02071,C0301,B02563,2023-06-12,4.2,7,4.3,"Decent workshop, learned some new things"
F02072,C0301,B02564,2023-07-11,3.8,7,3.5,"Useful content, could use more examples"
F02073,C0301,B02565,2023-08-17,3.4,4,3.5,Trainer rushed through important topics
F02074,C0302,B02566,2024-06-30,4.9,9,5.0,Highly engaging and interactive session
F02075,C0302,B02567,2024-08-27,4.5,10,4.3,Trainer was knowledgeable and approachable
F02076,C0302,B02568,2024-10-25,4.1,8,4.5,
F02077,C0302,B02569,2024-12-17,4.8,9,4.9,Trainer was knowledgeable and approachable
F02078,C0302,B02570,2025-01-19,4.1,7,4.4,Trainer was knowledgeable
F02079,C0302,B02571,2025-03-12,4.9,9,4.9,"Excellent trainer, very practical content"
F02080,C0302,B02572,2025-05-06,4.9,9,4.8,"Excellent trainer, very practical content"
F02081,C0302,B02574,2025-08-10,4.4,8,4.0,"Good course overall, met expectations"
F02082,C0303,B02575,2025-05-08,3.7,7,3.8,"Decent workshop, learned some new things"
F02083,C0304,B02577,2024-03-28,4.3,7,4.0,"Good course overall, met expectations"
F02084,C0304,B02578,2024-05-17,4.2,8,4.5,
F02085,C0304,B02579,2024-07-27,3.7,7,3.9,"Useful content, could use more examples"
F02086,C0304,B02580,2024-09-25,5.0,9,4.9,
F02087,C0304,B02581,2024-11-30,3.8,7,4.0,
F02088,C0304,B02583,2025-04-07,4.2,7,4.6,
F02089,C0305,B02586,2025-02-18,3.7,7,3.7,"Useful content, could use more examples"
F02090,C0305,B02587,2025-06-09,3.4,4,3.7,Not enough time for questions
F02091,C0306,B02589,2023-09-13,4.5,10,4.8,Trainer was knowledgeable and approachable
F02092,C0306,B02590,2024-01-03,3.6,8,3.9,"Good course overall, met expectations"
F02093,C0306,B02591,2024-04-26,4.8,10,5.0,Very useful tools and frameworks provided
F02094,C0306,B02592,2024-08-11,4.6,9,4.3,Trainer was knowledgeable and approachable
F02095,C0307,B02593,2025-03-26,4.7,10,4.8,Highly engaging and interactive session
F02096,C0307,B02594,2025-05-07,3.7,7,3.7,
F02097,C0307,B02595,2025-06-19,4.1,7,4.3,
F02098,C0307,B02596,2025-08-17,3.5,8,3.7,
F02099,C0308,B02597,2024-11-09,4.9,9,4.8,"Exceeded expectations, highly recommend"
F02100,C0308,B02598,2024-12-14,4.6,10,4.4,
F02101,C0308,B02599,2025-01-16,4.4,7,4.8,
F02102,C0308,B02601,2025-03-11,4.3,8,4.4,"Decent workshop, learned some new things"
F02103,C0308,B02602,2025-04-30,4.0,7,4.4,
F02104,C0308,B02603,2025-06-21,4.7,10,4.7,
F02105,C0308,B02604,2025-07-26,3.8,8,3.7,Trainer was knowledgeable
F02106,C0308,B02605,2025-08-29,4.1,7,4.6,"Good course overall, met expectations"
F02107,C0308,B02606,2025-10-03,4.5,9,4.5,Great real-world examples and case studies
F02108,C0308,B02607,2025-10-23,5.0,10,5.0,
F02109,C0308,B02608,2025-11-27,4.6,10,4.4,
F02110,C0308,B02609,2025-12-25,4.8,9,5.0,Highly engaging and interactive session
F02111,C0309,B02610,2021-05-12,4.2,7,4.4,
F02112,C0309,B02611,2021-07-25,4.7,10,5.0,Great real-world examples and case studies
F02113,C0309,B02612,2021-09-16,3.7,7,4.0,
F02114,C0309,B02613,2021-11-28,3.9,8,3.8,
F02115,C0310,B02614,2025-02-18,4.0,7,4.1,
F02116,C0310,B02615,2025-03-26,4.6,10,4.6,"Good pace, well-structured content"
F02117,C0310,B02616,2025-04-15,4.1,8,4.4,"Decent workshop, learned some new things"
F02118,C0310,B02617,2025-05-15,4.8,9,5.0,Highly engaging and interactive session
F02119,C0310,B02618,2025-06-03,3.8,8,4.0,
F02120,C0310,B02619,2025-07-08,4.6,9,4.9,"Exceeded expectations, highly recommend"
F02121,C0310,B02620,2025-08-14,4.9,9,4.4,"Good pace, well-structured content"
F02122,C0310,B02621,2025-09-09,4.3,8,5.0,
F02123,C0310,B02622,2025-10-13,4.0,8,4.2,
F02124,C0310,B02623,2025-11-25,4.8,9,4.8,
F02125,C0311,B02624,2024-05-20,4.7,9,4.8,Highly engaging and interactive session
F02126,C0311,B02625,2024-06-30,4.1,7,4.2,
F02127,C0311,B02626,2024-08-23,4.9,9,4.6,"Exceeded expectations, highly recommend"
F02128,C0311,B02627,2024-10-04,3.9,8,4.1,
F02129,C0311,B02628,2024-11-11,4.6,10,4.3,Highly engaging and interactive session
F02130,C0311,B02629,2025-01-02,3.7,7,3.9,
F02131,C0311,B02630,2025-02-22,4.0,8,4.2,
F02132,C0311,B02631,2025-03-30,3.6,7,3.9,
F02133,C0311,B02632,2025-05-25,3.5,7,3.8,"Good course overall, met expectations"
F02134,C0311,B02633,2025-07-28,4.5,10,4.7,"Good pace, well-structured content"
F02135,C0311,B02634,2025-09-17,3.4,1,3.9,
F02136,C0312,B02635,2021-07-28,4.9,9,4.7,
F02137,C0312,B02636,2021-09-16,3.9,7,4.1,"Useful content, could use more examples"
F02138,C0312,B02637,2021-10-26,4.6,9,4.7,Great real-world examples and case studies
F02139,C0312,B02638,2021-12-07,4.7,10,5.0,
F02140,C0312,B02639,2022-01-22,3.4,0,3.6,
F02141,C0312,B02640,2022-03-09,4.8,9,4.9,"Excellent trainer, very practical content"
F02142,C0312,B02641,2022-04-22,3.3,5,3.5,
F02143,C0312,B02642,2022-06-22,4.7,9,4.7,Great real-world examples and case studies
F02144,C0312,B02645,2022-11-14,4.2,7,4.7,"Useful content, could use more examples"
F02145,C0312,B02646,2023-01-20,4.2,8,4.4,
F02146,C0313,B02647,2025-10-18,4.3,7,4.6,
F02147,C0314,B02648,2024-08-12,5.0,10,5.0,
F02148,C0314,B02649,2024-11-05,3.4,0,3.9,Trainer rushed through important topics
F02149,C0314,B02650,2025-01-15,4.2,7,4.2,"Decent workshop, learned some new things"
F02150,C0315,B02651,2022-08-20,4.3,7,4.2,
F02151,C0315,B02652,2022-10-24,4.1,7,4.6,
F02152,C0315,B02653,2022-12-31,4.4,8,4.4,"Useful content, could use more examples"
F02153,C0315,B02655,2023-04-30,3.8,8,4.1,"Good course overall, met expectations"
F02154,C0315,B02656,2023-07-05,4.1,7,4.1,"Good course overall, met expectations"
F02155,C0315,B02657,2023-09-11,4.8,9,5.0,
F02156,C0315,B02658,2023-11-19,3.8,7,3.8,
F02157,C0315,B02659,2024-01-29,4.3,7,4.5,Trainer was knowledgeable
F02158,C0316,B02660,2021-04-11,5.0,9,5.0,Trainer was knowledgeable and approachable
F02159,C0316,B02661,2021-07-22,4.4,8,4.3,"Good course overall, met expectations"
F02160,C0316,B02663,2022-02-10,4.0,8,4.0,"Useful content, could use more examples"
F02161,C0316,B02664,2022-05-01,4.5,9,4.3,Great real-world examples and case studies
F02162,C0317,B02665,2023-04-14,4.9,9,4.8,"Excellent trainer, very practical content"
F02163,C0317,B02666,2023-07-02,4.0,7,4.0,
F02164,C0317,B02667,2023-09-14,4.2,7,4.2,
F02165,C0317,B02668,2023-12-01,4.5,10,4.7,Very useful tools and frameworks provided
F02166,C0317,B02669,2024-02-16,4.8,10,4.6,Trainer was knowledgeable and approachable
F02167,C0317,B02670,2024-05-08,3.8,8,4.0,"Decent workshop, learned some new things"
F02168,C0318,B02672,2022-01-05,3.5,8,3.9,
F02169,C0318,B02674,2022-03-29,3.5,7,3.7,
F02170,C0318,B02675,2022-05-27,4.6,9,4.5,Very useful tools and frameworks provided
F02171,C0318,B02676,2022-07-17,3.4,6,3.7,Trainer rushed through important topics
F02172,C0318,B02677,2022-08-16,3.9,8,3.7,"Good course overall, met expectations"
F02173,C0318,B02678,2022-10-10,3.5,7,3.7,
F02174,C0318,B02680,2023-01-05,3.5,8,3.7,
F02175,C0318,B02681,2023-02-12,3.9,8,3.7,
F02176,C0318,B02682,2023-03-20,4.8,10,4.4,
F02177,C0318,B02683,2023-04-30,5.0,9,4.7,
F02178,C0318,B02684,2023-06-03,4.6,10,4.4,
F02179,C0318,B02685,2023-07-29,4.8,10,4.9,Very useful tools and frameworks provided
F02180,C0319,B02687,2024-04-08,4.4,8,4.3,Trainer was knowledgeable
F02181,C0319,B02688,2024-06-11,3.8,7,4.1,Trainer was knowledgeable
F02182,C0319,B02690,2024-10-22,4.5,9,4.5,"Good pace, well-structured content"
F02183,C0319,B02692,2025-03-08,4.8,10,4.5,"Excellent trainer, very practical content"
F02184,C0319,B02693,2025-05-21,5.0,10,5.0,"Exceeded expectations, highly recommend"
F02185,C0319,B02695,2025-09-12,4.3,7,4.5,
F02186,C0319,B02696,2025-11-13,3.3,2,3.7,Not enough time for questions
F02187,C0320,B02697,2022-07-09,4.4,8,4.5,
F02188,C0320,B02698,2022-08-28,4.1,7,4.7,
F02189,C0320,B02699,2022-10-09,4.6,9,4.5,
F02190,C0320,B02700,2022-10-31,3.8,8,3.4,
F02191,C0320,B02701,2022-12-15,5.0,9,5.0,Highly engaging and interactive session
F02192,C0320,B02703,2023-01-29,4.1,8,4.1,
F02193,C0320,B02704,2023-03-12,3.7,8,3.6,
F02194,C0320,B02705,2023-05-04,3.8,7,3.4,Trainer was knowledgeable
F02195,C0320,B02707,2023-06-25,3.4,0,3.9,
F02196,C0320,B02708,2023-08-02,3.7,7,3.7,"Useful content, could use more examples"
F02197,C0320,B02710,2023-10-12,5.0,10,4.8,"Good pace, well-structured content"
F02198,C0320,B02711,2023-11-08,4.6,9,4.8,Great real-world examples and case studies
F02199,C0321,B02713,2021-05-19,4.0,8,4.3,"Decent workshop, learned some new things"
F02200,C0321,B02714,2021-08-17,4.5,9,4.6,Trainer was knowledgeable and approachable
F02201,C0321,B02715,2021-10-26,4.7,9,5.0,"Good pace, well-structured content"
F02202,C0321,B02716,2022-01-29,4.3,8,4.2,
F02203,C0321,B02717,2022-04-26,4.4,7,4.8,
F02204,C0321,B02718,2022-06-29,4.3,8,3.9,
F02205,C0321,B02719,2022-09-29,4.7,9,4.6,"Excellent trainer, very practical content"
F02206,C0321,B02720,2022-12-13,4.9,10,5.0,
F02207,C0321,B02721,2023-03-02,4.6,10,5.0,
F02208,C0321,B02722,2023-05-11,4.4,8,4.2,
F02209,C0321,B02723,2023-08-13,4.4,7,4.3,"Useful content, could use more examples"
F02210,C0321,B02724,2023-10-29,3.7,7,3.5,
F02211,C0321,B02725,2024-01-11,4.3,8,4.3,
F02212,C0322,B02726,2024-02-06,4.3,8,4.2,"Useful content, could use more examples"
F02213,C0322,B02727,2024-04-22,4.5,9,4.3,"Exceeded expectations, highly recommend"
F02214,C0322,B02728,2024-07-23,4.3,7,4.8,
F02215,C0322,B02729,2024-11-05,4.8,9,5.0,"Good pace, well-structured content"
F02216,C0322,B02731,2025-05-06,4.0,8,4.5,Trainer was knowledgeable
F02217,C0323,B02732,2024-06-23,3.6,7,4.2,"Decent workshop, learned some new things"
F02218,C0323,B02733,2024-09-14,3.7,8,3.7,"Decent workshop, learned some new things"
F02219,C0323,B02734,2024-12-25,4.3,7,4.0,"Decent workshop, learned some new things"
F02220,C0323,B02735,2025-03-18,4.0,8,3.9,
F02221,C0323,B02736,2025-06-14,3.5,8,3.6,
F02222,C0324,B02737,2021-11-09,4.0,7,4.1,Trainer was knowledgeable
F02223,C0324,B02739,2022-02-04,4.7,9,4.7,"Good pace, well-structured content"
F02224,C0324,B02740,2022-04-03,4.9,9,4.9,Great real-world examples and case studies
F02225,C0324,B02741,2022-05-08,3.7,7,3.7,
F02226,C0324,B02742,2022-06-27,4.2,8,4.4,Trainer was knowledgeable
F02227,C0324,B02744,2022-09-18,4.7,9,4.8,Highly engaging and interactive session
F02228,C0324,B02745,2022-11-01,4.1,8,4.2,"Good course overall, met expectations"
F02229,C0324,B02746,2022-12-08,4.9,9,4.9,Trainer was knowledgeable and approachable
F02230,C0324,B02747,2023-01-25,3.8,8,3.9,"Useful content, could use more examples"
F02231,C0324,B02750,2023-05-27,4.1,7,4.0,"Good course overall, met expectations"
F02232,C0325,B02752,2021-12-27,3.9,8,3.6,
F02233,C0325,B02753,2022-04-10,4.9,10,4.8,"Exceeded expectations, highly recommend"
F02234,C0325,B02754,2022-06-28,4.7,9,4.5,Very useful tools and frameworks provided
F02235,C0326,B02756,2025-09-10,4.0,7,4.0,
F02236,C0327,B02757,2022-04-19,4.1,7,4.7,Trainer was knowledgeable
F02237,C0327,B02759,2022-07-27,4.7,9,4.6,"Excellent trainer, very practical content"
F02238,C0327,B02760,2022-09-02,4.1,8,3.9,"Good course overall, met expectations"
F02239,C0327,B02761,2022-10-08,5.0,10,4.5,Trainer was knowledgeable and approachable
F02240,C0327,B02764,2023-03-02,5.0,10,5.0,"Exceeded expectations, highly recommend"
F02241,C0327,B02765,2023-04-16,3.8,8,3.9,"Useful content, could use more examples"
F02242,C0327,B02766,2023-06-02,3.8,8,3.5,Trainer was knowledgeable
F02243,C0327,B02767,2023-07-18,3.5,7,3.9,
F02244,C0327,B02769,2023-10-14,4.1,8,4.4,"Good course overall, met expectations"
F02245,C0327,B02770,2023-12-06,4.2,7,4.4,
F02246,C0328,B02771,2021-11-14,4.6,10,4.4,
F02247,C0328,B02773,2022-04-21,4.1,8,4.5,
F02248,C0328,B02774,2022-07-26,3.5,7,3.8,"Decent workshop, learned some new things"
F02249,C0328,B02775,2022-09-30,4.8,10,5.0,"Exceeded expectations, highly recommend"
F02250,C0328,B02776,2022-12-23,3.9,7,4.1,"Useful content, could use more examples"
F02251,C0328,B02777,2023-03-11,4.5,10,4.8,Great real-world examples and case studies
F02252,C0328,B02778,2023-05-30,4.5,9,4.5,"Excellent trainer, very practical content"
F02253,C0328,B02779,2023-08-10,4.1,8,4.0,"Decent workshop, learned some new things"
F02254,C0328,B02780,2023-11-07,3.7,7,3.6,
F02255,C0328,B02781,2024-01-19,3.5,8,3.9,"Decent workshop, learned some new things"
F02256,C0328,B02782,2024-04-06,4.9,9,4.5,"Excellent trainer, very practical content"
F02257,C0329,B02784,2024-02-26,4.2,8,4.4,
F02258,C0329,B02785,2024-05-16,4.7,10,4.8,"Exceeded expectations, highly recommend"
F02259,C0329,B02786,2024-07-31,4.2,8,4.2,"Good course overall, met expectations"
F02260,C0329,B02788,2025-01-19,4.4,8,4.7,"Good course overall, met expectations"
F02261,C0330,B02789,2024-04-28,4.7,10,4.4,Highly engaging and interactive session
F02262,C0330,B02790,2024-05-25,4.6,10,5.0,
F02263,C0330,B02791,2024-07-12,3.9,8,4.0,
F02264,C0330,B02793,2024-09-15,4.7,9,4.8,
F02265,C0330,B02794,2024-10-14,3.6,7,3.9,
F02266,C0330,B02796,2025-01-06,4.4,8,4.3,
F02267,C0331,B02797,2024-11-30,3.5,8,4.0,
F02268,C0331,B02799,2025-02-04,4.3,8,3.9,
F02269,C0331,B02800,2025-04-02,4.3,8,4.2,
F02270,C0331,B02801,2025-05-12,4.7,9,4.7,Very useful tools and frameworks provided
F02271,C0331,B02802,2025-07-01,4.2,7,4.5,"Useful content, could use more examples"
F02272,C0331,B02803,2025-07-28,3.8,8,3.6,
F02273,C0331,B02805,2025-10-19,4.5,10,4.9,Trainer was knowledgeable and approachable
F02274,C0331,B02806,2025-12-14,4.2,8,4.9,
F02275,C0332,B02807,2022-10-15,5.0,10,4.8,Great real-world examples and case studies
F02276,C0332,B02808,2023-01-20,4.0,8,3.6,"Useful content, could use more examples"
F02277,C0332,B02809,2023-04-10,4.1,8,3.9,
F02278,C0332,B02810,2023-06-20,4.1,8,4.1,Trainer was knowledgeable
F02279,C0332,B02811,2023-09-24,5.0,9,5.0,Very useful tools and frameworks provided
F02280,C0332,B02812,2023-11-29,4.9,9,4.5,
F02281,C0332,B02814,2024-04-24,4.2,7,4.3,
F02282,C0332,B02815,2024-07-21,4.3,7,4.1,"Decent workshop, learned some new things"
F02283,C0333,B02816,2021-04-02,4.6,9,4.8,
F02284,C0333,B02817,2021-05-15,4.3,7,4.2,"Decent workshop, learned some new things"
F02285,C0333,B02818,2021-06-05,4.2,8,4.2,
F02286,C0333,B02819,2021-07-10,4.6,9,4.3,Great real-world examples and case studies
F02287,C0333,B02822,2021-11-15,3.8,8,3.9,
F02288,C0333,B02823,2021-12-08,3.8,8,3.9,"Decent workshop, learned some new things"
F02289,C0333,B02824,2021-12-29,5.0,10,4.7,Trainer was knowledgeable and approachable
F02290,C0334,B02825,2023-09-28,4.2,8,4.7,Trainer was knowledgeable
F02291,C0334,B02827,2024-01-03,4.6,9,4.4,Trainer was knowledgeable and approachable
F02292,C0334,B02829,2024-04-03,4.4,8,4.4,
F02293,C0334,B02830,2024-05-04,4.4,8,4.6,
F02294,C0334,B02831,2024-07-04,3.4,2,4.0,"Content was basic, expected more depth"
F02295,C0334,B02832,2024-08-06,4.3,7,4.9,
F02296,C0334,B02833,2024-09-25,4.4,8,4.4,Trainer was knowledgeable
F02297,C0334,B02834,2024-11-01,4.8,10,4.7,Trainer was knowledgeable and approachable
F02298,C0334,B02835,2024-12-11,3.4,4,3.7,Not enough time for questions
F02299,C0334,B02836,2025-02-03,4.6,9,5.0,
F02300,C0334,B02837,2025-03-13,4.5,10,4.6,Highly engaging and interactive session
F02301,C0334,B02839,2025-05-21,5.0,10,4.8,
F02302,C0334,B02840,2025-07-20,3.4,6,3.7,
F02303,C0334,B02841,2025-08-28,3.5,7,4.0,
F02304,C0334,B02842,2025-10-09,4.4,8,4.9,
F02305,C0335,B02843,2024-10-09,5.0,9,5.0,"Exceeded expectations, highly recommend"
F02306,C0335,B02844,2024-12-07,3.8,7,3.7,"Decent workshop, learned some new things"
F02307,C0335,B02845,2025-02-03,4.5,9,4.5,"Good pace, well-structured content"
F02308,C0335,B02846,2025-04-01,4.6,10,5.0,Trainer was knowledgeable and approachable
F02309,C0335,B02847,2025-05-22,4.1,7,4.2,
F02310,C0335,B02848,2025-07-24,4.4,7,4.5,
F02311,C0335,B02849,2025-09-13,5.0,9,4.8,Highly engaging and interactive session
F02312,C0335,B02850,2025-11-16,3.9,7,3.7,
F02313,C0336,B02851,2024-02-28,3.6,8,4.0,
F02314,C0336,B02852,2024-05-01,4.7,10,4.9,
F02315,C0336,B02853,2024-06-24,3.6,7,3.9,
F02316,C0336,B02854,2024-08-14,4.1,8,3.9,
F02317,C0336,B02856,2024-12-07,4.0,8,4.6,
F02318,C0336,B02857,2025-02-11,4.7,9,5.0,Highly engaging and interactive session
F02319,C0336,B02858,2025-04-22,5.0,10,5.0,
F02320,C0336,B02859,2025-05-31,4.3,8,4.2,
F02321,C0336,B02861,2025-09-19,4.8,10,4.8,Trainer was knowledgeable and approachable
F02322,C0336,B02862,2025-11-21,4.0,7,4.2,Trainer was knowledgeable
F02323,C0337,B02863,2022-06-16,4.0,8,4.4,
F02324,C0337,B02864,2022-07-28,4.8,9,4.6,Great real-world examples and case studies
F02325,C0338,B02865,2021-07-31,3.7,8,3.6,
F02326,C0338,B02866,2021-11-20,3.8,8,4.0,"Decent workshop, learned some new things"
F02327,C0338,B02867,2022-03-08,4.2,8,4.1,
F02328,C0338,B02868,2022-07-03,4.7,10,5.0,Highly engaging and interactive session
F02329,C0339,B02869,2023-04-24,4.6,10,5.0,Highly engaging and interactive session
F02330,C0339,B02870,2023-06-29,4.8,10,4.8,
F02331,C0339,B02871,2023-09-15,4.1,8,4.2,"Good course overall, met expectations"
F02332,C0339,B02872,2023-12-03,4.1,7,3.9,"Good course overall, met expectations"
F02333,C0339,B02873,2024-03-01,4.9,9,4.8,
F02334,C0339,B02874,2024-05-05,4.5,9,4.2,"Exceeded expectations, highly recommend"
F02335,C0339,B02875,2024-07-29,4.4,8,4.2,
F02336,C0339,B02876,2024-10-13,4.0,8,4.2,Trainer was knowledgeable
F02337,C0339,B02877,2024-12-20,4.4,8,4.7,
F02338,C0339,B02878,2025-03-11,4.5,10,4.8,"Good pace, well-structured content"
F02339,C0339,B02879,2025-06-03,3.6,8,3.9,
F02340,C0339,B02880,2025-08-02,4.1,7,4.3,
F02341,C0340,B02881,2024-02-06,4.2,7,4.3,"Good course overall, met expectations"
F02342,C0340,B02882,2024-03-26,4.4,8,4.3,"Useful content, could use more examples"
F02343,C0340,B02885,2024-08-22,4.9,9,4.7,Great real-world examples and case studies
F02344,C0340,B02886,2024-09-27,3.7,7,3.9,
F02345,C0340,B02887,2024-12-03,3.7,8,3.7,
F02346,C0340,B02888,2025-01-27,4.5,9,4.1,
F02347,C0341,B02889,2022-02-10,4.8,9,4.7,"Exceeded expectations, highly recommend"
F02348,C0341,B02891,2022-07-02,4.8,9,5.0,"Exceeded expectations, highly recommend"
F02349,C0341,B02894,2022-12-15,3.8,8,4.2,Trainer was knowledgeable
F02350,C0342,B02895,2025-06-18,4.5,10,4.7,Trainer was knowledgeable and approachable
F02351,C0342,B02896,2025-07-15,3.9,7,4.0,"Useful content, could use more examples"
F02352,C0342,B02897,2025-08-19,3.8,8,4.2,Trainer was knowledgeable
F02353,C0343,B02898,2025-08-01,4.8,10,4.9,
F02354,C0343,B02899,2025-08-24,3.9,7,4.2,"Good course overall, met expectations"
F02355,C0343,B02900,2025-10-16,3.7,8,4.2,
F02356,C0343,B02901,2025-11-24,3.9,8,3.8,Trainer was knowledgeable
F02357,C0344,B02902,2021-04-04,3.6,8,3.5,
F02358,C0344,B02903,2021-05-19,4.5,10,4.5,Very useful tools and frameworks provided
F02359,C0344,B02904,2021-07-07,3.4,1,3.5,"Pace was too fast, hard to follow"
F02360,C0344,B02905,2021-09-04,4.2,8,4.2,Trainer was knowledgeable
F02361,C0344,B02907,2021-12-24,4.9,9,5.0,Trainer was knowledgeable and approachable
F02362,C0344,B02908,2022-02-07,4.7,9,4.7,"Exceeded expectations, highly recommend"
F02363,C0344,B02910,2022-06-03,4.8,10,4.8,"Exceeded expectations, highly recommend"
F02364,C0344,B02911,2022-07-25,4.0,7,3.9,
F02365,C0344,B02912,2022-09-19,3.9,7,4.6,Trainer was knowledgeable
F02366,C0344,B02913,2022-11-17,4.0,7,4.5,"Decent workshop, learned some new things"
F02367,C0345,B02914,2022-05-28,4.0,7,4.3,"Decent workshop, learned some new things"
F02368,C0345,B02915,2022-08-02,3.5,8,3.7,"Decent workshop, learned some new things"
F02369,C0345,B02916,2022-10-05,5.0,9,4.8,"Good pace, well-structured content"
F02370,C0345,B02917,2022-11-13,4.8,10,5.0,Great real-world examples and case studies
F02371,C0345,B02919,2023-03-12,4.7,9,4.9,
F02372,C0345,B02920,2023-05-08,4.7,10,4.6,Great real-world examples and case studies
F02373,C0345,B02921,2023-07-08,4.0,7,4.3,
F02374,C0345,B02923,2023-10-28,4.2,8,4.3,"Good course overall, met expectations"
F02375,C0345,B02924,2023-12-26,4.1,7,4.5,
F02376,C0345,B02925,2024-02-21,4.0,8,4.0,
F02377,C0345,B02926,2024-04-12,4.2,8,4.3,
F02378,C0345,B02927,2024-06-11,4.1,7,4.5,
F02379,C0345,B02928,2024-08-17,4.8,10,4.6,Great real-world examples and case studies
F02380,C0345,B02929,2024-09-26,4.8,9,4.8,Highly engaging and interactive session
F02381,C0345,B02930,2024-11-19,3.6,7,3.8,Trainer was knowledgeable
F02382,C0346,B02931,2024-01-03,4.4,7,4.4,
F02383,C0346,B02933,2024-04-07,4.9,10,4.8,Highly engaging and interactive session
F02384,C0346,B02934,2024-05-09,4.8,9,4.6,"Good pace, well-structured content"
F02385,C0346,B02935,2024-06-28,4.8,10,4.8,Highly engaging and interactive session
F02386,C0346,B02936,2024-08-18,4.1,8,4.0,
F02387,C0346,B02937,2024-10-04,3.8,7,3.6,"Decent workshop, learned some new things"
F02388,C0346,B02938,2024-11-14,3.9,8,3.6,
F02389,C0347,B02943,2024-12-06,3.8,8,4.3,
F02390,C0347,B02945,2025-05-23,3.9,8,4.2,
F02391,C0347,B02946,2025-08-09,4.9,10,4.8,"Good pace, well-structured content"
F02392,C0348,B02947,2024-12-26,4.2,8,4.4,
F02393,C0348,B02948,2025-02-12,4.0,7,4.1,"Good course overall, met expectations"
F02394,C0348,B02949,2025-04-05,4.3,8,3.9,
F02395,C0348,B02950,2025-05-27,3.4,2,3.8,
F02396,C0348,B02951,2025-07-01,4.5,10,4.7,Great real-world examples and case studies
F02397,C0348,B02952,2025-08-17,4.0,7,4.2,"Decent workshop, learned some new things"
F02398,C0348,B02953,2025-10-11,4.4,7,4.4,"Useful content, could use more examples"
F02399,C0348,B02954,2025-11-22,4.0,7,4.0,"Decent workshop, learned some new things"
F02400,C0349,B02956,2021-04-08,4.3,8,4.6,
F02401,C0349,B02958,2021-07-10,3.9,8,4.0,
F02402,C0349,B02959,2021-08-19,4.7,9,4.6,
F02403,C0349,B02960,2021-09-17,4.7,9,4.6,Great real-world examples and case studies
F02404,C0349,B02961,2021-10-14,4.9,10,5.0,Great real-world examples and case studies
F02405,C0349,B02962,2021-11-27,4.0,7,4.6,"Decent workshop, learned some new things"
F02406,C0349,B02965,2022-03-24,4.1,7,3.9,
F02407,C0349,B02966,2022-04-22,4.5,10,4.8,
F02408,C0349,B02968,2022-07-09,4.3,8,4.2,Trainer was knowledgeable
F02409,C0350,B02969,2022-04-03,4.0,8,4.4,"Decent workshop, learned some new things"
F02410,C0350,B02970,2022-06-02,4.7,10,4.5,
F02411,C0350,B02971,2022-07-22,3.6,8,3.6,
F02412,C0350,B02972,2022-10-01,4.6,9,4.7,Great real-world examples and case studies
F02413,C0350,B02973,2022-12-05,4.1,7,4.2,
F02414,C0350,B02976,2023-06-26,3.6,7,3.9,
F02415,C0350,B02977,2023-08-22,4.4,7,4.2,"Good course overall, met expectations"
F02416,C0351,B02978,2024-02-17,4.0,7,4.4,
F02417,C0351,B02982,2024-10-24,4.4,8,4.6,"Good course overall, met expectations"
F02418,C0351,B02984,2025-03-27,4.9,9,5.0,Highly engaging and interactive session
F02419,C0351,B02985,2025-05-21,4.8,10,4.6,"Excellent trainer, very practical content"
F02420,C0351,B02986,2025-08-17,3.9,8,3.8,
F02421,C0352,B02987,2025-03-05,5.0,10,5.0,Trainer was knowledgeable and approachable
F02422,C0352,B02988,2025-05-06,4.0,7,4.1,"Useful content, could use more examples"
F02423,C0352,B02989,2025-06-15,4.7,9,5.0,Trainer was knowledgeable and approachable
F02424,C0353,B02992,2023-01-11,4.0,8,4.2,"Good course overall, met expectations"
F02425,C0353,B02993,2023-05-17,4.4,8,4.2,"Useful content, could use more examples"
F02426,C0353,B02994,2023-08-25,4.2,7,4.3,
F02427,C0353,B02996,2024-04-18,4.3,8,4.5,"Decent workshop, learned some new things"
F02428,C0353,B02997,2024-07-22,4.6,10,4.1,Very useful tools and frameworks provided
F02429,C0354,B02999,2021-01-17,4.6,10,5.0,"Good pace, well-structured content"
F02430,C0354,B03000,2021-02-09,3.8,7,3.9,Trainer was knowledgeable
F02431,C0354,B03001,2021-03-25,5.0,9,4.8,
F02432,C0354,B03003,2021-06-05,5.0,9,4.7,
F02433,C0354,B03004,2021-07-25,4.8,9,4.5,
F02434,C0354,B03005,2021-09-02,4.5,10,4.9,Great real-world examples and case studies
F02435,C0354,B03006,2021-10-13,3.7,8,3.9,"Decent workshop, learned some new things"
F02436,C0354,B03007,2021-11-25,4.3,7,4.5,Trainer was knowledgeable
F02437,C0354,B03008,2021-12-26,4.4,7,4.4,
F02438,C0354,B03009,2022-02-14,4.6,10,4.4,Very useful tools and frameworks provided
F02439,C0354,B03010,2022-03-09,3.7,7,3.8,"Good course overall, met expectations"
F02440,C0354,B03011,2022-04-12,4.0,7,4.3,Trainer was knowledgeable
F02441,C0355,B03012,2025-06-19,4.1,7,4.2,Trainer was knowledgeable
F02442,C0355,B03013,2025-07-23,3.8,8,4.0,
F02443,C0355,B03015,2025-10-31,5.0,9,5.0,Trainer was knowledgeable and approachable
F02444,C0356,B03018,2023-08-06,4.4,8,4.9,
F02445,C0356,B03019,2023-11-06,4.7,10,4.9,
F02446,C0356,B03020,2024-01-30,3.5,8,3.9,
F02447,C0356,B03021,2024-04-29,4.2,8,3.9,Trainer was knowledgeable
F02448,C0356,B03024,2025-01-18,3.7,8,3.8,"Useful content, could use more examples"
F02449,C0357,B03025,2024-04-12,5.0,10,4.7,
F02450,C0357,B03026,2024-05-17,3.9,7,4.0,
F02451,C0357,B03028,2024-08-17,4.6,9,5.0,Great real-world examples and case studies
F02452,C0357,B03029,2024-09-26,3.8,8,4.1,"Decent workshop, learned some new things"
F02453,C0357,B03030,2024-10-23,4.5,9,4.5,Highly engaging and interactive session
F02454,C0357,B03032,2025-01-26,4.8,10,4.8,"Good pace, well-structured content"
F02455,C0357,B03033,2025-03-03,3.9,7,4.2,
F02456,C0357,B03034,2025-04-16,3.9,7,3.7,
F02457,C0357,B03035,2025-06-05,3.7,8,4.1,Trainer was knowledgeable
F02458,C0357,B03036,2025-06-29,4.1,8,4.2,
F02459,C0357,B03037,2025-08-22,4.7,9,5.0,Trainer was knowledgeable and approachable
F02460,C0357,B03038,2025-10-04,4.7,10,4.7,"Exceeded expectations, highly recommend"
F02461,C0357,B03040,2025-12-12,4.7,10,4.8,"Excellent trainer, very practical content"
F02462,C0358,B03041,2024-12-12,3.7,7,3.5,"Decent workshop, learned some new things"
F02463,C0358,B03042,2025-02-23,4.9,9,4.9,"Excellent trainer, very practical content"
F02464,C0358,B03043,2025-04-28,4.1,8,4.6,
F02465,C0358,B03045,2025-09-06,4.8,10,4.9,
F02466,C0359,B03047,2022-10-04,4.8,9,4.7,"Excellent trainer, very practical content"
F02467,C0359,B03049,2022-10-27,4.0,7,3.9,Trainer was knowledgeable
F02468,C0360,B03050,2025-09-30,3.9,8,4.0,
F02469,C0361,B03051,2022-01-27,3.6,8,4.0,Trainer was knowledgeable
F02470,C0361,B03055,2022-07-31,3.9,8,4.4,
F02471,C0361,B03056,2022-09-19,3.6,8,3.9,
F02472,C0361,B03058,2023-01-18,4.0,7,4.4,
F02473,C0361,B03059,2023-03-24,4.1,7,3.7,Trainer was knowledgeable
F02474,C0361,B03061,2023-07-07,4.5,9,4.4,Great real-world examples and case studies
F02475,C0361,B03062,2023-09-08,4.7,9,4.7,Very useful tools and frameworks provided
F02476,C0361,B03063,2023-11-15,3.6,8,3.6,
F02477,C0361,B03064,2024-01-15,4.5,9,4.3,
F02478,C0361,B03065,2024-03-16,4.7,10,4.6,Trainer was knowledgeable and approachable
F02479,C0361,B03066,2024-05-06,4.5,10,4.7,
F02480,C0361,B03067,2024-06-20,3.7,8,3.7,
F02481,C0361,B03068,2024-08-17,4.0,8,4.2,Trainer was knowledgeable
F02482,C0361,B03070,2024-11-20,4.3,7,4.2,"Decent workshop, learned some new things"
F02483,C0362,B03071,2024-05-02,4.3,8,4.4,
F02484,C0362,B03073,2024-07-19,4.6,9,4.9,Very useful tools and frameworks provided
F02485,C0362,B03074,2024-08-28,3.7,7,3.6,"Useful content, could use more examples"
F02486,C0362,B03075,2024-10-04,4.7,10,5.0,
F02487,C0362,B03076,2024-11-12,5.0,10,5.0,
F02488,C0362,B03077,2024-12-15,4.9,9,4.9,"Exceeded expectations, highly recommend"
F02489,C0362,B03078,2025-01-29,4.0,8,4.0,Trainer was knowledgeable
F02490,C0362,B03079,2025-02-23,3.9,7,3.6,"Useful content, could use more examples"
F02491,C0363,B03080,2021-10-02,4.2,7,4.5,Trainer was knowledgeable
F02492,C0363,B03081,2021-11-30,3.5,7,3.8,Trainer was knowledgeable
F02493,C0363,B03083,2022-03-21,4.4,7,4.2,
F02494,C0363,B03084,2022-05-13,4.1,7,4.6,Trainer was knowledgeable
F02495,C0363,B03085,2022-06-19,4.2,7,4.5,Trainer was knowledgeable
F02496,C0364,B03087,2025-02-26,3.7,8,3.6,
F02497,C0364,B03088,2025-03-30,4.8,10,5.0,
F02498,C0364,B03089,2025-05-01,4.4,8,5.0,
F02499,C0364,B03090,2025-06-03,4.3,7,4.6,
F02500,C0364,B03091,2025-07-13,4.2,7,4.2,
F02501,C0365,B03092,2021-04-06,4.2,7,4.5,"Good course overall, met expectations"
F02502,C0365,B03093,2021-06-13,3.9,7,3.5,
F02503,C0366,B03095,2022-01-22,5.0,10,4.8,Very useful tools and frameworks provided
F02504,C0366,B03096,2022-03-02,4.9,9,5.0,
F02505,C0366,B03098,2022-05-14,3.6,8,3.7,Trainer was knowledgeable
F02506,C0366,B03099,2022-07-04,4.4,8,5.0,
F02507,C0366,B03100,2022-07-28,3.6,8,4.0,"Decent workshop, learned some new things"
F02508,C0366,B03101,2022-09-15,4.0,7,4.2,
F02509,C0366,B03102,2022-10-21,3.7,7,3.6,"Useful content, could use more examples"
F02510,C0367,B03103,2022-01-10,3.5,8,4.0,
F02511,C0367,B03104,2022-03-26,4.9,9,4.8,Great real-world examples and case studies
F02512,C0367,B03105,2022-06-04,5.0,9,5.0,
F02513,C0367,B03106,2022-08-07,4.6,10,4.5,Great real-world examples and case studies
F02514,C0367,B03107,2022-11-01,5.0,10,4.6,Great real-world examples and case studies
F02515,C0367,B03108,2023-01-30,4.5,9,4.6,"Exceeded expectations, highly recommend"
F02516,C0368,B03109,2022-07-20,4.1,7,4.5,Trainer was knowledgeable
F02517,C0369,B03111,2024-11-12,4.7,9,5.0,Very useful tools and frameworks provided
F02518,C0369,B03112,2024-12-02,3.6,8,3.9,
F02519,C0369,B03113,2025-01-23,4.8,9,4.7,Trainer was knowledgeable and approachable
F02520,C0369,B03114,2025-03-10,3.8,7,3.8,"Useful content, could use more examples"
F02521,C0369,B03116,2025-05-10,4.7,10,5.0,Highly engaging and interactive session
F02522,C0369,B03118,2025-08-09,4.8,9,4.5,
F02523,C0369,B03119,2025-09-07,4.7,10,5.0,"Good pace, well-structured content"
F02524,C0369,B03120,2025-10-17,3.7,7,3.5,Trainer was knowledgeable
F02525,C0369,B03121,2025-11-16,4.0,7,4.2,
F02526,C0369,B03122,2025-12-15,4.8,10,4.9,Highly engaging and interactive session
F02527,C0370,B03124,2021-09-19,3.5,7,3.6,"Good course overall, met expectations"
F02528,C0370,B03125,2021-10-16,4.3,7,4.1,
F02529,C0370,B03126,2021-11-23,5.0,10,4.7,"Exceeded expectations, highly recommend"
F02530,C0370,B03127,2022-01-01,3.4,5,3.8,
F02531,C0370,B03128,2022-01-19,3.7,8,3.9,Trainer was knowledgeable
F02532,C0370,B03129,2022-03-01,4.1,7,4.4,"Decent workshop, learned some new things"
F02533,C0370,B03130,2022-03-19,3.4,5,3.4,
F02534,C0370,B03132,2022-05-23,5.0,10,4.9,
F02535,C0370,B03133,2022-06-09,3.6,8,3.8,"Useful content, could use more examples"
F02536,C0370,B03135,2022-08-16,3.7,8,4.0,Trainer was knowledgeable
F02537,C0370,B03136,2022-09-22,3.7,7,3.4,Trainer was knowledgeable
F02538,C0371,B03137,2021-01-20,3.8,7,4.3,
F02539,C0371,B03138,2021-02-25,3.9,8,4.2,"Decent workshop, learned some new things"
F02540,C0371,B03139,2021-04-04,4.2,8,4.2,
F02541,C0371,B03140,2021-05-12,5.0,10,5.0,Highly engaging and interactive session
F02542,C0371,B03141,2021-07-08,3.9,8,3.7,"Good course overall, met expectations"
F02543,C0371,B03143,2021-10-03,4.3,8,4.8,
F02544,C0371,B03144,2021-11-11,4.1,7,4.5,
F02545,C0371,B03146,2022-01-31,5.0,10,4.6,
F02546,C0371,B03147,2022-03-10,4.2,8,4.0,"Good course overall, met expectations"
F02547,C0371,B03148,2022-05-02,4.8,9,5.0,
F02548,C0371,B03149,2022-06-21,3.5,7,4.0,
F02549,C0371,B03150,2022-08-19,4.0,7,3.9,
F02550,C0371,B03151,2022-10-07,4.1,7,4.7,"Useful content, could use more examples"
F02551,C0372,B03152,2022-03-31,4.0,8,3.9,"Useful content, could use more examples"
F02552,C0372,B03153,2022-05-21,4.5,10,4.8,Great real-world examples and case studies
F02553,C0372,B03154,2022-07-30,4.7,10,4.8,"Exceeded expectations, highly recommend"
F02554,C0372,B03155,2022-10-05,3.8,7,4.2,Trainer was knowledgeable
F02555,C0372,B03156,2022-12-13,4.7,10,4.5,Trainer was knowledgeable and approachable
F02556,C0372,B03157,2023-01-31,4.5,10,4.8,Trainer was knowledgeable and approachable
F02557,C0372,B03158,2023-03-24,4.1,7,3.9,"Decent workshop, learned some new things"
F02558,C0372,B03161,2023-09-26,3.9,8,4.0,"Decent workshop, learned some new things"
F02559,C0373,B03162,2025-04-29,4.5,10,4.6,
F02560,C0373,B03163,2025-06-30,4.1,7,4.2,
F02561,C0373,B03164,2025-09-05,5.0,10,4.9,"Exceeded expectations, highly recommend"
F02562,C0373,B03165,2025-10-22,3.8,8,4.0,"Useful content, could use more examples"
F02563,C0374,B03166,2022-01-23,4.5,10,4.8,
F02564,C0374,B03167,2022-03-26,4.7,9,4.8,
F02565,C0374,B03168,2022-06-12,4.7,9,5.0,"Good pace, well-structured content"
F02566,C0374,B03171,2023-02-09,3.8,8,4.1,
F02567,C0375,B03172,2023-10-30,4.2,8,4.2,Trainer was knowledgeable
F02568,C0375,B03173,2023-12-23,4.1,8,4.1,
F02569,C0375,B03174,2024-02-02,3.7,8,4.1,
F02570,C0375,B03175,2024-03-05,5.0,9,5.0,"Good pace, well-structured content"
F02571,C0375,B03176,2024-03-29,4.6,10,4.3,"Good pace, well-structured content"
F02572,C0375,B03177,2024-04-28,4.5,10,4.4,"Exceeded expectations, highly recommend"
F02573,C0375,B03179,2024-07-10,4.4,8,4.8,"Good course overall, met expectations"
F02574,C0375,B03180,2024-08-08,4.6,10,5.0,"Good pace, well-structured content"
F02575,C0375,B03181,2024-09-06,5.0,10,4.9,
F02576,C0375,B03182,2024-09-30,4.9,9,4.8,"Exceeded expectations, highly recommend"
F02577,C0375,B03183,2024-11-06,4.1,8,4.4,"Good course overall, met expectations"
F02578,C0375,B03184,2024-11-26,3.9,7,3.9,"Decent workshop, learned some new things"
F02579,C0375,B03185,2024-12-21,4.3,7,4.3,
F02580,C0375,B03186,2025-01-31,3.7,7,3.5,
F02581,C0376,B03188,2024-06-27,4.0,7,3.8,
F02582,C0376,B03189,2024-08-22,3.8,7,4.3,Trainer was knowledgeable
F02583,C0376,B03190,2024-10-19,4.1,8,4.4,"Good course overall, met expectations"
F02584,C0376,B03192,2025-02-07,4.7,9,4.7,
F02585,C0376,B03195,2025-08-04,4.7,10,5.0,
F02586,C0377,B03198,2023-08-18,4.0,7,4.1,"Decent workshop, learned some new things"
F02587,C0378,B03199,2022-07-12,4.2,8,4.0,"Useful content, could use more examples"
F02588,C0378,B03200,2022-09-03,4.9,10,5.0,Very useful tools and frameworks provided
F02589,C0378,B03201,2022-10-12,4.0,8,3.8,
F02590,C0378,B03202,2022-12-11,4.8,9,5.0,"Excellent trainer, very practical content"
F02591,C0378,B03203,2023-01-19,3.6,7,3.7,Trainer was knowledgeable
F02592,C0378,B03204,2023-03-07,4.2,8,4.0,"Useful content, could use more examples"
F02593,C0378,B03205,2023-04-12,4.1,8,4.2,"Useful content, could use more examples"
F02594,C0378,B03206,2023-06-15,4.5,9,4.6,"Exceeded expectations, highly recommend"
F02595,C0378,B03207,2023-07-26,4.2,8,4.3,"Decent workshop, learned some new things"
F02596,C0378,B03208,2023-09-12,3.3,6,3.6,"Too theoretical, needed more practical exercises"
F02597,C0378,B03209,2023-10-31,4.6,10,4.4,
F02598,C0378,B03210,2023-12-26,3.6,8,3.5,
F02599,C0378,B03212,2024-03-24,4.7,10,4.6,
F02600,C0379,B03213,2024-02-08,3.8,8,3.6,"Good course overall, met expectations"
F02601,C0379,B03214,2024-05-12,3.7,7,3.7,
F02602,C0379,B03215,2024-08-15,3.8,8,3.9,
F02603,C0379,B03216,2024-11-25,4.7,9,4.9,"Good pace, well-structured content"
F02604,C0379,B03217,2025-03-12,5.0,9,4.9,
F02605,C0379,B03218,2025-06-20,3.8,7,4.2,
F02606,C0379,B03219,2025-10-01,5.0,10,5.0,
F02607,C0380,B03220,2023-06-24,4.6,9,4.6,"Exceeded expectations, highly recommend"
F02608,C0380,B03222,2023-09-19,4.3,7,4.2,"Useful content, could use more examples"
F02609,C0380,B03223,2023-11-02,4.6,9,4.6,
F02610,C0380,B03224,2023-12-05,4.8,9,5.0,
F02611,C0380,B03225,2024-01-11,3.9,7,3.6,"Decent workshop, learned some new things"
F02612,C0380,B03227,2024-04-01,5.0,10,4.6,"Excellent trainer, very practical content"
F02613,C0380,B03228,2024-05-24,3.6,8,3.7,"Decent workshop, learned some new things"
F02614,C0380,B03230,2024-08-24,4.3,8,4.4,"Decent workshop, learned some new things"
F02615,C0380,B03231,2024-10-02,3.9,8,4.2,
F02616,C0380,B03232,2024-11-10,3.4,3,3.4,"Pace was too fast, hard to follow"
F02617,C0380,B03233,2025-01-04,4.6,9,4.5,"Exceeded expectations, highly recommend"
F02618,C0380,B03234,2025-02-16,3.7,8,4.0,"Good course overall, met expectations"
F02619,C0381,B03235,2023-08-24,4.5,9,4.2,Very useful tools and frameworks provided
F02620,C0381,B03238,2023-12-17,4.7,9,4.9,"Good pace, well-structured content"
F02621,C0381,B03239,2024-02-05,5.0,10,4.9,
F02622,C0381,B03240,2024-03-11,4.7,9,5.0,Trainer was knowledgeable and approachable
F02623,C0381,B03241,2024-04-27,4.0,7,4.3,
F02624,C0381,B03242,2024-06-20,4.2,7,4.2,
F02625,C0381,B03243,2024-07-24,4.9,10,4.9,
F02626,C0381,B03244,2024-09-03,4.1,7,4.6,
F02627,C0382,B03245,2024-10-20,3.7,7,3.4,"Useful content, could use more examples"
F02628,C0382,B03246,2025-02-17,4.3,8,4.1,
F02629,C0382,B03247,2025-06-05,3.4,6,3.9,
F02630,C0383,B03249,2021-08-28,3.6,8,3.8,"Good course overall, met expectations"
F02631,C0383,B03250,2021-10-22,4.5,10,4.9,Highly engaging and interactive session
F02632,C0383,B03251,2021-12-09,4.0,8,4.2,"Decent workshop, learned some new things"
F02633,C0383,B03252,2022-02-03,3.9,7,4.0,"Useful content, could use more examples"
F02634,C0383,B03253,2022-03-30,4.2,7,3.9,"Useful content, could use more examples"
F02635,C0383,B03256,2022-08-13,4.0,8,4.0,"Decent workshop, learned some new things"
F02636,C0383,B03257,2022-10-10,4.4,7,4.8,
F02637,C0383,B03258,2022-11-20,4.6,10,4.7,"Exceeded expectations, highly recommend"
F02638,C0384,B03259,2023-12-22,5.0,9,4.9,
F02639,C0384,B03260,2024-01-21,4.8,9,4.5,"Good pace, well-structured content"
F02640,C0385,B03262,2022-01-10,3.7,7,3.9,"Useful content, could use more examples"
F02641,C0385,B03263,2022-05-06,4.6,9,4.6,Great real-world examples and case studies
F02642,C0386,B03264,2024-01-25,3.4,3,3.7,Trainer rushed through important topics
F02643,C0386,B03265,2024-04-21,4.9,10,5.0,Trainer was knowledgeable and approachable
F02644,C0386,B03266,2024-07-27,4.0,8,3.6,
F02645,C0386,B03267,2024-11-09,4.5,9,4.5,
F02646,C0386,B03268,2025-02-15,3.6,7,3.9,
F02647,C0386,B03269,2025-05-27,4.3,7,4.2,"Decent workshop, learned some new things"
F02648,C0386,B03270,2025-09-15,5.0,10,4.9,"Exceeded expectations, highly recommend"
F02649,C0387,B03274,2023-04-19,3.8,7,4.3,"Useful content, could use more examples"
F02650,C0387,B03275,2023-05-20,3.5,8,3.4,"Decent workshop, learned some new things"
F02651,C0387,B03277,2023-08-16,4.9,10,5.0,
F02652,C0387,B03278,2023-10-06,3.8,8,4.1,
F02653,C0387,B03279,2023-11-04,4.7,9,4.7,
F02654,C0387,B03280,2023-12-20,4.3,8,4.0,
F02655,C0387,B03281,2024-01-14,3.8,7,3.3,"Good course overall, met expectations"
F02656,C0387,B03282,2024-02-24,4.8,10,5.0,Very useful tools and frameworks provided
F02657,C0388,B03283,2023-10-12,4.1,8,4.3,
F02658,C0388,B03285,2024-02-10,4.1,7,4.1,
F02659,C0388,B03287,2024-05-22,3.9,7,3.8,
F02660,C0388,B03288,2024-07-03,3.6,8,3.7,
F02661,C0388,B03289,2024-08-12,5.0,10,5.0,
F02662,C0388,B03291,2024-11-05,3.7,7,4.3,
F02663,C0388,B03292,2024-12-31,5.0,10,5.0,Very useful tools and frameworks provided
F02664,C0388,B03293,2025-02-10,4.0,7,3.9,"Decent workshop, learned some new things"
F02665,C0388,B03294,2025-04-14,3.7,7,4.0,
F02666,C0388,B03295,2025-06-05,4.3,8,4.2,Trainer was knowledgeable
F02667,C0388,B03296,2025-07-27,4.7,9,4.6,
F02668,C0388,B03297,2025-09-09,3.7,7,4.1,"Decent workshop, learned some new things"
F02669,C0388,B03298,2025-10-27,4.8,10,4.7,"Good pace, well-structured content"
F02670,C0389,B03300,2024-05-01,5.0,10,5.0,Trainer was knowledgeable and approachable
F02671,C0389,B03301,2024-08-20,4.2,7,4.2,"Decent workshop, learned some new things"
F02672,C0389,B03302,2024-11-22,4.8,10,4.6,"Exceeded expectations, highly recommend"
F02673,C0389,B03303,2025-03-05,4.4,7,4.4,"Useful content, could use more examples"
F02674,C0389,B03304,2025-06-11,4.6,9,4.8,Trainer was knowledgeable and approachable
F02675,C0390,B03308,2025-01-22,3.4,6,3.5,
F02676,C0390,B03309,2025-03-21,5.0,10,4.9,"Exceeded expectations, highly recommend"
F02677,C0390,B03310,2025-05-16,4.2,8,4.2,"Decent workshop, learned some new things"
F02678,C0390,B03311,2025-07-29,3.8,8,4.0,
F02679,C0391,B03313,2022-01-26,4.8,9,4.9,"Excellent trainer, very practical content"
F02680,C0391,B03315,2022-07-24,4.2,8,4.4,
F02681,C0391,B03316,2022-10-24,3.4,5,3.8,Trainer rushed through important topics
F02682,C0391,B03317,2023-01-29,4.5,9,4.4,Very useful tools and frameworks provided
F02683,C0391,B03318,2023-04-25,3.4,3,3.8,Not enough time for questions
F02684,C0391,B03319,2023-07-24,3.8,7,3.7,
F02685,C0391,B03320,2023-10-27,3.9,7,3.8,
F02686,C0392,B03321,2021-03-19,4.0,7,4.4,"Decent workshop, learned some new things"
F02687,C0392,B03322,2021-05-31,3.3,4,3.6,
F02688,C0392,B03323,2021-07-17,4.7,10,4.4,
F02689,C0392,B03324,2021-09-24,4.1,8,4.6,"Useful content, could use more examples"
F02690,C0392,B03326,2022-02-12,3.9,7,4.2,
F02691,C0392,B03328,2022-05-30,5.0,10,5.0,Trainer was knowledgeable and approachable
F02692,C0393,B03329,2021-10-01,4.9,10,5.0,
F02693,C0393,B03331,2022-01-29,3.6,7,3.6,Trainer was knowledgeable
F02694,C0393,B03332,2022-03-13,3.6,8,3.9,
F02695,C0393,B03333,2022-04-28,4.3,7,4.1,
F02696,C0393,B03334,2022-06-14,4.4,7,4.5,Trainer was knowledgeable
F02697,C0393,B03335,2022-08-02,4.0,8,3.9,
F02698,C0393,B03336,2022-09-29,4.8,9,4.9,"Exceeded expectations, highly recommend"
F02699,C0393,B03337,2022-11-10,3.9,7,4.1,"Decent workshop, learned some new things"
F02700,C0393,B03338,2023-01-13,4.7,9,4.7,Trainer was knowledgeable and approachable
F02701,C0393,B03339,2023-02-19,3.8,8,3.9,Trainer was knowledgeable
F02702,C0393,B03340,2023-03-30,5.0,10,4.8,"Exceeded expectations, highly recommend"
F02703,C0394,B03341,2025-05-21,3.6,8,3.9,
F02704,C0394,B03342,2025-08-10,4.1,7,4.3,
F02705,C0395,B03343,2023-10-14,3.7,7,3.7,"Useful content, could use more examples"
F02706,C0395,B03344,2023-12-02,3.5,8,3.8,
F02707,C0395,B03345,2024-01-27,4.1,8,4.2,"Good course overall, met expectations"
F02708,C0395,B03347,2024-05-24,4.3,8,4.1,
F02709,C0395,B03348,2024-07-20,4.8,10,4.7,
F02710,C0395,B03349,2024-09-21,3.4,0,3.3,
F02711,C0395,B03350,2024-11-16,3.9,8,4.2,
F02712,C0395,B03351,2025-01-19,4.6,9,4.2,Great real-world examples and case studies
F02713,C0395,B03352,2025-03-29,4.7,9,5.0,
F02714,C0395,B03354,2025-08-15,3.8,8,4.1,"Useful content, could use more examples"
F02715,C0396,B03355,2021-12-31,4.8,9,5.0,"Good pace, well-structured content"
F02716,C0396,B03356,2022-03-04,4.9,9,5.0,
F02717,C0397,B03357,2024-12-24,3.7,8,3.8,"Good course overall, met expectations"
F02718,C0397,B03359,2025-02-21,4.4,7,4.5,"Decent workshop, learned some new things"
F02719,C0399,B03361,2022-11-15,3.3,0,3.3,"Too theoretical, needed more practical exercises"
F02720,C0399,B03363,2023-04-16,4.7,10,4.8,Trainer was knowledgeable and approachable
F02721,C0399,B03364,2023-06-30,4.8,10,4.3,Great real-world examples and case studies
F02722,C0399,B03365,2023-09-26,4.4,8,4.4,
F02723,C0399,B03366,2023-12-22,4.3,8,4.6,
F02724,C0399,B03367,2024-02-23,4.1,7,4.6,
F02725,C0400,B03368,2022-12-15,3.9,7,4.4,"Good course overall, met expectations"
F02726,C0400,B03369,2023-03-09,4.4,7,4.3,"Useful content, could use more examples"
F02727,C0400,B03370,2023-06-15,4.4,8,4.6,Trainer was knowledgeable
F02728,C0400,B03371,2023-09-29,4.4,8,4.8,"Decent workshop, learned some new things"
F02729,C0400,B03372,2024-01-03,4.7,9,4.9,
F02730,C0400,B03373,2024-03-23,4.7,10,5.0,Very useful tools and frameworks provided
F02731,C0400,B03374,2024-06-17,4.9,10,4.9,
F02732,C0400,B03375,2024-09-22,4.4,7,4.4,
F02733,C0401,B03376,2022-12-26,4.2,7,4.2,"Useful content, could use more examples"
F02734,C0401,B03378,2023-03-29,3.7,8,3.7,"Decent workshop, learned some new things"
F02735,C0401,B03379,2023-05-18,5.0,9,4.9,
F02736,C0401,B03380,2023-06-20,4.4,8,4.4,
F02737,C0401,B03381,2023-07-30,4.7,9,4.7,Highly engaging and interactive session
F02738,C0401,B03382,2023-09-08,4.0,7,4.0,"Good course overall, met expectations"
F02739,C0401,B03383,2023-10-24,4.1,8,3.8,Trainer was knowledgeable
F02740,C0402,B03384,2024-02-28,4.5,10,4.7,"Good pace, well-structured content"
F02741,C0403,B03385,2023-06-20,4.4,7,4.7,"Good course overall, met expectations"
F02742,C0403,B03387,2023-09-26,3.7,8,3.5,
F02743,C0403,B03388,2023-11-24,4.1,8,4.3,
F02744,C0403,B03390,2024-03-14,3.5,7,3.7,"Useful content, could use more examples"
F02745,C0404,B03391,2025-11-29,3.7,7,4.1,
F02746,C0405,B03392,2022-02-08,3.7,7,3.7,
F02747,C0405,B03393,2022-04-03,4.6,9,4.5,Very useful tools and frameworks provided
F02748,C0405,B03394,2022-05-23,4.1,8,4.2,"Useful content, could use more examples"
F02749,C0405,B03395,2022-07-17,3.7,8,3.7,
F02750,C0405,B03396,2022-08-14,4.2,8,4.4,
F02751,C0405,B03397,2022-10-07,3.5,7,4.0,
F02752,C0405,B03398,2022-11-27,3.7,7,3.8,
F02753,C0405,B03399,2023-01-06,4.9,9,5.0,Great real-world examples and case studies
F02754,C0405,B03400,2023-02-25,4.7,9,5.0,
F02755,C0406,B03401,2022-09-28,3.9,7,4.3,"Decent workshop, learned some new things"
F02756,C0406,B03402,2022-11-10,4.1,7,4.0,"Good course overall, met expectations"
F02757,C0407,B03403,2025-04-16,4.2,8,4.4,"Decent workshop, learned some new things"
F02758,C0407,B03408,2025-12-10,4.6,10,5.0,
F02759,C0408,B03409,2024-04-05,3.8,8,4.1,"Useful content, could use more examples"
F02760,C0408,B03411,2024-08-13,4.6,10,4.3,
F02761,C0408,B03412,2024-10-12,4.5,10,5.0,"Excellent trainer, very practical content"
F02762,C0408,B03414,2025-01-27,4.7,10,4.4,
F02763,C0408,B03415,2025-03-04,4.0,8,4.2,Trainer was knowledgeable
F02764,C0408,B03416,2025-04-09,4.1,8,3.8,Trainer was knowledgeable
F02765,C0408,B03417,2025-05-29,5.0,9,5.0,"Good pace, well-structured content"
F02766,C0408,B03418,2025-07-11,3.6,7,3.9,"Decent workshop, learned some new things"
F02767,C0408,B03419,2025-09-02,4.7,10,5.0,"Excellent trainer, very practical content"
F02768,C0408,B03420,2025-10-19,3.7,8,4.1,
F02769,C0408,B03421,2025-12-12,3.4,3,3.7,"Pace was too fast, hard to follow"
F02770,C0409,B03422,2023-10-09,3.5,8,3.9,
F02771,C0409,B03423,2023-11-07,4.1,8,4.2,"Good course overall, met expectations"
F02772,C0410,B03424,2022-09-28,4.4,7,5.0,
F02773,C0410,B03426,2022-11-08,4.3,8,4.3,"Decent workshop, learned some new things"
F02774,C0410,B03427,2022-12-15,5.0,10,5.0,Great real-world examples and case studies
F02775,C0410,B03431,2023-05-17,3.7,7,3.8,
F02776,C0410,B03432,2023-06-29,4.8,9,5.0,Trainer was knowledgeable and approachable
F02777,C0410,B03433,2023-08-01,3.9,8,4.2,
F02778,C0410,B03434,2023-08-30,4.0,7,3.6,Trainer was knowledgeable
F02779,C0410,B03436,2023-10-16,4.3,8,4.9,
F02780,C0410,B03437,2023-11-02,4.6,9,4.7,"Exceeded expectations, highly recommend"
F02781,C0410,B03438,2023-11-21,4.0,8,3.9,"Decent workshop, learned some new things"
F02782,C0410,B03440,2024-02-16,3.7,8,4.0,
F02783,C0410,B03441,2024-03-05,3.7,8,3.6,
F02784,C0411,B03442,2022-05-04,4.5,10,4.5,"Exceeded expectations, highly recommend"
F02785,C0411,B03444,2022-06-29,3.8,8,4.1,"Decent workshop, learned some new things"
F02786,C0411,B03445,2022-08-03,4.3,7,4.2,
F02787,C0411,B03446,2022-09-01,4.6,9,4.7,Great real-world examples and case studies
F02788,C0411,B03447,2022-09-26,4.7,9,5.0,Trainer was knowledgeable and approachable
F02789,C0411,B03449,2022-12-07,4.8,9,4.7,Highly engaging and interactive session
F02790,C0411,B03450,2022-12-30,4.8,9,5.0,
F02791,C0411,B03451,2023-02-06,4.7,9,4.5,Very useful tools and frameworks provided
F02792,C0411,B03453,2023-05-02,4.4,7,4.3,"Decent workshop, learned some new things"
F02793,C0411,B03455,2023-06-29,4.5,9,4.3,Great real-world examples and case studies
F02794,C0411,B03456,2023-08-12,4.4,7,4.6,
F02795,C0411,B03457,2023-09-14,3.4,5,3.8,
F02796,C0411,B03458,2023-10-26,3.4,0,3.6,
F02797,C0411,B03459,2023-11-24,4.1,7,4.4,
F02798,C0411,B03460,2023-12-16,4.7,9,4.5,"Good pace, well-structured content"
F02799,C0411,B03461,2024-01-24,4.5,9,4.5,
F02800,C0412,B03462,2021-03-09,4.7,9,5.0,"Exceeded expectations, highly recommend"
F02801,C0412,B03463,2021-06-04,3.9,8,3.7,
F02802,C0413,B03464,2024-02-08,4.7,9,4.5,"Exceeded expectations, highly recommend"
F02803,C0413,B03465,2024-06-14,4.9,10,5.0,Great real-world examples and case studies
F02804,C0413,B03466,2024-10-20,4.0,8,4.0,"Useful content, could use more examples"
F02805,C0413,B03467,2025-02-04,3.3,0,3.4,Not enough time for questions
F02806,C0413,B03468,2025-05-26,4.2,7,4.3,Trainer was knowledgeable
F02807,C0414,B03469,2022-07-05,4.8,9,5.0,Very useful tools and frameworks provided
F02808,C0414,B03470,2022-09-06,5.0,10,4.7,
F02809,C0414,B03471,2022-11-25,3.7,7,3.8,
F02810,C0414,B03472,2023-02-11,3.5,8,4.1,"Decent workshop, learned some new things"
F02811,C0414,B03474,2023-06-17,4.6,9,4.9,"Good pace, well-structured content"
F02812,C0414,B03475,2023-08-27,4.0,7,3.8,
F02813,C0414,B03476,2023-10-25,3.6,8,4.0,
F02814,C0414,B03477,2023-12-22,4.4,7,4.9,Trainer was knowledgeable
F02815,C0414,B03478,2024-03-15,4.8,10,5.0,Very useful tools and frameworks provided
F02816,C0414,B03479,2024-05-08,4.0,7,4.2,"Useful content, could use more examples"
F02817,C0414,B03480,2024-07-23,3.7,7,3.8,
F02818,C0414,B03481,2024-09-12,4.7,10,4.8,Trainer was knowledgeable and approachable
F02819,C0415,B03485,2024-12-17,3.6,8,3.8,"Good course overall, met expectations"
F02820,C0415,B03486,2025-01-29,4.5,9,5.0,"Good pace, well-structured content"
F02821,C0415,B03487,2025-03-13,4.0,8,4.1,"Useful content, could use more examples"
F02822,C0415,B03488,2025-04-14,4.3,7,4.5,Trainer was knowledgeable
F02823,C0415,B03489,2025-05-21,4.5,10,4.7,Highly engaging and interactive session
F02824,C0416,B03490,2023-03-23,4.3,7,4.5,"Decent workshop, learned some new things"
F02825,C0416,B03491,2023-05-12,3.5,8,3.9,"Useful content, could use more examples"
F02826,C0416,B03492,2023-07-06,3.9,8,3.6,
F02827,C0416,B03493,2023-09-09,4.8,10,5.0,
F02828,C0416,B03494,2023-11-02,5.0,10,5.0,
F02829,C0416,B03496,2024-02-26,4.0,7,4.1,"Useful content, could use more examples"
F02830,C0417,B03497,2022-06-15,3.9,8,4.0,
F02831,C0417,B03498,2022-07-19,3.9,8,4.1,
F02832,C0417,B03499,2022-08-15,3.6,7,3.8,
F02833,C0417,B03500,2022-10-03,3.7,8,3.9,"Useful content, could use more examples"
F02834,C0417,B03501,2022-11-09,4.4,8,4.7,
F02835,C0417,B03502,2022-12-29,3.7,7,3.7,Trainer was knowledgeable
F02836,C0417,B03503,2023-01-29,5.0,9,5.0,"Excellent trainer, very practical content"
F02837,C0417,B03504,2023-03-29,4.4,7,4.1,
F02838,C0417,B03505,2023-04-28,4.5,10,4.5,"Good pace, well-structured content"
F02839,C0417,B03507,2023-08-12,4.6,9,4.5,"Excellent trainer, very practical content"
F02840,C0417,B03508,2023-10-09,4.2,7,4.3,"Good course overall, met expectations"
F02841,C0417,B03509,2023-11-15,5.0,10,4.9,Very useful tools and frameworks provided
F02842,C0417,B03511,2024-02-17,4.1,7,4.4,"Good course overall, met expectations"
F02843,C0417,B03512,2024-04-17,4.3,8,4.3,
F02844,C0417,B03513,2024-05-17,4.7,9,5.0,
F02845,C0417,B03514,2024-07-15,4.9,9,4.9,"Exceeded expectations, highly recommend"
F02846,C0418,B03515,2025-10-05,5.0,9,4.8,Highly engaging and interactive session
F02847,C0418,B03516,2025-11-09,4.3,8,4.7,"Decent workshop, learned some new things"
F02848,C0418,B03517,2025-12-07,4.2,7,4.0,"Good course overall, met expectations"
F02849,C0419,B03519,2021-05-20,4.2,7,4.4,
F02850,C0420,B03521,2022-02-15,4.4,7,4.3,
F02851,C0420,B03522,2022-05-11,3.6,7,3.7,
F02852,C0420,B03523,2022-07-20,3.9,7,3.8,Trainer was knowledgeable
F02853,C0420,B03524,2022-10-13,3.4,0,3.9,
F02854,C0420,B03526,2023-03-23,3.9,8,3.5,
F02855,C0421,B03527,2025-09-22,5.0,9,5.0,"Excellent trainer, very practical content"
F02856,C0422,B03528,2023-10-17,4.2,7,4.6,
F02857,C0422,B03529,2023-12-16,4.0,7,4.0,Trainer was knowledgeable
F02858,C0422,B03531,2024-05-27,4.0,7,3.8,"Good course overall, met expectations"
F02859,C0422,B03532,2024-07-26,3.7,8,3.5,
F02860,C0422,B03533,2024-10-13,4.6,9,5.0,Great real-world examples and case studies
F02861,C0422,B03534,2025-01-01,3.8,7,4.1,
F02862,C0422,B03535,2025-03-01,3.8,8,3.7,"Decent workshop, learned some new things"
F02863,C0423,B03536,2022-11-27,4.7,9,4.9,
F02864,C0423,B03537,2023-01-11,4.4,7,4.2,
F02865,C0423,B03539,2023-03-14,4.7,10,4.9,Highly engaging and interactive session
F02866,C0423,B03540,2023-04-22,3.8,8,4.0,
F02867,C0423,B03541,2023-05-15,3.5,7,3.8,
F02868,C0423,B03542,2023-06-27,4.2,7,4.2,
F02869,C0423,B03543,2023-08-12,3.6,7,3.9,"Good course overall, met expectations"
F02870,C0424,B03544,2023-11-06,4.9,10,4.7,"Good pace, well-structured content"
F02871,C0424,B03545,2024-01-25,4.2,7,4.3,
F02872,C0424,B03547,2024-06-08,3.4,3,3.3,"Pace was too fast, hard to follow"
F02873,C0424,B03548,2024-08-10,4.6,9,5.0,"Exceeded expectations, highly recommend"
F02874,C0424,B03549,2024-11-04,4.7,9,5.0,Trainer was knowledgeable and approachable
F02875,C0424,B03550,2025-01-01,4.6,10,4.6,"Good pace, well-structured content"
F02876,C0424,B03552,2025-05-08,4.3,8,4.4,
F02877,C0424,B03553,2025-07-12,4.8,10,5.0,Highly engaging and interactive session
F02878,C0425,B03555,2024-10-21,5.0,9,5.0,"Exceeded expectations, highly recommend"
F02879,C0425,B03556,2024-12-03,4.3,8,4.6,
F02880,C0425,B03557,2025-01-13,4.7,9,4.8,Very useful tools and frameworks provided
F02881,C0425,B03558,2025-03-01,3.7,8,4.0,
F02882,C0425,B03559,2025-04-18,3.7,8,3.9,Trainer was knowledgeable
F02883,C0425,B03560,2025-06-10,4.9,9,5.0,"Good pace, well-structured content"
F02884,C0426,B03562,2021-05-30,4.2,7,4.7,"Useful content, could use more examples"
F02885,C0426,B03563,2021-07-26,4.2,8,4.7,
F02886,C0426,B03567,2022-04-25,3.5,8,3.5,
F02887,C0427,B03568,2025-09-17,4.2,7,4.4,
F02888,C0429,B03572,2023-06-10,4.9,9,4.8,
F02889,C0429,B03573,2023-08-04,4.3,7,4.6,"Decent workshop, learned some new things"
F02890,C0429,B03575,2023-10-17,4.9,9,4.9,
F02891,C0429,B03576,2023-12-08,4.9,10,5.0,Great real-world examples and case studies
F02892,C0429,B03577,2024-01-25,3.4,3,4.0,
F02893,C0429,B03578,2024-03-14,5.0,10,4.8,Great real-world examples and case studies
F02894,C0429,B03579,2024-05-03,4.9,9,5.0,"Excellent trainer, very practical content"
F02895,C0429,B03580,2024-06-21,4.2,7,4.3,
F02896,C0429,B03581,2024-08-03,4.2,7,4.4,
F02897,C0429,B03582,2024-09-23,4.4,7,4.6,
F02898,C0430,B03583,2023-02-01,4.1,8,4.1,
F02899,C0430,B03584,2023-03-17,4.4,7,4.9,"Useful content, could use more examples"
F02900,C0430,B03585,2023-04-08,4.9,10,5.0,
F02901,C0430,B03586,2023-05-22,3.5,7,4.0,"Useful content, could use more examples"
F02902,C0430,B03587,2023-06-24,3.7,8,4.0,
F02903,C0430,B03588,2023-07-09,4.8,9,4.7,Great real-world examples and case studies
F02904,C0430,B03590,2023-09-01,4.1,8,4.4,
F02905,C0430,B03591,2023-09-28,4.1,8,3.8,"Good course overall, met expectations"
F02906,C0430,B03592,2023-11-01,4.4,8,4.3,
F02907,C0430,B03593,2023-11-24,4.2,8,4.0,"Decent workshop, learned some new things"
F02908,C0430,B03594,2024-01-04,4.2,8,4.0,
F02909,C0430,B03595,2024-01-23,4.0,7,4.4,"Good course overall, met expectations"
F02910,C0430,B03596,2024-03-11,4.8,10,5.0,
F02911,C0431,B03597,2025-11-11,3.5,7,3.6,
F02912,C0432,B03598,2022-08-07,4.4,8,4.3,
F02913,C0432,B03599,2022-10-10,4.5,9,4.5,
F02914,C0432,B03600,2022-12-21,4.0,7,3.9,
F02915,C0432,B03601,2023-02-26,3.6,7,4.2,
F02916,C0432,B03603,2023-08-07,4.8,9,4.8,"Excellent trainer, very practical content"
F02917,C0432,B03605,2023-12-10,4.3,7,3.9,
F02918,C0432,B03606,2024-03-05,4.8,10,4.6,Great real-world examples and case studies
F02919,C0432,B03607,2024-05-21,5.0,9,5.0,
F02920,C0433,B03609,2023-09-17,3.8,8,4.0,"Good course overall, met expectations"
F02921,C0433,B03611,2023-12-15,4.7,9,5.0,
F02922,C0433,B03612,2024-01-18,4.4,8,4.5,
F02923,C0433,B03613,2024-03-05,4.0,8,4.5,"Good course overall, met expectations"
F02924,C0433,B03614,2024-05-05,3.6,7,3.7,"Useful content, could use more examples"
F02925,C0434,B03615,2024-07-13,3.9,8,3.6,
F02926,C0434,B03616,2024-08-25,3.7,7,3.7,"Useful content, could use more examples"
F02927,C0434,B03617,2024-10-15,4.7,9,4.6,"Excellent trainer, very practical content"
F02928,C0434,B03618,2024-11-22,4.7,9,4.9,
F02929,C0434,B03621,2025-03-25,3.7,8,4.0,"Good course overall, met expectations"
F02930,C0434,B03622,2025-04-28,4.9,9,4.8,"Exceeded expectations, highly recommend"
F02931,C0434,B03623,2025-06-25,3.4,1,3.7,"Too theoretical, needed more practical exercises"
F02932,C0435,B03624,2021-10-17,4.0,7,4.2,
F02933,C0435,B03627,2022-02-09,4.2,8,4.1,
F02934,C0435,B03629,2022-04-18,5.0,10,5.0,"Excellent trainer, very practical content"
F02935,C0435,B03631,2022-06-20,4.3,7,4.5,"Useful content, could use more examples"
F02936,C0435,B03632,2022-07-25,3.9,7,3.8,"Good course overall, met expectations"
F02937,C0435,B03633,2022-09-01,5.0,9,5.0,
F02938,C0435,B03634,2022-10-02,4.2,7,4.7,
F02939,C0435,B03635,2022-11-11,3.4,4,3.5,"Pace was too fast, hard to follow"
F02940,C0435,B03636,2022-12-25,5.0,9,5.0,
F02941,C0435,B03638,2023-03-11,4.1,8,4.5,
F02942,C0435,B03639,2023-04-18,4.3,7,4.4,
F02943,C0435,B03640,2023-05-27,4.0,8,3.7,
F02944,C0435,B03641,2023-06-25,4.2,8,4.2,"Decent workshop, learned some new things"
F02945,C0435,B03642,2023-07-24,5.0,10,4.8,Trainer was knowledgeable and approachable
F02946,C0436,B03644,2025-08-08,4.0,7,4.0,"Decent workshop, learned some new things"
F02947,C0436,B03645,2025-11-04,4.3,8,4.6,
F02948,C0437,B03646,2022-02-23,3.7,8,4.2,"Useful content, could use more examples"
F02949,C0437,B03647,2022-04-03,4.8,9,4.7,Very useful tools and frameworks provided
F02950,C0437,B03648,2022-05-28,4.0,8,4.2,Trainer was knowledgeable
F02951,C0437,B03649,2022-06-30,3.6,7,4.2,
F02952,C0437,B03650,2022-08-01,4.7,10,5.0,
F02953,C0437,B03652,2022-11-03,4.0,7,3.8,
F02954,C0437,B03653,2022-12-14,4.3,7,4.5,"Good course overall, met expectations"
F02955,C0437,B03654,2023-01-24,4.1,8,4.4,
F02956,C0437,B03655,2023-02-25,5.0,9,4.8,"Excellent trainer, very practical content"
F02957,C0437,B03656,2023-04-19,4.6,10,4.8,"Exceeded expectations, highly recommend"
F02958,C0437,B03658,2023-06-21,4.8,9,4.9,"Exceeded expectations, highly recommend"
F02959,C0437,B03659,2023-08-14,4.0,7,4.0,
F02960,C0437,B03660,2023-10-01,4.7,9,4.7,"Excellent trainer, very practical content"
F02961,C0437,B03662,2024-01-04,4.1,8,4.3,
F02962,C0439,B03666,2025-01-19,4.7,10,4.8,
F02963,C0439,B03667,2025-04-10,4.2,8,4.4,
F02964,C0439,B03668,2025-06-22,4.8,9,5.0,"Exceeded expectations, highly recommend"
F02965,C0439,B03669,2025-09-17,4.3,8,4.3,
F02966,C0440,B03670,2022-05-22,4.1,8,4.0,"Good course overall, met expectations"
F02967,C0440,B03671,2022-06-24,4.0,8,4.2,"Decent workshop, learned some new things"
F02968,C0440,B03672,2022-08-04,4.7,9,4.8,Highly engaging and interactive session
F02969,C0440,B03673,2022-09-23,4.1,7,4.1,Trainer was knowledgeable
F02970,C0440,B03674,2022-11-02,5.0,9,5.0,"Exceeded expectations, highly recommend"
F02971,C0440,B03675,2022-12-23,4.5,10,4.8,"Excellent trainer, very practical content"
F02972,C0440,B03676,2023-02-12,4.3,8,4.8,Trainer was knowledgeable
F02973,C0440,B03677,2023-04-03,4.6,9,5.0,Very useful tools and frameworks provided
F02974,C0440,B03680,2023-08-23,3.5,8,4.0,
F02975,C0440,B03681,2023-09-21,4.3,8,4.4,
F02976,C0440,B03682,2023-10-28,4.6,10,4.5,"Exceeded expectations, highly recommend"
F02977,C0440,B03683,2023-11-30,4.1,8,4.3,"Decent workshop, learned some new things"
F02978,C0441,B03684,2025-07-09,4.1,8,4.5,
F02979,C0441,B03685,2025-08-12,3.6,8,3.7,Trainer was knowledgeable
F02980,C0441,B03686,2025-09-25,4.4,7,4.4,
F02981,C0441,B03687,2025-11-16,3.6,8,3.9,
F02982,C0441,B03688,2025-12-29,4.4,8,4.9,
F02983,C0442,B03691,2023-09-23,3.8,7,4.1,
F02984,C0442,B03692,2024-01-10,4.6,10,4.3,Great real-world examples and case studies
F02985,C0442,B03693,2024-04-13,4.1,8,4.5,"Good course overall, met expectations"
F02986,C0442,B03694,2024-07-19,4.1,8,4.6,
F02987,C0442,B03695,2024-10-14,4.5,10,4.7,"Good pace, well-structured content"
F02988,C0443,B03696,2022-03-06,3.8,8,4.0,
F02989,C0443,B03697,2022-04-23,4.6,9,4.6,Great real-world examples and case studies
F02990,C0443,B03698,2022-06-26,3.7,8,4.1,
F02991,C0443,B03700,2022-10-18,3.5,7,4.0,
F02992,C0443,B03702,2023-02-08,3.8,7,4.2,"Good course overall, met expectations"
F02993,C0443,B03703,2023-04-16,4.1,8,4.1,
F02994,C0443,B03705,2023-08-06,4.6,9,4.6,Trainer was knowledgeable and approachable
F02995,C0443,B03706,2023-09-19,5.0,10,5.0,Great real-world examples and case studies
F02996,C0443,B03707,2023-11-15,3.9,8,4.3,"Good course overall, met expectations"
F02997,C0443,B03708,2023-12-26,4.2,8,4.4,
F02998,C0443,B03709,2024-02-28,3.9,7,3.8,
F02999,C0444,B03710,2023-09-27,4.6,10,4.6,Very useful tools and frameworks provided
F03000,C0444,B03711,2023-10-30,4.2,8,4.2,
F03001,C0444,B03712,2023-12-16,4.2,8,4.2,Trainer was knowledgeable
F03002,C0444,B03713,2024-01-12,3.6,7,3.6,"Useful content, could use more examples"
F03003,C0444,B03714,2024-02-08,3.7,7,4.0,"Useful content, could use more examples"
F03004,C0444,B03715,2024-03-01,3.8,8,3.7,
F03005,C0444,B03716,2024-03-25,4.1,7,4.2,"Useful content, could use more examples"
F03006,C0444,B03718,2024-05-19,4.4,7,4.7,"Decent workshop, learned some new things"
F03007,C0444,B03719,2024-06-24,4.1,8,4.0,"Good course overall, met expectations"
F03008,C0445,B03720,2024-01-02,4.4,7,4.5,"Useful content, could use more examples"
F03009,C0445,B03721,2024-03-26,4.4,7,4.1,
F03010,C0445,B03722,2024-06-23,4.7,9,5.0,"Exceeded expectations, highly recommend"
F03011,C0445,B03723,2024-08-27,5.0,10,5.0,
F03012,C0445,B03724,2024-11-07,3.3,5,3.5,Trainer rushed through important topics
F03013,C0445,B03725,2025-01-25,3.7,7,4.1,
F03014,C0445,B03726,2025-04-13,4.8,9,4.5,
F03015,C0445,B03727,2025-07-02,4.0,8,3.8,
F03016,C0446,B03729,2023-09-07,3.8,7,3.9,"Good course overall, met expectations"
F03017,C0446,B03730,2023-09-29,3.7,8,3.7,Trainer was knowledgeable
F03018,C0446,B03731,2023-11-05,4.3,8,4.3,"Good course overall, met expectations"
F03019,C0446,B03732,2023-12-01,3.8,8,3.9,"Decent workshop, learned some new things"
F03020,C0447,B03733,2024-07-25,3.8,7,3.6,
F03021,C0447,B03734,2024-09-27,4.4,7,4.1,"Good course overall, met expectations"
F03022,C0447,B03735,2024-11-28,5.0,10,5.0,
F03023,C0447,B03737,2025-04-10,4.4,8,4.3,"Decent workshop, learned some new things"
F03024,C0448,B03738,2023-04-04,3.6,7,3.5,
F03025,C0448,B03739,2023-07-14,4.0,8,4.1,"Useful content, could use more examples"
F03026,C0448,B03740,2023-11-23,4.1,7,3.8,"Useful content, could use more examples"
F03027,C0448,B03742,2024-07-04,5.0,10,4.9,Very useful tools and frameworks provided
F03028,C0450,B03745,2024-02-28,4.7,9,5.0,Highly engaging and interactive session
F03029,C0450,B03747,2024-06-29,4.6,10,4.7,Very useful tools and frameworks provided
F03030,C0450,B03748,2024-08-08,4.2,8,4.3,"Useful content, could use more examples"
F03031,C0450,B03749,2024-09-20,3.7,8,4.0,
F03032,C0450,B03751,2025-01-07,5.0,10,5.0,Very useful tools and frameworks provided
F03033,C0450,B03752,2025-02-26,5.0,10,4.6,"Good pace, well-structured content"
F03034,C0450,B03753,2025-04-22,3.8,7,3.8,"Decent workshop, learned some new things"
F03035,C0450,B03754,2025-06-30,4.7,10,4.7,"Exceeded expectations, highly recommend"
F03036,C0450,B03755,2025-08-24,3.5,8,3.5,
F03037,C0451,B03756,2024-09-05,4.0,7,4.4,
F03038,C0451,B03757,2024-12-19,4.4,8,4.6,
F03039,C0451,B03758,2025-04-16,3.3,5,3.6,"Pace was too fast, hard to follow"
F03040,C0451,B03759,2025-08-04,5.0,10,5.0,
F03041,C0452,B03761,2021-09-02,4.7,9,5.0,"Excellent trainer, very practical content"
F03042,C0452,B03763,2022-01-25,4.9,10,4.5,
F03043,C0452,B03765,2022-07-25,4.6,9,4.3,
F03044,C0452,B03766,2022-10-20,4.3,7,4.3,Trainer was knowledgeable
F03045,C0452,B03767,2023-01-10,3.7,8,4.0,Trainer was knowledgeable
F03046,C0453,B03768,2021-08-31,4.3,8,4.2,
F03047,C0453,B03769,2021-12-13,4.6,9,4.4,
F03048,C0453,B03771,2022-05-25,4.5,10,4.4,
F03049,C0453,B03772,2022-08-25,3.9,8,3.6,Trainer was knowledgeable
F03050,C0453,B03773,2022-11-08,4.0,7,4.3,
F03051,C0453,B03774,2023-02-16,4.0,8,3.7,"Decent workshop, learned some new things"
F03052,C0453,B03776,2023-08-19,4.0,7,4.5,
F03053,C0453,B03777,2023-11-20,4.6,9,4.8,
F03054,C0453,B03778,2024-02-19,4.4,7,4.4,"Good course overall, met expectations"
F03055,C0453,B03779,2024-05-03,4.0,8,4.1,Trainer was knowledgeable
F03056,C0453,B03780,2024-07-30,3.9,7,4.1,
F03057,C0453,B03781,2024-11-04,4.0,8,4.2,"Good course overall, met expectations"
F03058,C0454,B03782,2025-10-08,4.9,9,5.0,Trainer was knowledgeable and approachable
F03059,C0454,B03783,2025-11-22,4.5,9,4.5,Great real-world examples and case studies
F03060,C0455,B03784,2025-11-27,4.0,7,3.6,
F03061,C0456,B03785,2024-06-23,3.3,3,3.9,
F03062,C0456,B03786,2024-09-29,3.9,8,4.0,"Good course overall, met expectations"
F03063,C0456,B03787,2024-12-21,4.2,7,4.2,"Useful content, could use more examples"
F03064,C0456,B03789,2025-06-30,4.0,7,4.5,"Useful content, could use more examples"
F03065,C0457,B03790,2021-10-01,3.7,8,3.4,"Good course overall, met expectations"
F03066,C0457,B03791,2021-11-20,4.2,7,4.5,
F03067,C0457,B03792,2022-01-14,4.1,8,3.9,"Decent workshop, learned some new things"
F03068,C0457,B03793,2022-03-06,3.4,3,3.5,"Pace was too fast, hard to follow"
F03069,C0457,B03794,2022-04-27,5.0,10,5.0,Highly engaging and interactive session
F03070,C0457,B03795,2022-06-07,3.4,1,3.7,Trainer rushed through important topics
F03071,C0457,B03798,2022-11-03,4.3,8,4.4,Trainer was knowledgeable
F03072,C0457,B03800,2023-02-07,4.1,8,4.0,
F03073,C0457,B03801,2023-03-27,3.9,8,4.1,"Decent workshop, learned some new things"
F03074,C0457,B03802,2023-05-09,4.7,9,4.8,Trainer was knowledgeable and approachable
F03075,C0458,B03804,2024-08-21,4.6,9,4.7,
F03076,C0458,B03805,2024-10-13,4.7,9,5.0,"Exceeded expectations, highly recommend"
F03077,C0458,B03806,2024-12-14,4.3,8,3.9,"Useful content, could use more examples"
F03078,C0458,B03809,2025-06-13,3.9,7,3.8,
F03079,C0458,B03810,2025-07-28,4.9,9,5.0,
F03080,C0458,B03811,2025-09-29,3.9,7,4.3,
F03081,C0459,B03812,2023-03-02,4.2,8,4.5,
F03082,C0459,B03813,2023-03-22,4.6,9,5.0,"Excellent trainer, very practical content"
F03083,C0459,B03814,2023-04-22,3.7,7,4.2,
F03084,C0459,B03815,2023-05-30,3.9,8,3.7,"Useful content, could use more examples"
F03085,C0459,B03816,2023-06-27,4.1,8,3.8,
F03086,C0459,B03818,2023-09-04,4.5,10,4.8,Highly engaging and interactive session
F03087,C0459,B03819,2023-10-15,3.7,8,3.9,
F03088,C0459,B03820,2023-11-03,4.0,7,3.6,"Good course overall, met expectations"
F03089,C0459,B03821,2023-11-25,4.1,8,3.9,
F03090,C0459,B03822,2024-01-07,4.6,9,4.9,"Exceeded expectations, highly recommend"
F03091,C0459,B03823,2024-01-30,4.0,8,4.0,"Decent workshop, learned some new things"
F03092,C0459,B03824,2024-02-19,4.1,8,4.0,"Useful content, could use more examples"
F03093,C0460,B03825,2022-02-04,4.4,7,4.4,
F03094,C0460,B03827,2022-05-06,4.0,7,4.4,Trainer was knowledgeable
F03095,C0460,B03828,2022-06-19,4.3,7,4.5,Trainer was knowledgeable
F03096,C0460,B03829,2022-07-20,3.8,7,4.0,
F03097,C0460,B03830,2022-09-21,4.1,7,4.1,
F03098,C0460,B03831,2022-11-19,4.4,8,4.2,"Useful content, could use more examples"
F03099,C0460,B03832,2023-01-23,3.9,7,4.0,
F03100,C0461,B03835,2024-01-30,4.0,8,4.2,
F03101,C0461,B03837,2024-06-03,4.5,9,4.3,
F03102,C0461,B03838,2024-07-27,3.9,7,4.0,"Useful content, could use more examples"
F03103,C0461,B03839,2024-09-24,4.1,7,4.7,"Useful content, could use more examples"
F03104,C0461,B03840,2024-11-24,3.7,7,3.8,"Decent workshop, learned some new things"
F03105,C0461,B03841,2025-02-08,4.0,7,3.6,Trainer was knowledgeable
F03106,C0461,B03842,2025-03-27,4.7,9,5.0,"Excellent trainer, very practical content"
F03107,C0461,B03843,2025-05-24,4.4,7,4.2,Trainer was knowledgeable
F03108,C0461,B03844,2025-07-20,4.4,8,4.6,
F03109,C0461,B03845,2025-09-07,4.0,8,4.1,"Decent workshop, learned some new things"
F03110,C0462,B03846,2022-04-27,3.3,3,3.7,
F03111,C0462,B03848,2022-08-21,4.3,7,4.5,"Good course overall, met expectations"
F03112,C0462,B03850,2023-01-10,3.8,8,4.1,"Decent workshop, learned some new things"
F03113,C0462,B03851,2023-03-09,4.8,9,4.5,
F03114,C0462,B03853,2023-06-29,3.8,7,3.7,"Useful content, could use more examples"
F03115,C0462,B03854,2023-08-23,4.5,9,4.2,"Excellent trainer, very practical content"
F03116,C0462,B03855,2023-10-08,3.6,8,3.7,
F03117,C0462,B03856,2023-12-03,4.0,8,4.4,"Useful content, could use more examples"
F03118,C0462,B03857,2024-02-14,3.8,8,4.1,"Decent workshop, learned some new things"
F03119,C0463,B03858,2022-07-10,4.7,10,4.8,Great real-world examples and case studies
F03120,C0463,B03859,2022-10-14,4.6,9,4.7,"Exceeded expectations, highly recommend"
F03121,C0463,B03860,2023-01-17,4.5,9,4.5,
F03122,C0463,B03861,2023-05-02,4.3,7,4.6,"Good course overall, met expectations"
F03123,C0463,B03862,2023-08-02,4.1,7,4.5,"Good course overall, met expectations"
F03124,C0464,B03863,2024-01-14,4.6,10,4.8,
F03125,C0464,B03864,2024-03-11,4.2,8,4.3,"Good course overall, met expectations"
F03126,C0464,B03865,2024-05-05,3.9,7,4.2,
F03127,C0464,B03867,2024-09-05,4.3,8,4.4,
F03128,C0464,B03869,2024-12-25,4.0,8,3.9,
F03129,C0464,B03870,2025-02-15,5.0,9,4.9,Very useful tools and frameworks provided
F03130,C0464,B03871,2025-04-24,4.2,8,3.9,
F03131,C0464,B03872,2025-06-17,4.8,9,4.6,Very useful tools and frameworks provided
F03132,C0465,B03874,2021-08-03,5.0,10,5.0,"Good pace, well-structured content"
F03133,C0465,B03875,2021-11-12,4.2,7,3.9,
F03134,C0465,B03876,2022-03-04,3.5,8,4.0,Trainer was knowledgeable
F03135,C0465,B03877,2022-07-15,3.9,7,3.8,Trainer was knowledgeable
F03136,C0465,B03879,2023-02-24,4.8,10,4.7,"Excellent trainer, very practical content"
F03137,C0465,B03880,2023-06-23,4.7,9,4.8,Very useful tools and frameworks provided
F03138,C0465,B03881,2023-10-19,4.0,7,4.5,"Useful content, could use more examples"
F03139,C0466,B03882,2024-08-21,4.6,9,4.9,"Good pace, well-structured content"
F03140,C0466,B03884,2024-12-05,4.0,7,4.2,Trainer was knowledgeable
F03141,C0466,B03885,2025-02-03,3.4,2,3.5,Not enough time for questions
F03142,C0466,B03886,2025-04-02,4.0,8,4.5,"Useful content, could use more examples"
F03143,C0466,B03887,2025-06-01,4.1,8,4.3,
F03144,C0466,B03888,2025-08-02,4.6,10,4.7,
F03145,C0466,B03889,2025-09-28,4.4,7,4.2,Trainer was knowledgeable
F03146,C0466,B03890,2025-12-06,4.0,7,4.0,
F03147,C0467,B03891,2025-10-26,4.1,8,3.8,Trainer was knowledgeable
F03148,C0469,B03893,2023-05-07,4.8,10,5.0,"Good pace, well-structured content"
F03149,C0469,B03894,2023-06-05,3.7,7,3.6,
F03150,C0469,B03895,2023-07-22,4.7,10,4.6,Highly engaging and interactive session
F03151,C0469,B03896,2023-09-15,4.7,10,5.0,Highly engaging and interactive session
F03152,C0469,B03898,2023-12-09,4.3,7,4.9,
F03153,C0469,B03899,2024-01-22,4.5,9,4.3,
F03154,C0469,B03902,2024-05-24,4.5,9,4.9,"Exceeded expectations, highly recommend"
F03155,C0469,B03903,2024-07-18,5.0,9,5.0,Great real-world examples and case studies
F03156,C0469,B03904,2024-09-07,4.2,7,4.3,Trainer was knowledgeable
F03157,C0469,B03905,2024-10-27,4.6,10,4.7,
F03158,C0469,B03906,2024-12-08,4.6,10,4.6,"Good pace, well-structured content"
F03159,C0469,B03907,2025-01-25,3.5,8,3.4,"Useful content, could use more examples"
F03160,C0469,B03908,2025-03-13,4.2,7,4.0,"Useful content, could use more examples"
F03161,C0469,B03909,2025-04-16,4.7,10,5.0,
F03162,C0470,B03911,2023-01-12,4.6,10,4.7,Trainer was knowledgeable and approachable
F03163,C0470,B03912,2023-04-11,4.3,7,3.9,
F03164,C0470,B03915,2024-01-05,4.6,9,4.9,Great real-world examples and case studies
F03165,C0471,B03917,2023-12-01,4.5,9,4.8,
F03166,C0471,B03918,2024-01-11,4.6,10,4.2,Trainer was knowledgeable and approachable
F03167,C0471,B03921,2024-05-09,4.7,10,5.0,
F03168,C0471,B03922,2024-06-29,3.9,8,3.6,"Useful content, could use more examples"
F03169,C0471,B03923,2024-08-06,4.1,7,3.7,
F03170,C0471,B03924,2024-10-03,4.4,8,4.4,
F03171,C0471,B03925,2024-11-19,3.9,8,4.5,"Useful content, could use more examples"
F03172,C0471,B03926,2024-12-11,3.8,7,4.1,"Decent workshop, learned some new things"
F03173,C0471,B03930,2025-06-13,4.7,9,5.0,"Exceeded expectations, highly recommend"
F03174,C0471,B03931,2025-07-12,3.5,8,3.7,
F03175,C0471,B03932,2025-08-13,4.5,9,4.4,"Exceeded expectations, highly recommend"
F03176,C0471,B03934,2025-10-30,4.1,7,3.9,
F03177,C0472,B03935,2025-12-01,5.0,9,5.0,"Excellent trainer, very practical content"
F03178,C0473,B03936,2023-11-10,4.1,7,4.4,
F03179,C0473,B03937,2023-12-31,3.5,8,3.9,
F03180,C0473,B03938,2024-02-11,3.7,8,4.2,
F03181,C0473,B03939,2024-03-25,3.8,7,3.7,"Decent workshop, learned some new things"
F03182,C0473,B03940,2024-05-10,4.1,8,3.9,"Decent workshop, learned some new things"
F03183,C0473,B03941,2024-07-02,4.9,9,5.0,"Good pace, well-structured content"
F03184,C0473,B03942,2024-09-03,4.1,7,4.6,
F03185,C0473,B03943,2024-10-08,3.5,8,3.5,
F03186,C0473,B03944,2024-11-13,4.7,9,4.9,Great real-world examples and case studies
F03187,C0473,B03945,2024-12-29,4.8,9,5.0,
F03188,C0474,B03948,2024-07-25,3.4,0,3.4,Trainer rushed through important topics
F03189,C0474,B03949,2024-09-08,4.5,10,5.0,Great real-world examples and case studies
F03190,C0475,B03950,2021-03-08,4.7,9,4.8,"Exceeded expectations, highly recommend"
F03191,C0475,B03952,2021-08-10,4.6,9,4.9,
F03192,C0475,B03953,2021-10-17,4.7,9,4.4,
F03193,C0475,B03954,2022-01-04,3.6,7,3.9,"Good course overall, met expectations"
F03194,C0475,B03958,2022-09-11,3.9,7,3.7,
F03195,C0476,B03959,2024-11-30,4.0,8,4.6,
F03196,C0477,B03961,2023-08-29,3.9,7,4.1,Trainer was knowledgeable
F03197,C0477,B03962,2023-10-03,4.6,10,5.0,Great real-world examples and case studies
F03198,C0477,B03963,2023-10-29,4.6,10,4.8,
F03199,C0477,B03965,2024-02-15,3.8,7,4.4,Trainer was knowledgeable
F03200,C0477,B03966,2024-04-02,4.5,9,4.7,Very useful tools and frameworks provided
F03201,C0477,B03968,2024-07-09,4.5,10,4.7,
F03202,C0478,B03969,2023-05-10,4.4,7,4.6,
F03203,C0478,B03974,2023-12-24,3.9,8,3.6,
F03204,C0478,B03976,2024-03-04,4.1,8,3.9,"Good course overall, met expectations"
F03205,C0478,B03977,2024-04-29,3.5,8,3.5,
F03206,C0478,B03979,2024-07-31,3.8,7,3.9,"Useful content, could use more examples"
F03207,C0478,B03980,2024-09-07,5.0,10,4.9,Highly engaging and interactive session
F03208,C0478,B03981,2024-10-05,4.4,8,4.9,
F03209,C0478,B03982,2024-11-06,4.2,7,4.2,
F03210,C0478,B03983,2024-12-16,4.5,9,4.7,"Exceeded expectations, highly recommend"
F03211,C0479,B03984,2021-03-26,4.2,8,4.2,
F03212,C0479,B03985,2021-06-05,4.0,8,4.4,"Decent workshop, learned some new things"
F03213,C0481,B03988,2021-11-14,3.5,7,3.7,Trainer was knowledgeable
F03214,C0481,B03989,2022-01-16,4.1,8,4.2,
F03215,C0481,B03990,2022-03-09,4.5,10,4.7,"Excellent trainer, very practical content"
F03216,C0481,B03991,2022-05-23,3.9,8,4.4,"Good course overall, met expectations"
F03217,C0481,B03992,2022-07-19,4.8,10,4.7,"Excellent trainer, very practical content"
F03218,C0481,B03993,2022-09-15,4.7,10,4.8,Highly engaging and interactive session
F03219,C0481,B03994,2022-10-30,3.8,7,3.8,Trainer was knowledgeable
F03220,C0481,B03995,2023-01-07,3.9,7,4.1,
F03221,C0481,B03996,2023-02-21,5.0,9,4.8,Highly engaging and interactive session
F03222,C0482,B03998,2021-02-15,4.4,7,5.0,
F03223,C0482,B03999,2021-04-28,3.7,7,3.9,
F03224,C0482,B04000,2021-06-27,4.4,7,4.4,
F03225,C0482,B04001,2021-08-27,4.4,8,4.1,
F03226,C0482,B04002,2021-11-14,4.4,7,5.0,"Decent workshop, learned some new things"
F03227,C0482,B04003,2022-02-07,4.0,8,3.8,"Decent workshop, learned some new things"
F03228,C0482,B04004,2022-04-05,4.3,7,4.6,
F03229,C0482,B04005,2022-06-21,3.9,7,4.0,"Good course overall, met expectations"
F03230,C0482,B04007,2022-11-05,4.0,8,4.3,"Good course overall, met expectations"
F03231,C0483,B04009,2023-12-08,4.7,10,4.4,"Exceeded expectations, highly recommend"
F03232,C0483,B04011,2024-04-07,3.4,0,3.5,"Content was basic, expected more depth"
F03233,C0483,B04012,2024-05-21,4.9,9,5.0,Trainer was knowledgeable and approachable
F03234,C0483,B04013,2024-07-15,3.4,5,3.7,"Too theoretical, needed more practical exercises"
F03235,C0483,B04015,2024-10-15,4.5,10,4.7,"Excellent trainer, very practical content"
F03236,C0483,B04016,2024-12-15,4.6,9,4.9,
F03237,C0483,B04017,2025-02-09,3.8,8,4.1,
F03238,C0484,B04018,2023-02-27,4.3,7,4.1,"Good course overall, met expectations"
F03239,C0484,B04020,2023-06-11,3.7,8,3.5,Trainer was knowledgeable
F03240,C0484,B04021,2023-08-03,4.3,7,4.2,"Decent workshop, learned some new things"
F03241,C0484,B04022,2023-09-20,4.7,9,4.8,Great real-world examples and case studies
F03242,C0484,B04023,2023-11-15,4.5,9,4.6,
F03243,C0484,B04026,2024-05-14,4.4,7,4.8,
F03244,C0484,B04028,2024-09-26,4.8,9,4.7,Highly engaging and interactive session
F03245,C0484,B04029,2024-12-09,3.7,7,3.9,"Good course overall, met expectations"
F03246,C0484,B04030,2025-02-13,4.9,9,4.6,
F03247,C0484,B04031,2025-04-18,4.3,7,4.6,"Useful content, could use more examples"
F03248,C0485,B04032,2024-08-27,4.7,10,4.6,"Exceeded expectations, highly recommend"
F03249,C0485,B04033,2024-10-24,3.9,7,4.1,
F03250,C0485,B04034,2024-12-06,4.2,8,4.4,Trainer was knowledgeable
F03251,C0485,B04035,2025-01-29,3.3,4,3.8,"Too theoretical, needed more practical exercises"
F03252,C0485,B04036,2025-03-25,3.6,8,3.5,
F03253,C0485,B04037,2025-05-12,3.8,7,3.9,
F03254,C0485,B04039,2025-09-08,3.6,7,4.0,"Good course overall, met expectations"
F03255,C0486,B04040,2023-04-01,4.6,10,5.0,Highly engaging and interactive session
F03256,C0487,B04043,2023-08-05,4.3,7,4.1,
F03257,C0487,B04044,2023-09-27,4.7,9,4.6,"Exceeded expectations, highly recommend"
F03258,C0487,B04045,2023-11-05,4.9,10,5.0,"Excellent trainer, very practical content"
F03259,C0487,B04046,2023-12-31,4.0,7,4.3,"Useful content, could use more examples"
F03260,C0487,B04047,2024-02-11,4.9,9,5.0,"Excellent trainer, very practical content"
F03261,C0487,B04048,2024-03-17,4.0,8,3.8,
F03262,C0487,B04049,2024-05-09,4.5,10,4.3,Very useful tools and frameworks provided
F03263,C0487,B04050,2024-07-03,3.8,7,3.4,"Good course overall, met expectations"
F03264,C0487,B04051,2024-08-26,3.5,7,4.0,
F03265,C0487,B04052,2024-10-24,5.0,9,4.8,"Good pace, well-structured content"
F03266,C0487,B04053,2024-12-22,4.6,10,4.8,
F03267,C0487,B04056,2025-05-09,4.1,7,4.5,"Good course overall, met expectations"
F03268,C0487,B04057,2025-06-21,4.4,8,4.5,"Useful content, could use more examples"
F03269,C0487,B04059,2025-09-19,4.2,7,4.5,"Decent workshop, learned some new things"
F03270,C0488,B04060,2023-11-25,4.3,7,4.5,
F03271,C0488,B04061,2023-12-31,4.3,8,4.8,Trainer was knowledgeable
F03272,C0488,B04062,2024-02-09,5.0,9,5.0,Highly engaging and interactive session
F03273,C0488,B04063,2024-03-05,3.4,1,3.7,"Content was basic, expected more depth"
F03274,C0488,B04064,2024-04-19,5.0,10,4.9,"Exceeded expectations, highly recommend"
F03275,C0488,B04065,2024-05-10,4.7,10,5.0,
F03276,C0488,B04066,2024-06-06,4.3,8,4.1,"Good course overall, met expectations"
F03277,C0488,B04067,2024-07-03,3.3,5,3.4,
F03278,C0488,B04068,2024-08-12,3.6,8,4.1,
F03279,C0488,B04069,2024-09-04,4.3,8,4.6,
F03280,C0488,B04070,2024-10-05,4.3,8,4.4,
F03281,C0488,B04071,2024-11-27,3.9,8,4.1,"Decent workshop, learned some new things"
F03282,C0488,B04072,2025-01-08,3.5,8,3.8,
F03283,C0488,B04074,2025-03-23,4.7,10,4.3,
F03284,C0488,B04075,2025-05-08,4.7,10,4.5,"Excellent trainer, very practical content"
F03285,C0488,B04076,2025-06-04,4.0,8,4.3,"Useful content, could use more examples"
F03286,C0488,B04077,2025-07-20,4.7,9,4.4,Highly engaging and interactive session
F03287,C0488,B04078,2025-09-02,4.3,8,4.6,
F03288,C0489,B04079,2025-08-11,4.9,9,5.0,"Good pace, well-structured content"
F03289,C0490,B04080,2022-05-15,4.7,10,5.0,
F03290,C0491,B04081,2023-03-29,3.9,7,3.9,"Useful content, could use more examples"
F03291,C0491,B04082,2023-05-17,3.4,5,3.7,"Content was basic, expected more depth"
F03292,C0491,B04084,2023-08-30,4.7,9,4.6,
F03293,C0491,B04085,2023-11-01,3.8,8,4.2,
F03294,C0491,B04087,2024-02-14,4.8,9,5.0,Highly engaging and interactive session
F03295,C0492,B04088,2024-09-23,4.2,7,4.4,Trainer was knowledgeable
F03296,C0492,B04089,2024-12-10,5.0,10,4.9,"Excellent trainer, very practical content"
F03297,C0492,B04090,2025-02-28,4.1,7,4.7,"Decent workshop, learned some new things"
F03298,C0492,B04091,2025-05-14,4.1,8,4.3,
F03299,C0492,B04092,2025-07-12,3.8,7,4.0,
F03300,C0493,B04093,2021-10-14,4.7,9,5.0,Trainer was knowledgeable and approachable
F03301,C0493,B04094,2021-12-06,5.0,10,5.0,"Excellent trainer, very practical content"
F03302,C0493,B04097,2022-04-22,4.9,10,4.6,"Excellent trainer, very practical content"
F03303,C0493,B04099,2022-08-10,5.0,9,5.0,Highly engaging and interactive session
F03304,C0493,B04100,2022-09-28,4.2,8,4.4,
F03305,C0493,B04101,2022-11-24,4.6,9,4.8,
F03306,C0493,B04103,2023-03-15,3.7,8,3.4,
F03307,C0493,B04104,2023-05-16,3.7,8,3.4,
F03308,C0493,B04105,2023-07-05,4.6,9,4.7,Trainer was knowledgeable and approachable
F03309,C0493,B04106,2023-09-06,3.4,2,3.6,
F03310,C0493,B04107,2023-11-06,3.6,8,3.6,
F03311,C0494,B04108,2024-10-02,4.1,7,4.2,Trainer was knowledgeable
F03312,C0494,B04109,2024-12-01,3.9,7,4.0,Trainer was knowledgeable
F03313,C0494,B04110,2025-01-16,4.0,8,3.6,
F03314,C0494,B04111,2025-03-13,4.7,9,4.6,
F03315,C0494,B04112,2025-05-14,4.1,8,4.3,"Decent workshop, learned some new things"
F03316,C0494,B04113,2025-06-24,4.4,8,4.7,
F03317,C0494,B04114,2025-08-23,3.3,3,3.9,"Content was basic, expected more depth"
F03318,C0494,B04115,2025-10-01,4.3,7,4.0,"Useful content, could use more examples"
F03319,C0494,B04116,2025-11-11,4.8,10,4.8,
F03320,C0495,B04117,2024-12-17,4.0,8,4.0,Trainer was knowledgeable
F03321,C0495,B04118,2025-02-25,3.7,7,3.7,Trainer was knowledgeable
F03322,C0495,B04119,2025-04-16,3.9,7,4.0,
F03323,C0495,B04121,2025-07-26,3.4,6,3.5,
F03324,C0495,B04122,2025-09-15,4.6,9,4.9,
F03325,C0496,B04123,2025-01-11,4.4,7,4.5,"Good course overall, met expectations"
F03326,C0496,B04124,2025-01-28,4.2,8,4.5,
F03327,C0496,B04125,2025-02-19,4.4,8,4.7,
F03328,C0496,B04127,2025-04-19,4.7,10,4.4,"Exceeded expectations, highly recommend"
F03329,C0496,B04128,2025-05-09,3.7,8,4.3,"Good course overall, met expectations"
F03330,C0496,B04129,2025-06-10,4.2,7,4.5,"Decent workshop, learned some new things"
F03331,C0496,B04130,2025-07-13,4.0,8,4.0,
F03332,C0497,B04131,2022-11-13,4.1,7,3.9,
F03333,C0497,B04132,2023-02-23,4.6,9,5.0,Trainer was knowledgeable and approachable
F03334,C0497,B04133,2023-05-18,4.7,10,4.5,
F03335,C0497,B04134,2023-08-07,4.9,10,5.0,"Exceeded expectations, highly recommend"
F03336,C0497,B04135,2023-10-21,4.0,8,4.3,"Decent workshop, learned some new things"
F03337,C0497,B04136,2024-01-23,3.9,7,3.9,
F03338,C0497,B04137,2024-04-27,4.2,8,4.5,
F03339,C0497,B04138,2024-07-16,3.9,8,3.5,Trainer was knowledgeable
F03340,C0497,B04139,2024-10-22,4.0,7,4.2,"Useful content, could use more examples"
F03341,C0497,B04140,2025-01-22,4.7,10,5.0,Highly engaging and interactive session
F03342,C0497,B04141,2025-04-20,3.7,8,4.3,"Good course overall, met expectations"
F03343,C0497,B04142,2025-07-29,4.8,9,4.7,Very useful tools and frameworks provided
F03344,C0498,B04144,2021-11-11,4.3,8,4.5,"Decent workshop, learned some new things"
F03345,C0498,B04145,2022-01-02,4.2,7,4.1,
F03346,C0498,B04146,2022-01-28,4.7,9,4.8,
F03347,C0498,B04147,2022-02-17,4.3,8,4.3,
F03348,C0498,B04148,2022-03-28,4.9,9,4.9,
F03349,C0498,B04150,2022-06-19,4.0,7,4.4,
F03350,C0498,B04151,2022-07-26,4.1,8,4.3,
F03351,C0498,B04152,2022-09-13,4.4,7,4.8,
F03352,C0498,B04155,2023-01-14,4.8,9,4.9,"Exceeded expectations, highly recommend"
F03353,C0498,B04156,2023-02-02,4.5,10,4.7,Highly engaging and interactive session
F03354,C0498,B04157,2023-03-02,5.0,10,4.7,Very useful tools and frameworks provided
F03355,C0498,B04158,2023-04-11,4.8,9,4.4,"Exceeded expectations, highly recommend"
F03356,C0499,B04159,2024-04-05,4.4,7,4.4,
F03357,C0499,B04160,2024-08-07,4.0,7,4.3,
F03358,C0499,B04161,2024-12-05,4.4,8,4.4,
F03359,C0499,B04162,2025-04-06,4.1,7,4.5,"Useful content, could use more examples"
F03360,C0500,B04163,2023-05-16,3.4,5,3.8,Not enough time for questions
F03361,C0500,B04165,2023-11-30,5.0,9,4.7,"Exceeded expectations, highly recommend"
F03362,C0500,B04166,2024-02-10,4.7,10,4.5,
F03363,C0500,B04167,2024-05-22,3.7,7,3.6,"Good course overall, met expectations"
F03364,C0500,B04168,2024-08-02,3.8,8,3.5,"Good course overall, met expectations"
